# Delivery Dash City mesh (NPCCustomerA_Body); units = studs; +X right, +Y up, -Z forward
mtllib NPCCustomerA_Source.mtl
o NPCCustomerA_Body
v 0.29226 4.29572 -0.01486
v 0.14280 4.21087 -0.03755
v 0.05901 4.30186 -0.09996
v 0.24616 4.94101 -0.05079
v 0.10002 5.01751 -0.09045
v 0.22897 5.06509 -0.02565
v -0.05901 5.09659 -0.05468
v 0.23155 5.18175 0.16983
v -0.03475 4.91884 -0.10958
v -0.12189 4.29981 -0.08960
v -0.29303 5.14927 0.11734
v -0.22815 4.95768 -0.06041
v -0.32403 4.36436 -0.00502
v -0.32419 5.18832 0.37158
v -0.34623 4.95499 0.01225
v -0.43454 5.09875 0.20162
v -0.46403 4.29709 0.15886
v -0.49942 5.03322 0.24972
v 0.52474 4.33155 0.29996
v 0.53546 4.99416 0.50474
v 0.54053 4.33467 0.48078
v 0.50857 4.95806 0.24312
v 0.49769 4.32130 0.64828
v 0.51436 5.06482 0.43372
v 0.46384 5.04974 0.67747
v 0.47774 4.20319 0.46675
v 0.45395 5.09790 0.24981
v 0.44649 5.01666 0.14154
v 0.41081 5.14740 0.57076
v 0.43057 4.31132 0.11128
v 0.37816 5.16204 0.29232
v 0.42862 4.33632 0.77011
v 0.39858 4.19678 0.68421
v 0.33047 5.18514 0.51033
v 0.35221 5.09382 0.08886
v 0.01949 5.20000 0.69742
v -0.27784 5.18509 0.63781
v -0.23692 4.30301 0.92267
v -0.19904 4.97536 0.94394
v -0.34091 5.00822 0.85554
v -0.39348 5.11013 0.71669
v -0.21993 5.11676 0.85823
v -0.35470 4.27796 0.83693
v -0.47456 5.02612 0.68487
v -0.48799 4.37337 0.68698
v -0.50528 5.08466 0.42810
v -0.52157 4.28418 0.30734
v -0.53149 4.27577 0.49098
v -0.54689 4.95869 0.46069
v 0.38318 5.00803 0.81394
v 0.33768 5.12561 0.75361
v 0.27373 4.39292 0.90896
v 0.16029 5.05550 0.93199
v 0.17457 4.97500 0.95142
v 0.13551 5.16015 0.82353
v 0.10580 4.34810 0.97110
v -0.08845 5.08157 0.93451
v 0.22273 4.14338 0.13674
v -0.19748 4.13985 0.12578
v 0.28618 4.08317 0.07357
v -0.07080 4.17893 -0.01894
v 0.16207 3.89807 -0.00392
v -0.07960 3.92422 0.00049
v 0.11032 4.03600 0.01294
v -0.12523 4.03739 0.05043
v -0.14250 4.03868 0.00493
v -0.07425 3.08910 -0.00556
v -0.29835 3.96449 -0.00639
v -0.25449 4.24250 -0.01664
v -0.31641 4.12025 0.04098
v -0.41952 4.22068 0.15297
v -0.34113 4.10414 0.09919
v -0.36964 4.14133 0.22051
v -0.50161 4.14486 0.09892
v -0.43950 4.08999 0.00348
v -0.39129 4.14508 0.41059
v -0.58307 4.06620 0.00110
v -0.78423 4.05979 0.00948
v -0.34705 4.13714 0.82717
v -0.40138 4.14983 0.49802
v -0.50687 4.14785 0.79250
v -0.54632 4.14226 0.35177
v -0.44627 4.24567 0.70647
v -0.26787 4.15048 0.73437
v -0.80327 4.11811 0.49462
v -0.75802 4.12634 0.78688
v -0.83310 4.08659 0.13990
v -0.82778 4.08363 0.84642
v -0.67379 4.08443 0.88495
v -0.08006 3.88333 0.89586
v 0.08099 3.90583 0.90488
v -0.05961 4.02706 0.89276
v -0.01757 4.22235 0.94539
v 0.13282 4.03622 0.89298
v -0.27461 4.09665 0.87432
v -0.20137 4.20442 0.88632
v 0.16177 4.15043 0.79897
v -0.30764 3.97638 0.90359
v -0.02368 3.09721 0.89490
v -0.45433 4.08668 0.89320
v 0.48610 4.13442 0.84559
v 0.44879 4.08599 0.89307
v 0.67231 4.06365 0.89282
v 0.28048 4.10244 0.87150
v 0.37654 4.14281 0.24262
v 0.25652 4.21618 0.86415
v 0.34686 4.13700 0.83222
v 0.39148 4.14898 0.43416
v 0.24805 3.94563 0.90260
v 0.30742 4.14895 0.59949
v 0.17906 3.63144 0.89636
v 0.45683 2.90349 0.89808
v -0.56219 3.08389 -0.00981
v -0.82816 4.05137 0.04358
v -0.87640 2.59319 0.12378
v -0.84858 4.05022 0.26513
v -0.84431 3.31413 0.13628
v -0.88830 4.01147 -0.00924
v -0.88249 4.03805 0.01063
v -0.94446 2.46434 -0.01598
v -0.90674 4.07856 0.11029
v -0.89548 4.04430 0.84318
v -1.05324 4.02492 -0.01058
v -1.30014 3.57772 -0.01255
v -0.96781 4.07596 0.77776
v -1.44950 4.10057 0.05945
v -1.36963 4.04098 -0.01442
v -1.53430 4.04715 0.14713
v -1.50889 4.08676 0.38537
v -1.51807 4.04230 0.01387
v -1.57889 3.67913 0.09283
v -1.53740 4.03290 0.35634
v -0.76540 3.08491 0.89126
v -0.83855 4.09454 0.59869
v -0.84642 3.33016 0.79875
v -0.84768 3.94812 0.82457
v -0.85486 4.02772 0.72286
v -0.89841 4.01804 0.87736
v -1.13320 4.01793 0.89128
v -0.93503 2.29021 0.87369
v -1.37777 4.04162 0.88811
v -1.47649 4.09745 0.77844
v -1.49201 3.44988 0.89052
v -1.49195 4.04545 0.86144
v -1.53496 4.05565 0.49503
v -1.53652 4.04973 0.77069
v -1.59101 3.59375 0.54675
v -1.13692 2.46938 -0.01642
v -1.28589 2.45373 0.88989
v -1.61071 2.48262 -0.01033
v -1.59893 2.48084 0.89148
v -1.60052 3.46995 0.75007
v -1.67518 2.48882 0.18750
v -1.66825 2.48344 0.81596
v -1.65583 2.78579 0.31101
v -1.66940 2.51269 0.64258
v -1.65769 2.70836 0.46497
v 0.20697 2.94553 0.89764
v 0.20617 2.51124 0.94832
v -0.13592 2.51537 0.94917
v -0.24687 2.94167 0.89646
v -0.35434 2.51329 0.93443
v -0.31263 2.76400 -0.01825
v -0.56791 2.50806 -0.02587
v -0.63649 2.52445 0.91606
v -0.81468 2.50532 0.02108
v -0.85129 2.51154 0.85798
v -0.85790 2.92462 0.17388
v -0.86758 2.77423 0.78310
v -0.89123 2.45847 0.84247
v -0.89926 2.28873 0.03777
v -1.35990 2.48144 -0.01697
v -1.46608 2.48854 0.89186
v 0.99500 3.57522 -0.90058
v 0.80760 3.57369 -0.94802
v 0.93996 3.73173 -0.95841
v 0.82654 3.87607 -0.91538
v 0.83112 3.85584 -0.84176
v 1.02318 3.87812 -0.81605
v 0.80917 3.78652 -0.97110
v 0.94964 3.79710 -0.94336
v 0.70186 3.73135 -0.94350
v 0.63087 3.79721 -0.87399
v 0.63904 3.57501 -0.84705
v 0.69230 3.85819 -0.73807
v 0.75150 3.85584 -0.55997
v 0.88643 3.88892 -0.52200
v 0.58581 3.73417 -0.82737
v 0.63630 3.87760 -0.79341
v 0.70795 3.87634 -0.49394
v 0.60960 3.87765 -0.67950
v 0.56668 3.79724 -0.74870
v 0.58318 3.57703 -0.66023
v 0.57460 3.73417 -0.56528
v 1.11985 3.72981 -0.64581
v 1.11291 3.79532 -0.72804
v 1.08652 3.80234 -0.56320
v 1.04705 3.73236 -0.47919
v 1.07268 3.73019 -0.84696
v 1.09318 3.57624 -0.74215
v 1.04900 3.57794 -0.53861
v 1.08814 3.52589 -0.64222
v 1.06001 3.87886 -0.63704
v 0.99111 3.88078 -0.51641
v 0.97167 3.85778 -0.60475
v 0.95013 3.85584 -0.79078
v 0.95372 3.50999 -0.46033
v 0.96167 3.57635 -0.45817
v 0.88435 3.79842 -0.39743
v 0.78009 3.73255 -0.39178
v 0.89805 3.87974 -0.46179
v 0.76493 3.57618 -0.42193
v 0.83597 3.47110 -0.42558
v 0.70055 3.79998 -0.43243
v 0.78809 3.42102 -0.43427
v 0.93127 3.45665 -0.27275
v 0.70082 3.73307 -0.42149
v 0.76926 3.20153 -0.45488
v 0.61763 3.79970 -0.50742
v 0.60982 3.57807 -0.55237
v 0.64606 3.19906 -0.57531
v 0.63370 3.20019 -0.74700
v 1.66161 3.35538 -0.27223
v 1.55242 3.46230 -0.24257
v 1.53899 4.06584 0.32082
v 1.36236 3.63555 -0.13359
v 1.40912 4.07015 0.21571
v 1.05870 3.50248 -0.29673
v 0.93892 3.99195 0.05687
v 0.85563 3.18465 -0.24912
v 1.34090 3.49914 -0.78275
v 1.35981 3.43588 -0.79867
v 1.23425 3.54842 -0.76071
v 1.25064 3.43188 -0.86881
v 1.25042 3.53104 -0.81498
v 1.33246 3.00890 -0.84461
v 1.26276 2.98207 -0.87881
v 1.20147 3.51821 -0.81448
v 0.98198 3.45981 -0.89773
v 0.91138 3.38610 -0.97099
v 0.96888 2.85286 -0.96704
v 1.09058 3.48620 -0.69649
v 0.90403 2.87364 -0.92130
v 0.89038 3.42754 -0.93095
v 0.91793 3.00602 -0.85648
v 0.89345 3.19218 -0.89244
v 0.73286 3.20002 -0.88454
v 0.78617 3.00838 -0.86275
v 0.67662 3.00728 -0.75602
v 0.66587 3.00487 -0.64101
v 0.73313 2.49046 0.00444
v 0.53568 2.51019 -0.02565
v 0.74906 3.12013 0.00713
v 0.39469 3.09691 -0.00186
v 0.54070 3.63626 -0.00296
v 0.31792 2.50902 -0.04821
v 0.16190 2.81633 -0.01697
v -0.00962 2.53251 -0.06395
v 1.63971 3.04637 -0.27206
v 1.62302 2.88707 -0.24863
v 1.29211 2.85204 -0.86875
v 1.26158 2.77285 -0.79316
v 1.27021 2.79947 -0.84044
v 1.17702 2.83088 -0.77984
v 1.02063 2.84258 -0.65088
v 1.05006 2.77299 -0.19699
v 0.81344 2.79404 -0.40184
v 1.00054 2.99942 -0.65151
v 0.86127 2.82447 -0.52102
v 0.94002 2.78727 0.10561
v 0.90121 2.82098 0.12137
v 0.79582 3.00356 -0.49492
v 0.76487 2.85004 -0.42635
v 0.82021 2.51587 0.04736
v 1.67902 3.38166 -0.13082
v 1.63837 2.99139 0.25161
v 1.64012 2.86832 -0.12852
v 1.62160 2.90976 0.23547
v 1.59942 2.84949 0.14447
v 1.57007 2.81759 -0.20940
v 1.20843 2.78831 0.12896
v 1.45248 2.85028 0.25367
v 1.03598 2.81339 0.19976
v 0.86818 3.45520 0.16854
v 0.83729 4.05362 0.03613
v 0.85212 2.29665 0.16818
v 0.85850 4.04019 0.30588
v 0.87199 3.73474 0.17035
v 0.81114 4.11943 0.33151
v 0.79028 4.10323 0.04394
v 0.78211 3.92833 0.00214
v 0.62917 4.07533 0.00334
v 0.50013 4.14799 0.10059
v 0.46006 4.24203 0.20644
v 0.30164 3.94234 0.00151
v 0.33587 4.12963 0.07557
v 0.27198 4.10296 0.03580
v 1.53583 4.02676 0.44594
v 1.46180 4.10002 0.47472
v 1.45320 4.11332 0.34705
v 1.50050 3.89292 0.68640
v 1.40060 3.85674 0.89825
v 1.13284 4.06631 0.15837
v 0.92620 4.09018 0.18792
v 0.85579 3.97359 0.57076
v 0.88284 4.06669 0.40661
v 0.84211 3.80913 0.81465
v 1.34101 3.76591 0.95013
v 0.89441 3.77534 0.86555
v 0.84705 3.63947 0.79357
v 1.02770 3.71104 0.88462
v 0.81555 4.11044 0.60075
v 0.84718 4.04797 0.77839
v 0.77978 4.05603 0.88514
v 0.78518 4.11091 0.82065
v 0.77079 2.87073 0.88632
v 1.46032 3.78671 0.89553
v 1.53984 3.00484 0.39507
v 1.27084 3.71824 0.92746
v 1.24453 3.18174 0.52025
v 0.86527 3.10702 0.22952
v 0.85870 2.46974 0.29632
v 0.84376 2.44852 0.55421
v 0.83696 2.49627 0.81871
v 0.73289 2.49644 0.90082
v 0.50561 2.51209 0.92801
v -1.30132 2.29813 0.00962
v -1.12963 2.29550 -0.01206
v -0.94377 2.12433 0.06463
v -0.94514 2.12408 0.81002
v -1.60792 2.15588 0.04950
v -1.60104 2.31918 -0.00915
v -0.97291 2.15676 0.01793
v -1.60534 2.19653 0.01475
v -1.65726 2.19899 0.05164
v -1.65227 2.18129 0.81868
v -1.67902 2.32192 0.08881
v -1.67370 2.48956 0.41240
v -1.67499 2.31847 0.34826
v -1.67315 2.49284 0.53373
v -1.67877 2.32137 0.51532
v -0.88887 2.29602 0.75520
v -0.96825 2.16087 0.86001
v -0.91455 2.16703 0.83066
v -1.34575 2.31016 0.88948
v -1.05527 2.30339 0.89013
v -1.19174 2.45614 0.88473
v -1.60882 2.19178 0.85870
v -1.48217 2.31556 0.88895
v -1.64966 2.32313 0.85897
v -1.67806 2.32439 0.69676
v -0.63348 2.44770 0.00784
v -0.31285 2.44715 -0.01373
v -0.52768 2.29147 0.00088
v -0.13313 2.12266 0.00784
v -0.60160 2.21393 0.03300
v -0.55191 2.27949 0.05772
v -0.72053 2.28933 0.02001
v -0.83951 2.12192 0.07510
v -0.82463 1.87083 0.04725
v -0.82153 2.29868 0.05339
v -0.89060 2.28646 0.15820
v -0.85171 2.12979 0.11405
v -0.87835 2.43263 0.17597
v -0.87577 2.28221 0.41059
v -0.94333 1.17823 0.13641
v -0.30986 2.44866 0.90680
v -0.59417 2.44828 0.88969
v -0.52302 2.30624 0.90101
v -0.80522 2.31148 0.86300
v -0.36333 2.28492 0.87081
v -0.68986 2.30959 0.88767
v -0.84307 2.27999 0.79067
v -0.58499 1.29853 0.86705
v -0.59614 1.09027 0.89405
v -0.10936 1.95020 0.84842
v -0.94555 0.59138 0.83847
v -0.92407 1.14082 0.09530
v -0.16676 1.37905 0.04821
v -0.93212 1.03496 0.80201
v -1.05250 0.55319 0.17684
v -0.98014 0.99382 0.76567
v -0.91253 0.91762 0.07184
v 0.63123 2.30613 0.00417
v 0.80706 2.28473 0.07368
v 0.49588 2.27727 0.03484
v 0.77312 2.12151 0.05235
v 0.56046 2.19532 0.03464
v 0.26469 2.28451 -0.00800
v 0.53428 1.42214 0.03034
v 0.13916 1.61718 0.06098
v 0.01809 2.03051 0.05772
v -0.12509 2.28012 0.03665
v 0.10953 2.45036 -0.02999
v -0.04805 2.44608 -0.03440
v -0.31211 2.30866 -0.01384
v 0.03434 1.91301 0.12770
v -0.07691 2.04139 0.03122
v -0.07263 1.94752 0.08486
v 0.13461 1.27468 0.04605
v 0.01387 1.93491 0.77395
v -0.03887 1.92690 0.74621
v -0.04070 1.93406 0.17270
v -0.10048 1.44514 0.11726
v -0.18043 0.93190 0.83800
v 0.84781 2.29525 0.71411
v 0.82515 2.12022 0.11539
v 0.79349 2.27464 0.81882
v 0.67670 2.30989 0.89024
v 0.60999 2.45085 0.89013
v 0.53601 2.29542 0.89852
v 0.42983 2.28207 0.86886
v 0.37254 2.44611 0.90658
v 0.07140 1.95629 0.84677
v 0.53428 1.28902 0.86774
v 0.10994 2.30057 0.92146
v 0.08099 2.44937 0.92132
v 0.14705 0.90019 0.83559
v -0.24101 2.30729 0.91579
v -0.15741 0.88076 0.79585
v -0.23355 0.66571 0.05720
v -0.88128 0.64384 0.06345
v -0.92401 0.54843 0.08012
v -0.91754 0.66755 0.10410
v -1.01358 0.51597 0.10662
v -1.00100 0.75673 0.17262
v -1.04746 0.39891 0.16344
v -1.03650 0.40845 0.74824
v -0.73623 0.40031 0.01524
v -0.95846 0.45058 0.04202
v -0.27943 0.37948 -0.01381
v -0.42994 0.48333 0.00164
v -0.63835 0.50937 0.04180
v -0.74021 0.28782 -0.24904
v -0.66730 0.37641 -0.07077
v -0.45691 0.30632 -0.22640
v -0.96068 0.35623 0.03719
v -0.34711 0.01549 -0.23561
v -0.96318 0.00499 0.81418
v -0.98922 0.02925 -0.16465
v -0.90913 0.31427 -0.13518
v -0.46077 0.22374 -0.27431
v -0.94580 0.19844 -0.21099
v -0.87188 0.33768 -0.05372
v -0.79300 0.08587 -0.27425
v -0.95885 0.07971 -0.21538
v -0.95890 0.32307 -0.05734
v -1.00221 0.20877 -0.12249
v -0.93221 0.37367 -0.02524
v -0.98067 0.38013 0.03500
v -0.93991 0.47645 0.08023
v -1.01243 0.42193 0.16199
v -1.04318 0.29772 0.13855
v -1.05075 0.02653 0.55739
v -1.03392 0.28522 0.54029
v -0.16116 0.59351 0.14595
v -0.19501 0.73494 0.08283
v -0.16741 0.38567 0.10418
v -0.12049 0.28579 0.52790
v -0.18507 0.29336 0.08656
v -0.21154 0.41072 0.03092
v -0.18293 0.26524 0.23281
v -0.14291 0.00743 0.53571
v -0.25433 0.02648 -0.13326
v -0.25792 0.20102 -0.14713
v -0.31627 0.37641 -0.06998
v -0.28908 0.02938 -0.20757
v -0.34245 0.21845 -0.23944
v -0.34297 0.34829 -0.09892
v -0.33735 0.29317 -0.18863
v -0.34404 0.36709 -0.04270
v -0.21157 0.00000 0.81254
v -0.11846 0.90400 0.75953
v -0.14318 0.37490 0.80763
v -0.13447 0.26677 0.75835
v -0.17676 0.26093 0.82230
v -0.16275 0.02450 0.78560
v -0.21870 0.02686 0.84559
v -0.24649 0.26463 0.87657
v -0.20639 0.38197 0.87160
v -0.42772 0.29004 0.92289
v -0.39140 0.39236 0.91960
v -0.62871 0.63230 0.89948
v -0.56575 0.01735 0.91110
v -0.59741 0.26661 0.90351
v -0.88937 0.40582 0.91159
v -0.89655 0.27773 0.86045
v -0.89501 0.30580 0.90803
v -0.88621 0.02557 0.87837
v -0.96444 0.40615 0.87440
v -0.98530 0.29023 0.82043
v -0.99127 0.28527 0.74821
v 1.01120 0.40573 0.71378
v 0.93865 0.41116 0.84776
v 0.94682 0.80127 0.15947
v 1.00629 0.66733 0.23703
v 0.90685 0.40579 0.89559
v 0.85412 0.95962 0.08565
v 0.56811 1.05253 0.89729
v 0.18106 0.38167 0.87429
v 0.81668 0.63504 0.08691
v 0.58197 0.97705 0.03492
v 0.11819 0.37764 0.80621
v 0.11684 0.54253 0.13858
v 0.09281 0.27513 0.65943
v 0.41018 0.61295 0.08275
v 0.19740 0.74070 0.05893
v 0.73253 0.57175 0.02072
v 0.36791 0.47809 0.00940
v 0.14192 0.81818 0.07118
v 0.14636 0.51852 0.09289
v 0.25704 0.36758 -0.00852
v 0.18079 0.45976 0.05994
v 0.17421 0.32759 0.02434
v 0.13271 0.39058 0.11824
v 0.17128 0.28842 0.11525
v 0.14329 0.30213 0.08976
v 0.94106 0.00386 -0.11780
v 0.10396 0.01414 0.56885
v 0.27549 0.01603 -0.21683
v 0.67207 0.32460 -0.19787
v 0.47620 0.23172 -0.26880
v 0.32107 0.30972 -0.18339
v 0.35262 0.34417 -0.08135
v 0.29706 0.20801 -0.24054
v 0.45652 0.08924 -0.28760
v 0.67404 0.02859 -0.26239
v 0.31529 0.38444 -0.07866
v 0.50126 0.40436 -0.00099
v 0.57756 0.40034 -0.02533
v 0.26376 0.33790 -0.08853
v 0.24542 0.22648 -0.16158
v 0.21796 0.03333 -0.13115
v 0.09514 0.21620 0.58381
v 1.00887 0.02511 0.19120
v 1.01643 0.01603 0.56695
v 0.93349 0.20823 -0.16810
v 1.02096 0.20732 0.59170
v 0.89109 0.32603 -0.06674
v 1.00583 0.31740 0.11654
v 0.91488 0.03566 -0.19817
v 0.85990 0.32000 -0.11874
v 0.87985 0.37723 -0.01590
v 0.89921 0.35791 0.00543
v 0.78779 0.27519 -0.21853
v 0.76161 0.21017 -0.25896
v 0.98815 0.44296 0.14754
v 0.85313 0.46461 0.02557
v 0.94750 0.60313 0.11597
v 0.92708 0.48684 0.06954
v 0.64241 0.31101 0.93177
v 0.66031 0.20979 0.92234
v 0.39820 0.25586 0.89285
v 0.49366 0.01148 0.90611
v 0.16626 0.27532 0.85689
v 0.83274 0.01765 0.88704
v 0.13587 0.01096 0.77655
v 0.12871 0.25838 0.79113
v 0.17322 0.16892 0.84680
v 0.18975 0.02856 0.84897
v 1.00531 0.30580 0.69112
v 0.94876 0.08066 0.83378
v 0.95844 0.29067 0.82457
v 0.91680 0.29928 0.82260
v 0.83630 0.27445 0.87991
vt 0.266935 0.282949
vt 0.254974 0.262226
vt 0.267824 0.244178
vt 0.369690 0.244077
vt 0.371229 0.219529
vt 0.385904 0.234766
vt 0.386082 0.202512
vt 0.409499 0.241072
vt 0.355767 0.200137
vt 0.260636 0.211303
vt 0.424019 0.193174
vt 0.354747 0.167383
vt 0.258663 0.170985
vt 0.462981 0.201808
vt 0.352132 0.143551
vt 0.379722 0.141592
vt 0.371495 0.121435
vt 0.239147 0.140090
vt 0.346932 0.102563
vt 0.625507 0.161426
vt 0.529436 0.129902
vt 0.625507 0.134967
vt 0.534035 0.168327
vt 0.627850 0.109798
vt 0.518783 0.140357
vt 0.521706 0.102538
vt 0.646845 0.135181
vt 0.512126 0.168200
vt 0.525227 0.185549
vt 0.503487 0.115670
vt 0.627954 0.192215
vt 0.497026 0.163735
vt 0.004069 0.394311
vt 0.028352 0.394311
vt 0.482295 0.134534
vt 0.508682 0.195750
vt 0.629704 0.219542
vt 0.503808 0.220143
vt 0.480301 0.186186
vt 0.535488 0.226236
vt 0.431676 0.119004
vt 0.013244 0.412680
vt 0.430006 0.227778
vt 0.492684 0.205868
vt 0.440412 0.296055
vt 0.406132 0.276847
vt 0.241358 0.313636
vt 0.350616 0.278094
vt 0.363611 0.296336
vt 0.388524 0.299479
vt 0.375375 0.272186
vt 0.253722 0.333678
vt 0.382466 0.320196
vt 0.464985 0.313367
vt 0.443934 0.331802
vt 0.468398 0.337120
vt 0.439052 0.346847
vt 0.283276 0.349497
vt 0.416364 0.329951
vt 0.492575 0.451173
vt 0.471706 0.446917
vt 0.296959 0.372289
vt 0.406664 0.350121
vt 0.583643 0.385157
vt 0.623567 0.266914
vt 0.610035 0.394748
vt 0.596120 0.271264
vt 0.616305 0.416572
vt 0.585281 0.406500
vt 0.556498 0.288835
vt 0.540096 0.402448
vt 0.616879 0.432433
vt 0.541238 0.386391
vt 0.555130 0.424261
vt 0.520108 0.283481
vt 0.561807 0.450246
vt 0.495518 0.401588
vt 0.538727 0.462314
vt 0.477897 0.381056
vt 0.532480 0.436934
vt 0.462046 0.260396
vt 0.556765 0.494416
vt 0.473598 0.399236
vt 0.258672 0.850275
vt 0.280133 0.852141
vt 0.267683 0.867611
vt 0.165852 0.946197
vt 0.211447 0.945882
vt 0.218161 0.955470
vt 0.231591 0.849378
vt 0.221272 0.877530
vt 0.872186 0.186480
vt 0.848623 0.174639
vt 0.872186 0.170398
vt 0.220714 0.837378
vt 0.229173 0.825911
vt 0.239194 0.834877
vt 0.198932 0.963439
vt 0.173257 0.960228
vt 0.303686 0.983537
vt 0.304760 0.978367
vt 0.330635 0.978367
vt 0.846549 0.160616
vt 0.817783 0.259817
vt 0.827864 0.162323
vt 0.206259 0.844208
vt 0.282513 0.982479
vt 0.195648 0.830214
vt 0.832132 0.145074
vt 0.191059 0.881263
vt 0.279801 0.975936
vt 0.150127 0.950539
vt 0.169736 0.997961
vt 0.182934 0.988372
vt 0.190953 0.999976
vt 0.199804 0.893947
vt 0.706195 0.993898
vt 0.699776 0.990905
vt 0.720183 0.992083
vt 0.176808 0.826154
vt 0.019368 0.545076
vt 0.039610 0.542231
vt 0.030205 0.561250
vt 0.817809 0.144439
vt 0.178108 0.831126
vt 0.042942 0.556176
vt 0.567426 0.989363
vt 0.586741 0.996959
vt 0.042407 0.571956
vt 0.038974 0.593534
vt 0.596708 0.989363
vt 0.075112 0.482026
vt 0.081453 0.428084
vt 0.100863 0.475126
vt 0.074208 0.383195
vt 0.103910 0.403198
vt 0.079158 0.413929
vt 0.774302 0.023702
vt 0.803436 0.048149
vt 0.759597 0.053479
vt 0.812135 0.019976
vt 0.059918 0.688908
vt 0.045506 0.711102
vt 0.042710 0.675065
vt 0.816751 0.053472
vt 0.860665 0.052847
vt 0.841047 0.027785
vt 0.864517 0.038955
vt 0.094675 0.362454
vt 0.071271 0.652627
vt 0.146960 0.424407
vt 0.372916 0.814634
vt 0.141786 0.472263
vt 0.141612 0.344721
vt 0.149703 0.366333
vt 0.960854 0.955139
vt 0.939433 0.969558
vt 0.907433 0.962756
vt 0.945853 0.948375
vt 0.483720 0.794549
vt 0.483720 0.824498
vt 0.727957 0.685168
vt 0.744611 0.694399
vt 0.724125 0.701707
vt 0.093129 0.907050
vt 0.085332 0.887752
vt 0.120552 0.908370
vt 0.744770 0.710710
vt 0.697642 0.700586
vt 0.091134 0.911399
vt 0.112621 0.918628
vt 0.070096 0.930393
vt 0.120395 0.937476
vt 0.699205 0.685692
vt 0.767316 0.601854
vt 0.418093 0.916419
vt 0.414745 0.899193
vt 0.466819 0.902068
vt 0.133271 0.920064
vt 0.407041 0.907269
vt 0.407397 0.946298
vt 0.678519 0.691524
vt 0.144190 0.935634
vt 0.654670 0.682012
vt 0.041310 0.267458
vt 0.021507 0.245720
vt 0.036549 0.246839
vt 0.031558 0.262030
vt 0.027224 0.222917
vt 0.023302 0.460741
vt 0.004053 0.454487
vt 0.012683 0.441994
vt 0.102998 0.955146
vt 0.109768 0.952682
vt 0.108053 0.973517
vt 0.109694 0.936817
vt 0.761916 0.024749
vt 0.807970 0.003108
vt 0.790183 0.019961
vt 0.718051 0.058425
vt 0.736326 0.031029
vt 0.027796 0.478030
vt 0.015221 0.474661
vt 0.036893 0.441862
vt 0.103922 0.942160
vt 0.778359 0.941390
vt 0.784458 0.964151
vt 0.778837 0.980596
vt 0.074078 0.808997
vt 0.088742 0.805067
vt 0.076956 0.824598
vt 0.717047 0.033497
vt 0.038849 0.459014
vt 0.117508 0.796756
vt 0.186813 0.818076
vt 0.763559 0.016031
vt 0.542079 0.998071
vt 0.564811 0.998071
vt 0.549728 0.999902
vt 0.931342 0.012236
vt 0.936935 0.028866
vt 0.923754 0.033664
vt 0.708057 0.014747
vt 0.045063 0.481143
vt 0.734759 0.017493
vt 0.092576 0.774186
vt 0.707228 0.000172
vt 0.091526 0.789328
vt 0.079437 0.776934
vt 0.935036 0.070337
vt 0.727293 0.059099
vt 0.044439 0.425645
vt 0.079647 0.794861
vt 0.921994 0.821205
vt 0.938895 0.741690
vt 0.935363 0.831258
vt 0.947846 0.828119
vt 0.965544 0.826103
vt 0.782149 0.997753
vt 0.773618 0.994648
vt 0.786160 0.994810
vt 0.683563 0.766079
vt 0.813904 0.766079
vt 0.684779 0.770902
vt 0.010022 0.018335
vt 0.018223 0.026558
vt 0.021220 0.047887
vt 0.762913 0.186688
vt 0.757350 0.123105
vt 0.761088 0.057486
vt 0.008668 0.009358
vt 0.614017 0.995030
vt 0.633023 0.989937
vt 0.638769 0.995372
vt 0.110104 0.205822
vt 0.116954 0.201867
vt 0.125458 0.267040
vt 0.519285 0.999787
vt 0.521392 0.997680
vt 0.544038 0.999616
vt 0.112024 0.342712
vt 0.989915 0.313649
vt 0.990725 0.290935
vt 0.994991 0.299703
vt 0.995901 0.364587
vt 0.041493 0.116799
vt 0.038572 0.116206
vt 0.039847 0.101628
vt 0.009176 0.944990
vt 0.043983 0.984814
vt 0.006635 0.959401
vt 0.701161 0.966979
vt 0.777562 0.971103
vt 0.041550 0.073664
vt 0.051094 0.115099
vt 0.002622 0.987128
vt 0.050157 0.066864
vt 0.475658 0.991573
vt 0.467199 0.999765
vt 0.446456 0.994206
vt 0.043898 0.060506
vt 0.479076 0.999814
vt 0.003109 0.592423
vt 0.036405 0.593068
vt 0.029501 0.563467
vt 0.749114 0.932139
vt 0.034342 0.581371
vt 0.410279 0.902633
vt 0.332425 0.920269
vt 0.331362 0.889843
vt 0.334524 0.877603
vt 0.888847 0.984179
vt 0.865338 0.982545
vt 0.873343 0.978536
vt 0.893074 0.977321
vt 0.846541 0.977747
vt 0.062505 0.403969
vt 0.068074 0.463861
vt 0.065383 0.453149
vt 0.031355 0.613136
vt 0.025467 0.622447
vt 0.020317 0.613525
vt 0.029892 0.632850
vt 0.230791 0.983775
vt 0.175491 0.983775
vt 0.224496 0.978737
vt 0.023539 0.658901
vt 0.844474 0.989387
vt 0.844817 0.997442
vt 0.834515 0.997442
vt 0.841038 0.989600
vt 0.866974 0.973761
vt 0.913168 0.973761
vt 0.903368 0.976593
vt 0.924313 0.675769
vt 0.932379 0.674491
vt 0.922533 0.678715
vt 0.015432 0.706846
vt 0.152349 0.510622
vt 0.168127 0.373005
vt 0.171083 0.510622
vt 0.937093 0.690505
vt 0.953677 0.700899
vt 0.132868 0.512507
vt 0.996413 0.649023
vt 0.985605 0.673118
vt 0.965775 0.697497
vt 0.985127 0.600580
vt 0.979514 0.553421
vt 0.962267 0.704574
vt 0.015220 0.115448
vt 0.018446 0.124185
vt 0.012813 0.146781
vt 0.018835 0.096447
vt 0.020060 0.113106
vt 0.018918 0.146142
vt 0.016422 0.153807
vt 0.019343 0.146129
vt 0.055576 0.127603
vt 0.071740 0.384163
vt 0.015432 0.765292
vt 0.021549 0.759881
vt 0.970294 0.554929
vt 0.290511 0.562507
vt 0.448091 0.562507
vt 0.340324 0.596561
vt 0.212645 0.301482
vt 0.212645 0.461942
vt 0.197689 0.403012
vt 0.230904 0.158152
vt 0.222686 0.317025
vt 0.237872 0.315641
vt 0.204452 0.240363
vt 0.197271 0.398442
vt 0.243631 0.614165
vt 0.275311 0.551732
vt 0.276477 0.606762
vt 0.178089 0.293396
vt 0.184686 0.255981
vt 0.175937 0.414232
vt 0.180960 0.666138
vt 0.196910 0.413149
vt 0.691372 0.787003
vt 0.597077 0.820603
vt 0.338554 0.670659
vt 0.353125 0.652845
vt 0.210963 0.271243
vt 0.204452 0.338718
vt 0.263661 0.555188
vt 0.671785 0.833752
vt 0.642198 0.767058
vt 0.355514 0.637569
vt 0.575092 0.833354
vt 0.985903 0.848118
vt 0.988219 0.924932
vt 0.972552 0.859321
vt 0.826408 0.612442
vt 0.841280 0.571617
vt 0.849925 0.611621
vt 0.856902 0.581917
vt 0.864979 0.611315
vt 0.690440 0.051479
vt 0.630590 0.068232
vt 0.607866 0.052321
vt 0.629488 0.034670
vt 0.589867 0.035159
vt 0.884432 0.609944
vt 0.859235 0.510658
vt 0.892301 0.571143
vt 0.589387 0.017887
vt 0.696327 0.018152
vt 0.899757 0.610384
vt 0.900036 0.553930
vt 0.876047 0.539223
vt 0.876047 0.437846
vt 0.884845 0.544424
vt 0.886017 0.976961
vt 0.836374 0.976961
vt 0.859260 0.973900
vt 0.186033 0.980146
vt 0.167851 0.975274
vt 0.224246 0.977887
vt 0.562337 0.779842
vt 0.515309 0.771549
vt 0.622415 0.777903
vt 0.600575 0.781642
vt 0.634134 0.774694
vt 0.393677 0.953581
vt 0.415161 0.957369
vt 0.344211 0.957767
vt 0.357634 0.958615
vt 0.417184 0.963825
vt 0.346240 0.964891
vt 0.897958 0.448465
vt 0.897958 0.554948
vt 0.884717 0.555081
vt 0.483599 0.793388
vt 0.375863 0.812385
vt 0.359359 0.791465
vt 0.876340 0.904620
vt 0.951121 0.894110
vt 0.873094 0.887670
vt 0.072945 0.652136
vt 0.064335 0.717719
vt 0.073368 0.719191
vt 0.514452 0.044093
vt 0.406520 0.051145
vt 0.554090 0.951802
vt 0.488677 0.963336
vt 0.964162 0.876353
vt 0.878485 0.919828
vt 0.051759 0.718819
vt 0.406566 0.044093
vt 0.485930 0.951557
vt 0.138445 0.936754
vt 0.172562 0.983712
vt 0.110619 0.981571
vt 0.648639 0.066233
vt 0.653206 0.090331
vt 0.596326 0.075956
vt 0.032212 0.909477
vt 0.032212 0.952225
vt 0.012367 0.913955
vt 0.109492 0.350264
vt 0.074475 0.374783
vt 0.110935 0.313126
vt 0.313737 0.843125
vt 0.411694 0.843125
vt 0.372251 0.860522
vt 0.697390 0.846659
vt 0.636731 0.868737
vt 0.599469 0.844029
vt 0.831423 0.717656
vt 0.867496 0.616691
vt 0.074581 0.267567
vt 0.705041 0.083520
vt 0.739540 0.133796
vt 0.715369 0.165531
vt 0.151962 0.179078
vt 0.110018 0.198177
vt 0.954495 0.222451
vt 0.954495 0.144022
vt 0.976200 0.233891
vt 0.940068 0.942904
vt 0.907881 0.961488
vt 0.879081 0.940235
vt 0.132306 0.280928
vt 0.140874 0.210081
vt 0.177958 0.231012
vt 0.977180 0.170842
vt 0.189750 0.192527
vt 0.219263 0.219221
vt 0.138906 0.102558
vt 0.051329 0.046233
vt 0.071265 0.101005
vt 0.875264 0.678181
vt 0.119041 0.135711
vt 0.715929 0.056860
vt 0.945819 0.166769
vt 0.051928 0.124993
vt 0.929943 0.057820
vt 0.918159 0.086987
vt 0.900426 0.040356
vt 0.910481 0.007137
vt 0.203511 0.535471
vt 0.173402 0.504445
vt 0.218117 0.477620
vt 0.047933 0.791853
vt 0.067152 0.851004
vt 0.041764 0.824722
vt 0.191365 0.414442
vt 0.174820 0.573236
vt 0.234514 0.578977
vt 0.882840 0.067947
vt 0.890037 0.122042
vt 0.861850 0.032169
vt 0.198064 0.608861
vt 0.264729 0.518466
vt 0.252517 0.567753
vt 0.558457 0.059737
vt 0.560539 0.031037
vt 0.588407 0.031037
vt 0.505289 0.039638
vt 0.580917 0.000547
vt 0.504679 0.033516
vt 0.920477 0.817504
vt 0.920477 0.725555
vt 0.933120 0.762088
vt 0.907435 0.381334
vt 0.907435 0.289385
vt 0.940083 0.333114
vt 0.841930 0.983715
vt 0.791808 0.983715
vt 0.793431 0.939283
vt 0.171441 0.475962
vt 0.483528 0.001156
vt 0.686165 0.569059
vt 0.688779 0.608684
vt 0.660519 0.589007
vt 0.677716 0.542362
vt 0.713629 0.571807
vt 0.665141 0.548573
vt 0.057811 0.985361
vt 0.049327 0.962053
vt 0.099102 0.987263
vt 0.076851 0.955999
vt 0.609573 0.561836
vt 0.098058 0.964965
vt 0.633367 0.531561
vt 0.987571 0.695109
vt 0.965296 0.700935
vt 0.980169 0.684135
vt 0.666220 0.532414
vt 0.613228 0.591434
vt 0.644189 0.511550
vt 0.228327 0.358034
vt 0.216026 0.335092
vt 0.250444 0.347001
vt 0.041837 0.875090
vt 0.041837 0.921769
vt 0.030605 0.884886
vt 0.637069 0.498047
vt 0.246301 0.360814
vt 0.625012 0.449573
vt 0.730323 0.985749
vt 0.724935 0.969165
vt 0.765946 0.972548
vt 0.248231 0.327519
vt 0.225037 0.390140
vt 0.213498 0.314593
vt 0.996710 0.658234
vt 0.274607 0.352578
vt 0.219845 0.469363
vt 0.269738 0.400663
vt 0.577841 0.938615
vt 0.559950 0.927659
vt 0.559950 0.882846
vt 0.540435 0.926427
vt 0.488609 0.935565
vt 0.467164 0.925124
vt 0.576976 0.865337
vt 0.308721 0.723620
vt 0.399944 0.724198
vt 0.324659 0.768958
vt 0.286502 0.371038
vt 0.263411 0.480240
vt 0.409702 0.772438
vt 0.439000 0.698244
vt 0.041320 0.202157
vt 0.041319 0.254783
vt 0.026056 0.216274
vt 0.392083 0.703450
vt 0.413196 0.681969
vt 0.714423 0.062989
vt 0.735487 0.073722
vt 0.763794 0.195876
vt 0.837596 0.076994
vt 0.755525 0.055003
vt 0.471472 0.834558
vt 0.470835 0.887333
vt 0.860091 0.128397
vt 0.766634 0.130515
vt 0.489116 0.864126
vt 0.860242 0.149278
vt 0.507053 0.871913
vt 0.490653 0.893911
vt 0.010042 0.869423
vt 0.035330 0.904228
vt 0.004184 0.915785
vt 0.873148 0.053862
vt 0.395176 0.888654
vt 0.914680 0.573699
vt 0.941973 0.567497
vt 0.935391 0.650862
vt 0.943216 0.650887
vt 0.910543 0.657278
vt 0.940453 0.670091
vt 0.933009 0.665433
vt 0.101572 0.243511
vt 0.916113 0.660920
vt 0.087862 0.245175
vt 0.408458 0.999399
vt 0.401824 0.994112
vt 0.407373 0.989456
vt 0.044098 0.342858
vt 0.028917 0.337333
vt 0.045045 0.335677
vt 0.885558 0.652110
vt 0.043056 0.301094
vt 0.042202 0.187637
vt 0.042402 0.265721
vt 0.435562 0.998308
vt 0.431007 0.989821
vt 0.010887 0.690621
vt 0.042237 0.680434
vt 0.042811 0.704064
vt 0.758273 0.997954
vt 0.742234 0.997954
vt 0.746625 0.989381
vt 0.992385 0.622658
vt 0.964435 0.638359
vt 0.959489 0.624769
vt 0.991108 0.639246
vt 0.032787 0.286321
vt 0.057397 0.480964
vt 0.068743 0.484004
vt 0.063307 0.557537
vt 0.041569 0.286473
vt 0.910992 0.977957
vt 0.930916 0.970705
vt 0.956789 0.979650
vt 0.491496 0.840641
vt 0.514626 0.846632
vt 0.043206 0.606705
vt 0.050988 0.577663
vt 0.053552 0.651351
vt 0.043840 0.572560
vt 0.571768 0.837666
vt 0.550226 0.825584
vt 0.561229 0.796528
vt 0.574186 0.809632
vt 0.507847 0.870411
vt 0.527772 0.893948
vt 0.594101 0.838435
vt 0.605916 0.857471
vt 0.609762 0.872048
vt 0.585173 0.858625
vt 0.596636 0.888736
vt 0.095114 0.182091
vt 0.111293 0.181594
vt 0.484463 0.854292
vt 0.713632 0.217512
vt 0.694707 0.225585
vt 0.699061 0.172593
vt 0.661429 0.184893
vt 0.686991 0.133266
vt 0.673989 0.237081
vt 0.639451 0.219129
vt 0.661547 0.257860
vt 0.753062 0.134746
vt 0.607132 0.239548
vt 0.519904 0.241819
vt 0.633557 0.279568
vt 0.654553 0.311516
vt 0.732029 0.056250
vt 0.755306 0.029388
vt 0.958853 0.799192
vt 0.931828 0.716019
vt 0.989144 0.708407
vt 0.898707 0.462117
vt 0.920665 0.554094
vt 0.932600 0.544571
vt 0.278985 0.989439
vt 0.263419 0.998403
vt 0.928516 0.550718
vt 0.030173 0.392084
vt 0.012414 0.389383
vt 0.006808 0.382934
vt 0.015116 0.369821
vt 0.996274 0.961739
vt 0.996274 0.988616
vt 0.958640 0.985924
vt 0.690452 0.908635
vt 0.680626 0.898809
vt 0.695500 0.903251
vt 0.677884 0.988818
vt 0.677884 0.961537
vt 0.715176 0.983082
vt 0.653385 0.897342
vt 0.480673 0.765563
vt 0.496391 0.726457
vt 0.565663 0.766451
vt 0.610478 0.907139
vt 0.716240 0.972111
vt 0.550998 0.984456
vt 0.511312 0.987279
vt 0.513163 0.966115
vt 0.542868 0.966298
vt 0.000514 0.122129
vt 0.006578 0.138791
vt 0.001893 0.166118
vt 0.040399 0.081040
vt 0.029077 0.094677
vt 0.000385 0.086989
vt 0.437376 0.764617
vt 0.859815 0.882686
vt 0.894830 0.867755
vt 0.959755 0.893986
vt 0.028229 0.349165
vt 0.046419 0.370090
vt 0.012312 0.363236
vt 0.000128 0.052352
vt 0.616035 0.917719
vt 0.691340 0.909824
vt 0.691970 0.917021
vt 0.032129 0.391645
vt 0.926183 0.825872
vt 0.621075 0.908521
vt 0.881253 0.840927
vt 0.855341 0.855498
vt 0.213139 0.998827
vt 0.194662 0.998827
vt 0.209432 0.989015
vt 0.054557 0.386678
vt 0.578251 0.894737
vt 0.662884 0.894737
vt 0.581985 0.907695
vt 0.015321 0.413246
vt 0.026312 0.050206
vt 0.039308 0.482322
vt 0.032153 0.504342
vt 0.012829 0.475394
vt 0.004765 0.500398
vt 0.037793 0.060654
vt 0.898707 0.552699
vt 0.256982 0.989439
vt 0.495473 0.724628
vt 0.452442 0.753223
vt 0.492057 0.709803
vt 0.448795 0.719615
vt 0.465995 0.704210
vt 0.445385 0.751334
vt 0.451671 0.710884
vt 0.558162 0.753063
vt 0.439875 0.744229
vt 0.883556 0.670876
vt 0.495220 0.666736
vt 0.425627 0.677254
vt 0.918648 0.701383
vt 0.930061 0.688659
vt 0.875332 0.615573
vt 0.844002 0.714634
vt 0.896313 0.729412
vt 0.926844 0.713549
vt 0.921009 0.724355
vt 0.779127 0.993885
vt 0.781455 0.989953
vt 0.057022 0.662520
vt 0.020992 0.674227
vt 0.036366 0.612500
vt 0.724876 0.184871
vt 0.724876 0.315563
vt 0.714334 0.166199
vt 0.795896 0.547000
vt 0.802844 0.467582
vt 0.803395 0.598274
vt 0.888092 0.665500
vt 0.895126 0.668449
vt 0.918914 0.676768
vt 0.768191 0.989904
vt 0.243586 0.928557
vt 0.186120 0.909885
vt 0.265247 0.914966
vt 0.236031 0.901564
vt 0.218190 0.881474
vt 0.987896 0.168513
vt 0.964515 0.114364
vt 0.983230 0.142053
vt 0.990292 0.110694
vt 0.990717 0.101497
vt 0.963690 0.107805
vt 0.276214 0.912154
vt 0.280128 0.925939
vt 0.224939 0.877738
vt 0.296479 0.918062
vt 0.287037 0.928549
vt 0.274916 0.875560
vt 0.979563 0.968473
vt 0.965616 0.958707
vt 0.994209 0.961569
vt 0.996943 0.234900
vt 0.992944 0.263356
vt 0.961475 0.275457
vt 0.921496 0.268388
vt 0.100060 0.953717
vt 0.061012 0.947544
vt 0.077847 0.945947
vt 0.979940 0.275949
vt 0.090114 0.959412
vt 0.310900 0.892707
vt 0.060963 0.936493
vt 0.996215 0.279087
vt 0.036212 0.974081
vt 0.039266 0.929524
vt 0.945001 0.969358
vt 0.047294 0.912950
vt 0.321688 0.907056
vt 0.950419 0.963921
vt 0.990768 0.290263
vt 0.291504 0.826770
vt 0.641436 0.993385
vt 0.635508 0.990621
vt 0.643085 0.989391
vt 0.324639 0.885089
vt 0.791268 0.996447
vt 0.782287 0.991262
vt 0.794714 0.990888
vt 0.330785 0.894106
vt 0.659831 0.992057
vt 0.457441 0.027351
vt 0.348536 0.031737
vt 0.969191 0.234560
vt 0.355047 0.009296
vt 0.919783 0.725568
vt 0.919783 0.827117
vt 0.905952 0.731829
vt 0.633092 0.431266
vt 0.574776 0.498772
vt 0.565391 0.488333
vt 0.431040 0.951361
vt 0.430390 0.964876
vt 0.557253 0.495446
vt 0.460980 0.964370
vt 0.485304 0.953031
vt 0.567621 0.537835
vt 0.617567 0.549222
vt 0.575431 0.569240
vt 0.558874 0.561253
vt 0.504467 0.554695
vt 0.476677 0.488261
vt 0.540164 0.492682
vt 0.530467 0.557039
vt 0.466006 0.558469
vt 0.461520 0.490748
vt 0.459107 0.551930
vt 0.499542 0.990389
vt 0.530347 0.990389
vt 0.516248 0.999479
vt 0.004297 0.561412
vt 0.029138 0.561412
vt 0.017692 0.574353
vt 0.614801 0.996943
vt 0.588846 0.996943
vt 0.604289 0.990393
vt 0.126876 0.909617
vt 0.124535 0.896337
vt 0.150976 0.912888
vt 0.975303 0.541225
vt 0.989290 0.531782
vt 0.996839 0.552524
vt 0.982349 0.498406
vt 0.966054 0.521148
vt 0.116090 0.903529
vt 0.237358 0.998268
vt 0.217556 0.998268
vt 0.234028 0.989574
vt 0.952503 0.515591
vt 0.955385 0.524984
vt 0.996402 0.484457
vt 0.404711 0.990036
vt 0.370601 0.999832
vt 0.369858 0.990036
vt 0.383105 0.999786
vt 0.445178 0.671779
vt 0.308468 0.683740
vt 0.306595 0.671377
vt 0.194953 0.894662
vt 0.174617 0.922967
vt 0.108749 0.480817
vt 0.094223 0.616954
vt 0.415405 0.962437
vt 0.416971 0.949004
vt 0.082741 0.480817
vt 0.985662 0.008091
vt 0.985662 0.080684
vt 0.940377 0.005697
vt 0.963346 0.086101
vt 0.944426 0.091567
vt 0.005592 0.784100
vt 0.021167 0.777807
vt 0.000616 0.791859
vt 0.813008 0.819254
vt 0.809690 0.813061
vt 0.821525 0.804775
vt 0.819724 0.727683
vt 0.830523 0.725606
vt 0.015288 0.795648
vt 0.214704 0.998362
vt 0.212349 0.991114
vt 0.231927 0.988974
vt 0.836760 0.729334
vt 0.826315 0.989556
vt 0.837312 0.989556
vt 0.833687 0.996260
vt 0.844177 0.784626
vt 0.851717 0.830663
vt 0.865548 0.823022
vt 0.857198 0.728906
vt 0.873248 0.737729
vt 0.868063 0.723035
vt 0.878253 0.825359
vt 0.047846 0.392807
vt 0.056631 0.444775
vt 0.045296 0.421951
vt 0.174851 0.414857
vt 0.167763 0.364563
vt 0.176121 0.269033
vt 0.165234 0.335417
vt 0.044180 0.474974
vt 0.898013 0.160616
vt 0.884208 0.131011
vt 0.919335 0.162984
vt 0.941330 0.159619
vt 0.942033 0.064980
vt 0.649789 0.757739
vt 0.586027 0.766743
vt 0.551690 0.756839
vt 0.680833 0.755040
vt 0.681646 0.751409
vt 0.650951 0.756773
vt 0.646411 0.731027
vt 0.679111 0.732592
vt 0.551889 0.755603
vt 0.677435 0.707808
vt 0.641360 0.710672
vt 0.627422 0.692569
vt 0.830422 0.821318
vt 0.164305 0.282390
vt 0.680665 0.766012
vt 0.418763 0.971029
vt 0.348208 0.971029
vt 0.377917 0.965141
vt 0.779198 0.771742
vt 0.812893 0.771742
vt 0.781273 0.802139
vt 0.740135 0.770660
vt 0.814515 0.765377
vt 0.684064 0.765377
vt 0.816949 0.649010
vt 0.750995 0.802876
vt 0.698401 0.799774
vt 0.381132 0.468239
vt 0.492024 0.477422
vt 0.495848 0.487926
vt 0.696226 0.771201
vt 0.382661 0.458991
vt 0.698120 0.821653
vt 0.808915 0.826604
vt 0.371805 0.461557
vt 0.109333 0.484968
vt 0.109333 0.619245
vt 0.097860 0.619388
vt 0.370950 0.410045
vt 0.379805 0.437297
vt 0.358628 0.442953
vt 0.335437 0.418173
vt 0.296983 0.426561
vt 0.279672 0.391075
vt 0.303046 0.372012
vt 0.369653 0.462907
vt 0.239208 0.494755
vt 0.314421 0.453368
vt 0.276122 0.430590
vt 0.285762 0.459204
vt 0.061118 0.314758
vt 0.061118 0.398008
vt 0.044759 0.359365
vt 0.698654 0.894830
vt 0.779110 0.916214
vt 0.723184 0.915413
vt 0.692522 0.916062
vt 0.794007 0.281267
vt 0.816829 0.276547
vt 0.816156 0.287202
vt 0.989929 0.394890
vt 0.989929 0.323448
vt 0.992341 0.344506
vt 0.793548 0.209827
vt 0.252527 0.798327
vt 0.133954 0.787953
vt 0.257130 0.787793
vt 0.792304 0.260254
vt 0.793275 0.281427
vt 0.766939 0.235318
vt 0.387415 0.000212
vt 0.373234 0.008400
vt 0.320285 0.004401
vt 0.768144 0.218987
vt 0.763637 0.187440
vt 0.141220 0.795414
vt 0.793778 0.186125
vt 0.816910 0.165202
vt 0.074084 0.765245
vt 0.074084 0.631411
vt 0.196939 0.756357
vt 0.766107 0.164471
vt 0.794648 0.156567
vt 0.294970 0.997860
vt 0.298188 0.987955
vt 0.320531 0.996380
vt 0.015898 0.415593
vt 0.044892 0.414995
vt 0.765079 0.868998
vt 0.804441 0.869822
vt 0.806450 0.888933
vt 0.870686 0.901909
vt 0.832106 0.858337
vt 0.824548 0.830325
vt 0.840502 0.888703
vt 0.848814 0.916061
vt 0.021399 0.432523
vt 0.819816 0.916382
vt 0.037413 0.168267
vt 0.037841 0.201478
vt 0.021427 0.179460
vt 0.044444 0.175163
vt 0.816783 0.001954
vt 0.859585 0.026618
vt 0.852409 0.031847
vt 0.549014 0.994581
vt 0.529022 0.995865
vt 0.531734 0.989951
vt 0.020906 0.159434
vt 0.886214 0.028812
vt 0.892943 0.000574
vt 0.886294 0.025873
vt 0.042603 0.149264
vt 0.559630 0.991565
vt 0.020986 0.148572
vt 0.028149 0.337767
vt 0.000207 0.337767
vt 0.028669 0.319275
vt 0.370159 0.613438
vt 0.353896 0.624680
vt 0.351730 0.611825
vt 0.369729 0.617713
vt 0.338791 0.626932
vt 0.321786 0.623019
vt 0.330166 0.610150
vt 0.971421 0.852012
vt 0.938763 0.849164
vt 0.954034 0.840721
vt 0.969272 0.839716
vt 0.988289 0.846263
vt 0.964812 0.813967
vt 0.468488 0.613942
vt 0.855538 0.292235
vt 0.855538 0.391066
vt 0.848110 0.276613
vt 0.969934 0.769062
vt 0.006691 0.944214
vt 0.014223 0.921034
vt 0.026237 0.943983
vt 0.726146 0.991532
vt 0.743966 0.991532
vt 0.740798 0.997324
vt 0.004610 0.047772
vt 0.005900 0.010829
vt 0.020213 0.049962
vt 0.945867 0.540991
vt 0.932085 0.538601
vt 0.913495 0.494805
vt 0.928732 0.496269
vt 0.955378 0.498936
vt 0.680381 0.931879
vt 0.754777 0.929196
vt 0.728082 0.936052
vt 0.699952 0.935120
vt 0.945795 0.473652
vt 0.904804 0.458349
vt 0.939162 0.454956
vt 0.634132 0.966291
vt 0.621778 0.985797
vt 0.622861 0.975748
vt 0.662416 0.986090
vt 0.631814 0.958785
vt 0.638310 0.951043
vt 0.695947 0.957782
vt 0.095173 0.831516
vt 0.081372 0.903734
vt 0.074291 0.846138
vt 0.074027 0.824736
vt 0.202373 0.767968
vt 0.210496 0.642902
vt 0.831301 0.998274
vt 0.820168 0.998274
vt 0.825004 0.990074
vt 0.211001 0.771991
vt 0.048819 0.466730
vt 0.057564 0.451582
vt 0.052915 0.533727
vt 0.712372 0.649802
vt 0.715582 0.613116
vt 0.569119 0.640426
vt 0.076804 0.773555
vt 0.015395 0.773555
vt 0.048473 0.713781
vt 0.447493 0.667125
vt 0.450277 0.660400
vt 0.554099 0.660400
vt 0.763712 0.460022
vt 0.763712 0.604821
vt 0.742687 0.460483
vt 0.591007 0.663492
vt 0.542949 0.828604
vt 0.522510 0.833639
vt 0.463818 0.828504
vt 0.710958 0.460747
vt 0.714275 0.568297
vt 0.557770 0.655570
vt 0.491237 0.670122
vt 0.398938 0.670122
vt 0.346656 0.662198
vt 0.461110 0.832580
vt 0.442866 0.836642
vt 0.631721 0.619316
vt 0.373738 0.633770
vt 0.362537 0.653170
vt 0.353780 0.630407
vt 0.557802 0.654590
vt 0.591100 0.656679
vt 0.576820 0.661512
vt 0.215803 0.693555
vt 0.238646 0.700977
vt 0.212313 0.711086
vt 0.245643 0.709588
vt 0.383721 0.655786
vt 0.615872 0.660196
vt 0.412770 0.631982
vt 0.240026 0.618701
vt 0.282530 0.638720
vt 0.296084 0.682480
vt 0.407005 0.656214
vt 0.311689 0.708906
vt 0.429213 0.649832
vt 0.657077 0.653585
vt 0.441830 0.659360
vt 0.445982 0.649517
vt 0.474111 0.634819
vt 0.292279 0.668335
vt 0.306598 0.683395
vt 0.313219 0.691926
vt 0.304515 0.672076
vt 0.677261 0.658715
vt 0.474234 0.649551
vt 0.700050 0.655234
vt 0.501336 0.656509
vt 0.357089 0.711053
vt 0.497087 0.632926
vt 0.061612 0.398835
vt 0.061612 0.481105
vt 0.053889 0.411476
vt 0.063523 0.399038
vt 0.063523 0.316768
vt 0.069709 0.362682
vt 0.821789 0.941065
vt 0.752469 0.934972
vt 0.755794 0.929428
vt 0.817417 0.932427
vt 0.827065 0.929249
vt 0.238843 0.945048
vt 0.189765 0.924215
vt 0.242774 0.935681
vt 0.185117 0.912601
vt 0.254093 0.932969
vt 0.987393 0.396312
vt 0.922022 0.442748
vt 0.925108 0.432272
vt 0.894264 0.977365
vt 0.937590 0.981155
vt 0.891691 0.983628
vt 0.091471 0.060048
vt 0.076567 0.014178
vt 0.186351 0.011887
vt 0.989325 0.484640
vt 0.679782 0.922001
vt 0.644974 0.934874
vt 0.630962 0.920863
vt 0.668033 0.937277
vt 0.621228 0.938666
vt 0.026583 0.272877
vt 0.005823 0.274693
vt 0.041261 0.268679
vt 0.620522 0.918477
vt 0.041289 0.275991
vt 0.609449 0.937295
vt 0.607959 0.919909
vt 0.256285 0.988926
vt 0.256285 0.997902
vt 0.236117 0.992655
vt 0.830483 0.456331
vt 0.843125 0.462226
vt 0.826455 0.467383
vt 0.334960 0.824357
vt 0.358055 0.817200
vt 0.347631 0.824357
vt 0.325483 0.821383
vt 0.824027 0.447008
vt 0.844358 0.449616
vt 0.830807 0.435041
vt 0.824536 0.419879
vt 0.945033 0.167397
vt 0.915769 0.199401
vt 0.856250 0.157726
vt 0.296836 0.826164
vt 0.843709 0.411454
vt 0.830387 0.408935
vt 0.823914 0.389555
vt 0.388058 0.000122
vt 0.482763 0.000122
vt 0.481155 0.008490
vt 0.161068 0.997956
vt 0.150753 0.989086
vt 0.155591 0.991429
vt 0.144910 0.998756
vt 0.842947 0.380065
vt 0.945168 0.238338
vt 0.442562 0.839376
vt 0.346698 0.839376
vt 0.440317 0.828303
vt 0.830255 0.373953
vt 0.254542 0.821118
vt 0.823828 0.370203
vt 0.265441 0.825708
vt 0.915205 0.215569
vt 0.856947 0.258181
vt 0.842882 0.354806
vt 0.240223 0.824265
vt 0.025432 0.263523
vt 0.866717 0.614994
vt 0.829946 0.716629
vt 0.825886 0.620008
vt 0.811390 0.613732
vt 0.433129 0.094221
vt 0.316633 0.071654
vt 0.971659 0.772491
vt 0.980516 0.772061
vt 0.993387 0.807423
vt 0.806028 0.599987
vt 0.992172 0.746016
vt 0.380689 0.888369
vt 0.322298 0.873252
vt 0.353626 0.872744
vt 0.417317 0.871510
vt 0.487146 0.893959
vt 0.392286 0.893959
vt 0.455932 0.891249
vt 0.978992 0.745262
vt 0.943920 0.658382
vt 0.943920 0.571101
vt 0.966921 0.656024
vt 0.447299 0.063834
vt 0.670301 0.874259
vt 0.639917 0.868902
vt 0.731917 0.873672
vt 0.996246 0.371332
vt 0.990076 0.399420
vt 0.159047 0.875524
vt 0.180929 0.857813
vt 0.194302 0.894028
vt 0.187133 0.844678
vt 0.163402 0.825323
vt 0.615518 0.367129
vt 0.711736 0.234695
vt 0.702408 0.366086
vt 0.145432 0.848871
vt 0.286636 0.968525
vt 0.224359 0.947068
vt 0.254933 0.946326
vt 0.155376 0.841634
vt 0.238289 0.970087
vt 0.783904 0.916192
vt 0.725055 0.900424
vt 0.811926 0.902537
vt 0.131367 0.863991
vt 0.216404 0.961036
vt 0.148373 0.838203
vt 0.126323 0.851523
vt 0.803810 0.997862
vt 0.791935 0.997862
vt 0.796775 0.990487
vt 0.807187 0.911854
vt 0.136725 0.842765
vt 0.129705 0.834478
vt 0.114852 0.868237
vt 0.105090 0.866065
vt 0.996246 0.442752
vt 0.007099 0.607067
vt 0.038971 0.594307
vt 0.042546 0.597307
vt 0.041353 0.608328
vt 0.986568 0.055722
vt 0.993168 0.010516
vt 0.732998 0.996811
vt 0.713810 0.996811
vt 0.723830 0.991537
vt 0.933498 0.969798
vt 0.887918 0.972905
vt 0.890702 0.962252
vt 0.876532 0.966430
vt 0.761006 0.998236
vt 0.769108 0.991438
vt 0.775975 0.998430
vt 0.185659 0.987993
vt 0.203906 0.987993
vt 0.192198 0.999342
vt 0.274886 0.993093
vt 0.293015 0.991020
vt 0.294306 0.998341
vt 0.270537 0.997600
vt 0.585894 0.964642
vt 0.544299 0.966895
vt 0.012741 0.650109
vt 0.023646 0.631221
vt 0.022697 0.654982
vt 0.673954 0.991587
vt 0.695347 0.991587
vt 0.673985 0.996255
vt 0.175202 0.988574
vt 0.167432 0.999268
vt 0.154585 0.989226
vt 0.008269 0.628705
vt 0.725628 0.316078
vt 0.725628 0.169737
vt 0.737898 0.208506
vt 0.842899 0.492095
vt 0.845773 0.552093
vt 0.804670 0.597700
vt 0.804176 0.489432
vt 0.650025 0.995816
vt 0.669949 0.990477
vt 0.673177 0.995845
vt 0.823514 0.860660
vt 0.736448 0.868277
vt 0.986568 0.007095
vt 0.573623 0.982167
vt 0.831526 0.591237
vt 0.731197 0.853607
vt 0.476725 0.649329
vt 0.569711 0.643097
vt 0.623579 0.647810
vt 0.561594 0.633346
vt 0.491504 0.640348
vt 0.918601 0.450031
vt 0.846622 0.413356
vt 0.937067 0.382056
vt 0.912600 0.456850
vt 0.043757 0.555473
vt 0.043757 0.496559
vt 0.056622 0.555189
vt 0.996260 0.948427
vt 0.976448 0.956335
vt 0.043682 0.567469
vt 0.406371 0.527106
vt 0.447580 0.561685
vt 0.356315 0.559435
vt 0.354297 0.535960
vt 0.995753 0.091453
vt 0.948523 0.091453
vt 0.987103 0.084332
vt 0.051281 0.576389
vt 0.013831 0.532320
vt 0.029555 0.507157
vt 0.039360 0.540968
vt 0.479859 0.999929
vt 0.487390 0.990953
vt 0.511023 0.998117
vt 0.345275 0.559104
vt 0.337470 0.533485
vt 0.014841 0.523327
vt 0.352066 0.512279
vt 0.603896 0.989462
vt 0.629640 0.989462
vt 0.617795 0.992300
vt 0.357821 0.509237
vt 0.591969 0.006441
vt 0.622712 0.001021
vt 0.585767 0.016710
vt 0.759506 0.990510
vt 0.758571 0.995812
vt 0.750457 0.990557
vt 0.747764 0.296248
vt 0.759328 0.310877
vt 0.751541 0.306627
vt 0.336565 0.560792
vt 0.320886 0.532502
vt 0.765754 0.992338
vt 0.029351 0.018532
vt 0.027278 0.006530
vt 0.042890 0.000847
vt 0.031543 0.032548
vt 0.045530 0.013428
vt 0.650998 0.006299
vt 0.751579 0.168859
vt 0.276331 0.551409
vt 0.689815 0.011296
vt 0.085538 0.045578
vt 0.032248 0.040495
vt 0.864242 0.404171
vt 0.864242 0.299983
vt 0.899689 0.387359
vt 0.023884 0.045346
vt 0.075481 0.034213
vt 0.081614 0.000522
vt 0.168051 0.881618
vt 0.189437 0.893965
vt 0.097290 0.891605
vt 0.949029 0.948427
vt 0.386852 0.522564
vt 0.508313 0.067863
vt 0.608282 0.053814
vt 0.490503 0.100188
vt 0.379823 0.786089
vt 0.456244 0.777127
vt 0.340651 0.793593
vt 0.743053 0.233870
vt 0.746924 0.235869
vt 0.746924 0.312814
vt 0.332217 0.790648
vt 0.745714 0.196003
vt 0.654855 0.979073
vt 0.676106 0.959630
vt 0.673624 0.977431
vt 0.631898 0.959793
vt 0.005969 0.089345
vt 0.001123 0.111372
vt 0.002663 0.094067
vt 0.735254 0.313865
vt 0.739165 0.237413
vt 0.005805 0.133553
vt 0.492416 0.067412
vt 0.743827 0.187228
vt 0.749548 0.187934
vt 0.432127 0.989943
vt 0.701818 0.993064
vt 0.704437 0.996804
vt 0.683101 0.995224
vt 0.741856 0.169418
vt 0.748000 0.169746
vt 0.737203 0.186912
vt 0.738949 0.196053
vt 0.845687 0.989579
vt 0.847976 0.991868
vt 0.845540 0.995730
vt 0.411633 0.950812
vt 0.360950 0.955246
vt 0.340646 0.948503
vt 0.816234 0.943541
vt 0.825223 0.941133
vt 0.817194 0.957665
vt 0.825043 0.955485
vt 0.877282 0.972246
vt 0.866576 0.940372
vt 0.842873 0.973508
vt 0.332003 0.773276
vt 0.442914 0.992833
vt 0.465543 0.991467
vt 0.077201 0.063575
vt 0.159375 0.072211
vt 0.079733 0.179743
vt 0.117097 0.056832
vt 0.701572 0.058194
vt 0.697111 0.056571
vt 0.699343 0.017794
vt 0.391190 0.191775
vt 0.396737 0.167713
vt 0.411032 0.154722
vt 0.419761 0.111444
vt 0.382667 0.157204
vt 0.960826 0.623459
vt 0.977484 0.582135
vt 0.987104 0.619766
vt 0.950162 0.586266
vt 0.378409 0.114622
vt 0.328937 0.086174
vt 0.405426 0.090038
vt 0.939827 0.554668
vt 0.007457 0.203053
vt 0.000045 0.170893
vt 0.006028 0.169838
vt 0.429134 0.119394
vt 0.306577 0.073149
vt 0.966908 0.548327
vt 0.151811 0.063891
vt 0.428164 0.102062
vt 0.007554 0.159156
vt 0.935388 0.544833
vt 0.438482 0.111786
vt 0.481719 0.056959
vt 0.447767 0.098383
vt 0.444435 0.084639
vt 0.489018 0.059764
vt 0.965888 0.537128
vt 0.000003 0.313348
vt 0.000117 0.281890
vt 0.008072 0.282586
vt 0.031405 0.282665
vt 0.029844 0.311181
vt 0.445371 0.989574
vt 0.468705 0.989574
vt 0.476615 0.990669
vt 0.548977 0.924402
vt 0.467740 0.924402
vt 0.499908 0.113092
vt 0.465525 0.108839
vt 0.508475 0.873977
vt 0.128976 0.531117
vt 0.109982 0.666116
vt 0.117947 0.531117
vt 0.167771 0.563071
vt 0.163617 0.658854
vt 0.161948 0.552583
vt 0.113806 0.530608
vt 0.157831 0.671013
vt 0.174719 0.575576
vt 0.169470 0.659706
vt 0.118455 0.667917
vt 0.506802 0.666418
vt 0.642352 0.664700
vt 0.644667 0.691160
vt 0.572470 0.688802
vt 0.988719 0.933605
vt 0.896792 0.936052
vt 0.934413 0.920065
vt 0.980291 0.947600
vt 0.555082 0.687836
vt 0.508455 0.718949
vt 0.953379 0.894346
vt 0.050394 0.337866
vt 0.052549 0.270190
vt 0.058221 0.308654
vt 0.071008 0.324121
vt 0.546149 0.719292
vt 0.623218 0.718440
vt 0.844034 0.387521
vt 0.844034 0.274587
vt 0.849481 0.312113
vt 0.364276 0.869178
vt 0.405877 0.847058
vt 0.458419 0.837509
vt 0.812889 0.389065
vt 0.776176 0.410261
vt 0.808374 0.289840
vt 0.761580 0.290653
vt 0.484545 0.813046
vt 0.484545 0.771553
vt 0.603601 0.785887
vt 0.071187 0.253825
vt 0.764955 0.403536
vt 0.353896 0.009270
vt 0.314337 0.053803
vt 0.278942 0.062628
vt 0.070904 0.103434
vt 0.066051 0.158323
vt 0.046701 0.145355
vt 0.265110 0.060126
vt 0.217026 0.013613
vt 0.044832 0.186333
vt 0.075229 0.179474
vt 0.055808 0.184905
vt 0.846982 0.273440
vt 0.854495 0.269046
vt 0.868609 0.299314
vt 0.297116 0.091034
vt 0.778692 0.938317
vt 0.791217 0.944699
vt 0.791133 0.978096
vt 0.835926 0.273964
vt 0.817814 0.265372
vt 0.834270 0.259070
vt 0.047065 0.269857
vt 0.047065 0.350320
vt 0.042094 0.266701
vt 0.403257 0.016537
vt 0.362211 0.009299
vt 0.470109 0.014034
vt 0.865077 0.183969
vt 0.821121 0.255275
vt 0.713727 0.367925
vt 0.706819 0.549502
vt 0.627206 0.440524
vt 0.348344 0.974055
vt 0.312796 0.959859
vt 0.312229 0.927387
vt 0.329584 0.920063
vt 0.294000 0.935591
vt 0.559377 0.950483
vt 0.595214 0.963526
vt 0.527887 0.965424
vt 0.492218 0.966639
vt 0.499287 0.972570
vt 0.435364 0.972516
vt 0.280112 0.978912
vt 0.238803 0.982526
vt 0.225967 0.978467
vt 0.319001 0.909431
vt 0.290536 0.969704
vt 0.813532 0.997907
vt 0.808108 0.990442
vt 0.823098 0.991054
vt 0.043057 0.550122
vt 0.031411 0.506657
vt 0.042726 0.495977
vt 0.631668 0.965871
vt 0.610004 0.981040
vt 0.590216 0.964755
vt 0.710698 0.325339
vt 0.728259 0.315789
vt 0.728768 0.331916
vt 0.710046 0.344520
vt 0.263612 0.947568
vt 0.136706 0.999856
vt 0.121146 0.999856
vt 0.126744 0.989506
vt 0.760860 0.313780
vt 0.761897 0.331313
vt 0.705682 0.358206
vt 0.728385 0.381121
vt 0.006639 0.236355
vt 0.025782 0.223617
vt 0.309689 0.987993
vt 0.338233 0.988653
vt 0.336267 0.995114
vt 0.756235 0.456737
vt 0.631043 0.457664
vt 0.323503 0.996810
vt 0.149403 0.988966
vt 0.141834 0.999383
vt 0.129219 0.990041
vt 0.019897 0.245988
vt 0.863488 0.338078
vt 0.858163 0.398941
vt 0.856876 0.286975
vt 0.802866 0.600137
vt 0.802771 0.651666
vt 0.769069 0.657608
vt 0.776725 0.533552
vt 0.259657 0.790443
vt 0.265424 0.806553
vt 0.232708 0.827529
vt 0.796718 0.665029
vt 0.278192 0.800529
vt 0.808835 0.993121
vt 0.806838 0.998388
vt 0.288597 0.780669
vt 0.247518 0.760444
vt 0.282338 0.768473
vt 0.278259 0.729790
vt 0.310123 0.781664
vt 0.278143 0.808573
vt 0.443237 0.033204
vt 0.340065 0.046319
vt 0.373675 0.811389
vt 0.411462 0.967237
vt 0.476583 0.967237
vt 0.423793 0.971466
vt 0.281106 0.819701
vt 0.311972 0.737332
vt 0.669036 0.837521
vt 0.625627 0.841318
vt 0.573112 0.834467
vt 0.380367 0.050564
vt 0.301445 0.709958
vt 0.797548 0.989453
vt 0.333865 0.033023
vt 0.613301 0.865443
vt 0.706050 0.881797
vt 0.606007 0.885823
vt 0.963232 0.149952
vt 0.942252 0.132175
vt 0.490094 0.101663
vt 0.610717 0.062470
vt 0.339112 0.976587
vt 0.369455 0.999912
vt 0.339112 0.998233
vt 0.961272 0.116368
vt 0.365176 0.980824
vt 0.964807 0.095625
vt 0.374667 0.971719
vt 0.987840 0.171628
vt 0.917995 0.247562
vt 0.892724 0.277705
vt 0.883642 0.258724
vt 0.582064 0.996419
vt 0.551675 0.996419
vt 0.565129 0.990410
vt 0.913224 0.267624
vt 0.973691 0.359247
vt 0.960994 0.301254
vt 0.978723 0.292986
vt 0.942873 0.312985
vt 0.980086 0.285942
vt 0.970638 0.232101
vt 0.469383 0.008508
vt 0.376109 0.008508
vt 0.389137 0.001624
vt 0.641564 0.868265
vt 0.701893 0.852100
vt 0.734829 0.866930
vt 0.962146 0.381785
vt 0.947147 0.092303
vt 0.570799 0.095732
vt 0.369388 0.868891
vt 0.464452 0.838003
vt 0.408334 0.870203
vt 0.073379 0.848124
vt 0.076424 0.884837
vt 0.044128 0.868606
vt 0.631094 0.964926
vt 0.598727 0.963409
vt 0.565968 0.951485
vt 0.630650 0.949968
vt 0.238046 0.046926
vt 0.128722 0.042522
vt 0.223586 0.021882
vt 0.074418 0.924419
vt 0.061648 0.915218
vt 0.042624 0.911191
vt 0.171243 0.023132
vt 0.213048 0.014877
vt 0.911139 0.001164
vt 0.898892 0.038857
vt 0.901950 0.006599
vt 0.371339 0.463251
vt 0.382492 0.479180
vt 0.360242 0.469331
vt 0.447143 0.556000
vt 0.394544 0.506660
vt 0.404344 0.498484
vt 0.392169 0.489781
vt 0.382809 0.494916
vt 0.889430 0.931170
vt 0.899536 0.939650
vt 0.823868 0.939310
vt 0.369740 0.508600
vt 0.262077 0.549169
vt 0.337832 0.487609
vt 0.356551 0.508303
vt 0.818407 0.298279
vt 0.831702 0.303543
vt 0.817796 0.382404
vt 0.880166 0.335926
vt 0.906785 0.339673
vt 0.904957 0.392024
vt 0.898601 0.301133
vt 0.043660 0.774701
vt 0.077414 0.774701
vt 0.843298 0.319374
vt 0.837412 0.284564
vt 0.765311 0.974218
vt 0.752180 0.988801
vt 0.730130 0.987338
vt 0.821694 0.277293
vt 0.012376 0.009667
vt 0.024605 0.025264
vt 0.021037 0.029999
vt 0.867784 0.300479
vt 0.977751 0.223786
vt 0.977751 0.172364
vt 0.991347 0.209343
vt 0.823921 0.269571
vt 0.034491 0.442994
vt 0.023515 0.458281
vt 0.013737 0.440640
vt 0.023201 0.044031
vt 0.405037 0.943377
vt 0.390893 0.944615
vt 0.397619 0.913460
vt 0.162726 0.106295
vt 0.176900 0.056865
vt 0.195786 0.196428
vt 0.364106 0.944579
vt 0.377935 0.911008
vt 0.045027 0.416592
vt 0.286108 0.075587
vt 0.015402 0.811648
vt 0.025125 0.838360
vt 0.017137 0.872749
vt 0.015275 0.799323
vt 0.024436 0.774151
vt 0.025252 0.835271
vt 0.333058 0.926038
vt 0.068237 0.849919
vn 0.34050 -0.06520 -0.93800
vn 0.31730 -0.32000 -0.89270
vn 0.19800 -0.02910 -0.97980
vn 0.31330 -0.00110 -0.94970
vn 0.18750 0.10250 -0.97690
vn 0.19110 0.72800 -0.65840
vn -0.11410 0.74340 -0.65900
vn 0.00170 0.95570 -0.29420
vn -0.08600 0.03990 -0.99550
vn -0.24530 -0.01440 -0.96930
vn -0.03690 0.97200 -0.23220
vn -0.36500 0.05090 -0.92960
vn -0.57070 -0.01140 -0.82110
vn -0.04540 0.98650 -0.15710
vn -0.47400 0.52480 -0.70710
vn -0.75990 0.01160 -0.65000
vn -0.75990 0.01160 -0.64990
vn -0.48110 0.51540 -0.70920
vn -0.56750 0.50650 -0.64910
vn -0.80730 0.01300 -0.59000
vn -0.83590 0.02750 -0.54820
vn 0.96400 0.00390 -0.26600
vn 0.99500 0.03560 0.09280
vn 0.99520 -0.03950 0.08950
vn 0.96920 0.07020 -0.23620
vn 0.95090 -0.02790 0.30830
vn 0.80530 0.59270 -0.01450
vn 0.92380 0.17510 0.34050
vn 0.87800 -0.43960 0.18940
vn 0.68560 0.66270 -0.30130
vn 0.77010 0.04990 -0.63600
vn 0.61860 0.78420 0.04900
vn 0.80400 0.00740 -0.59460
vn 0.45600 0.88510 -0.09290
vn 0.74840 -0.45700 0.48070
vn 0.11510 0.99300 -0.02740
vn 0.49080 0.72250 -0.48690
vn 0.68320 0.01220 -0.73010
vn 0.26860 0.82560 -0.49620
vn 0.62450 0.24440 -0.74180
vn 0.17730 0.97180 -0.15530
vn 0.68270 0.04600 -0.72930
vn 0.03550 0.99920 -0.02030
vn -0.01340 0.99970 -0.02170
vn -0.00080 0.99940 -0.03490
vn -0.18880 0.98190 -0.01640
vn -0.23930 0.96330 0.12130
vn -0.55710 -0.00310 0.83050
vn -0.51410 0.07840 0.85410
vn -0.65400 0.08140 0.75210
vn -0.54160 0.79060 0.28560
vn -0.43140 0.68040 0.59240
vn -0.72340 0.00290 0.69040
vn -0.89060 0.06940 0.44940
vn -0.42770 0.88410 -0.18830
vn -0.60640 0.75230 -0.25770
vn -0.74850 0.31140 -0.58540
vn -0.95290 0.08430 -0.29150
vn -0.74180 0.01740 0.67040
vn -0.97810 0.02080 0.20690
vn -0.70780 0.70500 0.04460
vn -0.93240 -0.00020 -0.36130
vn -0.96030 0.00690 -0.27890
vn -0.96450 0.00500 0.26400
vn -0.99710 0.05380 0.05470
vn 0.71370 0.08130 0.69570
vn 0.86390 0.02270 0.50320
vn 0.64200 0.63140 0.43490
vn 0.85800 0.01930 0.51320
vn 0.75970 0.00900 0.65020
vn 0.47810 0.82910 0.29000
vn 0.42180 0.78620 0.45160
vn 0.53930 0.00860 0.84210
vn 0.23170 0.64980 0.72400
vn 0.20310 0.95870 0.19930
vn 0.22650 0.04870 0.97280
vn 0.06590 0.91780 0.39150
vn 0.00320 0.00250 1.00000
vn 0.05350 0.96530 0.25580
vn -0.09820 0.23650 0.96670
vn -0.03970 0.89150 0.45130
vn -0.08580 0.03150 0.99580
vn 0.10320 0.95880 0.26450
vn -0.13690 -0.02360 0.99030
vn -0.09650 0.93530 0.34040
vn -0.35740 0.44500 0.82110
vn 0.27740 -0.84630 -0.45480
vn 0.48380 -0.71840 -0.49990
vn 0.15820 -0.91740 -0.36510
vn -0.01680 0.68430 -0.72900
vn 0.01170 0.72970 -0.68370
vn 0.01600 0.74810 -0.66340
vn -0.10420 -0.85470 -0.50850
vn -0.16300 -0.89910 -0.40640
vn -0.00520 0.11940 -0.99280
vn 0.02900 0.03100 -0.99910
vn 0.01250 0.08970 -0.99590
vn -0.15820 -0.46850 -0.86920
vn -0.03950 -0.58960 -0.80670
vn -0.01540 -0.53880 -0.84230
vn -0.03540 0.68540 -0.72730
vn -0.07410 0.55640 -0.82760
vn 0.19080 0.98060 -0.04460
vn 0.26130 0.95660 0.12920
vn 0.00990 0.99960 0.02460
vn 0.00190 0.13670 -0.99060
vn 0.03280 0.00750 -0.99940
vn 0.03830 0.06710 -0.99700
vn -0.47470 -0.51280 -0.71530
vn 0.38370 0.90580 0.17960
vn -0.56780 -0.24930 -0.78450
vn 0.05590 0.29630 -0.95350
vn -0.33030 -0.80220 -0.49740
vn 0.35090 0.85350 0.38520
vn 0.00160 0.59320 -0.80510
vn -0.17090 0.93000 -0.32530
vn -0.33730 -0.72420 -0.60150
vn 0.90610 -0.29500 0.30320
vn -0.65620 -0.31690 -0.68480
vn 0.10500 0.99080 -0.08520
vn 0.05180 0.96800 -0.24560
vn -0.01230 0.90930 -0.41590
vn 0.20770 0.30640 -0.92900
vn -0.65520 -0.32910 -0.67990
vn -0.08910 0.83740 -0.53930
vn -0.81120 -0.57920 -0.08100
vn -0.08110 0.80860 -0.58280
vn -0.05050 0.79840 -0.60000
vn 0.06070 0.99780 0.02840
vn 0.00490 1.00000 0.00140
vn -0.05680 0.99840 -0.00210
vn 0.00370 1.00000 -0.00200
vn -0.06070 0.99810 -0.00720
vn -0.00640 0.99950 -0.03130
vn -0.58390 -0.77800 0.23200
vn -0.60490 -0.77330 0.18990
vn -0.48570 -0.82920 0.27670
vn -0.69230 -0.72140 -0.01700
vn -0.86890 -0.21580 0.44550
vn -0.78720 -0.16650 0.59380
vn -0.86890 -0.21580 0.44540
vn -0.70970 -0.69650 -0.10570
vn -0.71180 -0.68660 -0.14840
vn -0.70770 -0.68110 -0.18750
vn -0.81910 -0.44940 -0.35650
vn -0.13740 0.98740 -0.07810
vn -0.91220 -0.24810 0.32610
vn -0.12190 0.99210 -0.02870
vn -0.99820 -0.02500 -0.05520
vn -0.08500 0.99630 -0.01490
vn -0.19890 0.94260 -0.26830
vn -0.18670 0.97450 -0.12450
vn -0.09880 0.88150 0.46170
vn -0.10970 0.90090 0.42000
vn -0.09880 0.88150 0.46180
vn -0.08460 0.85390 0.51350
vn 0.02610 0.00630 0.99960
vn -0.06020 0.03000 0.99770
vn -0.00330 0.11460 0.99340
vn -0.17320 -0.19910 0.96460
vn -0.12990 -0.07470 0.98870
vn -0.24010 -0.25780 0.93590
vn -0.01170 0.22210 0.97500
vn 0.02430 0.22600 0.97380
vn -0.03970 -0.91520 0.40100
vn -0.19570 -0.83190 0.51930
vn -0.04820 -0.92670 0.37280
vn -0.26030 -0.86370 0.43160
vn 0.02930 0.04730 0.99850
vn 0.03460 0.00130 0.99940
vn -0.03350 0.96130 0.27330
vn -0.00450 0.93340 0.35890
vn -0.05340 0.93280 0.35630
vn -0.48470 -0.67130 0.56070
vn -0.00200 0.99010 0.14060
vn -0.10270 0.99320 0.05520
vn 0.02260 0.12350 0.99210
vn -0.46620 -0.72520 0.50670
vn -0.03810 0.04330 0.99830
vn -0.02530 0.81360 0.58080
vn -0.02680 0.82980 0.55750
vn -0.01220 0.85180 0.52380
vn -0.11770 0.65660 0.74500
vn -0.02870 0.84760 0.52980
vn 0.78970 -0.55030 0.27110
vn 0.01240 0.71190 0.70220
vn 0.02870 0.68840 0.72470
vn 0.06790 0.67130 0.73800
vn -0.03050 0.74030 0.67160
vn 0.33290 -0.93180 0.14480
vn 0.36840 -0.92480 0.09460
vn 0.34260 -0.93450 0.09710
vn 0.63210 -0.37470 0.67820
vn 0.42040 -0.60750 0.67400
vn 0.04480 0.99830 0.03600
vn 0.01540 0.99940 0.03180
vn 0.01780 0.99960 0.02250
vn -0.04460 0.78640 0.61620
vn 0.24750 0.90160 -0.35470
vn -0.03190 0.20080 0.97910
vn 0.01820 0.05020 0.99860
vn 0.00640 0.01340 0.99990
vn 0.50390 -0.25810 0.82430
vn 0.04230 0.99880 0.02500
vn 0.00710 -0.00630 1.00000
vn 0.00370 0.00380 1.00000
vn 0.35010 -0.91240 0.21220
vn -0.38690 0.91040 0.14680
vn -0.08920 0.64640 0.75770
vn 0.01120 0.63380 0.77340
vn 0.31660 -0.35250 0.88060
vn 0.06520 0.99710 0.04010
vn 0.28280 -0.84920 0.44590
vn -0.01340 -0.01180 0.99980
vn 0.21340 -0.60650 0.76590
vn -0.01170 0.00500 0.99990
vn -0.00560 0.09310 0.99560
vn 0.05720 0.62590 0.77780
vn 0.65620 -0.49290 0.57140
vn -0.05540 0.99810 -0.02780
vn 0.01510 0.12250 0.99240
vn -0.05230 0.01960 -0.99840
vn -0.02910 0.01350 -0.99950
vn -0.02070 0.01570 -0.99970
vn -0.01830 0.01070 -0.99980
vn -0.04200 0.01020 -0.99910
vn -0.41830 0.84600 -0.33060
vn -0.61020 -0.02340 -0.79190
vn -0.92590 0.37780 -0.00480
vn -0.92580 0.37790 -0.00480
vn -0.87650 0.48030 0.03100
vn -0.98680 0.04120 0.15640
vn -0.98990 0.10920 -0.09070
vn -0.52540 0.84970 -0.04400
vn 0.87380 -0.04590 -0.48410
vn 0.69460 -0.10470 -0.71180
vn 0.98460 -0.12200 -0.12530
vn 0.90580 -0.03100 -0.42270
vn 0.43790 0.89900 0.00010
vn 0.68420 0.71840 -0.12550
vn 0.43790 0.89900 0.00000
vn 0.35360 0.93460 0.03830
vn 0.03030 0.88300 -0.46850
vn 0.05480 0.59030 -0.80530
vn 0.04720 0.63460 -0.77140
vn 0.00820 -0.00010 -1.00000
vn 0.01060 -0.00150 -0.99990
vn 0.03980 0.99920 0.00760
vn 0.03760 0.85320 -0.52030
vn 0.05620 0.87900 -0.47350
vn 0.01190 -0.00220 -0.99990
vn 0.04650 0.80140 -0.59640
vn -0.59030 0.80310 -0.08150
vn -0.59030 0.80310 -0.08140
vn -0.58410 0.80850 -0.07210
vn -0.12770 0.69980 -0.70280
vn -0.60380 0.79050 -0.10220
vn -0.99040 0.12780 -0.05240
vn -0.98260 0.13750 -0.12450
vn -0.99260 0.12130 -0.00650
vn -0.99040 0.12780 -0.05230
vn -0.10610 0.01600 0.99420
vn -0.04780 0.01070 0.99880
vn -0.10600 0.01600 0.99420
vn -0.24270 0.02840 0.96970
vn -0.47230 0.87980 0.05340
vn -0.58780 0.80890 -0.01600
vn -0.55030 0.83490 0.01230
vn -0.48390 0.87310 0.05950
vn -0.69570 0.71450 -0.07390
vn -0.76000 -0.02230 0.64950
vn -0.62520 -0.03390 0.77970
vn -0.96750 0.22830 0.10890
vn -0.97120 0.23140 0.05650
vn -0.97980 0.11800 0.16150
vn -0.96260 0.27030 0.01900
vn 0.70180 -0.02830 0.71180
vn -0.97220 0.23400 -0.00180
vn 0.88160 0.38540 0.27260
vn 0.86470 0.42340 0.27020
vn 0.92580 0.25720 0.27700
vn 0.49980 0.86470 0.04940
vn -0.18810 0.78640 0.58840
vn 0.02210 0.99360 0.11060
vn 0.04110 0.85320 0.52000
vn 0.37180 0.92760 0.03760
vn 0.02200 -0.00770 0.99970
vn 0.02210 -0.00770 0.99970
vn 0.05920 -0.00340 0.99820
vn 0.04730 0.59530 0.80210
vn 0.03430 0.87920 0.47520
vn -0.01410 -0.01180 0.99980
vn -0.00960 0.99910 0.04070
vn 0.01630 0.99990 0.00500
vn 0.03650 0.99450 0.09780
vn -0.22570 0.04750 0.97300
vn -0.09200 0.85150 0.51620
vn -0.80210 0.59710 0.01130
vn -0.96900 0.24700 -0.00020
vn -0.65600 0.75130 0.07190
vn -0.88760 0.46020 0.01810
vn -0.97800 0.20850 -0.00500
vn -0.62690 0.77320 0.09510
vn -0.61250 0.71620 0.33460
vn -0.99280 0.12010 -0.00300
vn -0.99280 0.12010 -0.00280
vn -0.77830 -0.02040 0.62760
vn 0.00380 0.00410 -1.00000
vn 0.01170 0.00180 0.99990
vn -0.09490 0.01210 -0.99540
vn -0.09500 0.01210 -0.99540
vn -0.18680 0.02630 -0.98200
vn -0.39750 0.04480 0.91650
vn -0.98000 0.08860 0.17810
vn -0.98150 0.10260 0.16170
vn -0.99670 0.07960 0.01240
vn -0.84670 0.02620 -0.53140
vn -0.93440 0.05520 -0.35180
vn -0.90440 0.08990 0.41700
vn -0.94840 0.06110 -0.31100
vn -0.99540 0.09490 -0.00870
vn -0.99580 0.09090 -0.01410
vn -0.99730 0.07280 0.00550
vn -0.99710 0.07330 0.01950
vn 0.00460 -0.00330 -1.00000
vn -0.90140 0.08810 0.42380
vn -0.99610 0.08790 0.00880
vn -0.99370 0.09640 -0.05730
vn -0.99700 0.07280 0.02460
vn -0.99640 0.07810 -0.03170
vn -0.00150 0.00150 1.00000
vn -0.00670 -0.00010 1.00000
vn 0.00360 0.09220 0.99570
vn -0.00970 0.02300 0.99970
vn -0.03240 0.09890 0.99460
vn -0.02990 0.06810 0.99720
vn -0.06370 0.10390 0.99250
vn 0.00880 0.00980 -0.99990
vn 0.04040 0.00940 -0.99910
vn 0.00730 0.01340 -0.99990
vn -0.07680 0.00970 -0.99700
vn -0.09270 0.02870 -0.99530
vn -0.07660 0.04380 0.99610
vn -0.00470 -0.01140 0.99990
vn -0.07880 0.00790 0.99690
vn -0.13110 0.00430 -0.99140
vn -0.10950 -0.00530 -0.99400
vn -0.44450 0.01460 0.89570
vn -0.67040 0.05750 0.73970
vn -0.85210 0.01280 -0.52320
vn -0.99560 0.04290 0.08370
vn -0.95230 0.02770 0.30400
vn 0.85550 -0.01800 0.51740
vn 0.72460 -0.01210 0.68910
vn 0.78220 -0.01710 0.62280
vn 0.98490 -0.04220 0.16790
vn 0.61700 -0.01480 0.78680
vn 0.99260 -0.04220 -0.11420
vn 0.79100 0.01640 -0.61160
vn 0.00240 0.00430 -1.00000
vn 0.04800 0.00390 0.99880
vn -0.01270 0.00470 -0.99990
vn -0.02640 0.00550 -0.99960
vn 0.00540 0.00150 1.00000
vn 0.00520 0.00150 1.00000
vn -0.00290 0.00130 1.00000
vn -0.73410 0.06320 0.67610
vn -0.99740 0.06970 0.01850
vn -0.01330 -0.00220 0.99990
vn 0.00260 0.00390 -1.00000
vn 0.01120 0.00170 0.99990
vn 0.23890 -0.26150 -0.93520
vn 0.05910 0.96910 0.23930
vn -0.03430 0.99900 0.02750
vn -0.14660 0.95150 0.27050
vn 0.17560 0.19610 -0.96470
vn -0.05790 -0.35420 -0.93340
vn -0.05440 -0.47230 -0.87980
vn -0.05440 -0.47220 -0.87980
vn -0.03860 0.98310 -0.17900
vn -0.21260 0.01480 -0.97700
vn -0.47960 0.34870 -0.80520
vn -0.05300 -0.50880 -0.85920
vn -0.03940 0.99840 0.03960
vn -0.26360 0.95940 0.10030
vn -0.11960 0.99220 -0.03370
vn -0.84640 -0.13700 -0.51470
vn -0.70430 -0.11100 -0.70110
vn 0.36210 0.92760 -0.09210
vn 0.23210 0.97100 -0.05740
vn 0.18470 0.98200 -0.04000
vn -0.41810 0.40660 -0.81230
vn -0.40070 0.66200 -0.63340
vn -0.65820 0.45590 -0.59910
vn -0.62150 0.61440 -0.48610
vn 0.00980 1.00000 0.00190
vn -0.81900 0.46010 -0.34280
vn -0.79150 0.58230 -0.18570
vn -0.92200 -0.27470 -0.27290
vn -0.96930 -0.24230 -0.04150
vn -0.84900 -0.22480 -0.47820
vn 0.13720 0.96980 0.20160
vn 0.44100 0.88730 -0.13480
vn 0.95240 0.11690 0.28160
vn 0.86880 0.49510 0.00870
vn 0.89870 0.34280 0.27360
vn 0.91560 -0.03550 0.40060
vn 0.85370 -0.00170 -0.52080
vn 0.95750 -0.18080 -0.22490
vn 0.96520 -0.19580 -0.17360
vn 0.93170 0.30330 0.19960
vn 0.93450 -0.29110 0.20510
vn 0.74310 0.36580 -0.56040
vn 0.72990 0.30940 -0.60950
vn 0.80350 0.58930 0.08450
vn 0.74840 0.64450 -0.15670
vn 0.69140 0.61120 0.38520
vn 0.77850 0.21830 -0.58840
vn 0.75070 -0.15390 -0.64250
vn 0.64290 -0.01620 -0.76580
vn -0.24910 0.96710 -0.05070
vn -0.00190 0.99590 -0.09020
vn -0.09660 0.96820 -0.23070
vn -0.22640 0.97390 0.01600
vn 0.12970 0.98470 -0.11660
vn 0.13660 0.98660 -0.08910
vn -0.09000 -0.97360 0.21000
vn -0.11780 0.99280 0.02020
vn 0.31170 0.70980 -0.63170
vn 0.98440 -0.17010 -0.04600
vn 0.04750 0.99270 -0.11100
vn 0.79510 -0.24300 0.55570
vn 0.90630 -0.14170 0.39820
vn 0.55570 -0.17870 0.81190
vn 0.72950 -0.33870 0.59420
vn 0.73610 -0.45120 0.50460
vn 0.35030 -0.13190 0.92730
vn 0.54240 0.50230 0.67340
vn 0.57750 0.39650 0.71370
vn 0.55040 0.42060 0.72120
vn 0.55300 0.36510 0.74890
vn 0.26450 -0.16810 0.94960
vn 0.42990 0.51450 0.74190
vn 0.13910 -0.08700 0.98650
vn -0.13330 0.97560 0.17460
vn 0.06960 0.98810 0.13730
vn 0.21450 0.04570 0.97570
vn 0.28760 -0.37990 0.87920
vn 0.12800 0.05200 0.99040
vn -0.28400 0.11460 0.95200
vn -0.15010 0.56320 0.81250
vn -0.27650 0.41880 0.86500
vn -0.67570 0.56400 0.47460
vn -0.07290 -0.08980 0.99330
vn -0.64150 -0.13190 0.75570
vn -0.06120 -0.08810 0.99420
vn 0.02980 0.96000 -0.27840
vn -0.14040 0.62910 0.76450
vn -0.61050 -0.13230 0.78090
vn -0.14060 0.62890 0.76470
vn -0.28580 0.93760 0.19830
vn -0.72280 -0.01140 0.69090
vn -0.66670 -0.09070 0.73980
vn -0.67350 -0.12120 0.72910
vn -0.87630 0.26140 0.40470
vn -0.80000 0.42150 0.42700
vn -0.87630 0.26130 0.40470
vn 0.00740 0.99990 -0.01180
vn -0.91020 0.15540 0.38390
vn -0.98170 -0.13260 0.13690
vn -0.99490 -0.09990 -0.01610
vn -0.98730 -0.10490 -0.11960
vn -0.74770 -0.10660 0.65550
vn -0.69370 -0.10940 0.71190
vn -0.95640 -0.06250 -0.28540
vn -0.99870 -0.02860 -0.04280
vn -0.88820 0.42140 0.18320
vn -0.96190 -0.13290 0.23890
vn -0.99600 -0.07950 0.04180
vn 0.43010 0.62110 -0.65510
vn 0.13940 0.61280 -0.77780
vn 0.11320 0.61500 -0.78030
vn 0.05310 0.99600 0.07200
vn -0.00530 0.99470 0.10260
vn 0.04790 0.60000 -0.79850
vn 0.01690 0.58820 -0.80850
vn -0.11310 0.98660 0.11780
vn -0.33000 0.49840 -0.80170
vn -0.26700 0.93490 0.23380
vn -0.28230 0.92250 0.26320
vn -0.75010 0.26140 0.60740
vn 0.12350 0.62190 -0.77330
vn 0.07290 0.99460 0.07360
vn 0.33200 0.94310 -0.02090
vn 0.72860 0.62420 -0.28200
vn 0.62200 0.73110 -0.28020
vn 0.78890 0.36110 -0.49720
vn 0.15390 0.98590 0.06640
vn 0.46230 0.39540 -0.79370
vn 0.43380 0.43070 -0.79140
vn 0.49740 0.04660 -0.86630
vn 0.38260 0.90690 -0.17650
vn 0.29600 0.02640 -0.95480
vn -0.34110 0.89290 -0.29380
vn -0.24010 0.90150 -0.36020
vn -0.47420 0.80040 -0.36670
vn -0.13270 0.47270 -0.87120
vn 0.12210 0.59500 -0.79440
vn 0.10010 0.57010 -0.81540
vn -0.01270 0.98510 0.17160
vn 0.13380 0.61480 -0.77720
vn 0.28140 0.02590 -0.95920
vn 0.27820 0.02290 -0.96020
vn -0.50280 0.78320 -0.36580
vn -0.66190 0.59040 -0.46180
vn -0.26240 0.96480 0.01510
vn 0.99880 -0.00430 0.04800
vn 0.85880 -0.17870 -0.48010
vn 0.86610 -0.24570 -0.43520
vn 0.84530 -0.10830 -0.52320
vn 0.12350 0.63760 -0.76040
vn -0.58980 -0.06960 -0.80450
vn 0.01360 0.69830 -0.71570
vn -0.94320 -0.06090 0.32660
vn 0.36000 -0.06360 -0.93080
vn 0.16110 -0.05390 -0.98550
vn -0.95700 -0.02860 -0.28880
vn -0.96930 -0.00990 -0.24550
vn -0.91370 -0.07720 -0.39900
vn -0.47580 -0.14750 -0.86710
vn -0.06120 -0.16830 -0.98380
vn -0.01070 -0.15320 -0.98810
vn 0.04550 -0.10040 -0.99390
vn -0.20560 -0.08680 -0.97480
vn -0.66270 -0.09140 -0.74330
vn -0.67140 -0.26550 -0.69190
vn -0.83270 -0.21580 -0.50990
vn -0.98700 -0.16060 0.00350
vn -0.91050 -0.15830 -0.38200
vn -0.98970 -0.12480 0.07040
vn 0.36370 0.03560 -0.93080
vn 0.53830 0.05600 -0.84090
vn 0.27760 0.00090 -0.96070
vn 0.15060 0.00040 -0.98860
vn 0.07930 0.03890 -0.99610
vn 0.05450 0.01530 -0.99840
vn 0.02910 0.04040 -0.99880
vn 0.02600 -0.00910 -0.99960
vn 0.04280 0.08970 -0.99500
vn 0.00600 0.07020 -0.99750
vn -0.01330 0.10800 -0.99410
vn 0.05030 0.01200 -0.99870
vn -0.02200 0.06280 -0.99780
vn -0.04020 0.00700 -0.99920
vn -0.07460 0.09810 -0.99240
vn -0.07210 0.10140 -0.99220
vn 0.88130 -0.00560 -0.47260
vn 0.83630 -0.34430 -0.42680
vn 0.83770 -0.34510 -0.42330
vn 0.72120 -0.60320 -0.34060
vn 0.43180 0.02760 -0.90160
vn 0.90760 -0.41430 -0.06750
vn -0.57810 -0.19030 -0.79350
vn -0.57240 -0.19090 -0.79740
vn -0.57950 -0.19010 -0.79250
vn 0.46640 -0.65430 -0.59530
vn -0.52070 -0.64890 -0.55490
vn -0.52960 -0.64550 -0.55040
vn -0.54560 -0.68400 -0.48430
vn -0.08920 -0.99590 -0.01770
vn -0.15090 -0.98850 -0.00740
vn -0.15100 -0.98850 -0.00740
vn -0.51820 -0.64540 -0.56130
vn -0.07830 -0.99690 -0.01200
vn -0.07820 -0.99690 -0.01200
vn -0.06800 -0.99740 -0.02390
vn -0.51690 -0.65020 -0.55680
vn -0.29400 -0.95560 0.01710
vn -0.92030 -0.10340 0.37740
vn -0.91690 -0.11580 0.38200
vn -0.92510 -0.08410 0.37020
vn -0.13240 -0.94640 -0.29470
vn -0.01630 -0.99970 -0.01540
vn -0.01660 -0.99950 -0.02550
vn -0.02630 -0.99950 -0.01560
vn -0.09820 -0.99510 0.01120
vn -0.88140 0.27830 0.38160
vn -0.93540 0.14130 0.32410
vn -0.93800 0.18270 0.29470
vn -0.62390 -0.08300 -0.77710
vn -0.63700 -0.11140 -0.76280
vn -0.61310 -0.09670 -0.78400
vn -0.01670 -0.99980 -0.01260
vn -0.71520 -0.68150 0.15500
vn -0.71520 -0.68160 0.15500
vn -0.62450 -0.77260 0.11440
vn -0.71320 -0.10220 -0.69340
vn -0.95190 0.10570 0.28770
vn -0.78110 -0.59570 0.18690
vn -0.92000 0.04270 0.38970
vn -0.92000 0.04230 0.38970
vn -0.59040 -0.69300 -0.41380
vn -0.80930 -0.09580 -0.57950
vn 0.44400 -0.00740 -0.89600
vn -0.88800 -0.02620 -0.45910
vn 0.00150 -0.99990 -0.01490
vn -0.67760 -0.23210 0.69790
vn -0.69920 -0.26200 0.66520
vn -0.71690 -0.28800 0.63500
vn -0.01130 -0.99970 -0.02190
vn 0.87520 -0.15460 -0.45830
vn 0.98510 0.10010 -0.13990
vn 0.99600 -0.08960 0.00000
vn 0.97880 -0.01290 -0.20430
vn 0.99560 -0.09420 0.00220
vn 0.89970 -0.09590 -0.42580
vn 0.94270 -0.32260 0.08480
vn 0.89630 -0.15510 -0.41550
vn 0.93660 0.30530 -0.17210
vn 0.87680 -0.47070 0.09830
vn 0.22020 -0.97540 -0.00500
vn 0.86180 -0.06130 -0.50350
vn 0.87420 -0.15910 -0.45870
vn 0.08880 -0.99460 0.05340
vn 0.14370 -0.96910 0.20040
vn 0.66870 -0.67970 -0.30130
vn 0.08580 -0.99610 0.02160
vn 0.03660 -0.99890 0.02910
vn -0.02130 -0.95760 0.28740
vn -0.00500 -0.99490 0.10110
vn -0.38160 -0.71400 0.58700
vn -0.98910 -0.04100 -0.14160
vn 0.96080 -0.01270 -0.27690
vn 0.41790 -0.01130 -0.90840
vn 0.67640 -0.67800 -0.28790
vn 0.61470 -0.78780 -0.03840
vn 0.20490 -0.97380 0.09830
vn -0.91460 0.22140 -0.33830
vn -0.97190 0.09270 -0.21660
vn -0.95680 0.13560 -0.25710
vn -0.98950 0.01720 -0.14320
vn -0.98980 0.01440 -0.14150
vn 0.96120 -0.01130 -0.27560
vn 0.97140 0.20310 -0.12320
vn 0.98900 0.04910 -0.13930
vn 0.98060 0.18370 -0.06800
vn 0.79720 0.60040 -0.06320
vn 0.71570 0.69250 -0.09090
vn 0.11600 0.01060 -0.99320
vn 0.40950 0.08290 -0.90850
vn 0.03010 -0.00740 -0.99950
vn 0.57010 -0.02840 -0.82110
vn 0.00900 0.07410 -0.99720
vn 0.17970 0.31680 -0.93130
vn 0.00560 0.00340 -1.00000
vn 0.00900 0.80670 -0.59090
vn 0.00720 0.80940 -0.58720
vn 0.00910 0.80680 -0.59080
vn 0.13960 0.98800 -0.06570
vn 0.06420 0.99780 -0.01850
vn 0.06380 0.99780 0.01610
vn 0.07470 0.99700 0.01810
vn 0.88260 -0.45850 -0.10400
vn 0.64420 -0.69720 -0.31450
vn 0.88840 -0.39160 -0.23960
vn -0.04220 0.99750 -0.05630
vn 0.90050 -0.41700 -0.12330
vn -0.00230 0.04380 -0.99900
vn 0.76190 -0.38800 -0.51860
vn -0.02600 0.99700 -0.07230
vn 0.41890 -0.89350 -0.16180
vn 0.44340 -0.83300 -0.33080
vn 0.00610 0.81100 -0.58510
vn 0.48910 -0.68690 -0.53750
vn -0.03340 0.20270 -0.97870
vn -0.01060 0.83820 -0.54520
vn 0.06930 0.99300 -0.09520
vn 0.00570 0.00460 -1.00000
vn -0.44620 0.71300 0.54090
vn -0.58720 0.60520 0.53750
vn 0.03080 0.02510 -0.99920
vn -0.38350 0.44490 -0.80930
vn 0.02730 0.17600 -0.98400
vn -0.38650 0.74950 0.53750
vn -0.01690 0.01210 -0.99980
vn 0.08900 0.99600 0.00120
vn 0.98540 0.15370 0.07280
vn 0.52010 0.58900 -0.61860
vn 0.15310 0.60900 -0.77820
vn 0.42760 0.70800 -0.56210
vn 0.42760 0.70790 -0.56210
vn 0.50580 0.62020 -0.59960
vn 0.50580 0.62010 -0.59960
vn 0.69570 0.62190 0.35960
vn 0.72350 0.59150 0.35600
vn -0.01290 0.99850 -0.05350
vn 0.70720 0.56560 0.42410
vn 0.70210 0.56890 0.42820
vn 0.12920 0.71760 -0.68440
vn 0.16010 0.61080 -0.77540
vn 0.13680 0.65610 -0.74220
vn -0.02740 0.99110 -0.13050
vn -0.11900 0.85690 0.50160
vn -0.12950 0.82740 0.54640
vn -0.10060 0.89810 0.42810
vn -0.08520 0.96720 0.23940
vn -0.15310 0.76770 0.62220
vn -0.15100 0.63420 0.75830
vn -0.10100 0.77790 0.62020
vn -0.86830 0.35270 -0.34880
vn -0.30110 -0.36230 0.88210
vn -0.64350 0.76410 -0.04550
vn 0.64720 0.75750 -0.08620
vn 0.25010 0.96820 0.00070
vn 0.15540 0.98760 0.02180
vn 0.92260 0.37090 0.10630
vn 0.98910 0.12540 0.07700
vn 0.93670 0.21490 0.27630
vn 0.94980 0.00220 0.31280
vn 0.96500 0.19680 0.17360
vn 0.75890 0.56080 -0.33100
vn -0.72790 -0.10530 0.67760
vn 0.79590 0.09630 0.59770
vn 0.76360 0.60960 0.21270
vn 0.58360 -0.08330 0.80780
vn 0.10990 0.74420 0.65890
vn 0.11330 0.75200 0.64930
vn 0.10020 0.72130 0.68540
vn 0.07130 0.00050 0.99750
vn 0.08890 0.99580 0.02200
vn 0.07910 0.99680 0.00880
vn 0.00160 0.00420 1.00000
vn 0.62760 0.76500 0.14490
vn 0.49660 0.86610 0.05670
vn 0.98310 0.06520 0.17110
vn 0.98260 0.06460 0.17430
vn 0.98120 0.06040 0.18320
vn 0.97930 0.05600 0.19440
vn 0.97620 0.04730 0.21150
vn 0.07380 -0.83970 0.53800
vn 0.32880 -0.76570 0.55280
vn 0.78130 -0.27160 0.56200
vn 0.77920 -0.27910 0.56120
vn 0.28670 -0.53860 0.79230
vn 0.63150 -0.37140 0.68070
vn 0.24090 -0.45450 0.85750
vn 0.40430 -0.73120 0.54940
vn 0.69610 0.57730 0.42690
vn -0.03870 -0.58810 0.80790
vn 0.36060 0.27290 0.89190
vn -0.08410 -0.61520 0.78390
vn 0.02980 -0.91710 0.39760
vn -0.17370 -0.63370 0.75380
vn -0.14700 -0.57530 0.80460
vn -0.27980 -0.60170 0.74810
vn -0.18720 -0.09820 0.97740
vn -0.43060 -0.58970 0.68330
vn -0.97140 -0.03310 -0.23530
vn -0.96600 -0.02410 -0.25730
vn 0.95890 -0.01320 -0.28340
vn 0.97810 -0.01350 -0.20760
vn 0.98740 -0.01360 -0.15750
vn 0.99940 -0.01380 -0.03200
vn -0.96240 -0.01850 -0.27100
vn 0.99420 -0.09560 0.04970
vn 0.99650 -0.02610 0.07990
vn 0.99400 -0.09950 0.04630
vn 0.99640 -0.01940 0.08270
vn 0.99600 -0.00680 0.08860
vn 0.74650 -0.00450 0.66540
vn 0.76870 0.00090 0.63970
vn 0.79400 -0.00540 0.60790
vn 0.61910 -0.03230 0.78470
vn 0.07690 0.05890 0.99530
vn 0.03810 0.00660 0.99930
vn 0.04920 0.04220 0.99790
vn 0.09190 0.08730 0.99190
vn 0.03710 -0.00240 0.99930
vn 0.04980 0.10450 0.99330
vn 0.04010 0.11570 0.99250
vn 0.06420 0.11550 0.99120
vn -0.04020 -0.69030 0.72240
vn 0.99940 -0.01370 -0.03270
vn 0.70430 -0.00370 0.70990
vn -0.02050 -0.99890 -0.04120
vn 0.00130 -0.02500 -0.99970
vn 0.00170 -0.02500 -0.99970
vn -0.03800 -0.07360 -0.99660
vn -0.01340 -0.08480 -0.99630
vn -0.04740 -0.99890 -0.00040
vn 0.00380 -0.12090 -0.99270
vn 0.02710 -0.10930 -0.99360
vn -0.05250 -0.74440 -0.66560
vn -0.03190 -0.74930 -0.66150
vn -0.02660 -0.82900 -0.55860
vn -0.02650 -0.00870 -0.99960
vn -0.17280 -0.57680 -0.79840
vn 0.01690 -0.10070 -0.99480
vn 0.00160 -0.05510 -0.99850
vn -0.70670 -0.07900 -0.70310
vn -0.65830 -0.75270 -0.01310
vn -0.89390 0.11230 -0.43400
vn -0.75050 -0.03120 -0.66010
vn -0.97350 0.01180 -0.22850
vn -0.99640 0.06650 -0.05180
vn -0.99890 0.04560 0.00460
vn -0.99750 0.06960 0.01400
vn -0.99790 0.06430 0.01210
vn -0.98710 -0.15990 0.00540
vn -0.98810 -0.15390 0.00290
vn -0.99660 -0.08170 0.00410
vn -0.99850 0.05470 0.00290
vn -0.99970 0.02300 -0.01170
vn -0.95480 0.02530 0.29610
vn 0.97360 -0.09700 0.20680
vn 0.99120 -0.05130 0.12210
vn 0.97360 -0.09700 0.20670
vn 0.92030 -0.17480 0.35000
vn 0.09220 -0.12810 0.98750
vn 0.03090 -0.18510 0.98220
vn 0.48750 -0.21460 0.84630
vn -0.02090 -0.84920 0.52770
vn 0.00480 -0.10940 0.99400
vn -0.05490 -0.87870 0.47420
vn -0.05490 -0.87870 0.47410
vn -0.05900 -0.81680 0.57390
vn 0.04190 0.07270 0.99650
vn 0.15180 0.17000 0.97370
vn 0.04440 0.05470 0.99750
vn -0.05430 -0.01760 -0.99840
vn 0.02450 -0.01310 0.99960
vn 0.00160 -0.01290 0.99990
vn -0.04660 -0.95260 0.30070
vn -0.08190 -0.08840 0.99270
vn -0.04200 -0.19640 0.97960
vn -0.08020 -0.99640 0.02830
vn -0.10020 -0.08590 0.99130
vn -0.17990 -0.10480 0.97810
vn -0.63730 -0.19970 0.74430
vn -0.73160 0.09620 0.67490
vn -0.99680 0.07800 0.02010
vn -0.99850 0.05270 0.01470
vn -0.99800 0.05990 0.01950
vn -0.98800 -0.14600 0.05040
vn -0.99380 -0.11150 -0.00210
vn -0.97450 -0.22350 -0.01810
vn -0.99790 -0.02140 0.06180
vn -0.98380 -0.05050 0.17190
vn -0.99620 -0.00400 0.08740
vn -0.08840 -0.10970 -0.99000
vn -0.06680 -0.13450 -0.98870
vn -0.07910 -0.00920 -0.99680
vn -0.10880 -0.39200 -0.91350
vn -0.04300 0.05430 -0.99760
vn -0.09450 0.08850 -0.99160
vn -0.08690 0.40860 -0.90860
vn -0.03940 -0.99570 -0.08380
vn -0.01000 -0.97750 -0.21050
vn -0.15100 -0.05540 -0.98700
vn -0.34700 0.54970 -0.75980
vn -0.09480 0.02030 -0.99530
vn -0.20920 0.09560 -0.97320
vn -0.17910 -0.13120 -0.97500
vn -0.07190 -0.99550 0.06160
vn -0.32220 -0.13590 -0.93690
vn 0.00720 -0.12260 -0.99240
vn -0.92020 0.04060 -0.38930
vn -0.88610 0.01180 -0.46340
vn -0.83350 -0.02380 -0.55200
vn -0.95010 0.05120 -0.30780
vn -0.92490 0.00010 -0.38010
vn -0.89460 -0.12830 -0.42800
vn -0.89660 -0.02040 -0.44230
vn 0.98870 -0.12200 -0.08690
vn 0.99360 -0.04550 -0.10300
vn 0.99420 -0.05630 -0.09180
vn 0.97000 -0.23350 -0.06710
vn 0.94140 -0.33560 -0.03300
vn 0.93870 -0.34370 -0.02760
vn -0.94600 0.08370 -0.31310
vn -0.66250 0.04620 -0.74760
vn 0.92980 -0.36770 -0.01500
vn 0.19850 -0.23980 -0.95030
vn 0.70460 -0.29610 -0.64480
vn 0.07200 0.10890 -0.99140
vn -0.06420 -0.18230 0.98110
vn -0.07550 -0.43530 0.89710
vn -0.11080 -0.40270 0.90860
vn -0.09770 -0.07510 0.99240
vn -0.06690 0.04590 0.99670
vn -0.05710 -0.95480 0.29170
vn -0.06240 -0.94060 0.33360
vn -0.02230 -0.99940 0.02770
vn -0.12720 0.03250 0.99130
vn -0.16320 -0.07440 0.98380
vn -0.20950 -0.02380 0.97750
vn -0.75840 -0.20670 0.61820
vn -0.62510 -0.54100 0.56270
vn -0.76830 -0.16150 0.61940
vn -0.34710 -0.93750 0.02440
vn 0.98430 -0.12110 0.12810
vn 0.98440 -0.17020 0.04420
vn 0.93100 0.02760 0.36410
vn 0.81420 -0.58050 0.00130
vn 0.42980 -0.62090 0.65560
vn -0.14630 0.13480 0.98000
vn -0.04120 -0.00490 0.99910
vn -0.01770 0.00020 0.99980
vn -0.06100 -0.00920 0.99810
vn -0.04320 -0.05980 -0.99730
vn -0.88920 0.06680 0.45260
vn -0.80320 0.06290 0.59240
vn -0.83080 0.06380 0.55290
vn -0.99380 0.09350 0.06000
vn -0.99410 0.09430 0.05410
vn -0.99330 0.09690 0.06260
vn -0.88090 0.06520 0.46880
vn -0.72010 0.03420 -0.69300
vn -0.78430 0.05490 -0.61800
vn -0.79700 0.04990 -0.60200
vn -0.99090 0.10390 0.08590
vn -0.99320 0.09790 0.06340
vn -0.63100 0.05220 0.77400
vn -0.55250 0.04270 -0.83240
vn -0.87770 0.06870 -0.47420
vn -0.90620 -0.00230 -0.42290
vn 0.14070 -0.12980 -0.98150
vn 0.24180 -0.13230 -0.96130
vn 0.34120 -0.18740 -0.92110
vn 0.08000 -0.87750 -0.47280
vn 0.03830 -0.94140 -0.33500
vn 0.07410 -0.86850 -0.49010
vn 0.11840 0.10440 -0.98750
vn -0.01940 -0.00770 -0.99980
vn 0.11940 0.10160 -0.98760
vn 0.03950 0.03340 -0.99870
vn 0.08290 -0.13680 -0.98710
vn -0.00240 -0.94540 -0.32600
vn 0.02630 -0.14720 -0.98880
vn -0.05730 -0.00370 -0.99840
vn -0.09470 -0.03560 -0.99490
vn -0.02560 -0.02620 -0.99930
vn 0.03240 -0.22240 -0.97440
vn 0.01570 0.00560 -0.99990
vn 0.00210 -0.19090 -0.98160
vn -0.01010 -0.93910 -0.34360
vn -0.02640 -0.34940 -0.93660
vn -0.03650 -0.17090 -0.98460
vn -0.02100 -0.08990 -0.99570
vn 0.18520 -0.48280 -0.85590
vn 0.20510 -0.39920 -0.89360
vn 0.09030 0.15610 -0.98360
vn 0.18780 -0.48090 -0.85640
vn -0.01290 -0.89040 -0.45510
vn -0.06620 -0.17780 -0.98180
vn 0.02700 -0.82420 -0.56560
vn -0.04640 -0.37860 -0.92440
vn -0.04880 0.18220 -0.98210
vn -0.06820 0.00030 -0.99770
vn -0.98810 -0.15190 -0.02530
vn 0.16560 0.04070 -0.98540
vn -0.11890 -0.99290 0.00560
vn 0.13060 -0.99070 0.03770
vn -0.10000 -0.99490 0.01050
vn -0.27850 -0.96030 -0.01570
vn -0.29200 -0.95560 -0.04040
vn 0.93350 -0.07430 -0.35080
vn 0.85670 -0.08030 -0.50950
vn 0.88430 -0.09610 -0.45700
vn 0.85100 -0.10780 -0.51400
vn 0.94030 -0.13560 -0.31230
vn -0.00920 -0.05380 -0.99850
vn -0.00910 -0.05380 -0.99850
vn 0.30140 -0.06530 -0.95130
vn -0.00890 -0.97760 -0.21010
vn 0.12650 -0.01900 0.99180
vn -0.03780 -0.05250 -0.99790
vn 0.99970 -0.00540 0.02380
vn 0.99970 0.00820 0.02210
vn 0.99670 0.00340 0.08150
vn 0.99580 -0.07590 0.05150
vn 0.92940 -0.06170 0.36390
vn 0.87640 -0.06550 -0.47720
vn 0.90300 -0.09890 -0.41800
vn 0.85190 -0.03880 -0.52230
vn 0.67450 -0.16570 0.71950
vn 0.76830 -0.07670 -0.63550
vn 0.54710 -0.15470 0.82270
vn 0.46970 -0.19040 0.86200
vn 0.46810 -0.12610 -0.87460
vn 0.04180 -0.11720 0.99220
vn -0.00850 -0.00320 1.00000
vn -0.01330 -0.19440 0.98080
vn 0.04340 -0.90750 0.41770
vn 0.06320 -0.89680 0.43790
vn 0.11700 -0.80120 0.58690
vn 0.00630 -0.94240 0.33450
vn 0.06950 -0.42580 0.90210
vn 0.05870 0.01370 0.99820
vn 0.05800 -0.12390 0.99060
vn 0.03210 -0.42620 0.90410
vn -0.03230 -0.03220 0.99900
vn -0.02850 -0.03450 0.99900
vn -0.05520 -0.00690 0.99850
vn -0.00510 -0.92770 0.37330
vn 0.03000 0.00410 0.99950
vn -0.00410 -0.13820 0.99040
vn -0.02750 -0.43700 0.89900
vn -0.02760 -0.43700 0.89900
vn -0.77420 -0.06210 0.62980
vn 0.03060 -0.96790 0.24930
vn 0.03050 -0.96790 0.24930
vn -0.00390 -0.95870 0.28440
vn 0.03480 -0.96890 0.24490
vn -0.03400 0.02650 0.99910
vn 0.03400 -0.04300 0.99850
vn 0.81440 -0.06490 0.57660
vn -0.04060 -0.45810 0.88800
vn -0.04360 0.04210 0.99820
vn -0.01130 -0.91970 0.39250
vn -0.05700 -0.42520 0.90330
vn -0.02380 -0.86780 0.49630
vn 0.05560 -0.02470 0.99810
vn 0.06400 -0.01820 0.99780
vn -0.05240 0.03780 0.99790
vn -0.02260 -0.86930 0.49380
vn 0.90400 -0.06150 -0.42320
vn -0.01060 0.02940 -0.99950
vn -0.00890 -0.02220 -0.99970
vn -0.01670 -0.02300 -0.99960
vn -0.03220 -0.15810 -0.98690
vn -0.09280 0.09940 -0.99070
vn -0.70460 0.23970 -0.66790
vn -0.53860 -0.03570 -0.84180
vn -0.51210 -0.09980 -0.85310
vn -0.26730 -0.04850 -0.96240
vn -0.52620 0.10820 -0.84350
vn -0.82670 0.10870 -0.55210
vn -0.87740 0.21310 -0.42980
vn -0.82670 0.10870 -0.55200
vn -0.79330 0.05640 -0.60620
vn 0.48410 -0.14040 -0.86370
vn -0.64660 0.46480 -0.60490
vn -0.99920 -0.03430 0.01930
vn -0.04690 0.29980 -0.95280
vn -0.09710 0.52570 -0.84510
vn -0.14610 0.85320 -0.50060
vn -0.12020 0.91280 -0.39030
vn -0.02370 0.89910 -0.43700
vn -0.21420 0.88330 -0.41700
vn -0.20860 0.89250 -0.40000
vn -0.02400 -0.99940 -0.02410
vn -0.33740 0.81110 -0.47780
vn -0.13590 0.15760 -0.97810
vn -0.17140 0.14310 -0.97480
vn -0.12090 -0.14020 -0.98270
vn -0.19350 0.94170 -0.27510
vn -0.19020 0.27190 -0.94330
vn -0.10330 -0.79610 -0.59630
vn -0.08020 -0.81970 -0.56720
vn -0.58650 0.48830 -0.64610
vn -0.33610 0.07150 -0.93910
vn -0.15370 0.96610 -0.20760
vn -0.81460 0.34480 -0.46650
vn -0.05930 0.55700 -0.82840
vn -0.24490 -0.60990 -0.75370
vn -0.78720 0.50230 -0.35770
vn -0.88630 0.43160 -0.16810
vn -0.85610 0.07980 -0.51060
vn -0.87740 0.04860 -0.47720
vn -0.08470 0.05260 -0.99500
vn -0.06760 -0.14750 -0.98680
vn -0.08470 0.05270 -0.99500
vn -0.09030 0.12680 -0.98780
vn -0.15670 0.85150 -0.50040
vn 0.60490 0.65160 0.45770
vn -0.12930 0.02700 -0.99120
vn -0.16960 0.03590 -0.98490
vn -0.16950 0.03590 -0.98490
vn -0.30500 0.06590 -0.95010
vn -0.80310 0.55740 -0.21070
vn -0.50340 -0.44280 -0.74200
vn -0.63210 0.76830 -0.10090
vn -0.69250 0.70710 -0.14270
vn -0.55000 0.83380 -0.04840
vn -0.77310 0.55340 -0.30990
vn -0.86210 0.17830 -0.47430
vn -0.82520 0.30740 -0.47390
vn -0.51250 -0.49400 -0.70240
vn -0.89770 -0.23150 -0.37480
vn -0.87980 0.07820 -0.46880
vn -0.18480 -0.98260 -0.01940
vn -0.99830 -0.03900 -0.04330
vn -0.90010 -0.43570 0.00720
vn -0.99500 -0.05200 -0.08500
vn -0.99760 0.01270 -0.06780
vn -0.09590 0.08290 -0.99190
vn -0.99870 -0.04690 0.01950
vn -0.99730 -0.04400 -0.05920
vn 0.84340 -0.07550 -0.53190
vn 0.85330 -0.07820 -0.51550
vn 0.94200 -0.07810 -0.32640
vn 0.77460 -0.07260 -0.62830
vn 0.80930 -0.06680 -0.58360
vn 0.01180 -0.01360 -0.99980
vn 0.01180 -0.01370 -0.99980
vn 0.00160 -0.05370 -0.99860
vn 0.09110 0.30080 -0.94930
vn 0.96630 -0.14410 -0.21330
vn 0.97650 -0.15900 -0.14560
vn 0.93020 -0.16490 -0.32780
vn 0.92210 0.04940 -0.38370
vn 0.72030 -0.15780 -0.67550
vn 0.98350 -0.06520 -0.16850
vn 0.98540 -0.04130 -0.16530
vn 0.98170 -0.02740 -0.18830
vn 0.92670 0.05410 -0.37190
vn 0.56150 -0.00630 -0.82740
vn 0.60610 -0.22500 -0.76290
vn 0.79220 0.42360 -0.43930
vn 0.79220 0.42370 -0.43930
vn 0.78780 0.44810 -0.42260
vn 0.28320 0.52930 -0.79980
vn 0.73460 0.03420 -0.67770
vn 0.57280 0.17110 -0.80160
vn 0.80320 0.24990 -0.54070
vn 0.59650 0.53910 -0.59460
vn 0.96740 -0.18430 0.17390
vn 0.36770 0.47420 -0.79990
vn 0.29460 0.94450 0.14540
vn 0.22150 0.92360 0.31280
vn 0.20250 0.91020 0.36120
vn -0.37180 0.92620 -0.06190
vn -0.37190 0.92620 -0.06200
vn -0.22920 0.96850 0.09750
vn 0.16170 -0.98600 -0.04070
vn 0.31100 -0.93290 -0.18170
vn 0.14770 -0.11260 -0.98260
vn 0.11210 -0.12200 -0.98620
vn -0.53900 0.79560 -0.27660
vn 0.28080 0.63540 -0.71930
vn 0.26120 0.53060 -0.80640
vn 0.15360 0.50290 -0.85060
vn 0.07450 0.94040 -0.33170
vn 0.11050 0.79170 -0.60080
vn 0.18210 0.89680 0.40320
vn 0.15520 -0.98730 -0.03470
vn 0.06190 -0.14950 -0.98680
vn 0.17800 0.88970 0.42040
vn 0.04180 0.95170 -0.30430
vn 0.02560 0.93230 -0.36090
vn -0.00440 -0.16650 -0.98600
vn 0.01460 0.90680 -0.42120
vn 0.05600 0.95070 -0.30500
vn 0.03650 0.50010 -0.86520
vn -0.07820 0.03490 -0.99630
vn 0.88790 -0.44920 -0.09930
vn 0.98380 -0.07330 -0.16380
vn 0.98130 -0.08470 -0.17270
vn 0.98650 -0.06030 0.15220
vn 0.97930 -0.07380 0.18830
vn 0.99570 -0.02520 0.08880
vn 0.77880 -0.02460 0.62680
vn 0.68770 -0.01760 0.72580
vn 0.69570 -0.04480 0.71690
vn 0.99660 0.05080 0.06460
vn 0.74510 -0.01760 0.66670
vn 0.99310 0.11640 0.01430
vn 0.99310 0.11630 0.01440
vn 0.99600 0.04720 0.07580
vn 0.98970 0.14270 -0.00930
vn 0.29440 -0.95540 -0.02440
vn 0.29450 -0.95530 -0.02440
vn 0.01460 -0.99660 -0.08130
vn 0.84100 -0.06420 0.53720
vn 0.80710 -0.01540 0.59020
vn 0.35730 -0.93390 -0.01060
vn 0.99370 -0.00740 -0.11180
vn 0.68770 -0.07150 0.72240
vn 0.82840 -0.17560 0.53190
vn 0.79270 -0.59640 -0.12620
vn 0.48920 -0.86660 0.09800
vn 0.67080 -0.04650 0.74020
vn 0.72870 -0.06270 0.68200
vn 0.63350 -0.08830 0.76870
vn 0.70950 -0.02960 0.70410
vn 0.59790 -0.55400 0.57930
vn -0.00390 -0.99960 -0.02780
vn 0.24190 -0.04160 0.96940
vn 0.13850 0.05140 0.98900
vn 0.24460 -0.04870 0.96840
vn 0.25650 0.21510 0.94230
vn 0.11490 0.03180 0.99290
vn 0.15330 0.05310 0.98680
vn 0.10530 0.06720 0.99220
vn 0.98770 -0.05360 0.14700
vn -0.00660 -1.00000 0.00040
vn -0.00790 -0.99990 0.00860
vn -0.00670 -0.99990 -0.01390
vn -0.01780 -0.98000 0.19810
vn 0.14190 -0.75300 0.64260
vn 0.04170 -0.79830 0.60080
vn -0.01950 -0.14430 0.98930
vn -0.00210 -0.62790 0.77830
vn -0.09630 0.10510 0.98980
vn -0.01440 0.05980 0.99810
vn 0.13160 -0.03160 0.99080
vn 0.01180 0.00270 0.99990
vn 0.18720 -0.10540 0.97660
vn -0.02420 0.02730 0.99930
vn -0.13550 0.09690 0.98600
vn -0.24400 0.06310 0.96770
vn -0.24980 0.12390 0.96030
vn -0.15940 0.04170 0.98630
vn -0.10490 -0.85510 0.50780
vn -0.15990 -0.84800 0.50540
vn -0.15990 -0.84790 0.50540
vn -0.18960 -0.13960 0.97190
vn -0.34570 0.13870 0.92800
vn -0.27690 0.03590 0.96020
vn -0.06160 -0.92670 0.37080
vn -0.73480 0.05080 0.67640
vn -0.33320 -0.80730 0.48700
vn -0.53180 -0.01370 0.84670
vn -0.89400 -0.23510 0.38130
vn -0.72490 0.06180 0.68610
vn -0.89960 -0.02050 0.43620
vn -0.80190 0.10880 0.58740
vn -0.62320 0.03670 0.78120
vn -0.62880 -0.06580 0.77480
vn -0.96180 -0.03250 0.27190
vn -0.99300 -0.07900 0.08770
vn -0.96920 0.00770 0.24600
vn -0.97670 0.07680 0.20030
vn -0.96240 0.02160 0.27070
vn -0.48690 -0.86770 0.10000
vn -0.99420 0.09420 0.05170
vn -0.99820 -0.05680 0.02130
vn -0.98400 -0.15860 0.08180
vn 0.98830 0.08880 0.12420
vn 0.87010 0.07540 0.48710
vn 0.86490 0.07510 0.49630
vn 0.74840 0.04690 -0.66160
vn 0.76940 0.04590 -0.63720
vn 0.82370 0.05550 -0.56430
vn 0.99450 0.09590 0.04240
vn 0.82680 0.07310 0.55770
vn 0.80860 0.05170 -0.58600
vn 0.99570 0.09030 0.02260
vn 0.70720 0.03580 -0.70610
vn 0.77120 0.03550 -0.63560
vn 0.99200 0.08580 0.09230
vn 0.04770 0.02130 0.99860
vn 0.13710 0.04900 0.98930
vn 0.06820 0.03160 0.99720
vn 0.01330 0.04660 0.99880
vn 0.12460 -0.01130 -0.99210
vn 0.06080 -0.06000 -0.99630
vn 0.05190 -0.08310 -0.99520
vn 0.07480 -0.02340 -0.99690
vn -0.06190 0.01490 0.99800
vn -0.07350 0.00820 0.99730
vn -0.19660 -0.24930 -0.94830
vn -0.21630 -0.29020 -0.93220
vn -0.07800 -0.08000 -0.99370
vn 0.03520 0.02570 -0.99900
vn 0.19120 0.17160 -0.96640
vn -0.14750 0.00700 0.98900
vn -0.08930 0.00660 0.99600
vn -0.53280 -0.01820 0.84600
vn -0.81300 -0.05350 -0.57980
vn -0.99520 -0.06050 -0.07700
vn -0.99840 -0.05280 -0.01830
vn -0.99750 -0.05150 -0.04890
vn -0.99870 -0.04850 0.01370
vn 0.99880 -0.04920 -0.00380
vn 0.10330 0.11170 -0.98840
vn -0.97550 -0.06100 0.21130
vn 0.01750 -0.04070 -0.99900
vn 0.01800 -0.15410 -0.98790
vn 0.03580 -0.05290 -0.99800
vn -0.10160 0.49970 -0.86020
vn -0.18560 0.47690 -0.85920
vn -0.15050 0.50830 -0.84790
vn 0.01730 -0.02210 -0.99960
vn 0.00840 -0.05480 -0.99850
vn -0.23300 0.47520 -0.84850
vn -0.27490 0.41640 -0.86660
vn -0.27560 0.38870 -0.87920
vn -0.80370 0.02720 -0.59440
vn -0.97970 -0.06310 -0.19010
vn -0.81140 0.09830 -0.57620
vn 0.01750 -0.15500 -0.98780
vn -0.43960 -0.17540 -0.88090
vn -0.81620 0.08600 -0.57130
vn -0.85150 0.17550 -0.49420
vn -0.98260 -0.06730 -0.17320
vn -0.38060 -0.92150 -0.07740
vn -0.86990 -0.04100 -0.49160
vn -0.99160 -0.09040 -0.09240
vn -0.99180 -0.08910 -0.09210
vn -0.01730 -0.99980 -0.00620
vn -0.04050 -0.99910 -0.01120
vn -0.05780 0.83880 -0.54130
vn -0.13100 0.50250 -0.85460
vn -0.08640 0.80160 -0.59160
vn -0.05070 0.95090 -0.30520
vn -0.25840 0.15180 -0.95400
vn -0.07290 -0.59410 -0.80110
vn -0.34490 -0.26020 -0.90190
vn -0.11400 0.85870 -0.49970
vn -0.04200 0.95060 -0.30770
vn -0.26990 0.01920 -0.96270
vn 0.07090 0.13130 -0.98880
vn -0.09210 0.98290 0.15970
vn 0.00750 0.15280 -0.98820
vn -0.68280 0.47480 -0.55520
vn -0.81450 0.12170 -0.56730
vn -0.89480 0.24180 -0.37530
vn -0.80190 0.41410 -0.43060
vn -0.33540 -0.07820 -0.93880
vn -0.59970 0.73260 -0.32190
vn -0.82780 0.02380 -0.56050
vn -0.96550 0.01420 -0.26020
vn -0.86890 0.39510 -0.29830
vn -0.97300 0.07350 -0.21890
vn -0.45970 0.25230 -0.85150
vn 0.18890 -0.90400 -0.38340
vn 0.04890 -0.85650 -0.51380
vn 0.18890 -0.90400 -0.38350
vn -0.98630 -0.02240 -0.16370
vn -0.40950 -0.90770 -0.09160
vn 0.36820 -0.91190 -0.18130
vn -0.90770 0.02600 -0.41880
vn 0.42210 -0.90610 -0.03040
vn 0.98210 0.11990 -0.14500
vn 0.97170 -0.02180 -0.23510
vn 0.98140 0.10850 -0.15810
vn 0.97690 0.18200 -0.11230
vn 0.58180 0.43360 -0.68810
vn 0.68110 0.60270 -0.41580
vn 0.69210 0.59740 -0.40510
vn 0.94440 -0.04510 -0.32560
vn 0.39570 0.75540 -0.52240
vn 0.81970 0.48430 -0.30600
vn 0.24300 0.57420 -0.78180
vn 0.35190 -0.01700 -0.93590
vn 0.22710 0.09060 -0.96970
vn 0.14000 -0.00830 -0.99010
vn 0.12130 0.91590 -0.38270
vn 0.10230 0.95860 -0.26580
vn 0.03660 -0.97160 -0.23360
vn 0.03660 -0.97160 -0.23370
vn 0.10270 0.95690 -0.27160
vn 0.11100 0.97630 0.18560
vn 0.10040 0.90590 -0.41140
vn 0.06710 0.51040 -0.85730
vn 0.07650 0.04310 -0.99610
vn 0.14630 0.48300 -0.86330
vn 0.03080 -0.99950 -0.00550
vn 0.14460 0.10990 -0.98340
vn 0.03940 -0.92470 -0.37860
vn 0.98870 0.14670 -0.03060
vn 0.83000 0.12670 -0.54320
vn 0.87510 0.11660 -0.46960
vn 0.93500 -0.33790 -0.10810
vn 0.69720 0.40500 -0.59160
vn 0.69780 0.33140 -0.63500
vn 0.66940 0.26560 -0.69380
vn 0.79550 0.12350 -0.59330
vn 0.70390 0.51710 -0.48690
vn 0.80830 0.09040 -0.58180
vn 0.64070 0.67320 -0.36930
vn 0.75470 0.14320 -0.64030
vn 0.16950 0.55930 -0.81140
vn 0.22800 0.06220 -0.97170
vn 0.35110 0.29330 -0.88920
vn 0.55150 -0.46440 -0.69290
vn 0.13790 0.41000 -0.90160
vn 0.03880 0.20410 -0.97820
vn 0.03930 0.20170 -0.97870
vn 0.18090 -0.03620 -0.98280
vn 0.19110 -0.02590 -0.98120
vn -0.03360 0.74330 -0.66810
vn 0.04080 0.86260 -0.50430
vn 0.10660 -0.30040 -0.94780
vn 0.03830 0.20700 -0.97760
vn 0.85590 0.11070 -0.50520
vn -0.04120 0.45470 0.88970
vn -0.11000 0.01100 0.99390
vn -0.18640 0.04900 0.98130
vn -0.15200 -0.00570 0.98840
vn -0.14660 -0.10790 0.98330
vn -0.15430 -0.01400 0.98790
vn -0.14360 -0.14030 0.97960
vn 0.01230 -0.99980 -0.01720
vn 0.01330 -0.99960 -0.02330
vn 0.00150 -1.00000 0.00860
vn -0.32370 0.37830 0.86720
vn -0.26030 0.17010 0.95040
vn -0.18950 -0.01570 0.98180
vn -0.02050 -0.99800 0.06060
vn -0.11180 -0.94330 0.31250
vn -0.12780 -0.94030 0.31540
vn -0.78950 -0.08350 0.60800
vn -0.80910 -0.06810 0.58370
vn -0.94550 -0.05030 0.32170
vn -0.73460 0.00240 0.67850
vn -0.80810 -0.03850 0.58780
vn -0.73460 0.00050 0.67850
vn -0.79220 -0.07210 0.60590
vn -0.96520 -0.07930 0.24930
vn -0.98070 0.13860 -0.13800
vn -0.95330 -0.18870 0.23580
vn -0.98640 -0.03110 -0.16150
vn -0.99870 -0.03730 -0.03490
vn -0.99610 -0.05100 -0.07250
vn 0.98760 -0.04830 0.14940
vn 0.99890 0.02870 0.03720
vn 0.99880 0.04800 0.00190
vn 0.98350 0.02360 0.17950
vn 0.99470 -0.03590 0.09620
vn 0.99960 -0.02090 -0.02060
vn 0.94900 0.05320 0.31090
vn 0.99700 -0.06270 -0.04470
vn 0.98820 0.15310 0.00400
vn 0.90060 -0.01690 0.43440
vn 0.77480 -0.38390 0.50240
vn 0.86640 0.04670 0.49720
vn -0.19120 -0.96550 -0.17670
vn -0.17790 -0.93250 -0.31420
vn -0.17790 -0.93250 -0.31430
vn 0.92220 0.15290 0.35510
vn 0.56240 -0.75960 0.32670
vn 0.83090 0.02960 0.55560
vn 0.29400 -0.26760 0.91760
vn 0.42550 -0.32930 0.84290
vn -0.14300 -0.81900 -0.55570
vn 0.55010 0.12260 0.82610
vn 0.36530 -0.00950 0.93080
vn 0.36010 0.04480 0.93180
vn 0.01850 -0.99970 0.01570
vn 0.00210 -0.99990 0.01390
vn 0.19190 -0.04840 0.98020
vn 0.16220 -0.03570 0.98610
vn 0.21150 -0.22710 0.95060
vn -0.00110 -0.99990 0.01360
vn 0.05090 -0.71660 0.69560
vn 0.00160 0.54580 0.83790
vn 0.05810 -0.12980 0.98980
usemtl Material
f 275/737/612 276/738/613 223/739/614
f 277/740/615 223/739/614 276/738/613
f 259/741/616 223/739/614 277/740/615
f 275/884/735 298/885/736 276/886/737
f 276/738/613 278/742/617 277/740/615
f 260/743/618 259/741/616 277/740/615
f 225/744/619 275/737/612 223/739/614
f 298/824/687 275/825/687 225/826/687
f 223/574/480 224/575/480 225/576/480
f 277/740/615 278/742/617 279/745/620
f 280/746/621 260/767/635 277/768/636
f 298/885/736 301/887/738 276/886/737
f 277/768/636 279/769/637 280/746/621
f 317/888/739 276/886/737 301/887/738
f 278/889/740 318/890/741 279/891/741
f 278/892/742 276/893/743 318/894/744
f 318/894/744 276/893/743 317/895/745
f 224/827/688 227/828/691 225/829/693
f 318/894/744 317/895/745 308/896/746
f 318/890/741 282/897/747 279/891/741
f 224/592/494 223/593/495 231/594/496
f 259/741/616 232/747/622 223/739/614
f 236/748/623 259/741/616 260/743/618
f 299/830/694 298/831/695 225/881/733
f 227/828/690 300/832/696 225/829/692
f 298/831/695 299/830/694 301/833/697
f 259/667/557 236/668/557 232/669/557
f 225/881/733 300/882/734 299/830/694
f 223/593/495 232/595/497 231/594/496
f 226/577/481 227/578/482 224/590/492
f 281/749/624 280/746/621 279/769/637
f 301/833/697 299/830/694 302/834/698
f 281/749/624 279/769/637 282/750/625
f 280/746/621 262/751/626 260/767/635
f 302/898/748 317/899/748 301/900/748
f 318/894/744 308/896/746 319/901/749
f 308/902/750 317/903/750 302/904/750
f 224/592/494 231/594/496 233/596/498
f 282/937/782 318/894/744 320/905/751
f 281/749/624 262/752/627 280/746/621
f 260/670/558 261/671/559 236/735/611
f 319/901/749 320/905/751 318/894/744
f 300/832/696 227/828/690 303/835/699
f 261/671/559 260/670/558 262/672/560
f 234/597/499 231/594/496 232/595/497
f 226/836/700 303/835/699 227/828/689
f 234/597/499 235/598/500 231/594/496
f 224/591/493 202/579/483 228/580/484
f 236/736/561 261/673/561 237/674/561
f 236/599/501 234/649/541 232/650/542
f 231/594/496 235/600/502 233/596/498
f 262/672/560 263/675/562 261/671/559
f 236/599/501 237/601/503 234/649/541
f 281/906/752 282/937/782 283/907/753
f 228/581/485 226/577/481 224/590/492
f 237/676/563 261/677/564 263/678/563
f 283/907/753 282/937/782 320/905/751
f 262/752/627 281/749/624 266/753/628
f 233/602/504 235/603/505 238/604/506
f 237/676/563 263/678/563 264/679/565
f 235/605/507 234/606/508 238/607/509
f 237/680/566 264/681/566 241/682/566
f 262/683/567 264/684/568 263/685/569
f 233/596/498 202/608/510 224/592/494
f 303/835/699 226/836/700 229/837/701
f 303/835/699 304/838/702 300/832/696
f 239/609/511 238/607/509 234/606/508
f 311/908/754 320/905/751 319/901/749
f 311/908/754 319/901/749 308/896/746
f 234/649/541 237/601/503 240/610/512
f 264/686/570 265/687/571 241/688/572
f 241/611/513 240/610/512 237/601/503
f 265/689/573 264/684/568 262/683/567
f 233/602/504 238/604/506 202/612/514
f 195/481/404 196/482/405 197/483/406
f 228/581/485 229/582/486 226/577/481
f 197/483/406 198/484/407 195/481/404
f 195/515/430 199/485/408 196/486/409
f 242/613/515 202/612/514 238/604/506
f 239/614/516 242/615/516 238/616/516
f 199/485/408 195/515/430 200/487/410
f 200/488/411 201/489/411 202/490/411
f 200/617/517 202/618/517 242/619/517
f 201/517/432 195/518/433 198/519/434
f 305/839/703 302/840/704 299/841/705
f 200/487/410 195/515/430 201/491/412
f 239/620/518 200/621/518 242/622/519
f 196/492/413 199/485/408 181/493/414
f 203/494/415 197/483/406 196/482/405
f 300/832/696 306/842/706 299/841/705
f 174/623/520 200/621/518 239/620/518
f 179/495/416 203/494/415 196/482/405
f 197/483/406 203/494/415 204/496/417
f 196/492/413 181/493/414 179/497/418
f 199/485/408 200/487/410 174/498/419
f 240/624/521 239/609/511 234/606/508
f 283/907/753 320/905/751 311/908/754
f 199/485/408 176/499/420 181/493/414
f 304/838/702 303/835/699 229/837/701
f 493/1749/1418 561/1750/1419 540/1751/1420
f 547/1676/1363 493/1677/1363 540/1678/1363
f 266/690/574 267/691/575 262/692/576
f 281/749/624 283/754/629 270/755/630
f 203/500/421 205/501/422 204/502/423
f 538/1752/1421 536/1753/1422 535/1754/1423
f 305/839/703 299/841/705 306/842/706
f 535/1641/1335 536/1642/1335 518/1643/1335
f 302/840/704 307/843/707 308/844/708
f 201/517/432 207/520/435 202/521/436
f 538/1752/1421 562/1755/1424 536/1753/1422
f 547/1756/1425 496/1757/1425 493/1793/1425
f 267/693/577 265/689/573 262/683/567
f 201/517/432 198/519/434 208/522/437
f 241/688/572 265/687/571 243/694/578
f 202/579/483 207/583/487 228/580/484
f 304/838/702 306/842/706 300/832/696
f 538/1758/1426 540/1751/1420 561/1750/1419
f 201/517/432 208/522/437 207/520/435
f 535/1644/1336 518/1645/1337 537/1646/1338
f 307/843/707 309/845/709 308/844/708
f 537/1646/1338 538/1647/1339 535/1644/1336
f 547/1711/1388 495/1679/1364 496/1680/1365
f 538/1681/1366 537/1682/1366 540/1712/1366
f 563/1759/1427 561/1750/1419 493/1749/1418
f 538/1760/1428 561/1761/1428 564/1762/1428
f 203/500/421 206/503/424 205/501/422
f 204/502/423 205/501/422 187/504/425
f 198/523/438 197/524/439 209/525/440
f 270/756/631 283/770/631 271/757/631
f 204/526/441 209/525/440 197/524/439
f 283/907/753 311/908/754 310/909/755
f 493/1749/1418 494/1763/1429 563/1759/1427
f 561/1764/1430 563/1765/1431 564/1766/1432
f 206/505/426 187/504/425 205/501/422
f 540/1683/1367 548/1684/1368 547/1685/1369
f 199/485/408 174/498/419 176/499/420
f 495/1679/1364 547/1711/1388 549/1686/1370
f 229/582/486 228/581/485 216/584/488
f 243/695/579 265/696/580 268/697/579
f 270/755/630 266/753/628 281/749/624
f 562/1755/1424 538/1752/1421 564/1767/1433
f 544/1687/1371 548/1684/1368 540/1683/1367
f 537/1648/1340 539/1649/1341 540/1650/1342
f 203/506/427 178/507/427 206/508/427
f 198/519/434 210/527/442 208/522/437
f 178/509/428 203/510/428 179/511/428
f 179/512/429 181/513/429 177/514/429
f 550/1688/1372 549/1686/1370 547/1711/1388
f 241/625/522 243/626/522 240/627/522
f 207/583/487 213/585/489 228/580/484
f 518/1645/1337 541/1651/1343 537/1646/1338
f 556/1768/1434 536/1769/1434 562/1770/1434
f 228/580/484 213/585/489 216/586/490
f 308/896/746 309/910/756 311/908/754
f 544/1687/1371 540/1683/1367 539/1689/1373
f 494/1763/1429 497/1771/1435 563/1759/1427
f 493/1517/1240 408/1518/1241 494/1519/1242
f 243/695/579 268/697/579 245/698/581
f 174/435/372 175/436/372 176/437/372
f 209/525/440 204/526/441 211/528/443
f 565/1772/1436 563/1773/1437 497/1774/1436
f 563/1765/1431 565/1775/1438 564/1766/1432
f 267/699/582 269/700/582 265/701/582
f 229/771/638 216/772/639 287/773/640
f 539/1649/1341 537/1648/1340 542/1652/1344
f 564/1776/1439 565/1777/1440 562/1778/1441
f 239/609/511 240/624/521 244/628/523
f 271/911/757 283/907/753 310/909/755
f 248/702/583 245/703/584 268/704/585
f 177/438/373 178/439/374 179/440/375
f 495/1520/1243 407/1521/1244 496/1522/1245
f 302/840/704 305/839/703 307/843/707
f 187/504/425 206/505/426 178/516/431
f 539/1674/1345 543/1653/1345 544/1654/1345
f 497/1523/1247 494/1519/1242 408/1518/1241
f 266/690/574 270/705/586 267/691/575
f 243/629/524 245/630/524 246/631/524
f 498/1690/1374 495/1679/1364 549/1686/1370
f 496/1522/1246 286/1524/1249 493/1517/1240
f 216/706/587 230/707/588 271/708/589
f 208/522/437 210/527/442 212/529/444
f 265/709/590 269/710/591 268/711/592
f 174/651/543 239/632/525 244/633/526
f 246/634/527 240/635/527 243/636/528
f 495/1520/1243 498/1525/1250 407/1521/1244
f 496/1522/1245 407/1521/1244 286/1524/1248
f 229/846/710 287/847/710 304/848/710
f 211/530/445 204/531/446 187/532/445
f 310/849/711 311/850/711 309/851/711
f 240/635/527 246/634/527 244/637/529
f 284/758/632 216/759/632 271/760/632
f 230/587/491 216/588/491 215/589/491
f 207/533/447 208/522/437 212/529/444
f 536/1779/1442 556/1780/1443 518/1781/1443
f 508/1691/1375 549/1692/1376 550/1693/1377
f 547/1694/1378 548/1695/1378 550/1696/1378
f 198/519/434 209/534/448 210/527/442
f 288/774/641 216/772/639 284/775/642
f 284/912/758 271/913/759 321/914/759
f 545/1655/1346 542/1652/1344 537/1648/1340
f 268/704/585 272/712/593 248/702/583
f 537/1648/1340 541/1656/1347 546/1657/1348
f 288/774/641 287/773/640 216/772/639
f 273/713/594 270/714/595 271/715/596
f 176/441/376 180/442/376 181/443/376
f 306/852/712 304/853/712 287/854/712
f 213/535/449 207/533/447 212/529/444
f 284/776/643 285/777/644 288/778/645
f 285/777/644 287/779/646 288/778/645
f 407/1521/1244 498/1525/1250 387/1526/1251
f 285/915/760 284/916/761 286/917/762
f 286/917/762 284/916/761 321/918/763
f 269/710/591 272/716/597 268/711/592
f 321/914/759 271/913/759 322/919/764
f 322/920/765 271/921/766 323/922/767
f 247/638/530 246/639/531 245/640/532
f 271/708/589 230/707/588 273/717/598
f 322/938/783 286/917/762 321/918/763
f 306/855/713 289/856/714 312/857/715
f 312/858/716 305/859/717 306/860/718
f 286/1186/978 323/1187/979 406/1188/980
f 307/861/719 305/859/717 313/862/720
f 306/855/713 287/863/721 289/856/714
f 287/779/646 285/777/644 289/780/647
f 312/858/716 313/862/720 305/859/717
f 322/1189/981 323/1187/979 286/1186/978
f 324/923/768 271/921/766 310/924/769
f 323/922/767 271/921/766 324/923/768
f 493/1517/1240 286/1524/1249 406/1527/1252
f 307/864/722 310/865/722 309/866/722
f 323/1187/979 324/1190/982 406/1188/980
f 245/640/532 248/641/533 247/638/530
f 541/1656/1347 527/1658/1349 546/1657/1348
f 180/444/377 176/445/378 182/446/379
f 183/447/380 181/448/380 180/449/380
f 183/450/381 177/451/381 181/452/381
f 270/714/595 273/713/594 267/718/599
f 385/1191/983 274/1192/984 286/1239/1027
f 175/476/382 184/453/382 176/454/382
f 182/446/379 176/445/378 184/455/383
f 210/536/450 209/537/451 214/538/452
f 289/780/647 285/777/644 290/781/648
f 274/761/633 285/762/633 286/763/633
f 565/1777/1440 552/1782/1444 562/1778/1441
f 493/1517/1240 406/1527/1252 408/1518/1241
f 314/867/723 307/861/719 313/862/720
f 246/639/531 175/642/534 244/633/526
f 552/1782/1444 556/1783/1445 562/1778/1441
f 215/539/453 216/540/453 213/541/453
f 315/868/724 313/862/720 312/858/716
f 247/638/530 175/642/534 246/639/531
f 174/651/543 244/633/526 175/642/534
f 310/869/725 307/861/719 314/867/723
f 316/925/770 324/939/784 310/926/771
f 385/1191/983 286/1239/1027 407/1193/985
f 230/707/588 218/719/600 273/717/598
f 324/1190/982 408/1194/986 406/1188/980
f 177/438/373 185/456/384 178/439/374
f 313/862/720 315/868/724 314/867/723
f 310/926/771 314/927/772 316/925/770
f 253/764/634 285/765/634 274/766/634
f 215/720/601 218/719/600 230/707/588
f 549/1692/1376 508/1691/1375 501/1697/1379
f 497/1528/1253 408/1529/1254 412/1530/1255
f 542/1652/1344 545/1655/1346 521/1659/1350
f 213/535/449 212/529/444 215/542/454
f 210/536/450 214/538/452 217/543/455
f 186/457/385 187/458/386 185/456/384
f 407/1193/985 387/1195/987 385/1191/983
f 247/638/530 184/643/535 175/642/534
f 539/1660/1351 542/1652/1344 521/1659/1350
f 565/1772/1436 497/1774/1436 551/1784/1446
f 324/1190/982 325/1196/988 408/1194/986
f 273/721/602 269/722/602 267/723/602
f 408/1194/986 325/1196/988 409/1197/989
f 291/782/649 285/783/650 253/784/652
f 325/928/773 324/939/784 316/925/770
f 272/716/597 269/710/591 273/724/603
f 529/1698/1380 548/1699/1380 544/1700/1381
f 285/783/650 292/785/653 290/786/654
f 285/783/650 291/782/649 292/785/653
f 251/725/604 253/726/604 274/727/604
f 291/782/649 253/784/651 255/787/655
f 546/1657/1348 545/1655/1346 537/1648/1340
f 101/870/726 314/871/726 315/872/727
f 251/1198/990 274/1199/990 385/1200/990
f 185/456/384 187/458/386 178/439/374
f 212/529/444 218/544/456 215/542/454
f 272/716/597 273/724/603 218/728/605
f 520/1661/1352 541/1662/1353 518/1675/1362
f 412/1530/1255 415/1531/1256 497/1528/1253
f 498/1701/1382 549/1692/1376 502/1702/1383
f 186/545/457 190/546/457 211/547/457
f 521/1659/1350 528/1663/1354 539/1660/1351
f 529/1664/1355 544/1665/1355 530/1666/1355
f 384/1127/927 251/1128/928 385/1129/929
f 188/459/387 182/460/388 184/477/401
f 190/548/458 214/538/452 209/537/451
f 210/536/450 217/543/455 212/549/459
f 556/1780/1443 519/1785/1447 518/1781/1443
f 209/537/451 211/550/460 190/548/458
f 314/871/726 101/870/726 103/873/728
f 316/874/729 314/875/729 103/876/729
f 388/1532/1257 498/1533/1258 390/1534/1259
f 211/530/445 187/532/445 186/551/461
f 186/461/389 189/462/390 190/463/391
f 250/729/606 248/702/583 272/712/593
f 498/1533/1258 388/1532/1257 387/1535/1260
f 410/1201/991 409/1202/992 325/1203/993
f 218/730/607 221/731/608 272/732/608
f 251/652/544 252/653/545 253/654/546
f 180/464/392 182/465/392 183/466/392
f 544/1667/1356 539/1660/1351 528/1663/1354
f 506/1703/1384 501/1697/1379 508/1691/1375
f 250/733/609 272/732/608 221/731/608
f 248/644/536 249/645/537 247/638/530
f 385/1130/930 386/1131/931 384/1132/932
f 518/1589/1302 519/1590/1303 520/1591/1303
f 292/788/656 293/789/657 290/790/658
f 255/787/655 292/785/653 291/782/649
f 177/467/393 183/468/394 189/469/395
f 177/438/373 189/478/402 185/456/384
f 411/1204/994 408/1205/995 409/1206/996
f 522/1668/1357 545/1655/1346 546/1657/1348
f 312/857/715 101/877/730 315/878/731
f 186/461/389 185/479/403 189/462/390
f 217/543/455 214/538/452 219/552/462
f 248/702/583 250/729/606 249/734/610
f 218/553/463 212/549/459 220/554/464
f 521/1659/1350 545/1655/1346 522/1668/1357
f 220/554/464 212/549/459 217/543/455
f 528/1669/1359 530/1670/1359 544/1671/1359
f 249/645/537 250/646/538 222/647/539
f 222/647/539 247/638/530 249/645/537
f 312/857/715 289/856/714 101/877/730
f 189/462/390 191/470/396 190/463/391
f 387/1133/933 388/1134/934 385/1135/935
f 411/1204/994 412/1207/997 408/1205/995
f 221/648/540 222/647/539 250/646/538
f 189/469/395 183/468/394 192/471/397
f 214/555/465 190/556/466 191/557/467
f 192/558/468 219/559/468 214/560/468
f 290/791/659 293/792/660 289/822/686
f 388/1134/934 386/1136/936 385/1135/935
f 183/468/394 182/460/388 188/459/387
f 191/557/467 192/561/469 214/555/465
f 221/562/470 193/563/471 222/564/472
f 509/1704/1385 550/1705/1385 548/1706/1385
f 222/647/539 184/643/535 247/638/530
f 191/472/398 189/469/395 192/471/397
f 220/554/464 217/543/455 194/565/473
f 325/929/774 316/930/775 112/931/776
f 325/1203/993 326/1208/998 410/1201/991
f 220/554/464 221/566/474 218/553/463
f 193/473/399 188/459/387 184/477/401
f 217/543/455 219/552/462 194/565/473
f 499/1536/1261 497/1528/1253 415/1531/1256
f 326/932/777 325/929/774 112/931/776
f 411/1209/999 409/1202/992 410/1201/991
f 565/1786/1448 551/1787/1448 553/1788/1448
f 193/563/471 220/572/478 194/573/479
f 221/562/470 220/572/478 193/563/471
f 222/564/472 193/563/471 184/567/475
f 251/1128/928 384/1127/927 252/1137/937
f 520/1661/1352 527/1672/1360 541/1662/1353
f 509/1707/1386 508/1708/1386 550/1709/1386
f 193/563/471 194/573/479 188/568/476
f 183/468/394 188/459/387 192/471/397
f 499/1536/1261 500/1537/1262 497/1528/1253
f 497/1713/1389 500/1714/1389 551/1715/1389
f 552/1789/1449 565/1790/1449 553/1791/1449
f 219/569/477 192/570/477 194/571/477
f 194/474/400 192/475/400 188/480/400
f 522/1668/1358 527/1658/1349 526/1673/1361
f 316/930/775 103/933/778 112/931/776
f 289/822/686 293/792/660 108/793/661
f 529/1698/1380 509/1710/1387 548/1699/1380
f 502/1702/1383 549/1692/1376 501/1697/1379
f 108/793/661 101/794/662 289/822/686
f 19/20/22 20/21/23 21/22/24
f 22/23/25 20/21/23 19/20/22
f 23/24/26 21/22/24 20/21/23
f 21/795/663 294/796/664 19/797/665
f 22/23/25 24/25/27 20/21/23
f 108/793/661 293/792/660 105/798/666
f 23/24/26 20/21/23 25/26/28
f 23/24/26 26/27/29 21/22/24
f 294/796/664 21/795/663 26/799/667
f 521/1592/1304 522/1593/1305 523/1594/1306
f 501/1560/1279 506/1561/1280 507/1562/1281
f 22/23/25 27/28/30 24/25/27
f 28/29/31 27/28/30 22/23/25
f 26/190/185 23/191/185 33/192/185
f 326/1208/998 413/1210/1000 410/1201/991
f 24/25/27 25/26/28 20/21/23
f 522/1668/1358 546/1657/1348 527/1658/1349
f 552/1716/1390 553/1717/1391 554/1718/1392
f 22/23/25 19/20/22 28/29/31
f 554/1792/1450 556/1783/1445 552/1782/1444
f 254/655/547 253/654/546 252/653/545
f 255/787/655 295/800/668 292/785/653
f 29/30/32 25/26/28 24/25/27
f 384/1132/932 386/1131/931 389/1138/938
f 101/193/186 102/194/187 103/195/188
f 50/64/66 23/65/67 25/66/69
f 524/1595/1307 521/1592/1304 523/1594/1306
f 19/20/22 30/31/33 28/29/31
f 24/25/27 31/32/34 29/30/32
f 30/801/669 19/797/665 294/796/664
f 293/792/660 296/802/670 105/798/666
f 24/25/27 27/28/30 31/32/34
f 391/1538/1263 390/1534/1259 498/1533/1258
f 508/1563/1282 509/1564/1283 506/1565/1284
f 523/1594/1306 522/1593/1305 525/1596/1308
f 252/1137/937 384/1127/927 389/1139/939
f 254/655/547 255/656/548 253/654/546
f 501/1539/1264 400/1540/1265 502/1541/1266
f 555/1719/1393 553/1720/1394 551/1721/1393
f 551/1721/1393 500/1722/1395 555/1719/1393
f 32/33/35 33/34/35 23/42/35
f 390/1140/940 391/1141/941 392/1142/942
f 32/67/70 23/65/67 50/64/66
f 413/1210/1000 411/1209/999 410/1201/991
f 526/1597/1309 527/1598/1309 520/1599/1309
f 29/30/32 31/32/34 34/35/36
f 524/1600/1310 528/1601/1310 521/1602/1310
f 391/1558/1277 498/1542/1267 502/1541/1266
f 256/1143/943 252/1137/937 389/1139/939
f 519/1723/1396 556/1724/1397 557/1725/1398
f 102/194/187 101/193/186 104/196/189
f 33/197/190 105/198/191 26/199/192
f 502/1541/1266 400/1540/1265 391/1558/1277
f 326/1208/998 159/1211/1001 413/1210/1000
f 25/66/68 29/68/71 51/69/72
f 412/1212/1002 414/1213/1003 415/1214/1004
f 28/29/31 35/36/37 27/28/30
f 33/231/219 32/200/193 106/201/194
f 418/1543/1268 500/1537/1262 499/1536/1261
f 388/1134/934 392/1142/942 393/1144/944
f 112/931/776 159/934/779 326/932/777
f 107/202/195 101/203/196 108/204/197
f 294/796/664 26/803/671 58/804/672
f 293/789/657 292/788/656 297/805/673
f 1/806/674 30/801/669 294/796/664
f 1/37/38 28/29/31 30/31/33
f 32/67/70 50/64/66 52/70/73
f 103/883/732 102/879/732 112/880/732
f 512/1603/1311 529/1604/1311 530/1605/1311
f 390/1140/940 392/1142/942 388/1134/934
f 252/653/545 256/657/549 254/655/547
f 104/196/189 101/193/186 107/205/198
f 26/206/199 105/207/199 58/208/199
f 6/38/40 35/36/37 28/29/31
f 8/39/41 27/28/30 35/36/37
f 4/40/42 28/29/31 1/37/38
f 58/804/672 1/806/674 294/796/664
f 297/807/675 292/785/653 295/800/668
f 25/66/68 51/69/72 50/64/66
f 104/209/200 109/210/201 102/211/202
f 297/805/673 296/808/676 293/789/657
f 52/212/203 106/201/194 32/200/193
f 411/1204/994 416/1215/1005 412/1207/997
f 8/39/41 31/32/34 27/28/30
f 108/204/197 105/232/220 110/213/204
f 102/211/202 111/214/205 112/215/206
f 33/197/190 110/216/207 105/198/191
f 6/38/40 28/29/31 4/40/42
f 523/1594/1306 531/1606/1312 524/1595/1307
f 501/1560/1279 510/1566/1285 400/1567/1286
f 526/1607/1313 525/1596/1308 522/1593/1305
f 34/35/36 31/32/34 8/39/41
f 51/69/72 53/71/74 50/64/66
f 528/1608/1314 524/1609/1314 531/1610/1314
f 112/931/776 158/935/780 159/934/779
f 108/204/197 110/213/204 107/202/195
f 553/1717/1391 558/1726/1399 559/1727/1400
f 105/798/666 296/802/670 58/809/677
f 295/800/668 255/787/655 254/810/678
f 530/1611/1315 528/1612/1315 512/1613/1315
f 29/68/71 34/72/75 51/69/72
f 393/1144/944 386/1136/936 388/1134/934
f 102/211/202 109/210/201 111/214/205
f 512/1614/1316 509/1615/1316 529/1616/1316
f 523/1617/1317 525/1618/1318 532/1619/1319
f 60/811/679 296/812/680 297/813/679
f 411/1209/999 413/1210/1000 416/1216/1006
f 560/1728/1401 554/1718/1392 553/1717/1391
f 532/1619/1319 531/1620/1320 523/1617/1317
f 520/1621/1321 525/1596/1308 526/1607/1313
f 501/1560/1279 507/1562/1281 510/1566/1285
f 257/658/550 254/655/547 256/657/549
f 33/197/190 106/201/194 110/216/207
f 107/217/208 94/218/208 104/219/208
f 107/220/209 97/221/210 94/222/210
f 53/71/74 54/73/76 50/64/66
f 511/1568/1287 506/1565/1284 509/1564/1283
f 512/1622/1322 528/1623/1322 531/1624/1322
f 557/1725/1398 556/1724/1397 554/1729/1402
f 559/1727/1400 560/1728/1401 553/1717/1391
f 54/73/76 52/70/73 50/64/66
f 55/74/77 51/69/72 34/72/75
f 109/210/201 104/209/200 94/233/221
f 560/1730/1403 557/1725/1398 554/1729/1402
f 520/1625/1323 533/1626/1324 525/1618/1318
f 256/1143/943 389/1139/939 394/1145/945
f 62/814/681 295/800/668 254/810/678
f 509/1564/1283 512/1569/1288 513/1570/1289
f 532/1619/1319 512/1627/1325 531/1620/1320
f 52/212/203 56/223/211 106/201/194
f 525/1618/1318 533/1626/1324 532/1619/1319
f 97/224/212 107/202/195 110/213/204
f 2/84/87 1/85/88 58/86/89
f 110/216/207 106/201/194 97/225/213
f 8/39/41 35/36/37 6/38/39
f 413/1210/1000 417/1217/1007 416/1216/1006
f 51/69/72 55/74/77 53/71/74
f 532/1619/1319 516/1628/1326 512/1627/1325
f 511/1571/1290 504/1572/1291 507/1573/1292
f 511/1568/1287 509/1564/1283 513/1570/1289
f 60/815/682 58/816/682 296/817/682
f 533/1626/1324 516/1628/1326 532/1619/1319
f 1/1/1 2/2/2 3/3/3
f 511/1574/1293 507/1562/1281 506/1561/1280
f 295/800/668 62/814/681 64/818/683
f 111/214/205 90/226/214 112/215/206
f 297/807/675 295/800/668 64/818/683
f 159/1211/1001 417/1217/1007 413/1210/1000
f 112/374/331 90/375/332 158/376/332
f 386/1131/931 393/1146/946 389/1138/938
f 512/1640/1327 514/1629/1327 513/1630/1327
f 4/4/4 5/5/5 6/6/6
f 64/819/684 60/811/679 297/813/679
f 56/223/211 93/227/215 106/201/194
f 414/1544/1269 499/1536/1261 415/1531/1256
f 93/227/215 97/225/213 106/201/194
f 558/1731/1404 553/1732/1404 555/1733/1404
f 256/657/549 258/659/551 257/658/550
f 512/1631/1328 516/1632/1329 517/1633/1330
f 3/3/3 4/4/4 1/1/1
f 534/1634/1331 516/1628/1326 533/1626/1324
f 3/3/3 5/5/5 4/4/4
f 62/660/552 254/665/552 257/666/552
f 560/1734/1405 559/1735/1406 557/1736/1407
f 520/1591/1303 519/1590/1303 533/1635/1332
f 52/70/73 54/73/76 56/75/78
f 512/1631/1328 517/1633/1330 514/1636/1333
f 418/1737/1408 503/1738/1409 500/1739/1410
f 499/1536/1261 414/1544/1269 418/1543/1268
f 510/1575/1294 507/1576/1294 504/1577/1294
f 514/1637/1334 517/1638/1334 515/1639/1334
f 503/1738/1409 555/1740/1411 500/1739/1410
f 513/1578/1295 514/1579/1296 515/1580/1297
f 55/74/77 34/72/75 36/76/79
f 559/1735/1406 558/1741/1412 557/1736/1407
f 515/1580/1297 511/1571/1290 513/1578/1295
f 394/1145/945 258/1147/947 256/1143/943
f 59/87/90 58/88/91 60/89/92
f 558/1741/1412 555/1740/1411 503/1738/1409
f 534/1742/1413 505/1743/1413 516/1744/1413
f 111/214/205 109/210/201 91/228/216
f 58/86/89 61/90/93 2/84/87
f 109/210/201 94/233/221 91/228/216
f 504/1572/1291 511/1571/1290 515/1580/1297
f 159/1211/1001 160/1218/1008 417/1217/1007
f 558/1741/1412 503/1738/1409 505/1745/1414
f 516/1581/1298 505/1582/1298 517/1583/1298
f 7/7/7 8/8/8 6/6/6
f 392/1160/960 400/1161/960 397/1162/960
f 534/1748/1417 533/1746/1415 519/1747/1416
f 558/1741/1412 505/1745/1414 534/1748/1417
f 519/1747/1416 557/1736/1407 558/1741/1412
f 400/1163/961 392/1164/961 391/1165/961
f 510/1584/1299 504/1585/1299 400/1586/1299
f 505/1587/1300 515/1580/1297 517/1588/1301
f 61/90/93 58/86/89 59/91/94
f 36/41/43 34/35/36 8/39/41
f 534/1748/1417 519/1747/1416 558/1741/1412
f 159/934/779 158/935/780 99/936/781
f 505/1587/1300 504/1572/1291 515/1580/1297
f 90/226/214 111/214/205 91/228/216
f 159/377/333 99/378/334 160/379/335
f 401/1545/1270 503/1546/1270 418/1547/1270
f 418/1219/1010 414/1220/1010 401/1221/1010
f 397/1548/1271 400/1549/1271 504/1550/1271
f 504/1551/1272 505/1552/1273 397/1553/1274
f 3/3/3 9/9/9 5/5/5
f 503/1559/1278 401/1554/1275 505/1552/1273
f 258/659/551 67/661/553 257/658/550
f 99/430/369 158/376/332 90/375/332
f 394/1145/945 395/1148/948 258/1147/947
f 62/92/95 63/93/96 64/94/97
f 10/95/98 3/96/99 2/97/100
f 64/98/101 59/87/90 60/89/92
f 62/823/685 257/820/685 63/821/685
f 61/90/93 10/95/98 2/97/100
f 53/71/74 57/77/80 54/73/76
f 257/658/550 67/661/553 63/662/554
f 397/1553/1274 505/1552/1273 401/1554/1275
f 394/1145/945 389/1139/939 396/1149/949
f 6/6/6 5/5/5 7/7/7
f 53/71/74 55/74/77 42/78/81
f 397/1150/950 398/1151/951 392/1142/942
f 94/233/221 92/229/217 91/228/216
f 392/1142/942 355/1152/952 393/1144/944
f 396/1149/949 395/1148/948 394/1145/945
f 397/1166/962 401/1167/963 402/1168/964
f 414/1222/1011 402/1223/1012 401/1224/1013
f 39/79/82 56/75/78 54/73/76
f 59/87/90 64/98/101 65/99/102
f 402/1168/964 403/1169/965 397/1166/962
f 397/1166/962 403/1169/965 399/1170/966
f 57/77/80 39/79/82 54/73/76
f 97/221/210 95/230/218 94/222/210
f 90/162/157 91/163/158 92/164/159
f 66/100/103 65/101/104 64/102/105
f 3/3/3 10/10/10 9/9/9
f 397/1150/950 399/1153/953 398/1151/951
f 63/93/96 66/103/106 64/94/97
f 53/71/74 42/78/81 57/80/83
f 56/75/78 39/79/82 38/81/84
f 403/1555/1276 402/1556/1276 459/1557/1276
f 93/165/160 56/166/161 38/167/162
f 392/1142/942 398/1151/951 355/1152/952
f 403/1171/967 404/1172/968 399/1173/969
f 456/1420/1158 403/1421/1159 459/1422/1158
f 160/379/335 99/378/334 161/380/336
f 473/1423/1160 459/1465/1196 402/1424/1161
f 36/43/44 8/44/45 14/45/46
f 37/82/85 55/74/77 36/76/79
f 7/7/7 5/5/5 9/9/9
f 92/164/159 94/168/163 95/169/164
f 55/74/77 37/82/85 42/78/81
f 399/1173/969 379/1174/970 398/1175/971
f 402/1223/1012 414/1222/1011 376/1225/1014
f 404/1172/968 379/1174/970 399/1173/969
f 456/1349/1100 404/1350/1101 403/1351/1102
f 417/1217/1007 419/1226/1015 416/1216/1006
f 93/170/165 96/171/166 97/172/167
f 11/11/11 8/8/8 7/7/7
f 459/1465/1196 473/1423/1160 474/1425/1162
f 414/1213/1003 412/1212/1002 371/1227/1016
f 420/1426/1163 473/1427/1164 402/1428/1165
f 459/1465/1196 474/1425/1162 475/1429/1166
f 473/1427/1164 420/1426/1163 474/1430/1167
f 63/93/96 67/104/107 68/105/108
f 393/1146/946 396/1154/954 389/1138/938
f 463/1431/1168 476/1432/1169 477/1433/1170
f 463/1431/1168 462/1434/1171 476/1432/1169
f 376/1228/1017 420/1229/1017 402/1230/1017
f 476/1435/1172 459/1436/1173 475/1437/1174
f 376/1438/1175 405/1439/1176 420/1426/1163
f 379/1352/1103 404/1350/1101 456/1349/1100
f 7/7/7 9/9/9 12/12/12
f 476/1435/1172 462/1440/1177 459/1436/1173
f 458/1441/1178 456/1420/1158 459/1422/1158
f 458/1358/1109 459/1359/1110 460/1360/1111
f 417/1217/1007 160/1218/1008 367/1231/1018
f 457/1353/1104 379/1352/1103 456/1349/1100
f 476/1442/1179 475/1443/1180 474/1430/1167
f 367/1231/1019 419/1226/1015 417/1217/1007
f 96/171/166 84/173/168 97/172/167
f 90/162/157 92/164/159 98/174/169
f 462/1466/1181 460/1444/1181 459/1467/1181
f 61/90/93 69/106/109 10/95/98
f 37/46/47 36/43/44 14/45/46
f 258/659/551 163/663/555 67/661/553
f 412/1207/997 416/1215/1005 371/1232/1020
f 96/171/166 93/165/160 38/167/162
f 379/1176/972 355/1177/973 398/1178/974
f 10/10/10 12/12/12 9/9/9
f 66/100/103 70/107/110 65/101/104
f 477/1445/1182 472/1446/1182 463/1447/1182
f 405/1439/1176 474/1430/1167 420/1426/1163
f 458/1418/1112 457/1361/1112 456/1362/1112
f 95/169/164 98/174/169 92/164/159
f 39/79/82 57/77/80 42/83/86
f 476/1442/1179 478/1448/1183 477/1449/1184
f 13/13/13 12/12/12 10/10/10
f 476/1442/1179 474/1430/1167 479/1450/1185
f 68/105/108 66/103/106 63/93/96
f 479/1450/1185 474/1430/1167 480/1451/1186
f 98/174/169 99/175/170 90/162/157
f 11/11/11 14/14/14 8/8/8
f 405/1439/1176 480/1451/1186 474/1430/1167
f 396/1149/949 353/1155/955 395/1148/948
f 395/1148/948 353/1155/955 258/1147/947
f 460/1360/1111 461/1363/1113 458/1358/1109
f 462/1364/1114 463/1365/1115 464/1366/1116
f 160/1218/1009 162/1233/1021 367/1231/1018
f 478/1452/1187 472/1453/1187 477/1454/1187
f 396/1154/954 393/1146/946 354/1156/956
f 84/176/171 95/177/172 97/178/173
f 460/1419/1157 462/1364/1114 465/1367/1117
f 10/95/98 69/106/109 13/108/111
f 68/105/108 70/109/112 66/103/106
f 457/1368/1118 458/1369/1118 421/1370/1118
f 457/1354/1105 383/1355/1106 379/1356/1107
f 416/1215/1005 419/1234/1022 371/1232/1020
f 160/379/335 161/380/336 162/381/337
f 354/1179/975 393/1180/975 357/1181/975
f 12/12/12 15/15/15 7/7/7
f 464/1366/1116 465/1367/1117 462/1364/1114
f 464/1455/1188 463/1456/1188 472/1457/1188
f 375/1182/976 405/1183/976 376/1184/976
f 371/1227/1016 376/1235/1023 414/1213/1003
f 460/1360/1111 431/1371/1119 461/1363/1113
f 164/664/556 163/663/555 258/659/551
f 38/47/48 39/48/49 40/49/50
f 353/1155/955 164/1157/957 258/1147/947
f 12/12/12 13/13/13 15/15/16
f 466/1372/1120 460/1373/1121 465/1374/1122
f 461/1375/1123 431/1376/1123 432/1377/1123
f 59/91/94 71/110/113 61/90/93
f 41/50/51 42/51/52 37/46/47
f 38/167/162 43/179/174 96/171/166
f 39/48/49 42/51/52 40/49/50
f 61/90/93 71/110/113 69/106/109
f 70/107/110 72/111/114 65/101/104
f 11/16/18 7/7/7 15/15/15
f 457/1354/1105 421/1357/1108 383/1355/1106
f 464/1366/1116 467/1378/1124 465/1367/1117
f 59/87/90 65/99/102 72/112/115
f 465/1367/1117 467/1378/1124 468/1379/1125
f 460/1373/1121 466/1372/1120 431/1380/1126
f 465/1367/1117 468/1379/1125 469/1381/1127
f 68/382/338 67/383/339 163/384/340
f 84/176/171 79/180/175 95/177/172
f 84/176/171 80/181/176 79/180/175
f 371/1227/1016 374/1236/1024 376/1235/1023
f 469/1382/1128 468/1383/1128 470/1384/1128
f 466/1385/1129 465/1367/1117 469/1381/1127
f 59/113/116 72/114/116 73/115/116
f 41/50/51 40/49/50 42/51/52
f 461/1386/1130 432/1387/1131 458/1388/1132
f 466/1389/1133 471/1390/1134 431/1391/1135
f 357/1158/958 393/1144/944 355/1152/952
f 41/50/51 37/46/47 14/45/46
f 479/1458/1189 480/1459/1190 481/1460/1191
f 419/1226/1015 367/1231/1019 369/1237/1025
f 43/52/53 38/47/48 40/49/50
f 464/1392/1136 438/1393/1136 467/1394/1137
f 438/1395/1138 468/1379/1125 467/1378/1124
f 71/110/113 59/91/94 73/116/117
f 478/1448/1183 476/1442/1179 479/1450/1185
f 15/15/15 16/17/19 11/16/18
f 43/179/174 84/173/168 96/171/166
f 371/1232/1020 419/1234/1022 369/1238/1026
f 72/117/118 70/118/118 73/119/118
f 438/1395/1138 442/1396/1139 468/1379/1125
f 466/1389/1133 469/1397/1140 471/1390/1134
f 17/120/119 13/108/111 69/106/109
f 470/1398/1141 468/1399/1142 442/1400/1143
f 163/384/340 113/385/341 68/382/338
f 482/1461/1192 481/1460/1191 480/1459/1190
f 98/174/169 95/169/164 100/182/177
f 84/173/168 43/179/174 83/183/178
f 374/1099/906 375/1100/906 376/1101/906
f 68/234/222 113/235/223 75/236/224
f 13/13/13 17/18/20 15/15/16
f 79/132/129 80/133/130 81/134/131
f 40/49/50 44/53/54 43/52/53
f 73/121/120 70/122/121 74/123/122
f 383/1240/1028 421/1241/1029 422/1242/1030
f 68/105/108 75/124/123 70/109/112
f 40/49/50 41/50/51 44/53/54
f 469/1401/1144 470/1398/1141 436/1402/1145
f 71/125/124 17/120/119 69/106/109
f 472/1468/1197 439/1469/1198 438/1470/1199
f 73/135/132 82/136/133 76/137/134
f 83/138/135 80/139/136 84/140/137
f 48/141/138 80/139/136 83/138/135
f 14/45/46 11/54/55 16/55/56
f 353/1155/955 396/1149/949 354/1159/959
f 367/1070/886 162/1071/887 165/1072/888
f 163/384/340 164/386/342 113/385/341
f 375/1462/1193 480/1459/1190 405/1463/1194
f 15/56/57 18/57/58 16/55/56
f 165/387/343 162/381/337 161/380/336
f 98/388/344 133/389/345 99/378/334
f 43/52/53 44/53/54 45/58/59
f 74/123/122 70/122/121 75/126/125
f 458/1388/1132 432/1387/1131 433/1403/1146
f 464/1392/1136 472/1404/1147 438/1393/1136
f 76/127/126 71/131/126 73/128/126
f 480/1459/1190 483/1464/1195 482/1461/1192
f 76/137/134 82/136/133 80/133/130
f 89/184/179 98/174/169 100/182/177
f 83/142/139 43/143/140 45/144/141
f 46/59/61 14/45/46 16/55/56
f 113/235/223 77/237/225 75/236/224
f 41/50/51 14/45/46 46/59/61
f 442/1396/1139 438/1395/1138 445/1405/1148
f 95/185/180 81/186/181 100/187/182
f 79/188/183 81/186/181 95/185/180
f 15/15/17 17/18/20 18/19/21
f 352/1023/850 353/1024/851 354/1025/852
f 76/145/142 48/141/138 71/146/143
f 484/1471/1200 439/1469/1198 472/1468/1197
f 367/1070/886 368/1073/889 369/1074/890
f 48/141/138 76/145/142 80/139/136
f 80/133/130 82/136/133 81/134/131
f 436/1402/1145 470/1398/1141 442/1400/1143
f 133/288/262 98/289/263 89/290/264
f 74/123/122 75/126/125 77/129/127
f 472/1472/1201 478/1473/1201 484/1474/1201
f 46/59/61 44/53/54 41/50/51
f 433/1403/1146 423/1406/1149 458/1388/1132
f 17/60/62 47/61/63 18/57/58
f 48/141/138 47/147/144 71/146/143
f 17/148/145 71/146/143 47/147/144
f 16/55/56 18/57/58 46/59/61
f 367/1070/886 165/1072/888 368/1073/889
f 82/136/133 73/135/132 74/149/146
f 469/1401/1144 429/1407/1150 471/1408/1151
f 164/1026/853 353/1024/851 352/1023/850
f 48/150/147 83/142/139 45/144/141
f 45/58/60 44/53/54 48/62/64
f 479/1475/1202 481/1476/1203 485/1477/1204
f 370/1075/891 371/1076/892 369/1077/891
f 89/189/184 100/187/182 81/186/181
f 486/1478/1205 481/1476/1203 482/1479/1206
f 81/134/131 82/136/133 85/151/148
f 458/1409/1152 423/1410/1152 421/1411/1152
f 99/378/334 133/389/345 161/380/336
f 44/53/54 46/59/61 49/63/65
f 48/62/64 44/53/54 49/63/65
f 49/63/65 18/57/58 47/61/63
f 46/59/61 18/57/58 49/63/65
f 479/1480/1207 484/1481/1208 478/1482/1209
f 47/160/149 48/161/149 49/152/149
f 355/1027/854 356/1028/855 357/1029/856
f 422/1242/1030 421/1241/1029 423/1243/1031
f 431/1412/1153 471/1408/1151 429/1407/1150
f 369/1077/891 372/1078/893 370/1075/891
f 483/1464/1195 480/1459/1190 375/1462/1193
f 435/1413/1154 469/1401/1144 436/1402/1145
f 358/1030/857 354/1031/858 357/1032/857
f 85/151/148 86/153/150 81/134/131
f 369/1074/890 368/1073/889 372/1079/894
f 479/1480/1207 485/1483/1210 484/1481/1208
f 358/1033/859 352/1023/850 354/1025/852
f 161/380/336 133/389/345 165/387/343
f 482/1479/1206 483/1484/1211 486/1478/1205
f 469/1401/1144 435/1413/1154 429/1407/1150
f 113/235/223 78/238/226 77/237/225
f 74/123/122 77/129/127 78/130/128
f 442/1400/1143 434/1414/1155 436/1402/1145
f 429/1263/1045 430/1264/1045 431/1265/1045
f 432/1266/1046 430/1297/1046 433/1267/1046
f 434/1268/1047 435/1269/1048 436/1270/1049
f 375/1485/1212 377/1486/1213 483/1484/1211
f 432/1415/1156 431/1416/1156 430/1417/1156
f 370/1102/907 374/1126/907 371/1103/908
f 485/1483/1210 487/1487/1214 484/1481/1208
f 85/151/148 82/136/133 74/149/146
f 485/1488/1215 488/1489/1216 487/1490/1217
f 383/1262/1032 378/1244/1032 379/1245/1032
f 429/1271/1050 435/1269/1048 437/1272/1051
f 167/1080/895 372/1079/894 368/1073/889
f 438/1273/1052 439/1274/1052 440/1275/1052
f 167/1080/895 368/1073/889 165/1072/888
f 485/1477/1204 481/1476/1203 488/1491/1218
f 434/1268/1047 441/1276/1053 435/1269/1048
f 359/1034/860 357/1029/856 356/1028/855
f 377/1486/1213 375/1485/1212 374/1492/1219
f 379/1176/972 360/1185/977 355/1177/973
f 113/385/341 164/386/342 166/390/346
f 356/1028/855 360/1035/861 359/1036/862
f 166/1037/863 164/1026/853 352/1023/850
f 422/1246/1033 424/1247/1034 383/1248/1035
f 352/1023/850 358/1033/859 166/1037/863
f 442/1277/1054 443/1278/1055 434/1279/1056
f 166/390/346 78/391/347 113/385/341
f 74/149/146 78/154/151 87/155/152
f 372/1079/894 167/1080/895 370/1081/896
f 74/149/146 87/155/152 85/151/148
f 360/1035/861 356/1028/855 355/1027/854
f 435/1269/1048 441/1276/1053 444/1280/1057
f 374/1126/907 370/1102/907 377/1104/909
f 361/1038/864 358/1030/857 357/1032/857
f 133/288/262 89/290/264 88/291/265
f 361/1039/865 166/1037/863 358/1033/859
f 88/156/153 89/157/154 81/158/155
f 86/292/266 85/293/267 134/294/268
f 133/389/345 167/392/348 165/387/343
f 488/1491/1218 481/1476/1203 486/1478/1205
f 437/1272/1051 435/1269/1048 444/1280/1057
f 442/1277/1054 445/1281/1058 443/1278/1055
f 88/156/153 81/158/155 86/159/156
f 361/1040/866 357/1041/866 359/1042/866
f 489/1493/1220 484/1481/1208 487/1487/1214
f 86/292/266 134/294/268 88/295/269
f 133/389/345 135/393/349 167/392/348
f 445/1282/1059 438/1283/1060 440/1284/1059
f 134/294/268 85/293/267 116/296/270
f 135/297/271 133/340/307 88/298/271
f 115/394/350 78/395/350 166/396/350
f 114/239/227 87/240/227 78/241/227
f 377/1486/1213 486/1478/1205 483/1484/1211
f 78/242/228 115/243/228 114/244/228
f 484/1471/1200 489/1494/1221 439/1469/1198
f 87/245/229 116/246/230 85/247/231
f 441/1276/1053 434/1268/1047 443/1285/1061
f 115/248/232 117/249/232 114/250/232
f 370/1082/897 342/1083/897 373/1084/898
f 429/1298/1071 437/1299/1072 450/1300/1073
f 135/297/271 88/298/271 136/299/272
f 359/1043/867 362/1044/868 361/1045/869
f 87/245/229 114/251/233 116/246/230
f 88/300/273 137/301/274 136/302/275
f 88/300/273 134/303/276 137/301/274
f 363/1046/870 362/1044/868 359/1043/867
f 117/397/351 115/398/351 168/399/351
f 169/400/352 167/401/352 135/402/352
f 138/304/277 135/305/277 136/306/277
f 429/1298/1071 450/1300/1073 430/1301/1074
f 378/1105/910 360/1106/910 379/1107/910
f 135/403/353 138/404/354 170/405/355
f 170/405/355 169/406/356 135/403/353
f 116/307/278 137/301/274 134/303/276
f 370/1108/911 373/1109/912 380/1110/913
f 116/252/234 114/253/234 118/254/234
f 138/308/279 136/309/280 137/310/279
f 137/310/279 122/311/281 138/308/279
f 116/312/282 122/313/282 137/314/282
f 370/1082/897 167/1085/899 342/1083/897
f 118/255/235 114/256/236 117/257/235
f 364/1047/871 115/1048/872 166/1049/873
f 446/1286/1062 443/1278/1055 445/1281/1058
f 118/258/237 119/259/237 116/260/237
f 362/1044/868 166/1049/873 361/1045/869
f 364/1047/871 166/1049/873 362/1044/868
f 170/405/355 138/404/354 140/407/357
f 362/1111/914 381/1112/915 365/1113/916
f 120/261/238 118/255/235 117/257/235
f 169/975/814 342/976/814 167/977/814
f 115/408/358 171/409/358 117/410/358
f 342/978/815 169/979/816 170/980/817
f 171/1050/874 115/1051/875 364/1052/876
f 380/1110/913 377/1114/917 370/1108/911
f 120/411/359 117/412/359 171/413/359
f 362/1053/877 171/1050/874 364/1052/876
f 433/1302/1075 430/1345/1075 451/1303/1075
f 373/1086/900 342/1087/900 365/1088/900
f 359/1115/918 360/1116/919 366/1117/920
f 437/1304/1076 444/1305/1076 449/1306/1076
f 422/1242/1030 423/1243/1031 425/1249/1036
f 171/1050/874 362/1053/877 329/1054/878
f 444/1280/1057 441/1276/1053 447/1287/1063
f 116/262/239 119/263/240 121/264/241
f 373/1118/921 365/1113/916 382/1119/922
f 344/1089/901 365/1090/902 342/1091/901
f 365/1055/879 329/1054/878 362/1053/877
f 342/978/815 170/980/817 140/981/818
f 380/1110/913 373/1109/912 382/1120/923
f 381/1112/915 382/1119/922 365/1113/916
f 359/1043/867 366/1056/880 363/1046/870
f 363/1057/881 366/1058/881 362/1059/881
f 329/1054/878 365/1055/879 344/1060/882
f 140/1092/903 344/1089/901 342/1091/901
f 116/262/239 121/264/241 122/265/242
f 433/1307/1077 451/1308/1078 423/1309/1079
f 362/1121/924 366/1122/924 381/1123/924
f 448/1288/1064 441/1276/1053 443/1285/1061
f 444/1289/1065 447/1290/1065 449/1291/1065
f 425/1310/1080 423/1309/1079 451/1308/1078
f 486/1478/1205 377/1486/1213 490/1495/1222
f 360/1116/919 378/1124/925 366/1117/920
f 490/1495/1222 488/1491/1218 486/1478/1205
f 119/266/243 118/267/244 123/268/245
f 383/1125/926 366/1117/920 378/1124/925
f 122/315/283 125/316/284 138/317/285
f 344/1098/904 330/1093/904 329/1094/904
f 140/982/819 343/983/820 344/984/821
f 487/1490/1217 488/1489/1216 491/1496/1223
f 491/1497/1224 489/1493/1220 487/1487/1214
f 422/1246/1033 381/1250/1037 424/1247/1034
f 437/1311/1081 449/1312/1081 447/1313/1081
f 122/341/286 121/318/286 125/342/286
f 343/1095/905 330/1096/905 344/1097/905
f 139/319/287 140/320/288 138/321/289
f 440/1284/1059 446/1292/1066 445/1282/1059
f 345/985/822 140/986/822 346/987/822
f 171/1061/883 328/1062/883 120/1063/883
f 140/982/819 345/988/823 343/983/820
f 381/1250/1037 383/1248/1035 424/1247/1034
f 171/1064/884 329/1065/884 333/1066/884
f 447/1293/1067 441/1276/1053 448/1288/1064
f 490/1495/1222 491/1498/1225 488/1491/1218
f 380/1499/1226 428/1500/1227 377/1501/1228
f 380/1499/1226 382/1502/1229 428/1500/1227
f 437/1294/1068 447/1293/1067 448/1288/1064
f 333/1067/885 327/1068/885 171/1069/885
f 383/1251/1038 381/1252/1039 426/1253/1040
f 426/1253/1040 366/1254/1041 383/1251/1038
f 491/1497/1224 439/1503/1230 489/1493/1220
f 443/1285/1061 446/1295/1069 448/1288/1064
f 446/1295/1069 440/1296/1070 448/1288/1064
f 439/1504/1231 491/1505/1232 492/1506/1233
f 490/1495/1222 377/1501/1228 428/1500/1227
f 118/414/360 120/415/360 148/416/360
f 451/1314/1082 452/1315/1082 425/1316/1082
f 381/1255/1042 366/1256/1042 426/1257/1042
f 452/1317/1083 451/1318/1084 430/1319/1083
f 452/1317/1083 430/1319/1083 427/1320/1085
f 453/1321/1086 437/1346/1086 448/1322/1086
f 450/1323/1087 427/1324/1087 430/1325/1088
f 422/1246/1033 425/1258/1043 381/1250/1037
f 437/1326/1089 453/1327/1089 450/1328/1089
f 343/989/824 336/990/825 330/991/826
f 428/1500/1227 491/1498/1225 490/1495/1222
f 118/269/246 124/270/247 123/271/247
f 492/1506/1233 455/1507/1234 454/1508/1235
f 381/1329/1090 425/1330/1090 452/1331/1090
f 491/1498/1225 428/1500/1227 455/1515/1239
f 492/1506/1233 454/1508/1235 439/1504/1231
f 427/1324/1087 450/1323/1087 453/1332/1091
f 455/1509/1236 492/1510/1236 491/1511/1236
f 440/1333/1092 439/1334/1092 454/1335/1092
f 171/940/785 327/941/785 328/942/785
f 448/1347/1099 455/1336/1093 453/1337/1094
f 346/992/827 140/993/828 347/994/829
f 382/1512/1237 381/1513/1237 428/1516/1237
f 448/1347/1099 440/1338/1095 454/1339/1096
f 381/1340/1097 452/1341/1097 427/1342/1097
f 454/1339/1096 455/1336/1093 448/1347/1099
f 427/1259/1044 428/1260/1044 381/1261/1044
f 428/1343/1098 427/1344/1098 453/1348/1098
f 453/1514/1238 455/1515/1239 428/1500/1227
f 148/943/786 120/944/787 328/945/788
f 125/272/248 121/286/248 126/273/248
f 139/322/290 138/317/285 141/323/291
f 118/344/308 148/345/308 124/346/308
f 119/266/243 127/274/249 121/275/250
f 140/320/288 139/319/287 141/324/292
f 345/988/823 346/992/827 347/994/829
f 149/995/830 347/996/830 140/997/830
f 148/943/786 328/945/788 172/946/789
f 329/947/790 330/948/790 331/949/790
f 141/323/291 138/317/285 125/316/284
f 345/988/823 347/994/829 149/998/831
f 125/316/284 126/325/293 129/326/294
f 127/274/249 119/266/243 123/268/245
f 141/417/361 149/418/361 140/419/361
f 328/945/788 327/950/791 172/946/789
f 123/271/247 124/270/247 127/276/251
f 172/420/362 124/421/362 148/431/370
f 127/274/249 126/277/252 121/275/250
f 345/988/823 149/998/831 173/999/832
f 336/990/825 343/989/824 348/1000/833
f 149/347/309 141/348/309 143/349/309
f 327/950/791 332/951/792 172/946/789
f 349/1001/834 345/988/823 173/999/832
f 142/327/295 141/323/291 125/316/284
f 343/983/820 345/988/823 348/1002/835
f 125/316/284 129/326/294 142/327/295
f 150/350/310 127/351/311 124/367/325
f 345/988/823 349/1001/834 348/1002/835
f 150/422/363 124/421/362 172/420/362
f 143/423/364 173/424/365 149/432/371
f 126/278/253 128/279/254 129/280/255
f 143/328/296 141/343/296 144/329/296
f 141/323/291 142/327/295 144/330/297
f 336/1003/836 331/1004/836 330/1005/836
f 127/351/311 150/350/310 130/352/312
f 129/331/298 145/332/299 142/333/300
f 126/277/252 127/274/249 130/281/256
f 129/331/298 128/334/301 132/335/302
f 128/279/254 126/278/253 130/282/257
f 146/336/303 142/333/300 145/332/299
f 142/333/300 146/336/303 144/337/304
f 143/423/364 151/425/366 173/424/365
f 349/1001/834 173/999/832 151/1006/837
f 129/331/298 132/335/302 145/332/299
f 151/353/313 143/368/313 144/354/313
f 146/338/305 145/332/299 147/339/306
f 331/952/793 333/953/794 329/954/795
f 150/955/796 172/946/789 332/951/792
f 334/956/797 333/953/794 331/952/793
f 131/283/258 128/287/261 130/284/259
f 131/283/258 132/285/260 128/287/261
f 152/355/314 144/369/326 146/356/315
f 332/951/792 327/950/791 334/957/798
f 327/950/791 333/958/799 334/957/798
f 147/339/306 145/332/299 132/335/302
f 152/355/314 146/356/315 147/357/316
f 349/1001/834 350/1007/838 348/1002/835
f 131/358/317 130/359/318 153/360/318
f 144/369/326 152/355/314 154/361/319
f 151/433/367 144/426/367 154/427/367
f 350/1007/838 349/1001/834 151/1006/837
f 334/956/797 331/952/793 335/959/800
f 153/360/318 130/359/318 150/362/320
f 132/363/321 131/370/327 155/364/322
f 152/355/314 147/357/316 156/365/323
f 152/428/368 156/429/368 154/434/368
f 147/371/328 132/363/321 155/364/322
f 155/372/329 157/366/324 147/357/316
f 156/365/323 147/357/316 157/366/324
f 155/364/322 131/370/327 153/373/330
f 336/960/801 335/961/801 331/962/801
f 336/1008/839 348/1009/839 350/1010/839
f 150/963/802 332/964/803 337/965/804
f 332/964/803 334/956/797 335/959/800
f 332/964/803 335/959/800 337/965/804
f 151/1021/840 154/1011/840 350/1012/840
f 337/965/804 153/966/805 150/963/802
f 157/1013/841 340/1014/842 156/1015/843
f 336/1016/844 341/1017/845 339/1018/846
f 341/1017/845 336/1016/844 351/1019/847
f 338/967/806 157/968/807 155/969/808
f 336/1016/844 350/1020/848 351/1019/847
f 335/970/809 336/971/810 339/972/811
f 335/970/809 339/972/811 337/965/804
f 157/968/807 338/967/806 340/973/812
f 155/969/808 153/966/805 338/967/806
f 339/972/811 338/967/806 153/966/805
f 340/1014/842 351/1019/847 156/1015/843
f 341/974/813 340/973/812 338/967/806
f 156/1015/843 351/1019/847 154/1022/849
f 351/1019/847 340/1014/842 341/1017/845
f 153/966/805 337/965/804 339/972/811
f 338/967/806 339/972/811 341/974/813
f 350/1020/848 154/1022/849 351/1019/847
