# Delivery Dash City mesh (NPCPedestrianB_Body); units = studs; +X right, +Y up, -Z forward
mtllib NPCPedestrianB_Source.mtl
o NPCPedestrianB_Body
v 0.12582 4.73725 -0.33244
v 0.20557 4.67240 -0.75165
v -0.16071 4.70930 -0.61445
v -0.05141 4.66247 -0.82375
v 0.19172 4.62708 -0.79974
v -0.28768 4.61399 -0.76257
v -0.05638 4.70743 -0.31173
v -0.19141 4.73166 -0.30945
v -0.30327 4.65385 -0.40613
v -0.04140 4.91141 -0.26803
v 0.34744 5.04420 -0.00904
v 0.00576 5.08058 -0.15980
v 0.17232 5.10565 -0.01993
v 0.00346 5.12908 -0.16501
v -0.01942 5.18678 -0.03170
v 0.22167 5.13100 -0.09510
v 0.00313 4.98774 -0.28103
v 0.15218 4.97819 -0.25807
v -0.19103 5.10373 -0.00086
v -0.18170 4.86732 -0.11881
v 0.07495 4.91852 -0.05392
v 0.15800 4.86483 -0.13653
v 0.05945 4.73506 -0.29916
v -0.13775 4.73339 -0.28424
v -0.12892 5.05918 -0.15357
v -0.23424 4.90988 -0.20827
v -0.21240 5.13004 -0.10830
v -0.25081 4.94678 -0.22992
v -0.23501 4.67950 -0.27316
v -0.37657 5.04455 0.05908
v -0.36028 4.73344 -0.15214
v -0.29649 4.88389 0.03911
v -0.42966 4.90677 -0.10484
v -0.45495 4.64131 -0.14970
v -0.35218 5.09479 -0.01702
v -0.40757 4.79975 0.00210
v -0.49827 4.80787 0.02037
v -0.52708 4.85418 0.02369
v -0.50925 4.63539 0.03272
v -0.53238 4.55937 0.00095
v 0.04121 4.02795 -0.32635
v -0.27161 4.06480 -0.25845
v -0.43976 4.56200 -0.63914
v -0.39174 4.62697 -0.16435
v -0.17660 3.90820 -0.24180
v -0.34823 3.91473 -0.13228
v -0.35454 4.63215 -0.68454
v -0.54428 4.53188 -0.44438
v -0.43254 4.00630 -0.09650
v -0.51180 3.98298 0.10396
v -0.57177 4.54356 -0.26759
v 0.57435 4.52546 -0.28114
v 0.47449 4.54351 -0.59039
v 0.38384 4.59366 -0.70018
v 0.29128 4.70960 -0.26910
v 0.20063 4.65882 -0.60690
v 0.55893 4.55692 0.00128
v 0.24195 4.67813 -0.26775
v 0.06151 4.70719 -0.31184
v 0.54286 4.59028 -0.06207
v 0.45391 3.99239 -0.05886
v 0.43951 4.64861 -0.10322
v 0.50568 4.70856 0.08912
v 0.44401 4.82228 -0.12435
v 0.51268 4.96261 0.12070
v 0.48475 4.85204 0.01634
v 0.39973 4.79701 -0.02232
v 0.27943 4.90870 -0.18440
v 0.29786 4.72740 -0.21135
v 0.36162 5.10636 0.02484
v 0.29012 4.09423 -0.25104
v 0.25619 4.90049 0.03129
v 0.51945 4.03903 0.07187
v 0.35043 3.83769 0.05508
v 0.33103 3.93248 -0.16720
v 0.03597 3.93121 -0.29082
v 0.13844 3.81796 -0.08904
v 0.60790 4.54960 0.24424
v 0.48587 4.96765 0.40830
v 0.47021 4.76834 0.51922
v 0.47397 4.95018 0.33206
v 0.54351 4.78603 0.17145
v 0.40590 5.03095 0.26767
v 0.38412 5.11108 0.26707
v 0.52511 4.68502 0.29368
v 0.26623 4.85591 0.52959
v 0.27196 4.91048 0.36578
v 0.34724 4.98735 0.52698
v 0.33528 5.05827 0.52427
v 0.04494 5.16003 0.36100
v 0.14348 5.03775 0.57483
v 0.12296 4.96269 0.26943
v 0.05029 5.18129 0.06696
v 0.00853 4.96362 0.39414
v -0.03608 5.05314 0.56092
v -0.03432 5.20000 0.23225
v -0.21674 4.93240 0.35431
v -0.02102 5.14658 0.48907
v -0.36168 5.11276 0.25763
v -0.30623 5.07180 0.28246
v 0.42941 4.81308 0.62120
v 0.26823 4.81083 0.69972
v 0.25012 4.71522 0.66830
v 0.41243 4.70494 0.53601
v 0.20189 5.06082 0.61886
v 0.30530 4.83314 0.71648
v 0.11531 4.86373 0.60254
v 0.03012 4.72266 0.72924
v -0.04672 4.96192 0.70660
v 0.00354 4.87094 0.79755
v -0.11300 5.06661 0.64611
v 0.03934 4.52016 0.82375
v -0.04269 4.78584 0.77598
v -0.08209 4.79048 0.68430
v -0.08818 4.91254 0.52932
v -0.12508 4.70878 0.71930
v -0.20176 5.04480 0.65041
v -0.32859 4.96485 0.56803
v -0.26167 4.82321 0.69832
v 0.53018 4.50611 0.50940
v 0.51504 3.98617 0.31239
v 0.45937 4.08021 0.49733
v 0.42639 3.84471 0.24682
v 0.35504 4.50093 0.66570
v 0.43885 4.51113 0.64155
v 0.30617 3.99558 0.64010
v 0.34165 3.83914 0.37862
v 0.07632 4.03991 0.74057
v -0.43342 4.79800 0.38665
v -0.29339 4.80982 0.57003
v -0.42195 4.98812 0.38608
v -0.49446 4.96546 0.37930
v -0.37191 5.02184 0.53607
v -0.51978 4.71029 0.20794
v -0.50757 4.68145 0.36624
v -0.38796 4.64839 0.58325
v -0.49314 4.91597 0.31612
v -0.49375 4.79207 0.53933
v -0.46875 4.77330 0.51511
v -0.58365 4.54343 0.12106
v -0.55268 4.51967 0.47853
v -0.52552 4.00729 0.27796
v -0.57978 4.72483 0.33541
v -0.15558 4.51135 0.79470
v -0.28058 4.81053 0.73516
v -0.43339 4.51146 0.64369
v -0.01709 3.86293 0.64037
v -0.08744 3.94737 0.71022
v -0.14530 4.10820 0.73201
v -0.33575 3.96699 0.60323
v -0.21257 3.86298 0.58600
v -0.37849 3.87215 0.44597
v -0.47067 4.09396 0.47733
v -0.42000 3.84526 0.24857
v 0.18156 3.62035 -0.28984
v -0.07811 3.24202 -0.38537
v -0.21649 3.42608 -0.36114
v -0.17904 3.67489 -0.25831
v -0.11062 3.71585 -0.17809
v 0.06722 3.70916 -0.13113
v -0.24313 3.82153 -0.03675
v -0.35004 2.75178 -0.31305
v -0.03421 2.54816 -0.35072
v -0.50799 2.60355 -0.24863
v -0.27323 3.72076 -0.22045
v -0.31430 3.82438 -0.02147
v -0.28875 3.78323 -0.11414
v -0.38612 3.80932 -0.07861
v -0.53144 3.38962 -0.32224
v -0.68722 3.67470 -0.18355
v -0.74771 3.51396 -0.20838
v -0.80985 3.78564 -0.02583
v -0.70694 2.83173 -0.09071
v -0.79106 3.41343 -0.11840
v -0.81959 3.58457 -0.16108
v -1.13131 3.14586 -0.16734
v -0.39572 3.82866 -0.02934
v -0.42003 3.83621 0.16728
v -0.45117 3.82136 -0.03049
v -0.40126 3.84125 0.36997
v -0.77125 3.78608 0.33766
v -0.81235 3.76161 0.46624
v -0.78297 3.47966 0.51601
v -0.68530 3.63091 0.59524
v -0.82242 3.73961 -0.10893
v -0.94352 3.66839 0.53725
v -1.29562 3.76625 0.45576
v -1.27636 3.80542 0.35505
v -1.29981 3.74951 -0.07340
v 0.18831 3.82446 0.50446
v 0.27240 3.80444 0.54838
v -0.21347 3.81473 0.49585
v -0.23248 3.80114 0.56644
v -0.33045 3.75055 0.59966
v 0.00549 3.65003 0.67755
v -0.26700 2.55867 0.65555
v -0.03339 3.28249 0.72496
v -0.47712 3.48383 0.67692
v -0.36209 3.83906 0.31722
v -0.54725 2.45063 0.56441
v -0.73117 3.34743 0.57022
v -0.65213 2.63343 0.48383
v -0.67534 3.42638 0.62293
v -0.79509 3.24740 0.38921
v -0.92201 3.13703 -0.12021
v -0.99808 3.00849 -0.10018
v -1.01633 3.10446 -0.16199
v -1.40582 3.14260 -0.13513
v -1.45938 3.24553 -0.12353
v -0.99411 3.01096 0.53223
v -1.47353 3.15335 0.48591
v -0.99337 3.00921 0.49102
v -1.46835 3.24836 0.51582
v -1.36651 3.70839 0.39928
v -1.37137 3.70221 0.00325
v -1.53864 3.26254 0.42973
v -1.23940 2.28243 0.48383
v -1.53598 3.26048 -0.03593
v -1.72914 2.41853 -0.07442
v -1.53600 3.16644 0.42534
v -1.71834 2.40465 0.47906
v -1.56089 3.17393 -0.02698
v -1.78171 2.43101 -0.02380
v -1.78423 2.43203 0.42613
v -0.71877 2.61617 0.34657
v -0.81726 3.21779 0.12550
v -0.89523 2.98904 0.42644
v -0.89778 3.07447 0.50397
v -0.86516 3.04463 0.16901
v -0.89817 2.97884 -0.02528
v -1.17293 2.25913 -0.00495
v -1.25567 2.30160 -0.09025
v 0.81529 3.79042 -0.00959
v 1.28174 3.80567 0.05113
v 1.28752 3.75802 -0.07453
v 1.28366 3.77700 0.45220
v 1.02667 3.63799 0.54043
v 1.31287 3.69393 0.49480
v 0.79386 3.79676 0.34051
v 0.77586 3.71522 -0.09444
v 1.17707 3.67053 -0.13115
v 0.77756 3.69363 0.49159
v 0.94483 3.24836 -0.16306
v 0.84604 3.52520 -0.17025
v 0.79229 3.41343 -0.11883
v 0.90256 2.98163 -0.03063
v 0.80031 3.29253 -0.04117
v 0.74741 3.40304 -0.20572
v 0.73106 2.72945 0.00613
v 0.70917 3.73415 -0.12421
v 0.67819 3.44819 -0.25982
v 0.56094 2.46267 -0.22800
v 0.32236 3.81703 -0.05845
v 0.36524 3.78811 -0.11516
v 0.18011 3.67423 -0.25744
v 0.24886 3.77451 -0.07302
v 0.38596 2.05776 -0.32295
v 0.98387 3.00932 0.53417
v 0.90242 2.98147 0.42816
v 0.78278 3.45472 0.51393
v 0.81921 3.22037 0.24756
v 0.72760 2.86130 0.36995
v 0.68346 3.63154 0.59659
v 0.65408 3.44326 0.63316
v 0.57624 2.84792 0.56847
v 0.29841 3.74068 0.61527
v 0.47600 3.48828 0.67694
v 0.38694 3.83692 0.41818
v 0.41355 2.40160 0.63343
v 1.79208 2.43000 -0.00531
v 1.56122 3.17190 0.42270
v 1.78942 2.43014 0.41900
v 1.56665 3.18092 -0.02010
v 1.72832 2.41831 -0.07579
v 1.70739 2.41099 0.48380
v 1.48613 3.16446 0.51063
v 1.47960 3.15670 -0.08824
v 1.45663 3.24282 -0.12613
v 1.46640 3.25116 0.51829
v 1.36881 3.70743 0.00010
v 0.96338 3.00021 -0.10344
v 1.19798 3.19236 0.54276
v 1.27021 3.18657 -0.15395
v 1.12108 3.06309 -0.15508
v 0.97049 3.00087 0.48024
v 1.24261 2.29507 0.48849
v 1.17825 2.25359 0.42013
v 1.17540 2.25705 -0.00624
v 0.87018 3.04901 0.35390
v 0.74354 2.41337 0.18600
v 0.60590 2.66092 -0.18259
v 0.71910 2.60907 0.35082
v 0.71199 2.40800 0.38800
v -1.17339 2.26182 0.42259
v -1.29172 1.95491 0.39689
v -1.33394 1.97156 0.44361
v -1.28676 1.96347 0.01244
v -1.36988 1.94059 -0.00698
v -1.37260 1.92846 0.39656
v -1.81485 2.09568 0.44383
v -1.85011 2.05815 0.39612
v -1.82923 2.04157 0.01952
v -1.80703 2.09395 -0.03568
v -1.87474 2.10550 0.39214
v -1.87406 2.09886 0.01519
v -0.05029 2.05562 -0.36314
v -0.00535 1.98127 -0.36709
v -0.39361 1.97411 -0.31999
v -0.53808 1.96980 -0.23398
v -0.01133 1.96358 -0.30402
v -0.06637 1.88185 -0.28995
v -0.40050 1.62917 -0.30177
v -0.55822 1.78465 -0.26660
v -0.55526 2.06300 -0.27178
v -0.63397 2.22259 -0.20767
v -0.66848 1.97724 -0.18331
v -0.68360 1.97463 -0.10248
v -0.73625 2.28846 -0.03038
v -0.79098 2.07845 -0.03540
v -0.78066 1.98511 -0.01530
v -0.81754 2.07853 0.27102
v -0.63976 1.59235 -0.22643
v -0.66275 1.58536 -0.25324
v -0.76966 1.81085 -0.04934
v -0.75641 1.76805 -0.14575
v -0.70393 1.57644 -0.20600
v -0.72939 1.48410 -0.18322
v -0.75229 1.20193 -0.21154
v -0.85098 1.75908 0.07565
v -0.83147 1.59737 -0.10495
v -0.89567 1.21592 0.40306
v -0.71208 1.58983 0.57560
v -0.87057 1.47200 0.33746
v -0.82313 1.81348 0.28295
v -0.82176 1.98509 0.25508
v -0.87166 1.50560 -0.02185
v -0.86083 1.61041 0.35255
v -0.82727 1.48988 -0.05669
v -0.86099 1.59057 0.01829
v -0.88851 1.21323 -0.05642
v -0.93504 1.21745 0.10059
v -0.21125 1.97225 0.72218
v 0.07454 2.05565 0.71991
v -0.29048 2.17927 0.67892
v -0.39169 1.97183 0.69000
v 0.24456 1.97173 0.71936
v -0.06905 1.84146 0.60707
v 0.11918 1.96638 0.63099
v -0.35970 1.71304 0.65878
v -0.24593 1.96514 0.64100
v -0.59408 1.97474 0.56276
v -0.30683 1.32676 0.64482
v -0.60286 1.79266 0.56899
v -0.60925 1.98448 0.60677
v -0.63608 2.06580 0.59941
v -0.71723 1.98542 0.50781
v -0.71476 2.32470 0.45094
v -0.61827 1.45167 0.59763
v -0.40815 1.06091 -0.28520
v -0.65177 1.13230 -0.25842
v -0.65438 0.96689 -0.22364
v -0.44102 0.96774 -0.27985
v -0.82401 1.14245 -0.13296
v -0.53918 0.95674 -0.14800
v -0.80203 0.96651 -0.06344
v -0.91962 0.99202 0.03617
v -0.88064 1.09131 -0.05296
v -0.82434 0.96541 0.35903
v -0.89800 1.14291 -0.01494
v -0.92431 1.09150 0.19313
v -0.93180 0.99117 0.22177
v -0.59287 1.06615 0.63922
v -0.69734 0.98791 0.59393
v -0.44851 0.95188 0.65242
v -0.67583 1.13073 0.60995
v -0.83688 0.97413 0.45971
v -0.54936 0.95361 0.54789
v -0.78437 0.57528 0.51930
v -0.77309 1.19735 0.55656
v -0.81268 1.07696 0.49472
v -0.90105 1.14555 0.37362
v -0.40560 0.57600 -0.19686
v -0.84747 0.59465 -0.06240
v -0.76686 0.47644 -0.18196
v -0.76406 0.40958 -0.20723
v -0.71098 0.59183 -0.16207
v -0.88385 0.32406 -0.13979
v -0.87433 0.57789 0.43022
v -0.90088 0.16796 0.45571
v -0.94382 0.16856 0.29856
v -0.93844 0.00949 0.33124
v 1.24519 2.29121 -0.08687
v 0.76612 2.07197 0.45746
v 0.82212 1.98509 0.24912
v 0.81471 2.07743 0.05650
v 0.75446 1.97993 0.01307
v 0.68766 2.26083 -0.14429
v 0.54362 2.35949 0.59538
v 0.55646 2.06281 -0.27192
v 1.83674 2.08945 -0.02306
v 1.87474 2.11090 0.39442
v 1.84462 2.05120 0.39549
v 1.83493 2.04388 0.01554
v 1.81968 2.09617 0.44298
v 1.33891 1.96196 0.44087
v 1.35493 1.92635 0.39697
v 1.34613 1.95762 -0.02808
v 1.29614 1.95318 0.00901
v 0.81647 1.80824 0.32852
v 0.66892 1.97439 -0.18051
v 0.70969 2.06939 -0.15708
v 0.74870 1.77342 -0.14860
v 0.56159 1.79214 -0.26388
v 0.54977 1.97016 -0.23269
v 0.40242 1.96514 -0.27664
v 0.28211 1.74574 -0.30383
v 0.58980 1.72668 -0.23969
v 0.16019 1.35024 -0.22366
v 0.04483 1.75603 -0.20457
v 0.00285 1.73203 0.31889
v -0.02453 1.78119 -0.21456
v 0.71487 1.97946 0.50740
v 0.60683 1.97477 0.55483
v 0.59943 2.06547 0.62581
v 0.60656 1.97683 0.60383
v 0.57855 1.80248 0.58301
v 0.61413 1.51274 0.58981
v 0.39276 1.71268 0.65607
v 0.40922 2.05461 0.69014
v 0.06823 1.65392 0.50232
v 0.05992 1.80196 0.58770
v 0.30113 1.34755 0.64446
v 0.15429 1.04862 0.52715
v -0.04403 1.73019 0.51878
v -0.15095 1.04862 0.52369
v 0.82541 1.49076 -0.09617
v 0.88865 1.60473 0.07359
v 0.86546 1.50571 0.03236
v 0.83251 1.60665 0.42773
v 0.86044 1.49600 0.33944
v 0.81120 1.81642 0.03922
v 0.83345 1.59502 -0.10712
v 0.71051 1.57658 -0.20380
v 0.75520 1.49957 -0.19178
v 0.67454 1.58835 -0.25568
v 0.64626 1.13562 -0.25980
v 0.64357 1.11279 -0.24290
v 0.91751 0.97756 0.06405
v 0.89117 1.08571 -0.02827
v 0.92621 1.14678 0.08701
v 0.91380 1.14796 0.32402
v 0.88892 1.21685 -0.06026
v 0.82450 1.14379 -0.13244
v 0.77040 0.97221 -0.16484
v 0.79959 0.96505 -0.06484
v 0.86291 1.21175 -0.10004
v 0.92922 0.98777 0.26709
v 0.75589 1.20349 -0.21000
v 0.43350 0.97556 -0.28306
v 0.87048 1.14489 0.43148
v 0.84585 0.97219 0.44882
v 0.77336 1.20640 0.55886
v 0.71194 1.59137 0.57522
v 0.69438 0.96689 0.58506
v 0.75699 0.96195 0.49406
v 0.67945 1.12478 0.60416
v 0.59345 1.06739 0.63917
v 0.51125 1.44870 0.64202
v 0.43899 0.97594 0.66679
v 0.21114 0.94848 0.57022
v -0.38752 0.00974 -0.56945
v -0.29986 0.16165 -0.46380
v -0.13835 0.16099 0.24419
v -0.45059 0.17254 -0.62015
v -0.49786 0.18376 -0.58682
v -0.41885 0.28360 -0.50207
v -0.47391 0.31877 -0.43988
v -0.41751 0.35638 -0.37398
v -0.72749 0.17358 -0.61214
v -0.44505 0.00741 0.59947
v -0.84944 0.00494 -0.52279
v -0.65863 0.24395 -0.57428
v -0.62752 0.01959 -0.62342
v -0.74091 0.31698 -0.41247
v -0.75490 0.37465 -0.30512
v -0.77647 0.40947 -0.24215
v -0.83943 0.25084 -0.45895
v -0.90667 0.17114 -0.43472
v -0.93904 0.01394 -0.31941
v -0.26242 0.57040 -0.14108
v -0.15070 0.57276 0.19049
v -0.28222 0.38500 -0.18912
v -0.38626 0.44900 -0.24259
v -0.38272 0.57723 -0.13883
v -0.40628 0.40494 -0.30676
v -0.45279 0.44639 -0.21030
v -0.70535 0.48190 -0.15113
v -0.71465 0.43951 -0.19809
v -0.14881 0.00000 0.28440
v -0.23833 0.16790 0.52715
v -0.23048 0.01578 0.52232
v -0.14870 0.57092 0.36383
v -0.54209 0.17418 0.59936
v -0.49838 0.56788 0.56976
v -0.76881 0.16502 0.57299
v -0.76083 0.01654 0.57829
v -0.17693 1.04596 -0.20284
v -0.26560 1.04958 -0.25587
v -0.19997 1.52813 -0.26981
v -0.09133 0.94500 0.19831
v -0.14521 0.94804 -0.07532
v -0.21624 0.94557 -0.18663
v -0.14593 0.93718 0.44183
v -0.28530 1.08865 0.63615
v -0.22579 0.95578 0.58652
v -0.26576 0.57323 0.50537
v 0.75520 0.48143 -0.19146
v 0.85391 0.59449 -0.05936
v 0.85899 0.36066 -0.16021
v 0.70908 0.58941 -0.16204
v 0.70950 0.44955 -0.17571
v 0.76697 0.41059 -0.21135
v 0.41707 0.42310 -0.27927
v 0.39194 0.46985 -0.21126
v 0.40146 0.44826 -0.24866
v 0.58044 0.95904 -0.14295
v 0.44535 0.38469 -0.31436
v 0.70834 0.40612 -0.27198
v 0.42771 0.37259 -0.35107
v 0.40807 0.57465 -0.19766
v 0.28140 0.36365 -0.19203
v 0.38143 0.23435 -0.50731
v 0.26414 0.56686 -0.14287
v 0.33830 0.18351 -0.45513
v 0.27523 0.18192 -0.32528
v 0.24030 0.94272 -0.12169
v 0.14554 0.14513 0.19192
v 0.29863 0.01103 -0.44893
v 0.94278 0.00787 0.30325
v 0.93498 0.01130 -0.35063
v 0.91276 0.18434 -0.30904
v 0.93603 0.15964 -0.35914
v 0.90516 0.59098 0.24657
v 0.78294 0.17632 -0.58512
v 0.86195 0.24884 -0.41810
v 0.79188 0.30469 -0.42704
v 0.69262 0.01948 -0.61420
v 0.76895 0.35907 -0.33198
v 0.55948 0.17287 -0.63886
v 0.38118 0.17243 -0.56764
v 0.47764 0.31945 -0.44172
v 0.54445 0.24653 -0.58265
v 0.47301 0.00258 -0.60849
v 0.61773 0.00938 0.60191
v 0.14650 0.00760 0.35324
v 0.92272 0.16110 0.41799
v 0.86708 0.00719 0.50276
v 0.84478 0.57965 0.47140
v 0.81924 0.16963 0.54808
v 0.53624 0.16818 0.60284
v 0.28200 0.17668 0.54575
v 0.20211 0.02071 0.49146
v 0.16538 0.16873 0.42822
v 0.65117 0.96662 -0.22515
v 0.57153 1.07043 -0.27198
v 0.19106 1.04596 -0.21321
v 0.20573 0.95073 -0.18059
v 0.14143 0.57051 0.31705
v 0.09635 0.94280 0.26569
v 0.12716 1.05134 -0.08012
v 0.07912 1.04343 0.23458
v 0.62936 0.57885 0.56408
v 0.37973 0.57567 0.54816
v 0.46203 0.94829 0.54531
v 0.17899 0.93485 0.44816
vt 0.515163 0.996793
vt 0.402125 0.992917
vt 0.459201 0.907236
vt 0.518058 0.354591
vt 0.580545 0.371335
vt 0.454516 0.369198
vt 0.398135 0.923035
vt 0.355296 0.637026
vt 0.357164 0.492045
vt 0.464457 0.574002
vt 0.539149 0.916957
vt 0.427687 0.487419
vt 0.423470 0.862960
vt 0.876053 0.573628
vt 0.922797 0.516707
vt 0.907257 0.571446
vt 0.926808 0.544611
vt 0.168869 0.409146
vt 0.147140 0.404129
vt 0.172158 0.374548
vt 0.237318 0.407892
vt 0.195360 0.417343
vt 0.201050 0.395143
vt 0.933824 0.599343
vt 0.098092 0.880373
vt 0.079116 0.844155
vt 0.091677 0.829185
vt 0.125306 0.838568
vt 0.565713 0.327184
vt 0.534940 0.337265
vt 0.545797 0.303743
vt 0.128786 0.868360
vt 0.219162 0.460126
vt 0.532908 0.287979
vt 0.554750 0.281870
vt 0.578227 0.292944
vt 0.149219 0.436703
vt 0.183558 0.455321
vt 0.153679 0.439391
vt 0.908964 0.592080
vt 0.989084 0.115645
vt 0.986153 0.143529
vt 0.963509 0.147565
vt 0.622287 0.265173
vt 0.120053 0.906621
vt 0.081925 0.905301
vt 0.167120 0.484684
vt 0.207034 0.507297
vt 0.603325 0.323053
vt 0.141941 0.462450
vt 0.097576 0.920570
vt 0.635374 0.304659
vt 0.159991 0.509402
vt 0.114225 0.945136
vt 0.648820 0.339134
vt 0.580023 0.263335
vt 0.180551 0.678136
vt 0.136310 0.690371
vt 0.131242 0.593659
vt 0.108598 0.607111
vt 0.075703 0.750652
vt 0.085015 0.800938
vt 0.056387 0.772105
vt 0.086195 0.624228
vt 0.153616 0.710047
vt 0.125848 0.718477
vt 0.669817 0.283442
vt 0.665924 0.252757
vt 0.680732 0.254052
vt 0.078162 0.837173
vt 0.098592 0.817745
vt 0.726568 0.251962
vt 0.705349 0.309026
vt 0.060265 0.864163
vt 0.109298 0.710319
vt 0.981418 0.804714
vt 0.977942 0.776057
vt 0.986502 0.790746
vt 0.748260 0.293153
vt 0.984288 0.744916
vt 0.085325 0.729798
vt 0.045860 0.986744
vt 0.056089 0.998935
vt 0.015022 0.996629
vt 0.080934 0.609209
vt 0.055499 0.635517
vt 0.748092 0.265713
vt 0.082187 0.725121
vt 0.926538 0.034475
vt 0.918255 0.008982
vt 0.960264 0.012161
vt 0.046099 0.802174
vt 0.775063 0.293513
vt 0.047220 0.827691
vt 0.651767 0.078186
vt 0.598805 0.082820
vt 0.575888 0.073724
vt 0.871687 0.648813
vt 0.901825 0.574397
vt 0.151112 0.571447
vt 0.108658 0.547769
vt 0.140450 0.455439
vt 0.136495 0.599869
vt 0.977909 0.705773
vt 0.984119 0.740996
vt 0.977856 0.764844
vt 0.577390 0.084781
vt 0.613112 0.082994
vt 0.609191 0.093302
vt 0.172373 0.519752
vt 0.195120 0.540383
vt 0.872798 0.578317
vt 0.230175 0.314440
vt 0.214883 0.267375
vt 0.325858 0.255930
vt 0.652733 0.090502
vt 0.211835 0.549941
vt 0.904609 0.648813
vt 0.337594 0.079867
vt 0.304712 0.074069
vt 0.374794 0.071244
vt 0.229462 0.158531
vt 0.237989 0.157333
vt 0.214536 0.181098
vt 0.399745 0.305907
vt 0.471127 0.335269
vt 0.466806 0.359772
vt 0.876547 0.391967
vt 0.883094 0.358045
vt 0.384171 0.138824
vt 0.402793 0.128072
vt 0.397845 0.163474
vt 0.485188 0.350009
vt 0.162011 0.195992
vt 0.364137 0.170020
vt 0.491129 0.324202
vt 0.384565 0.187977
vt 0.928437 0.235057
vt 0.948651 0.172845
vt 0.952551 0.202956
vt 0.363423 0.148420
vt 0.869896 0.436263
vt 0.842226 0.426342
vt 0.834649 0.405752
vt 0.319183 0.131377
vt 0.149229 0.071147
vt 0.178673 0.133290
vt 0.189620 0.150181
vt 0.902141 0.415645
vt 0.513537 0.334405
vt 0.505943 0.356318
vt 0.901833 0.439486
vt 0.525687 0.343403
vt 0.325436 0.173948
vt 0.515829 0.307492
vt 0.450088 0.056444
vt 0.470923 0.073926
vt 0.414015 0.071003
vt 0.333742 0.151307
vt 0.366165 0.000128
vt 0.388138 0.002050
vt 0.352603 0.002835
vt 0.900691 0.378678
vt 0.149229 0.140705
vt 0.045867 0.367000
vt 0.045867 0.477938
vt 0.025738 0.378589
vt 0.751040 0.012026
vt 0.724505 0.031682
vt 0.098379 0.448819
vt 0.060465 0.530126
vt 0.745074 0.048221
vt 0.086736 0.423069
vt 0.137066 0.436461
vt 0.111338 0.536559
vt 0.135101 0.420972
vt 0.538227 0.034995
vt 0.515720 0.004017
vt 0.496696 0.031149
vt 0.529386 0.025385
vt 0.544605 0.048689
vt 0.711182 0.012655
vt 0.061435 0.430582
vt 0.563786 0.009773
vt 0.495888 0.046741
vt 0.766335 0.609900
vt 0.722114 0.626436
vt 0.714623 0.598527
vt 0.868659 0.458348
vt 0.891004 0.485389
vt 0.866299 0.506119
vt 0.877009 0.527592
vt 0.904638 0.494909
vt 0.709798 0.644833
vt 0.749150 0.646861
vt 0.695407 0.619205
vt 0.061115 0.379147
vt 0.024817 0.347577
vt 0.037243 0.326055
vt 0.102096 0.346527
vt 0.080924 0.336989
vt 0.908516 0.532763
vt 0.908284 0.458878
vt 0.692844 0.584012
vt 0.845199 0.839509
vt 0.844976 0.864493
vt 0.646496 0.586944
vt 0.764678 0.841881
vt 0.666423 0.657850
vt 0.637886 0.659026
vt 0.072712 0.313525
vt 0.030527 0.299875
vt 0.630002 0.627064
vt 0.092678 0.302623
vt 0.613736 0.637351
vt 0.764893 0.817587
vt 0.838887 0.791013
vt 0.626877 0.601425
vt 0.091000 0.269971
vt 0.637126 0.568134
vt 0.582271 0.633528
vt 0.026934 0.263816
vt 0.583787 0.572699
vt 0.566998 0.609969
vt 0.799497 0.778497
vt 0.013977 0.227719
vt 0.050714 0.251787
vt 0.808220 0.874342
vt 0.036927 0.228120
vt 0.455082 0.461251
vt 0.483695 0.477771
vt 0.447602 0.502802
vt 0.544456 0.654634
vt 0.546905 0.690241
vt 0.512640 0.679075
vt 0.502882 0.634872
vt 0.813650 0.525414
vt 0.781882 0.516902
vt 0.806651 0.495114
vt 0.500113 0.497494
vt 0.564892 0.677952
vt 0.559917 0.619347
vt 0.464865 0.520544
vt 0.536392 0.463298
vt 0.832777 0.498380
vt 0.798192 0.469361
vt 0.839297 0.458971
vt 0.849473 0.526393
vt 0.530140 0.583004
vt 0.541043 0.485515
vt 0.505493 0.548611
vt 0.546003 0.516307
vt 0.465581 0.587144
vt 0.559290 0.587606
vt 0.495519 0.580379
vt 0.453415 0.594153
vt 0.865582 0.511781
vt 0.860005 0.476732
vt 0.873921 0.524836
vt 0.550216 0.530876
vt 0.872706 0.444965
vt 0.566975 0.544214
vt 0.604744 0.473420
vt 0.496390 0.558720
vt 0.558835 0.522750
vt 0.607819 0.540377
vt 0.958223 0.707772
vt 0.965877 0.736338
vt 0.958073 0.768771
vt 0.161576 0.063699
vt 0.171452 0.035823
vt 0.177641 0.029635
vt 0.644332 0.283822
vt 0.642745 0.227246
vt 0.013573 0.808906
vt 0.042040 0.852851
vt 0.012518 0.869895
vt 0.214227 0.063121
vt 0.045633 0.810562
vt 0.135605 0.277138
vt 0.214290 0.298221
vt 0.131285 0.306192
vt 0.215420 0.273583
vt 0.621029 0.261756
vt 0.048716 0.873069
vt 0.218742 0.329873
vt 0.143896 0.328497
vt 0.111032 0.299315
vt 0.722540 0.003617
vt 0.750546 0.003617
vt 0.731940 0.008235
vt 0.270683 0.020520
vt 0.251508 0.011579
vt 0.294171 0.012994
vt 0.904735 0.320959
vt 0.902294 0.293060
vt 0.212153 0.034289
vt 0.187192 0.036673
vt 0.623634 0.225739
vt 0.104221 0.275665
vt 0.938693 0.280221
vt 0.351933 0.028482
vt 0.326611 0.024572
vt 0.315227 0.000160
vt 0.602226 0.262485
vt 0.351814 0.000242
vt 0.846689 0.398971
vt 0.820856 0.391340
vt 0.820856 0.316481
vt 0.845588 0.312824
vt 0.023027 0.658781
vt 0.023027 0.700949
vt 0.020430 0.711096
vt 0.875934 0.390736
vt 0.571365 0.222351
vt 0.872583 0.309177
vt 0.902559 0.250893
vt 0.674561 0.237273
vt 0.935782 0.312792
vt 0.225154 0.063489
vt 0.080697 0.134582
vt 0.025260 0.138259
vt 0.040921 0.121528
vt 0.591378 0.166136
vt 0.575722 0.199769
vt 0.567631 0.172499
vt 0.082692 0.102554
vt 0.102147 0.118792
vt 0.558145 0.211777
vt 0.565966 0.235345
vt 0.036097 0.101959
vt 0.500222 0.103434
vt 0.524905 0.116802
vt 0.510593 0.137241
vt 0.063103 0.083977
vt 0.082314 0.084832
vt 0.101620 0.083203
vt 0.546088 0.203094
vt 0.535439 0.072921
vt 0.499317 0.070222
vt 0.535738 0.166538
vt 0.039746 0.080507
vt 0.541878 0.139654
vt 0.533278 0.229871
vt 0.497017 0.186208
vt 0.505388 0.166880
vt 0.500748 0.229431
vt 0.308045 0.175575
vt 0.222819 0.174189
vt 0.859136 0.777249
vt 0.556141 0.115668
vt 0.576732 0.088763
vt 0.575147 0.072969
vt 0.576268 0.138390
vt 0.303006 0.156770
vt 0.770493 0.777249
vt 0.782444 0.757566
vt 0.622405 0.553219
vt 0.659763 0.482958
vt 0.662907 0.571400
vt 0.190966 0.893184
vt 0.240330 0.865386
vt 0.225727 0.922078
vt 0.261819 0.994525
vt 0.273925 0.938351
vt 0.789975 0.180929
vt 0.801239 0.200082
vt 0.750950 0.220400
vt 0.797617 0.244351
vt 0.715824 0.519398
vt 0.761744 0.277836
vt 0.729483 0.596534
vt 0.725309 0.461365
vt 0.722492 0.189224
vt 0.769202 0.476479
vt 0.726541 0.625821
vt 0.823088 0.630518
vt 0.703946 0.242627
vt 0.144026 0.995848
vt 0.157535 0.934858
vt 0.775620 0.545587
vt 0.141877 0.883402
vt 0.773427 0.609746
vt 0.762103 0.655661
vt 0.453076 0.819780
vt 0.481973 0.798461
vt 0.502250 0.822626
vt 0.507975 0.805184
vt 0.484641 0.699984
vt 0.462978 0.703871
vt 0.509603 0.780952
vt 0.014954 0.379725
vt 0.014954 0.337806
vt 0.040354 0.368408
vt 0.544864 0.795209
vt 0.533670 0.815133
vt 0.527099 0.696676
vt 0.564252 0.813388
vt 0.565550 0.771349
vt 0.413805 0.079935
vt 0.342244 0.079935
vt 0.386134 0.072164
vt 0.835366 0.036208
vt 0.869469 0.060088
vt 0.813987 0.058633
vt 0.561548 0.687003
vt 0.617047 0.801805
vt 0.592117 0.820201
vt 0.594208 0.792037
vt 0.294245 0.226275
vt 0.190693 0.228236
vt 0.287816 0.250268
vt 0.771626 0.889565
vt 0.802631 0.890230
vt 0.797553 0.914845
vt 0.047321 0.025918
vt 0.014885 0.043708
vt 0.021680 0.022314
vt 0.773523 0.929175
vt 0.756918 0.944500
vt 0.735891 0.943236
vt 0.763763 0.936683
vt 0.753279 0.959363
vt 0.030555 0.061584
vt 0.000201 0.073552
vt 0.012216 0.040543
vt 0.012638 0.079951
vt 0.367945 0.241477
vt 0.399429 0.262580
vt 0.352100 0.259779
vt 0.778152 0.939325
vt 0.762314 0.962313
vt 0.766294 0.952676
vt 0.013420 0.064500
vt 0.768615 0.959714
vt 0.027899 0.068550
vt 0.340860 0.185445
vt 0.811597 0.970062
vt 0.311207 0.181959
vt 0.831090 0.966603
vt 0.834479 0.934584
vt 0.807561 0.994386
vt 0.314221 0.253128
vt 0.298349 0.191678
vt 0.827501 0.978127
vt 0.302220 0.176432
vt 0.987150 0.871723
vt 0.987150 0.926795
vt 0.973838 0.914261
vt 0.388277 0.195434
vt 0.369963 0.177383
vt 0.246036 0.551543
vt 0.237843 0.541816
vt 0.245060 0.540385
vt 0.271991 0.537249
vt 0.283174 0.537347
vt 0.968691 0.422312
vt 0.958401 0.460715
vt 0.955753 0.406939
vt 0.244416 0.532764
vt 0.242379 0.483510
vt 0.299886 0.539114
vt 0.293377 0.488187
vt 0.310866 0.481395
vt 0.024462 0.453721
vt 0.002698 0.437909
vt 0.022222 0.414427
vt 0.241689 0.010354
vt 0.263299 0.004563
vt 0.274854 0.010745
vt 0.024540 0.381268
vt 0.024540 0.415275
vt 0.000645 0.384000
vt 0.895550 0.242602
vt 0.946425 0.284805
vt 0.294770 0.419035
vt 0.309554 0.416436
vt 0.926612 0.234897
vt 0.926612 0.169422
vt 0.948943 0.168066
vt 0.229381 0.481036
vt 0.235681 0.415864
vt 0.943351 0.260951
vt 0.978095 0.804929
vt 0.959794 0.791935
vt 0.958201 0.773734
vt 0.028226 0.335761
vt 0.035452 0.326527
vt 0.801153 0.351706
vt 0.808391 0.395118
vt 0.802023 0.397187
vt 0.966835 0.770531
vt 0.212642 0.711375
vt 0.237989 0.691286
vt 0.222703 0.713883
vt 0.962718 0.754697
vt 0.180484 0.607350
vt 0.223430 0.661059
vt 0.192036 0.692010
vt 0.178936 0.712237
vt 0.820891 0.411361
vt 0.798208 0.406829
vt 0.825389 0.407512
vt 0.974131 0.750800
vt 0.977001 0.743219
vt 0.152224 0.607088
vt 0.831915 0.412319
vt 0.813234 0.449281
vt 0.097515 0.155248
vt 0.036698 0.178594
vt 0.173005 0.694602
vt 0.102068 0.146438
vt 0.172200 0.731183
vt 0.163680 0.691229
vt 0.162819 0.704890
vt 0.144233 0.689942
vt 0.017881 0.321523
vt 0.098429 0.127579
vt 0.467679 0.010031
vt 0.482234 0.022244
vt 0.443691 0.022561
vt 0.889453 0.008335
vt 0.895466 0.000060
vt 0.902645 0.006394
vt 0.331328 0.344135
vt 0.322057 0.348458
vt 0.323277 0.310370
vt 0.777915 0.006714
vt 0.786592 0.002668
vt 0.796900 0.005964
vt 0.330254 0.302769
vt 0.377638 0.346024
vt 0.377185 0.300431
vt 0.992439 0.579260
vt 0.992439 0.623703
vt 0.988796 0.579491
vt 0.986494 0.078009
vt 0.929033 0.067878
vt 0.976602 0.032114
vt 0.928074 0.034760
vt 0.985304 0.033583
vt 0.469903 0.384447
vt 0.458342 0.380084
vt 0.466581 0.375320
vt 0.456296 0.415073
vt 0.463558 0.422208
vt 0.416193 0.375722
vt 0.229701 0.088962
vt 0.297558 0.086595
vt 0.297558 0.130957
vt 0.333451 0.349972
vt 0.381124 0.356881
vt 0.339290 0.358311
vt 0.647398 0.347039
vt 0.605912 0.335924
vt 0.654298 0.340485
vt 0.380314 0.346531
vt 0.253473 0.301429
vt 0.414477 0.416891
vt 0.596689 0.344133
vt 0.597098 0.336358
vt 0.227875 0.132665
vt 0.605042 0.345799
vt 0.388585 0.340364
vt 0.389121 0.357312
vt 0.457633 0.360377
vt 0.528130 0.346417
vt 0.407675 0.375716
vt 0.406545 0.415790
vt 0.339105 0.373842
vt 0.527430 0.338587
vt 0.337998 0.413640
vt 0.457660 0.353826
vt 0.331739 0.333321
vt 0.748160 0.659163
vt 0.828282 0.645035
vt 0.843445 0.659038
vt 0.160035 0.078042
vt 0.162426 0.064201
vt 0.228607 0.064201
vt 0.174018 0.120403
vt 0.226999 0.129873
vt 0.218245 0.081073
vt 0.212949 0.104849
vt 0.406925 0.437633
vt 0.381999 0.434541
vt 0.397886 0.426829
vt 0.391374 0.463629
vt 0.357758 0.415056
vt 0.406155 0.459399
vt 0.375385 0.486196
vt 0.396332 0.488648
vt 0.966931 0.736493
vt 0.960239 0.698540
vt 0.975638 0.742994
vt 0.425083 0.466627
vt 0.412291 0.479237
vt 0.503477 0.416028
vt 0.401870 0.420602
vt 0.976551 0.682685
vt 0.349551 0.149038
vt 0.348161 0.137381
vt 0.361945 0.137381
vt 0.877260 0.002815
vt 0.879928 0.000148
vt 0.890642 0.002179
vt 0.728022 0.077111
vt 0.797945 0.083228
vt 0.726005 0.087827
vt 0.279537 0.142677
vt 0.903962 0.859986
vt 0.937463 0.849356
vt 0.938678 0.859085
vt 0.110898 0.008804
vt 0.089102 0.008804
vt 0.109072 0.002060
vt 0.935494 0.820448
vt 0.901222 0.835070
vt 0.904061 0.869736
vt 0.934668 0.868712
vt 0.386204 0.010991
vt 0.921393 0.898070
vt 0.603820 0.008358
vt 0.568032 0.008358
vt 0.588753 0.004976
vt 0.296045 0.002995
vt 0.302207 0.010338
vt 0.665262 0.008170
vt 0.688288 0.004110
vt 0.164195 0.343328
vt 0.151845 0.353025
vt 0.154432 0.345071
vt 0.317303 0.007093
vt 0.137992 0.326846
vt 0.877618 0.839340
vt 0.206850 0.336358
vt 0.132604 0.326690
vt 0.137834 0.320693
vt 0.142935 0.351184
vt 0.143375 0.425085
vt 0.103601 0.344851
vt 0.099495 0.321523
vt 0.092840 0.382868
vt 0.105554 0.325939
vt 0.100565 0.340256
vt 0.515619 0.002465
vt 0.523970 0.000992
vt 0.538702 0.001285
vt 0.882906 0.008150
vt 0.878194 0.004196
vt 0.890694 0.004794
vt 0.020533 0.021819
vt 0.015297 0.037934
vt 0.002677 0.026086
vt 0.801284 0.007326
vt 0.794279 0.002422
vt 0.812634 0.002056
vt 0.878944 0.007872
vt 0.865254 0.003424
vt 0.874573 0.000523
vt 0.871036 0.665960
vt 0.855877 0.622365
vt 0.545466 0.001769
vt 0.539409 0.000700
vt 0.559851 0.001217
vt 0.089447 0.332211
vt 0.853070 0.001223
vt 0.868411 0.001223
vt 0.856426 0.004209
vt 0.006572 0.269209
vt 0.026511 0.269557
vt 0.027502 0.284865
vt 0.421139 0.022342
vt 0.385281 0.024071
vt 0.281215 0.009896
vt 0.697701 0.008235
vt 0.130513 0.315543
vt 0.096058 0.300347
vt 0.871036 0.575028
vt 0.077098 0.988705
vt 0.102620 0.997994
vt 0.056886 0.999937
vt 0.982003 0.867745
vt 0.960766 0.927811
vt 0.839365 0.021420
vt 0.813443 0.057098
vt 0.811993 0.025397
vt 0.980561 0.889052
vt 0.908278 0.322131
vt 0.962834 0.322131
vt 0.933734 0.341079
vt 0.487825 0.269629
vt 0.470627 0.264084
vt 0.479957 0.252693
vt 0.085189 0.735005
vt 0.062866 0.711700
vt 0.495172 0.254581
vt 0.542626 0.263873
vt 0.037587 0.735048
vt 0.252099 0.846974
vt 0.051977 0.756534
vt 0.066714 0.758499
vt 0.977453 0.682654
vt 0.993411 0.682654
vt 0.977622 0.696605
vt 0.578261 0.250872
vt 0.053571 0.761499
vt 0.276174 0.938126
vt 0.263503 0.812462
vt 0.043793 0.769248
vt 0.045919 0.776475
vt 0.292387 0.825913
vt 0.062464 0.044896
vt 0.066475 0.014063
vt 0.007105 0.140126
vt 0.010179 0.122695
vt 0.008793 0.162243
vt 0.300619 0.858154
vt 0.031848 0.808300
vt 0.300041 0.800639
vt 0.338728 0.914768
vt 0.959231 0.871760
vt 0.076397 0.718608
vt 0.533815 0.286412
vt 0.232630 0.839921
vt 0.235796 0.853829
vt 0.256291 0.803354
vt 0.261370 0.820015
vt 0.039204 0.012882
vt 0.764406 0.892166
vt 0.689416 0.850645
vt 0.764406 0.851165
vt 0.296637 0.695502
vt 0.293978 0.619776
vt 0.303219 0.620270
vt 0.688643 0.893437
vt 0.763347 0.837230
vt 0.764339 0.847451
vt 0.687458 0.839621
vt 0.307574 0.695442
vt 0.309752 0.704542
vt 0.678838 0.839874
vt 0.634302 0.891305
vt 0.305634 0.757014
vt 0.296319 0.749885
vt 0.633622 0.843186
vt 0.466587 0.116945
vt 0.405669 0.072685
vt 0.498528 0.075732
vt 0.643374 0.075427
vt 0.649371 0.049453
vt 0.651745 0.077499
vt 0.328343 0.700590
vt 0.625108 0.847298
vt 0.625093 0.898572
vt 0.621767 0.886007
vt 0.600610 0.060372
vt 0.606484 0.032461
vt 0.988794 0.381626
vt 0.988794 0.329485
vt 0.994416 0.345683
vt 0.322308 0.756273
vt 0.309886 0.705126
vt 0.334415 0.747981
vt 0.667539 0.029168
vt 0.359355 0.708546
vt 0.343481 0.689594
vt 0.993703 0.340990
vt 0.989271 0.290338
vt 0.994432 0.288639
vt 0.796918 0.190225
vt 0.794685 0.136524
vt 0.882846 0.136524
vt 0.881498 0.197303
vt 0.718610 0.431798
vt 0.693820 0.446272
vt 0.690363 0.426665
vt 0.520433 0.157021
vt 0.433148 0.157021
vt 0.433650 0.147176
vt 0.867414 0.006686
vt 0.852092 0.006686
vt 0.861625 0.004178
vt 0.603079 0.431017
vt 0.688677 0.415951
vt 0.172495 0.358812
vt 0.257775 0.307361
vt 0.739637 0.417019
vt 0.266431 0.315426
vt 0.287174 0.326121
vt 0.157433 0.066047
vt 0.101826 0.066047
vt 0.104663 0.050990
vt 0.296147 0.358764
vt 0.291007 0.208306
vt 0.237163 0.177220
vt 0.301031 0.176385
vt 0.200697 0.195579
vt 0.494127 0.226357
vt 0.451359 0.216974
vt 0.443214 0.262819
vt 0.358614 0.268677
vt 0.428864 0.199643
vt 0.433935 0.238956
vt 0.335551 0.264897
vt 0.408095 0.189861
vt 0.259408 0.358812
vt 0.420961 0.171908
vt 0.369833 0.292736
vt 0.556420 0.428949
vt 0.556924 0.417435
vt 0.654077 0.417435
vt 0.346939 0.496791
vt 0.354397 0.593658
vt 0.301249 0.598308
vt 0.427973 0.710037
vt 0.412558 0.713247
vt 0.399211 0.618281
vt 0.354553 0.634827
vt 0.515915 0.423622
vt 0.515799 0.415496
vt 0.440462 0.747608
vt 0.306643 0.637530
vt 0.434055 0.756584
vt 0.482501 0.023947
vt 0.493302 0.026175
vt 0.493302 0.074162
vt 0.089638 0.883878
vt 0.086454 0.875129
vt 0.096271 0.879180
vt 0.482683 0.074324
vt 0.809726 0.039894
vt 0.809726 0.080748
vt 0.747805 0.037276
vt 0.360031 0.744041
vt 0.024717 0.874641
vt 0.939854 0.864356
vt 0.936540 0.805674
vt 0.986917 0.805674
vt 0.381190 0.780238
vt 0.374054 0.627617
vt 0.748111 0.077904
vt 0.027671 0.882887
vt 0.078486 0.020598
vt 0.077744 0.011389
vt 0.119671 0.011389
vt 0.365291 0.070586
vt 0.354215 0.071017
vt 0.354215 0.028527
vt 0.102871 0.076797
vt 0.102893 0.066906
vt 0.160809 0.066906
vt 0.986864 0.867413
vt 0.364054 0.029977
vt 0.296867 0.071386
vt 0.348738 0.029111
vt 0.353010 0.071386
vt 0.301703 0.028367
vt 0.358380 0.023304
vt 0.094499 0.073244
vt 0.015386 0.984541
vt 0.021595 0.937434
vt 0.022066 0.984541
vt 0.121763 0.021697
vt 0.012502 0.937589
vt 0.678006 0.962086
vt 0.685248 0.968607
vt 0.643511 0.982010
vt 0.802579 0.323463
vt 0.813386 0.384056
vt 0.804873 0.367239
vt 0.809864 0.324609
vt 0.677278 0.075392
vt 0.683516 0.066147
vt 0.736829 0.075548
vt 0.609904 0.918179
vt 0.663743 0.908715
vt 0.720374 0.037045
vt 0.738525 0.054425
vt 0.622580 0.977706
vt 0.607046 0.963289
vt 0.817796 0.399123
vt 0.610641 0.992168
vt 0.826685 0.401563
vt 0.576564 0.899401
vt 0.583122 0.960395
vt 0.586632 0.986235
vt 0.835446 0.413327
vt 0.536480 0.929387
vt 0.588112 0.996895
vt 0.551468 0.989386
vt 0.035909 0.325394
vt 0.006560 0.315859
vt 0.026192 0.289914
vt 0.654248 0.008293
vt 0.652041 0.003559
vt 0.684749 0.003605
vt 0.949958 0.377705
vt 0.916805 0.341935
vt 0.943554 0.349970
vt 0.923668 0.385550
vt 0.503180 0.888387
vt 0.474087 0.898526
vt 0.469728 0.865075
vt 0.897384 0.000122
vt 0.906567 0.000122
vt 0.905976 0.005311
vt 0.977715 0.609056
vt 0.976073 0.623246
vt 0.969710 0.568561
vt 0.958764 0.966220
vt 0.971846 0.958045
vt 0.958030 0.999980
vt 0.905351 0.322105
vt 0.761555 0.036877
vt 0.796128 0.024293
vt 0.808816 0.038423
vt 0.442564 0.872927
vt 0.948846 0.865829
vt 0.951074 0.931208
vt 0.924081 0.895343
vt 0.468905 0.000046
vt 0.460035 0.002423
vt 0.436281 0.000899
vt 0.417444 0.811907
vt 0.420849 0.780141
vt 0.448752 0.794016
vt 0.786933 0.012469
vt 0.757981 0.036420
vt 0.757098 0.022162
vt 0.916086 0.913949
vt 0.464315 0.002200
vt 0.487451 0.000176
vt 0.495685 0.002293
vt 0.452225 0.777686
vt 0.421402 0.763696
vt 0.008254 0.127995
vt 0.002093 0.150987
vt 0.000635 0.111235
vt 0.423346 0.861434
vt 0.795494 0.023189
vt 0.383231 0.833949
vt 0.412370 0.871489
vt 0.207989 0.011491
vt 0.250776 0.011491
vt 0.248289 0.019620
vt 0.359536 0.897556
vt 0.966976 0.627489
vt 0.439424 0.836335
vt 0.464987 0.849433
vt 0.369908 0.854326
vt 0.494025 0.677904
vt 0.509560 0.691564
vt 0.466891 0.685498
vt 0.428583 0.697357
vt 0.445422 0.761875
vt 0.024134 0.746249
vt 0.024134 0.808812
vt 0.021792 0.764100
vt 0.450641 0.027909
vt 0.428667 0.024035
vt 0.481950 0.023449
vt 0.198864 0.191519
vt 0.231379 0.176357
vt 0.840708 0.105079
vt 0.876573 0.104159
vt 0.888508 0.128629
vt 0.164441 0.198195
vt 0.252225 0.056008
vt 0.230244 0.087400
vt 0.232100 0.031613
vt 0.440922 0.657980
vt 0.911515 0.101235
vt 0.886812 0.166913
vt 0.913365 0.119056
vt 0.314436 0.020498
vt 0.273712 0.020498
vt 0.296542 0.018515
vt 0.467572 0.643866
vt 0.474064 0.639379
vt 0.151152 0.198297
vt 0.164783 0.202902
vt 0.426462 0.637863
vt 0.467938 0.627583
vt 0.421583 0.659961
vt 0.276984 0.010659
vt 0.263430 0.001168
vt 0.411867 0.608662
vt 0.403033 0.610604
vt 0.000212 0.099035
vt 0.000212 0.081119
vt 0.035679 0.097079
vt 0.131584 0.179889
vt 0.032539 0.118257
vt 0.006254 0.120852
vt 0.037812 0.080135
vt 0.448963 0.605329
vt 0.459991 0.601087
vt 0.187666 0.201678
vt 0.297064 0.000205
vt 0.769368 0.688147
vt 0.675221 0.733437
vt 0.655077 0.699596
vt 0.610992 0.717746
vt 0.620864 0.740611
vt 0.737791 0.647128
vt 0.630289 0.657806
vt 0.655118 0.670041
vt 0.150959 0.040223
vt 0.161353 0.065950
vt 0.108277 0.049804
vt 0.928645 0.921865
vt 0.938585 0.977884
vt 0.907639 0.986566
vt 0.566928 0.637166
vt 0.580970 0.669948
vt 0.603955 0.643715
vt 0.037280 0.179743
vt 0.100992 0.156553
vt 0.122226 0.179637
vt 0.148051 0.170241
vt 0.297168 0.132506
vt 0.277339 0.142484
vt 0.227916 0.133770
vt 0.940786 0.610681
vt 0.940786 0.541418
vt 0.949090 0.583975
vt 0.255099 0.159346
vt 0.146258 0.142646
vt 0.206746 0.127518
vt 0.218388 0.152486
vt 0.888575 0.932714
vt 0.905108 0.914669
vt 0.166097 0.169071
vt 0.161150 0.194951
vt 0.115230 0.143021
vt 0.899715 0.744924
vt 0.851400 0.743949
vt 0.870564 0.669667
vt 0.914032 0.745136
vt 0.901574 0.761444
vt 0.888209 0.706534
vt 0.906480 0.731840
vt 0.974988 0.999871
vt 0.984053 0.949758
vt 0.983508 0.985113
vt 0.763284 0.963177
vt 0.801876 0.991216
vt 0.749729 0.995835
vt 0.910532 0.720998
vt 0.911736 0.683880
vt 0.848592 0.983921
vt 0.972983 0.969655
vt 0.868548 0.975372
vt 0.012545 0.936699
vt 0.012545 0.887004
vt 0.023998 0.933312
vt 0.050716 0.030291
vt 0.051974 0.045418
vt 0.032636 0.064092
vt 0.854288 0.992561
vt 0.094278 0.065068
vt 0.041397 0.066006
vt 0.996043 0.472889
vt 0.988155 0.453784
vt 0.995617 0.433282
vt 0.991086 0.483755
vt 0.886961 0.999800
vt 0.902032 0.974196
vt 0.887518 0.936002
vt 0.891042 0.988741
vt 0.832146 0.996298
vt 0.825869 0.980910
vt 0.870706 0.965146
vt 0.785510 0.180526
vt 0.708317 0.155444
vt 0.768784 0.130091
vt 0.682808 0.035937
vt 0.700408 0.016198
vt 0.710210 0.013572
vt 0.682502 0.011964
vt 0.722930 0.032691
vt 0.748059 0.426087
vt 0.715428 0.382865
vt 0.732104 0.381109
vt 0.743243 0.325202
vt 0.674392 0.417282
vt 0.616879 0.390009
vt 0.654811 0.345047
vt 0.726223 0.315375
vt 0.658775 0.298155
vt 0.741405 0.297864
vt 0.092989 0.223884
vt 0.196909 0.223884
vt 0.092968 0.280807
vt 0.171040 0.250323
vt 0.174588 0.237084
vt 0.274885 0.248873
vt 0.040886 0.595662
vt 0.040886 0.699646
vt 0.026275 0.598821
vt 0.621801 0.197847
vt 0.614434 0.161169
vt 0.637355 0.149427
vt 0.977403 0.698009
vt 0.992967 0.703066
vt 0.983949 0.730139
vt 0.682694 0.190261
vt 0.659026 0.209404
vt 0.679141 0.217086
vt 0.676869 0.136000
vt 0.722356 0.166049
vt 0.800320 0.723316
vt 0.773507 0.702864
vt 0.457306 0.223911
vt 0.508633 0.231659
vt 0.404453 0.262509
vt 0.789640 0.670685
vt 0.232716 0.086679
vt 0.293587 0.066901
vt 0.774047 0.768821
vt 0.470294 0.257746
vt 0.298148 0.085291
vt 0.990753 0.288800
vt 0.947591 0.288800
vt 0.986002 0.236338
vt 0.994391 0.236107
vt 0.996316 0.283774
vt 0.924093 0.030692
vt 0.914719 0.031322
vt 0.919280 0.023818
vt 0.911630 0.073466
vt 0.935019 0.164775
vt 0.935019 0.152756
vt 0.978068 0.155884
vt 0.924913 0.072267
vt 0.944424 0.235644
vt 0.021613 0.808354
vt 0.012955 0.806883
vt 0.012955 0.744239
vt 0.503276 0.898739
vt 0.551236 0.836157
vt 0.547233 0.898739
vt 0.908691 0.612245
vt 0.956380 0.610982
vt 0.956380 0.674400
vt 0.020294 0.744949
vt 0.877330 0.061386
vt 0.873647 0.103482
vt 0.814696 0.060267
vt 0.902879 0.674507
vt 0.506894 0.835083
vt 0.012370 0.742528
vt 0.017820 0.680233
vt 0.019729 0.743964
vt 0.646848 0.830643
vt 0.813534 0.104177
vt 0.907446 0.680870
vt 0.427407 0.064289
vt 0.378669 0.072094
vt 0.373021 0.067355
vt 0.553471 0.022741
vt 0.593496 0.031982
vt 0.550207 0.029861
vt 0.591560 0.045901
vt 0.892404 0.167281
vt 0.934179 0.153707
vt 0.934263 0.166590
vt 0.374505 0.025517
vt 0.427966 0.023214
vt 0.133154 0.002570
vt 0.119817 0.010270
vt 0.110303 0.002696
vt 0.852182 0.001712
vt 0.834732 0.008164
vt 0.849660 0.007862
vt 0.026495 0.335715
vt 0.010048 0.335715
vt 0.018626 0.325026
vt 0.751132 0.005112
vt 0.762735 0.008221
vt 0.736524 0.008203
vt 0.746609 0.808739
vt 0.761690 0.805007
vt 0.004944 0.295427
vt 0.023204 0.290874
vt 0.007810 0.312089
vt 0.750521 0.796703
vt 0.768659 0.804560
vt 0.739921 0.803020
vt 0.745270 0.788775
vt 0.768361 0.760316
vt 0.749234 0.779720
vt 0.723534 0.819366
vt 0.748618 0.813460
vt 0.775726 0.663255
vt 0.338913 0.978275
vt 0.028554 0.287255
vt 0.885562 0.062077
vt 0.887168 0.035648
vt 0.777192 0.003122
vt 0.777192 0.007248
vt 0.751203 0.003867
vt 0.891296 0.021380
vt 0.981859 0.122725
vt 0.956731 0.088139
vt 0.988454 0.097082
vt 0.884237 0.032013
vt 0.361381 0.999502
vt 0.585899 0.003645
vt 0.619533 0.003645
vt 0.618542 0.008207
vt 0.725306 0.006071
vt 0.699197 0.008355
vt 0.885548 0.023807
vt 0.859286 0.024675
vt 0.838909 0.001712
vt 0.763543 0.823165
vt 0.756942 0.789741
vt 0.320855 0.998976
vt 0.315163 0.995690
vt 0.010015 0.273786
vt 0.002558 0.287695
vt 0.902195 0.041537
vt 0.695929 0.003991
vt 0.265773 0.994852
vt 0.286739 0.985079
vt 0.293008 0.990221
vt 0.866224 0.268553
vt 0.845294 0.237386
vt 0.877110 0.252414
vt 0.305763 0.975092
vt 0.303204 0.986981
vt 0.856848 0.223909
vt 0.622904 0.367012
vt 0.653223 0.344873
vt 0.634710 0.365979
vt 0.299162 0.941908
vt 0.621311 0.371670
vt 0.328984 0.983933
vt 0.881844 0.208603
vt 0.851781 0.202531
vt 0.326997 0.974537
vt 0.583173 0.371067
vt 0.313546 0.938822
vt 0.814453 0.198608
vt 0.574069 0.358639
vt 0.398918 0.955293
vt 0.348166 0.979550
vt 0.363928 0.974168
vt 0.135164 0.042844
vt 0.120673 0.011477
vt 0.150316 0.032722
vt 0.015408 0.231121
vt 0.050271 0.253032
vt 0.156975 0.013880
vt 0.523567 0.347960
vt 0.390493 0.996980
vt 0.918465 0.381867
vt 0.902333 0.395404
vt 0.904220 0.322127
vt 0.164759 0.034692
vt 0.930753 0.393864
vt 0.173003 0.010831
vt 0.155154 0.000527
vt 0.183611 0.001029
vt 0.161510 0.042176
vt 0.049311 0.890964
vt 0.031388 0.957851
vt 0.029702 0.884618
vt 0.024138 0.871729
vt 0.024138 0.928765
vt 0.012405 0.880209
vt 0.015408 0.267644
vt 0.372517 0.834065
vt 0.364587 0.798122
vt 0.375695 0.812370
vt 0.235189 0.084734
vt 0.246971 0.065879
vt 0.419671 0.784654
vt 0.331188 0.816316
vt 0.325728 0.758110
vt 0.298354 0.778509
vt 0.361308 0.838392
vt 0.331183 0.852529
vt 0.025528 0.209849
vt 0.003173 0.193608
vt 0.027444 0.193761
vt 0.167396 0.010733
vt 0.156190 0.002600
vt 0.309123 0.826104
vt 0.439980 0.002952
vt 0.406439 0.002952
vt 0.430531 0.000011
vt 0.352581 0.874828
vt 0.322776 0.888804
vt 0.205346 0.010761
vt 0.201639 0.001585
vt 0.230460 0.010567
vt 0.856647 0.527070
vt 0.873962 0.551798
vt 0.855915 0.618609
vt 0.579170 0.005538
vt 0.554151 0.007727
vt 0.543299 0.003631
vt 0.471435 0.333609
vt 0.385374 0.293478
vt 0.498083 0.293057
vt 0.294193 0.062426
vt 0.139764 0.010733
vt 0.736832 0.141963
vt 0.720881 0.122758
vt 0.742015 0.112903
vt 0.739499 0.397817
vt 0.800468 0.345844
vt 0.750058 0.330689
vt 0.798306 0.322558
vt 0.800328 0.398885
vt 0.835784 0.770128
vt 0.809611 0.757924
vt 0.851329 0.756116
vt 0.689869 0.143066
vt 0.700290 0.111255
vt 0.897108 0.288596
vt 0.885608 0.260634
vt 0.887178 0.242681
vt 0.749705 0.322442
vt 0.886991 0.322258
vt 0.750555 0.295930
vt 0.870032 0.764831
vt 0.391053 0.001457
vt 0.382924 0.000024
vt 0.417570 0.000790
vt 0.801371 0.302256
vt 0.663911 0.117908
vt 0.888660 0.749929
vt 0.887083 0.827440
vt 0.877128 0.815545
vt 0.886724 0.745399
vt 0.026872 0.597879
vt 0.026872 0.491503
vt 0.029918 0.594008
vt 0.280363 0.694967
vt 0.239144 0.709970
vt 0.242631 0.574474
vt 0.737888 0.356878
vt 0.584775 0.729747
vt 0.567538 0.702939
vt 0.592354 0.692913
vt 0.611071 0.725003
vt 0.619805 0.740903
vt 0.598373 0.758044
vt 0.901976 0.298891
vt 0.901976 0.379628
vt 0.886172 0.326018
vt 0.923168 0.229680
vt 0.899257 0.241908
vt 0.883411 0.186791
vt 0.925798 0.168665
vt 0.666315 0.094163
vt 0.697039 0.085590
vt 0.682003 0.094163
vt 0.640927 0.757490
vt 0.636479 0.777732
vt 0.895891 0.167968
vt 0.613023 0.786378
vt 0.928024 0.137350
vt 0.980124 0.123334
vt 0.961914 0.147068
vt 0.699502 0.740204
vt 0.957477 0.091451
vt 0.694477 0.756914
vt 0.635339 0.794782
vt 0.693917 0.777557
vt 0.738623 0.091451
vt 0.739129 0.774119
vt 0.633329 0.823137
vt 0.695733 0.814016
vt 0.264422 0.301702
vt 0.377553 0.299168
vt 0.881115 0.241908
vt 0.738628 0.745091
vt 0.320782 0.269162
vt 0.525409 0.139917
vt 0.510428 0.154898
vt 0.436072 0.144048
vt 0.021704 0.413669
vt 0.000518 0.413669
vt 0.007514 0.396207
vt 0.022192 0.554678
vt 0.017198 0.558174
vt 0.012376 0.534431
vt 0.708909 0.465638
vt 0.684946 0.467336
vt 0.691932 0.459283
vt 0.686788 0.451631
vt 0.692587 0.445733
vt 0.986070 0.031384
vt 0.946770 0.031384
vt 0.972371 0.018492
vt 0.745752 0.996950
vt 0.624721 0.992723
vt 0.740240 0.949223
vt 0.012402 0.581618
vt 0.666286 0.460902
vt 0.000049 0.148749
vt 0.010815 0.171837
vt 0.000832 0.188041
vt 0.665457 0.476725
vt 0.657370 0.447761
vt 0.658101 0.439412
vt 0.661162 0.433835
vt 0.751081 0.972038
vt 0.655929 0.472287
vt 0.628088 0.450785
vt 0.627761 0.487673
vt 0.647738 0.502596
vt 0.622029 0.462437
vt 0.820709 0.007720
vt 0.802995 0.007720
vt 0.819359 0.004132
vt 0.598209 0.436805
vt 0.615436 0.431820
vt 0.607328 0.473918
vt 0.543758 0.156558
vt 0.476590 0.161234
vt 0.546894 0.428762
vt 0.565385 0.164430
vt 0.913851 0.783299
vt 0.889111 0.836354
vt 0.889543 0.762164
vt 0.048465 0.884990
vt 0.136765 0.968434
vt 0.128202 0.996367
vt 0.077016 0.987240
vt 0.046445 0.973261
vt 0.056388 0.996985
vt 0.130932 0.010764
vt 0.134841 0.001088
vt 0.154994 0.001670
vt 0.089946 0.990941
vt 0.103739 0.993339
vt 0.032339 0.159544
vt 0.094081 0.129431
vt 0.032471 0.179705
vt 0.550401 0.049908
vt 0.555895 0.072050
vt 0.543514 0.072050
vt 0.020867 0.714207
vt 0.024071 0.702247
vt 0.021649 0.757999
vt 0.888969 0.997292
vt 0.897815 0.989869
vt 0.953500 0.993521
vt 0.093798 0.066364
vt 0.038721 0.072927
vt 0.029165 0.067410
vt 0.031296 0.079300
vt 0.093430 0.079809
vt 0.944712 0.745458
vt 0.944712 0.676764
vt 0.955041 0.678250
vt 0.498919 0.048938
vt 0.499960 0.067412
vt 0.039486 0.697713
vt 0.029388 0.635659
vt 0.018611 0.567577
vt 0.018611 0.630448
vt 0.012501 0.629412
vt 0.092124 0.252428
vt 0.092124 0.263128
vt 0.048617 0.258073
vt 0.428741 0.124671
vt 0.479449 0.115730
vt 0.506074 0.125258
vt 0.006834 0.466015
vt 0.000046 0.456672
vt 0.021682 0.454973
vt 0.570906 0.221416
vt 0.606316 0.191703
vt 0.666625 0.223111
vt 0.077564 0.964939
vt 0.025699 0.700144
vt 0.953548 0.772365
vt 0.946089 0.790023
vt 0.918089 0.769680
vt 0.929388 0.756221
vt 0.906699 0.819581
vt 0.254581 0.705485
vt 0.241974 0.832026
vt 0.238756 0.729855
vt 0.093923 0.063505
vt 0.124353 0.022421
vt 0.280750 0.702789
vt 0.797483 0.399506
vt 0.797483 0.501728
vt 0.778813 0.403853
vt 0.954769 0.091153
vt 0.918807 0.092903
vt 0.929125 0.073196
vt 0.955430 0.073592
vt 0.925795 0.138162
vt 0.892472 0.092922
vt 0.892713 0.075770
vt 0.368262 0.439163
vt 0.298898 0.545974
vt 0.996343 0.553140
vt 0.989527 0.578578
vt 0.989336 0.534015
vt 0.983593 0.948848
vt 0.941849 0.975249
vt 0.026008 0.528097
vt 0.008854 0.528219
vt 0.367109 0.474230
vt 0.025407 0.493016
vt 0.653434 0.075080
vt 0.726813 0.078222
vt 0.065770 0.024756
vt 0.340889 0.415014
vt 0.931468 0.931912
vt 0.007079 0.507928
vt 0.653434 0.093809
vt 0.803513 0.747151
vt 0.795580 0.663945
vt 0.855284 0.663945
vt 0.806538 0.616305
vt 0.807204 0.562525
vt 0.824613 0.532370
vt 0.818027 0.615694
vt 0.850161 0.753036
vt 0.819288 0.756302
vt 0.992237 0.534836
vt 0.994943 0.503909
vt 0.996405 0.548931
vt 0.830896 0.628617
vt 0.816226 0.627693
vt 0.788057 0.627699
vt 0.960162 0.168054
vt 0.996381 0.168054
vt 0.992114 0.210217
vt 0.790302 0.616918
vt 0.783602 0.553571
vt 0.860825 0.035395
vt 0.871887 0.060239
vt 0.842787 0.038674
vt 0.762190 0.612789
vt 0.839225 0.023712
vt 0.239644 0.636642
vt 0.238783 0.689724
vt 0.213486 0.623048
vt 0.225854 0.622331
vt 0.988347 0.385897
vt 0.995357 0.366638
vt 0.994492 0.418547
vt 0.955896 0.430097
vt 0.957341 0.465132
vt 0.942360 0.434495
vt 0.902906 0.415331
vt 0.952368 0.399559
vt 0.156615 0.588151
vt 0.218992 0.604039
vt 0.228819 0.612394
vt 0.527011 0.965164
vt 0.535655 0.932905
vt 0.529199 0.996971
vt 0.202384 0.588974
vt 0.915268 0.444038
vt 0.009767 0.216948
vt 0.034906 0.226098
vt 0.000650 0.227111
vt 0.940324 0.447674
vt 0.913155 0.475799
vt 0.906184 0.444687
vt 0.932751 0.478755
vt 0.907229 0.508666
vt 0.240916 0.590180
vt 0.237448 0.576449
vt 0.028804 0.215852
vt 0.956532 0.480530
vt 0.932611 0.511362
vt 0.541631 0.968857
vt 0.396602 0.238732
vt 0.422164 0.226812
vt 0.406736 0.259258
vt 0.397639 0.221691
vt 0.122424 0.076975
vt 0.138672 0.071737
vt 0.142124 0.079140
vt 0.898449 0.074051
vt 0.905374 0.024221
vt 0.134721 0.123694
vt 0.988362 0.442461
vt 0.988362 0.391119
vt 0.993366 0.436006
vt 0.891684 0.100484
vt 0.885882 0.102039
vt 0.882372 0.051401
vt 0.397183 0.166421
vt 0.975656 0.937287
vt 0.938326 0.932041
vt 0.979715 0.932881
vt 0.989070 0.482994
vt 0.988787 0.533302
vt 0.977235 0.945490
vt 0.120173 0.119720
vt 0.879674 0.102673
vt 0.980192 0.933374
vt 0.133740 0.001327
vt 0.121569 0.001327
vt 0.127772 0.000648
vt 0.835142 0.273666
vt 0.812102 0.318803
vt 0.853319 0.290677
vt 0.849032 0.297412
vt 0.012379 0.693178
vt 0.012379 0.630278
vt 0.019226 0.672532
vt 0.117551 0.141314
vt 0.802715 0.305173
vt 0.147140 0.141596
vt 0.800189 0.282628
vt 0.025339 0.980701
vt 0.050986 0.901768
vt 0.074414 0.960142
vt 0.823175 0.211567
vt 0.855583 0.262031
vt 0.770590 0.282871
vt 0.908958 0.074051
vt 0.995904 0.492754
vt 0.842947 0.306490
vt 0.914801 0.755892
vt 0.913686 0.684876
vt 0.932733 0.688967
vt 0.929729 0.683120
vt 0.112520 0.833882
vt 0.079554 0.766755
vt 0.097604 0.785094
vt 0.619483 0.008371
vt 0.623253 0.002987
vt 0.652616 0.007448
vt 0.089411 0.755680
vt 0.666666 0.012088
vt 0.668073 0.028165
vt 0.636970 0.011572
vt 0.099136 0.754637
vt 0.108728 0.779059
vt 0.086432 0.734330
vt 0.090713 0.734162
vt 0.836962 0.002511
vt 0.825492 0.007859
vt 0.819335 0.002608
vt 0.629211 0.029910
vt 0.104907 0.765331
vt 0.113636 0.771308
vt 0.977175 0.657006
vt 0.976956 0.681972
vt 0.960151 0.671291
vt 0.140199 0.753733
vt 0.174300 0.019122
vt 0.154705 0.011990
vt 0.198382 0.012531
vt 0.130328 0.740594
vt 0.116903 0.727576
vt 0.769161 0.895955
vt 0.766736 0.919763
vt 0.734869 0.942076
vt 0.185818 0.019685
vt 0.203528 0.011426
vt 0.229490 0.018858
vt 0.958489 0.647418
vt 0.636765 0.894467
vt 0.976729 0.636158
vt 0.136398 0.726154
vt 0.133479 0.717229
vt 0.204247 0.010757
vt 0.191174 0.009486
vt 0.958133 0.621731
vt 0.175506 0.010090
vt 0.024471 0.483263
vt 0.006146 0.468494
vt 0.025411 0.381880
vt 0.037799 0.469690
vt 0.198211 0.003564
vt 0.024471 0.454515
vt 0.025411 0.492194
vt 0.121813 0.180291
vt 0.044569 0.204449
vt 0.050939 0.184006
vt 0.028491 0.191724
vt 0.078339 0.243364
vt 0.053659 0.251314
vt 0.936406 0.233038
vt 0.952306 0.209582
vt 0.027323 0.211193
vt 0.456947 0.266373
vt 0.480595 0.268442
vt 0.387174 0.286979
vt 0.958933 0.168443
vt 0.498752 0.292145
vt 0.824089 0.134479
vt 0.794241 0.133701
vt 0.833707 0.117107
vt 0.862710 0.117481
vt 0.293172 0.568176
vt 0.279401 0.680330
vt 0.871932 0.135690
vt 0.284003 0.554292
vt 0.031512 0.595430
vt 0.028268 0.504652
vt 0.044502 0.521761
vt 0.028931 0.488027
vt 0.045806 0.495283
vt 0.986063 0.216757
vt 0.801672 0.115668
vt 0.236211 0.551768
vt 0.977778 0.664499
vt 0.994568 0.663030
vt 0.978214 0.679781
vt 0.757025 0.178702
vt 0.733450 0.170461
vt 0.748735 0.170117
vt 0.680481 0.066031
vt 0.680017 0.039430
vt 0.722452 0.033722
vt 0.989796 0.654111
vt 0.708350 0.176290
vt 0.730727 0.182733
vt 0.978315 0.638737
vt 0.520450 0.000467
vt 0.510488 0.002223
vt 0.491402 0.000246
vt 0.697540 0.203220
vt 0.888075 0.167402
vt 0.908743 0.134327
vt 0.951925 0.146242
vt 0.613060 0.136521
vt 0.602123 0.164397
vt 0.523560 0.143347
vt 0.567141 0.163913
vt 0.690876 0.199048
vt 0.613724 0.165207
vt 0.944487 0.505790
vt 0.987478 0.502421
vt 0.987478 0.556838
vt 0.944374 0.553034
vt 0.862457 0.948504
vt 0.853259 0.934340
vt 0.890828 0.928031
vt 0.486260 0.128063
vt 0.416578 0.134159
vt 0.403616 0.128726
vt 0.851668 0.952842
vt 0.703153 0.250130
vt 0.817721 0.912746
vt 0.831080 0.905469
vt 0.809913 0.878181
vt 0.888542 0.850121
vt 0.260820 0.062650
vt 0.278938 0.025745
vt 0.282817 0.062650
vt 0.230269 0.026924
vt 0.149156 0.820882
vt 0.153941 0.810636
vt 0.232910 0.838308
vt 0.198910 0.795699
vt 0.235757 0.807774
vt 0.205989 0.768473
vt 0.160911 0.781431
vt 0.239979 0.791582
vt 0.958764 0.495203
vt 0.935041 0.510609
vt 0.955962 0.483579
vt 0.979463 0.483465
vt 0.156946 0.757490
vt 0.986934 0.492830
vt 0.225987 0.729562
vt 0.220484 0.717742
vt 0.230714 0.708853
vt 0.599910 0.048784
vt 0.587783 0.011463
vt 0.611229 0.013066
vt 0.196848 0.737223
vt 0.559107 0.071982
vt 0.545223 0.029253
vt 0.593638 0.048337
vt 0.149737 0.737066
vt 0.213919 0.004191
vt 0.232372 0.000002
vt 0.244352 0.000002
vt 0.240265 0.010862
vt 0.197674 0.818709
vt 0.598480 0.070300
vn 0.01810 0.99300 -0.11690
vn 0.03800 0.98580 -0.16380
vn -0.02120 0.98600 -0.16550
vn -0.03480 -0.71370 -0.69960
vn -0.10720 0.95680 -0.27010
vn 0.04100 -0.98230 0.18250
vn 0.07740 -0.98340 0.16410
vn -0.02310 0.99690 -0.07550
vn 0.16780 -0.97890 0.11680
vn -0.27330 0.89840 -0.34370
vn -0.40440 -0.41020 0.81740
vn -0.38850 -0.53280 0.75180
vn -0.21360 -0.79570 0.56680
vn -0.10080 -0.95150 0.29070
vn -0.03060 0.72690 -0.68600
vn 0.01000 0.91830 -0.39570
vn 0.18160 0.78790 -0.58840
vn 0.00170 0.20190 -0.97940
vn -0.08760 0.35520 -0.93070
vn 0.19110 0.53280 -0.82440
vn 0.05640 -0.97560 0.21210
vn -0.18840 0.77930 -0.59770
vn -0.02320 0.82740 -0.56120
vn -0.02530 0.80120 -0.59780
vn -0.03660 0.78190 -0.62240
vn 0.31660 -0.15270 0.93620
vn 0.07600 -0.13110 0.98850
vn 0.21310 -0.33570 0.91750
vn -0.22990 0.72560 -0.64850
vn -0.29060 0.19790 -0.93620
vn 0.20340 -0.52140 0.82870
vn 0.10660 -0.40760 0.90690
vn 0.52660 -0.40740 0.74610
vn -0.10380 0.90620 -0.41000
vn -0.42580 0.37570 -0.82310
vn -0.43670 0.55670 -0.70670
vn 0.16280 -0.92740 0.33680
vn 0.17460 -0.97960 0.09940
vn 0.62540 -0.51060 0.59010
vn -0.53170 0.67120 -0.51640
vn -0.46690 0.76400 -0.44520
vn -0.67320 0.37780 -0.63560
vn -0.63790 0.17090 -0.75090
vn 0.66020 -0.17760 0.72980
vn -0.67580 0.52180 -0.52070
vn -0.66990 0.58530 -0.45690
vn 0.70470 -0.31850 0.63400
vn -0.81300 0.32550 -0.48280
vn -0.80290 0.41750 -0.42550
vn 0.73860 -0.15270 0.65660
vn 0.54200 -0.59850 0.59000
vn -0.21320 -0.00960 -0.97700
vn -0.43110 -0.04390 -0.90120
vn -0.21200 -0.01000 -0.97720
vn -0.40270 0.00210 -0.91530
vn 0.40640 -0.90590 0.11900
vn 0.44620 -0.89170 0.07540
vn 0.43420 -0.89770 0.07490
vn -0.74060 0.01230 -0.67180
vn -0.50600 -0.38900 -0.76980
vn -0.63200 -0.41730 -0.65310
vn -0.41710 0.90490 -0.08460
vn -0.21440 0.89470 -0.39180
vn -0.35520 0.93370 -0.04540
vn 0.41360 -0.90910 0.05030
vn 0.32690 -0.94500 0.01460
vn -0.44420 0.88970 -0.10540
vn -0.44270 0.88390 -0.15100
vn 0.42330 -0.90370 0.06490
vn -0.83520 -0.06810 -0.54570
vn -0.65800 0.37760 -0.65150
vn -0.69980 0.58210 -0.41410
vn -0.50470 0.85250 -0.13640
vn -0.69350 0.66850 -0.26880
vn -0.75190 -0.55130 -0.36140
vn 0.78400 -0.29430 0.54660
vn -0.81430 0.29780 -0.49820
vn -0.89270 0.00840 -0.45050
vn -0.62230 0.78210 -0.03170
vn -0.92790 -0.03690 -0.37110
vn -0.89910 0.04970 -0.43500
vn 0.27950 -0.95880 0.05170
vn -0.67290 0.73760 0.05530
vn -0.02410 -0.99780 0.06230
vn 0.61380 0.77450 -0.15300
vn 0.33280 0.93380 -0.13120
vn -0.27110 -0.95600 0.11190
vn -0.39120 -0.91490 0.09940
vn -0.39090 -0.91720 0.07660
vn -0.20910 -0.96330 0.16820
vn 0.09590 -0.87310 -0.47800
vn 0.45200 0.58080 -0.67710
vn 0.30090 0.64950 -0.69830
vn -0.17690 -0.98120 0.07740
vn -0.11300 -0.98760 0.10860
vn 0.20520 0.97240 -0.11150
vn 0.14990 0.04280 -0.98780
vn 0.16990 0.69260 -0.70110
vn -0.00080 -0.98680 0.16180
vn 0.43460 0.88880 -0.14570
vn -0.40900 -0.90910 0.07900
vn 0.56130 0.81840 -0.12320
vn 0.90040 0.43500 0.00070
vn 0.65780 0.74270 -0.12530
vn 0.94570 -0.00120 -0.32500
vn 0.91000 0.14880 -0.38690
vn 0.93490 0.07870 -0.34620
vn 0.66700 0.33900 -0.66350
vn 0.87740 0.26690 -0.39860
vn -0.73590 -0.33120 0.59050
vn -0.75850 -0.43880 0.48180
vn -0.71400 -0.28920 0.63760
vn 0.58150 0.65090 -0.48800
vn 0.53690 0.83370 -0.12940
vn -0.58840 -0.26020 0.76560
vn 0.45770 0.65530 -0.60100
vn -0.69170 -0.41640 0.59000
vn -0.21330 -0.97360 0.08140
vn -0.38130 -0.23360 0.89450
vn 0.51380 0.36050 -0.77850
vn 0.58480 0.48290 -0.65180
vn 0.61280 0.49930 -0.61250
vn -0.74150 -0.57850 0.33990
vn 0.64230 0.03110 -0.76580
vn 0.50510 0.85450 -0.12140
vn 0.54080 0.21090 -0.81430
vn 0.36530 0.76870 -0.52500
vn 0.35580 0.84990 -0.38880
vn 0.38150 0.23430 -0.89420
vn 0.24960 0.90720 -0.33880
vn -0.28830 -0.24640 0.92530
vn 0.27780 0.66180 -0.69630
vn -0.17410 -0.74540 0.64350
vn -0.33410 -0.34590 0.87680
vn -0.00220 -0.83910 -0.54400
vn 0.79770 0.18590 -0.57370
vn 0.88920 0.03000 -0.45660
vn 0.70350 -0.66160 -0.25950
vn 0.54170 -0.07510 -0.83720
vn 0.75350 -0.02790 -0.65680
vn 0.64060 -0.68460 -0.34780
vn 0.46310 -0.30810 -0.83100
vn 0.31930 -0.12570 -0.93930
vn 0.29040 -0.00340 -0.95690
vn 0.36480 -0.33840 -0.86740
vn 0.24000 -0.78950 -0.56490
vn -0.17790 -0.33090 -0.92670
vn -0.21600 -0.26990 -0.93830
vn -0.23290 -0.24160 -0.94200
vn 0.76270 -0.62700 -0.15870
vn 0.74580 -0.05360 -0.66400
vn 0.96500 0.24810 0.08550
vn 0.88310 0.46300 -0.07600
vn 0.88510 0.44910 0.12200
vn -0.95700 -0.19810 -0.21190
vn -0.88470 -0.46220 -0.06130
vn -0.94370 -0.32080 -0.08070
vn -0.82880 -0.54190 0.13930
vn -0.78740 -0.61380 0.05760
vn 0.75150 0.58060 -0.31330
vn 0.74580 0.46620 -0.47590
vn 0.38560 0.91950 0.07680
vn 0.65210 0.75640 0.05120
vn 0.59580 0.80170 0.04770
vn 0.50580 0.86110 -0.05070
vn 0.68270 0.68580 0.25240
vn 0.56520 0.82340 0.05040
vn -0.81400 -0.56250 0.14510
vn -0.62300 -0.73610 -0.26470
vn 0.36390 0.89640 0.25320
vn -0.09700 -0.99090 -0.09350
vn -0.33240 -0.94280 0.02510
vn 0.20000 0.96910 0.14410
vn -0.12810 -0.98460 -0.11860
vn 0.20460 0.97810 -0.03800
vn 0.22270 0.97330 -0.05630
vn 0.06140 0.99480 -0.08090
vn -0.08090 0.98710 -0.13820
vn 0.20880 0.97800 0.00450
vn 0.04400 0.99850 0.03280
vn -0.05340 0.99630 -0.06770
vn -0.01060 -0.99500 -0.09910
vn 0.01170 -0.99560 -0.09290
vn -0.17490 0.98420 0.02730
vn -0.13590 0.98210 -0.13020
vn -0.16520 0.96390 0.20900
vn -0.26840 0.96160 -0.05720
vn -0.15790 0.97660 -0.14600
vn -0.25220 0.96540 0.06620
vn -0.26800 0.96130 -0.06390
vn 0.03310 -0.99460 -0.09870
vn 0.39340 -0.82710 0.40130
vn -0.20860 -0.97440 -0.08360
vn 0.69810 0.47850 0.53260
vn 0.19360 0.94940 0.24740
vn 0.61830 0.48260 0.62040
vn 0.61830 0.48260 0.62030
vn 0.60390 0.49650 0.62350
vn 0.60400 0.49650 0.62350
vn -0.28270 -0.93340 -0.22090
vn -0.52560 -0.50800 -0.68240
vn -0.79240 -0.42940 -0.43330
vn -0.73200 -0.39110 -0.55790
vn -0.33600 -0.40580 -0.84990
vn 0.38330 0.58830 0.71200
vn 0.54620 0.55560 0.62690
vn 0.33410 0.80860 0.48430
vn 0.26740 0.72650 0.63300
vn -0.18240 -0.71510 -0.67480
vn -0.18250 -0.71500 -0.67490
vn 0.34040 0.31950 0.88430
vn 0.21180 0.94840 0.23590
vn 0.15810 0.77970 0.60580
vn 0.22020 0.92310 0.31530
vn 0.09810 0.94000 0.32670
vn 0.12960 0.57550 0.80740
vn -0.09290 -0.61090 -0.78630
vn -0.09290 -0.61080 -0.78630
vn -0.06780 0.93620 0.34490
vn 0.19740 0.40500 0.89280
vn -0.09580 0.84170 0.53140
vn 0.26980 0.09910 0.95780
vn 0.20750 -0.88520 -0.41630
vn -0.10460 -0.30760 -0.94570
vn -0.21350 -0.23640 -0.94790
vn -0.00530 0.68660 0.72700
vn -0.04300 0.90020 0.43340
vn -0.09630 0.43430 0.89560
vn -0.10070 0.57080 0.81490
vn -0.17430 0.95590 0.23650
vn 0.25780 -0.88530 -0.38710
vn -0.26810 0.92150 0.28110
vn 0.25980 -0.34890 -0.90040
vn -0.21940 0.94240 0.25240
vn 0.26660 -0.90930 -0.31960
vn 0.26020 -0.96210 -0.08150
vn 0.96910 0.16470 -0.18390
vn 0.97570 0.10240 -0.19360
vn 0.93080 0.16120 0.32810
vn 0.91620 0.14410 0.37400
vn -0.98640 -0.10530 -0.12610
vn -0.98940 -0.13340 -0.05720
vn -0.99560 -0.08890 0.02940
vn 0.96850 0.16850 -0.18330
vn -0.95440 -0.21040 -0.21190
vn 0.98810 -0.13490 -0.07350
vn 0.98960 0.00100 0.14370
vn 0.97570 -0.03560 0.21630
vn 0.99550 0.02280 -0.09180
vn 0.83480 0.11920 0.53740
vn -0.93620 -0.24800 0.24910
vn 0.93210 0.02050 0.36170
vn 0.96360 0.05620 0.26140
vn 0.80610 -0.55950 -0.19280
vn 0.16150 -0.97560 0.14870
vn 0.62080 0.78330 0.03130
vn -0.65870 -0.12290 -0.74230
vn -0.57960 -0.07830 -0.81110
vn 0.68730 0.67670 0.26400
vn 0.55170 0.00410 0.83400
vn 0.74770 -0.60480 -0.27410
vn -0.55150 -0.06320 -0.83180
vn 0.69030 -0.56170 0.45600
vn 0.72100 -0.50540 0.47400
vn 0.46770 -0.01160 0.88380
vn 0.67200 -0.59180 0.44520
vn 0.56350 0.00600 0.82610
vn 0.68010 0.00570 0.73310
vn 0.65540 0.01260 0.75520
vn 0.43560 0.01530 0.90000
vn 0.26950 -0.73080 0.62720
vn 0.33900 0.01340 0.94070
vn 0.41390 -0.03990 0.90950
vn 0.26790 0.03410 0.96280
vn -0.44890 -0.02770 -0.89320
vn 0.94060 0.15630 0.30140
vn -0.66800 -0.11500 -0.73520
vn -0.39880 0.91550 0.05350
vn -0.04940 0.98900 -0.13970
vn -0.43400 0.89970 -0.04770
vn 0.30920 -0.95080 0.01850
vn 0.40740 -0.90750 -0.10230
vn 0.67610 -0.73520 0.04870
vn -0.62710 0.77080 0.11230
vn -0.46890 0.82910 0.30440
vn 0.63100 -0.75230 -0.18960
vn 0.36700 -0.88020 -0.30090
vn -0.69870 0.70900 -0.09630
vn -0.71310 0.69790 0.06660
vn -0.85350 0.51520 0.07800
vn -0.72000 0.60110 0.34680
vn -0.78110 0.62000 -0.07330
vn -0.81420 0.45480 0.36090
vn -0.77270 0.40620 0.48770
vn 0.93740 -0.34530 -0.04510
vn -0.93200 0.34210 -0.11980
vn -0.79870 0.59460 -0.09270
vn 0.92860 -0.33450 0.16060
vn -0.84310 0.47430 -0.25350
vn -0.89000 0.26550 0.37080
vn 0.95210 -0.23860 -0.19130
vn 0.97320 -0.22710 -0.03660
vn 0.91580 -0.15470 0.37050
vn 0.94870 -0.29920 -0.10210
vn -0.99670 0.01610 0.07980
vn -0.99830 -0.00250 -0.05900
vn -0.98210 0.16710 0.08700
vn -0.99420 0.04740 -0.09620
vn -0.92090 0.04640 -0.38710
vn -0.97910 0.01230 0.20320
vn -0.14980 0.05840 0.98700
vn -0.22500 0.18110 0.95740
vn -0.30330 0.04220 0.95200
vn 0.61470 -0.43930 -0.65510
vn 0.37020 -0.52810 -0.76420
vn 0.56290 -0.17710 -0.80730
vn 0.53270 -0.07910 -0.84260
vn 0.29980 -0.18710 -0.93550
vn -0.45280 0.41290 0.79020
vn -0.30010 0.67900 0.67000
vn -0.46520 0.63060 0.62130
vn -0.31440 0.81880 0.48040
vn -0.48330 0.20900 0.85010
vn -0.35900 0.86060 0.36130
vn -0.63960 0.04600 0.76740
vn -0.39480 0.42710 0.81340
vn -0.61010 0.41280 0.67630
vn -0.60380 0.39260 0.69370
vn -0.31330 0.90610 0.28430
vn -0.71850 0.46340 0.51870
vn 0.63840 -0.05620 -0.76770
vn 0.71440 -0.27190 -0.64470
vn -0.71160 0.18090 0.67890
vn 0.77430 -0.44120 -0.45370
vn -0.80880 0.04420 0.58640
vn 0.23440 -0.56970 0.78770
vn 0.00930 -0.13790 0.99040
vn 0.21130 -0.56360 0.79860
vn -0.22090 -0.37750 0.89930
vn -0.22920 0.02540 0.97310
vn -0.06500 0.01210 0.99780
vn -0.36860 -0.02010 0.92940
vn 0.15190 -0.12930 -0.97990
vn -0.60670 -0.17460 0.77550
vn -0.43290 -0.62100 0.65350
vn -0.64680 0.00780 0.76260
vn -0.78550 -0.51400 0.34470
vn -0.86990 -0.07650 0.48730
vn 0.04360 -0.99580 -0.08090
vn -0.66070 -0.70660 -0.25340
vn -0.92290 0.01480 0.38480
vn -0.81830 -0.55790 0.13820
vn -0.90480 -0.35290 0.23840
vn -0.93300 -0.23460 0.27280
vn -0.99690 0.00030 -0.07850
vn 0.03080 0.28810 -0.95710
vn 0.08220 0.19050 -0.97820
vn -0.09210 0.34130 -0.93540
vn -0.04520 -0.89810 -0.43740
vn -0.10060 -0.89050 -0.44380
vn -0.01660 -0.87550 -0.48290
vn -0.05460 0.38840 -0.91990
vn 0.14630 0.85050 -0.50520
vn 0.16660 0.84370 -0.51020
vn 0.17500 0.80830 -0.56210
vn 0.10020 0.83970 -0.53380
vn -0.14210 -0.88720 -0.43900
vn -0.11900 0.42480 -0.89740
vn -0.18650 -0.07060 -0.97990
vn -0.17590 -0.09150 -0.98010
vn -0.49950 -0.13010 -0.85650
vn -0.10290 0.63650 -0.76440
vn 0.09560 0.88360 -0.45830
vn 0.14530 0.88950 -0.43330
vn -0.28420 -0.82350 -0.49090
vn -0.07450 0.82350 -0.56240
vn -0.15940 -0.78840 -0.59410
vn -0.30750 -0.07870 -0.94830
vn -0.20680 0.45520 -0.86600
vn -0.65060 -0.13640 -0.74700
vn -0.22260 0.32620 -0.91870
vn -0.16280 0.49720 -0.85220
vn -0.19930 0.73440 -0.64880
vn -0.74540 -0.15630 -0.64800
vn -0.79760 -0.17340 -0.57770
vn -0.42970 0.43380 -0.79190
vn -0.70440 -0.28010 -0.65210
vn 0.28280 -0.18760 -0.94060
vn -0.17500 -0.04800 -0.98340
vn -0.15080 -0.04060 -0.98770
vn 0.01770 0.99450 -0.10340
vn -0.06830 0.92890 -0.36400
vn -0.01470 0.99370 -0.11080
vn -0.01800 0.99800 -0.06120
vn -0.13340 0.99100 -0.01400
vn -0.76250 -0.59580 -0.25240
vn -0.09650 0.98810 -0.11950
vn -0.05840 0.99420 -0.08990
vn -0.15510 0.98300 0.09810
vn -0.05010 0.99540 0.08140
vn -0.06660 0.98390 0.16600
vn -0.68140 0.05770 0.72970
vn 0.97740 0.08320 -0.19410
vn 0.35400 0.19820 0.91400
vn -0.01120 0.61580 0.78780
vn -0.00710 0.99980 -0.01650
vn 0.02520 0.96150 0.27360
vn -0.06380 0.31720 -0.94620
vn -0.01770 0.87570 -0.48260
vn -0.05370 0.98000 -0.19160
vn -0.02080 -0.93960 0.34150
vn -0.05450 -0.97930 0.19490
vn -0.09620 -0.92640 0.36410
vn -0.18770 -0.71420 0.67430
vn 0.00030 0.98190 0.18930
vn 0.02770 0.98710 0.15740
vn -0.10610 0.95380 0.28100
vn -0.19860 -0.89830 0.39200
vn -0.13930 0.47640 0.86810
vn -0.08130 0.27100 0.95910
vn -0.01830 0.57350 0.81900
vn -0.38170 -0.88150 0.27810
vn -0.19670 -0.06730 0.97810
vn -0.10490 0.00610 0.99450
vn -0.16850 0.02290 0.98540
vn -0.21610 0.35040 0.91130
vn -0.09130 0.93560 0.34110
vn -0.13080 0.90770 0.39870
vn 0.10400 0.99390 0.03580
vn -0.36100 -0.91330 0.18880
vn -0.33050 -0.92340 0.19530
vn -0.27830 -0.08530 0.95670
vn 0.08300 0.99630 0.02010
vn -0.08660 0.91720 0.38890
vn -0.30080 -0.17330 0.93780
vn -0.31420 -0.14820 0.93770
vn -0.51130 0.08270 0.85540
vn -0.08510 -0.51070 0.85550
vn -0.20510 0.57920 0.78890
vn -0.84480 -0.11670 0.52230
vn -0.79380 -0.04810 0.60630
vn -0.89230 -0.17960 0.41430
vn 0.21480 -0.09540 -0.97200
vn 0.48370 -0.40700 -0.77480
vn -0.10940 -0.52010 -0.84710
vn 0.03210 -0.15940 -0.98670
vn 0.01790 -0.15300 -0.98810
vn 0.21200 0.47900 -0.85180
vn -0.12090 0.11540 -0.98590
vn -0.12120 0.11960 -0.98540
vn -0.13140 0.13920 -0.98150
vn -0.28770 -0.95710 0.03530
vn -0.05570 -0.04220 0.99760
vn -0.09180 0.06400 0.99370
vn -0.09950 0.03420 0.99440
vn -0.17670 0.17130 0.96920
vn -0.17610 -0.28680 0.94170
vn -0.68120 0.73200 -0.01250
vn -0.89320 0.44950 0.01070
vn -0.69170 0.70780 0.14330
vn -0.90190 0.43200 -0.00690
vn -0.60170 0.79560 -0.07090
vn -0.94870 0.31610 0.00340
vn -0.01200 -0.00560 0.99990
vn -0.01230 -0.00570 0.99990
vn -0.73570 0.30910 -0.60270
vn -0.73640 0.29450 -0.60910
vn -0.78290 0.33800 -0.52230
vn -0.72070 0.31580 0.61710
vn -0.73430 0.24900 0.63150
vn -0.73510 0.31480 0.60040
vn -0.69440 0.17190 -0.69880
vn 0.05030 -0.10580 -0.99310
vn -0.94110 0.33800 -0.00690
vn -0.68210 0.15030 0.71570
vn -0.62080 0.17870 0.76330
vn -0.01140 -0.00540 0.99990
vn -0.72710 0.25800 0.63630
vn -0.57840 0.14640 -0.80250
vn -0.56390 0.11910 -0.81720
vn -0.57380 0.17800 -0.79940
vn -0.61260 0.20050 0.76450
vn -0.95740 0.28290 0.05740
vn -0.95860 0.28350 0.02570
vn -0.95280 0.30260 0.02580
vn -0.56980 0.17900 0.80210
vn -0.95850 0.28490 -0.00600
vn -0.64680 0.22780 -0.72780
vn -0.10730 0.05530 -0.99270
vn -0.65000 -0.03850 0.75890
vn -0.98370 -0.16470 0.07230
vn -0.88160 -0.15170 0.44700
vn -0.89590 -0.14380 0.42040
vn -0.98420 -0.14700 -0.09910
vn -0.96890 -0.18430 -0.16530
vn -0.96530 -0.13200 0.22530
vn -0.98020 -0.18570 -0.06850
vn 0.93190 -0.36120 0.03430
vn 0.92760 -0.32440 0.18550
vn 0.84930 -0.31650 0.42250
vn 0.94730 -0.31850 -0.03300
vn 0.88090 -0.26130 0.39450
vn 0.93880 -0.30700 -0.15620
vn 0.89010 -0.37770 -0.25520
vn 0.91920 -0.28500 -0.27170
vn 0.35600 -0.12830 0.92560
vn 0.16920 -0.04220 0.98470
vn 0.93090 -0.36520 0.00220
vn 0.98280 0.03970 -0.18040
vn 0.93430 -0.35660 0.00200
vn 0.54850 -0.55300 0.62720
vn 0.11240 -0.01630 0.99350
vn 0.53470 -0.24260 -0.80940
vn 0.53480 -0.24260 -0.80940
vn 0.47030 -0.40090 -0.78620
vn -0.17690 -0.98350 0.03840
vn 0.51410 -0.18230 0.83810
vn 0.54570 -0.21020 -0.81120
vn 0.02800 0.98700 -0.15840
vn 0.00180 0.99960 -0.02770
vn -0.01130 0.79150 -0.61110
vn 0.04880 0.46940 0.88160
vn 0.02400 0.99720 0.07110
vn 0.03490 0.99920 0.01910
vn -0.06190 0.33280 -0.94100
vn -0.06540 0.21340 -0.97480
vn -0.09310 0.82700 0.55450
vn -0.07750 0.11740 -0.99010
vn 0.94120 0.33660 0.02770
vn -0.58200 -0.09190 -0.80800
vn -0.87550 -0.30080 -0.37820
vn 0.90620 -0.15310 -0.39410
vn 0.79020 -0.06590 -0.60920
vn 0.88870 -0.00640 -0.45840
vn -0.71060 0.01800 -0.70330
vn 0.69170 0.23450 -0.68300
vn 0.13190 0.99120 -0.00990
vn 0.90970 -0.14450 -0.38940
vn 0.18320 0.59140 -0.78530
vn 0.46610 0.54360 -0.69810
vn 0.21990 0.05840 -0.97380
vn 0.22300 -0.05800 -0.97310
vn 0.15050 0.28590 -0.94640
vn 0.01620 0.95370 -0.30030
vn 0.16350 0.00090 -0.98650
vn 0.06480 0.78830 -0.61190
vn -0.00930 0.75340 -0.65750
vn 0.66800 0.68540 -0.28990
vn -0.49510 0.86810 -0.03560
vn 0.34660 -0.85160 -0.39330
vn 0.36240 0.68930 -0.62730
vn 0.22450 0.22010 -0.94930
vn 0.00840 -0.04930 -0.99870
vn -0.41380 0.44280 0.79550
vn -0.23630 0.86160 -0.44930
vn -0.63190 0.38680 -0.67160
vn 0.09800 0.89690 -0.43130
vn -0.45230 -0.18400 -0.87270
vn 0.07530 0.96990 -0.23160
vn 0.06470 0.99160 -0.11200
vn -0.03140 0.57640 0.81660
vn -0.12570 0.02380 0.99180
vn -0.96050 -0.26050 0.09790
vn 0.11070 0.09500 0.98930
vn 0.95220 -0.15270 0.26460
vn 0.68890 -0.12400 0.71410
vn 0.71820 0.08030 0.69120
vn 0.69840 0.05890 0.71330
vn 0.19280 0.86720 0.45910
vn 0.22940 0.76990 0.59560
vn 0.73530 -0.16940 0.65630
vn 0.76600 -0.16760 0.62060
vn 0.21880 0.80050 0.55790
vn 0.12940 0.04250 0.99070
vn 0.13020 0.94680 0.29420
vn 0.09880 0.99280 0.06790
vn 0.67600 -0.61300 0.40880
vn 0.72570 -0.16740 0.66730
vn 0.02520 0.98480 0.17190
vn 0.08780 -0.06910 0.99370
vn 0.11550 0.74110 0.66140
vn 0.00590 0.94860 0.31630
vn 0.03470 0.93280 0.35870
vn 0.04960 0.28240 0.95800
vn 0.32520 -0.79140 0.51760
vn 0.55590 0.40690 0.72480
vn 0.05920 -0.04410 0.99730
vn -0.03140 0.88540 0.46370
vn 0.00210 0.63960 0.76870
vn 0.00960 -0.09850 0.99510
vn -0.19170 0.00330 0.98140
vn 0.09480 0.81740 0.56820
vn 0.74320 -0.19550 0.63980
vn 0.17920 0.27110 0.94570
vn 0.23350 -0.02210 0.97210
vn 0.40750 0.73500 0.54200
vn 0.08930 0.47540 0.87520
vn 0.95670 0.29090 0.01180
vn 0.93850 0.32920 0.10390
vn 0.95580 0.29400 0.00590
vn 0.68970 0.22840 -0.68710
vn 0.70990 0.19980 -0.67540
vn 0.63950 0.19000 -0.74490
vn 0.94910 0.31440 0.01800
vn 0.59200 0.14560 0.79270
vn 0.66840 0.18620 0.72020
vn 0.67330 0.18220 0.71650
vn 0.48610 -0.01290 -0.87380
vn 0.68640 0.15340 -0.71090
vn 0.78660 0.27390 0.55340
vn 0.90650 0.41740 0.06360
vn 0.74250 0.30270 -0.59760
vn 0.73980 0.30110 -0.60170
vn 0.89980 0.39910 0.17630
vn 0.03130 -0.00630 -0.99950
vn 0.11050 0.05820 0.99220
vn 0.04340 -0.02080 0.99880
vn 0.09750 -0.12950 0.98680
vn 0.12550 -0.07510 -0.98920
vn 0.84090 0.53580 0.07590
vn 0.66170 0.71070 -0.23900
vn 0.74340 0.66860 -0.01870
vn 0.13760 0.09990 0.98540
vn 0.06470 0.04470 0.99690
vn 0.28770 -0.92520 -0.24760
vn 0.31880 0.19750 -0.92700
vn 0.13200 0.09400 -0.98680
vn 0.13810 0.07870 -0.98730
vn 0.00750 -0.05550 0.99840
vn 0.06450 0.04740 -0.99680
vn 0.11540 -0.13030 -0.98470
vn 0.29750 -0.95170 0.07530
vn -0.02060 -0.01970 0.99960
vn 0.01770 -0.03040 0.99940
vn -0.05580 -0.00980 0.99840
vn -0.35870 -0.24330 -0.90120
vn -0.21280 -0.24330 -0.94630
vn -0.56830 -0.27910 -0.77400
vn -0.55280 -0.21840 0.80420
vn 0.19870 -0.97460 0.10340
vn -0.69860 -0.28510 -0.65630
vn -0.69530 -0.29420 -0.65580
vn -0.93590 -0.35240 -0.00050
vn -0.93470 -0.35550 0.00480
vn -0.60130 -0.27680 -0.74950
vn -0.94430 -0.32920 -0.00040
vn -0.95390 -0.30010 -0.00880
vn -0.71840 -0.29570 0.62970
vn -0.94960 -0.31290 -0.01600
vn 0.98330 -0.10240 -0.15070
vn 0.98680 -0.12950 -0.09700
vn 0.97650 -0.07620 -0.20160
vn 0.92650 -0.11420 0.35840
vn 0.91020 -0.09300 0.40350
vn 0.88230 -0.18180 -0.43410
vn 0.87720 -0.16330 -0.45150
vn 0.87900 -0.01680 0.47650
vn 0.83260 -0.00660 0.55380
vn 0.92890 -0.13140 -0.34630
vn 0.86420 0.06190 0.49940
vn -0.93900 -0.34370 -0.00680
vn 0.94090 -0.09940 0.32370
vn 0.84830 -0.15630 -0.50590
vn 0.61470 -0.25240 0.74730
vn 0.62090 -0.26220 0.73880
vn 0.61880 -0.24060 0.74780
vn 0.93400 -0.35730 0.00330
vn 0.93370 -0.35800 0.00330
vn 0.93350 -0.35860 0.00350
vn 0.62250 -0.26560 -0.73620
vn 0.09650 -0.12210 -0.98780
vn 0.62530 -0.25950 -0.73590
vn 0.93310 -0.35960 0.00360
vn 0.62320 -0.29210 0.72550
vn 0.64850 -0.30820 0.69600
vn 0.48500 -0.29470 -0.82340
vn 0.93330 -0.35910 0.00400
vn -0.00850 -0.17750 -0.98410
vn 0.29030 -0.95670 -0.02230
vn 0.26930 -0.96290 -0.01800
vn 0.29040 -0.95670 -0.02230
vn -0.15150 -0.68990 0.70790
vn -0.12630 -0.67770 0.72440
vn 0.26220 -0.80930 0.52560
vn 0.31060 -0.95020 -0.02640
vn -0.03030 -0.11920 0.99240
vn -0.03310 -0.11070 0.99330
vn -0.03460 -0.08130 -0.99610
vn -0.17920 -0.67590 0.71480
vn -0.23910 -0.97100 -0.00170
vn -0.21630 -0.97580 -0.03080
vn 0.02170 -0.12360 -0.99210
vn -0.03380 -0.00170 -0.99940
vn -0.03600 -0.10210 0.99410
vn -0.18120 -0.70340 0.68730
vn -0.63890 0.07500 -0.76560
vn -0.68210 0.07690 -0.72720
vn -0.61930 0.09730 0.77910
vn -0.60240 0.08430 0.79370
vn -0.62410 0.07420 0.77780
vn -0.23730 -0.65520 -0.71720
vn -0.23730 -0.65500 -0.71740
vn -0.18930 -0.67310 -0.71490
vn -0.26200 -0.96470 0.02790
vn -0.64620 0.06370 0.76050
vn -0.96360 0.26740 -0.00620
vn -0.96350 0.26760 -0.00600
vn -0.96360 0.26720 -0.00640
vn -0.65330 -0.28040 0.70330
vn -0.55160 -0.48290 -0.68010
vn -0.83300 -0.55330 -0.00680
vn -0.88590 -0.46290 -0.02880
vn -0.59960 0.07310 -0.79700
vn -0.78790 -0.61580 0.00940
vn -0.17320 0.05340 -0.98340
vn -0.12010 -0.01950 -0.99260
vn -0.19200 0.04290 -0.98050
vn -0.02020 -0.98590 -0.16590
vn -0.03790 -0.98590 -0.16300
vn -0.01440 -0.99720 -0.07400
vn -0.04780 -0.96050 -0.27410
vn -0.13230 -0.08100 -0.98790
vn -0.08980 0.11720 -0.98900
vn -0.09940 0.09690 -0.99030
vn -0.37280 0.05910 -0.92600
vn -0.20700 0.03140 -0.97780
vn -0.07570 0.14630 -0.98630
vn -0.07910 0.16380 -0.98330
vn -0.41390 0.01110 -0.91020
vn -0.72940 0.13230 -0.67120
vn -0.12950 -0.98410 -0.12150
vn -0.67880 -0.08210 -0.72970
vn -0.10980 -0.99260 -0.05240
vn -0.65450 -0.04850 -0.75450
vn -0.99860 0.05380 -0.00050
vn -0.92530 0.09750 -0.36650
vn -0.94530 0.17320 -0.27640
vn -0.16160 -0.98490 -0.06180
vn -0.98860 0.13750 -0.06070
vn -0.81820 -0.20610 -0.53670
vn -0.97780 0.19150 -0.08480
vn -0.28860 -0.07690 -0.95440
vn 0.73930 -0.42300 -0.52390
vn -0.68180 0.16560 -0.71260
vn -0.72090 0.19450 -0.66520
vn -0.75240 0.19070 -0.63060
vn -0.69050 0.19770 -0.69580
vn -0.52130 0.21820 -0.82500
vn -0.58450 0.16750 -0.79390
vn -0.72270 0.24600 -0.64590
vn 0.25160 -0.96710 0.03660
vn -0.50820 0.07830 -0.85770
vn -0.26300 -0.16200 -0.95110
vn -0.55150 0.12750 -0.82440
vn -0.32730 0.84610 -0.42060
vn -0.85060 0.30890 -0.42550
vn -0.67090 -0.08760 -0.73640
vn -0.84280 0.19910 -0.50010
vn -0.85860 0.20460 0.47010
vn -0.85480 0.13950 0.49990
vn -0.56840 -0.56180 -0.60110
vn -0.98930 0.14610 -0.00570
vn -0.99090 -0.02640 -0.13210
vn -0.99250 0.10220 -0.06770
vn -0.76170 0.21520 -0.61120
vn -0.76170 0.21510 -0.61120
vn -0.74660 0.04230 -0.66390
vn -0.83200 -0.00200 0.55470
vn -0.57370 -0.70820 -0.41150
vn -0.99260 -0.03490 -0.11640
vn -0.99450 0.05980 -0.08620
vn -0.24680 -0.96250 -0.11230
vn -0.99340 0.11450 -0.00590
vn -0.75500 0.35520 -0.55120
vn -0.99060 0.13640 -0.00760
vn -0.97970 0.19920 0.02160
vn -0.58370 0.12840 -0.80180
vn -0.97420 0.22440 0.02400
vn -0.96190 0.24880 -0.11300
vn -0.81110 0.48510 -0.32680
vn -0.98590 0.16650 0.01520
vn -0.18500 0.11510 0.97600
vn -0.04680 0.18720 0.98120
vn -0.13070 0.10010 0.98640
vn -0.06820 0.06550 0.99550
vn 0.04590 0.05860 0.99720
vn -0.00100 -0.99980 0.01880
vn 0.41950 -0.73440 0.53360
vn -0.01920 -0.99670 0.07890
vn 0.00760 -0.98750 0.15750
vn 0.02720 0.05810 0.99790
vn -0.09330 0.11190 0.98930
vn -0.21260 0.04520 0.97610
vn -0.08360 -0.99430 0.06630
vn 0.17990 -0.01090 0.98360
vn -0.41840 0.12610 0.89950
vn -0.25380 0.12470 0.95920
vn -0.36930 -0.08400 0.92550
vn -0.35780 -0.04040 0.93290
vn -0.05280 0.95760 0.28330
vn -0.43150 0.12800 0.89300
vn -0.39070 -0.04580 0.91940
vn -0.11840 -0.98830 0.09580
vn -0.09260 -0.99150 0.09150
vn -0.82270 0.11980 0.55570
vn -0.87030 0.05300 0.48970
vn -0.57570 0.02980 0.81710
vn -0.10310 0.08790 0.99080
vn -0.91460 0.12520 0.38450
vn -0.89770 0.13760 0.41850
vn -0.76220 0.27440 0.58630
vn -0.79360 0.08100 0.60300
vn -0.77780 0.17760 0.60300
vn -0.10630 -0.99330 0.04530
vn -0.73670 0.37260 0.56440
vn -0.73870 0.41510 0.53100
vn -0.79790 0.10290 0.59390
vn -0.91760 0.08150 0.38900
vn -0.92380 -0.02320 0.38210
vn -0.05190 -0.99320 0.10440
vn -0.20560 0.01860 -0.97850
vn -0.11710 -0.02740 -0.99270
vn -0.28510 -0.02320 -0.95820
vn -0.55710 -0.26550 -0.78680
vn -0.24910 -0.19550 -0.94850
vn -0.33120 0.07400 -0.94070
vn -0.64030 -0.27060 -0.71890
vn -0.42950 -0.01180 -0.90300
vn -0.05370 -0.99720 -0.05180
vn -0.75620 0.13280 -0.64070
vn -0.77550 0.17110 -0.60770
vn -0.75640 0.14590 -0.63760
vn -0.67110 -0.34430 -0.65650
vn -0.59170 -0.59250 -0.54670
vn -0.63560 -0.36250 -0.68160
vn -0.22370 -0.97460 -0.01430
vn -0.94450 -0.16260 -0.28540
vn -0.76290 0.63210 -0.13580
vn -0.90490 0.39410 -0.16090
vn -0.94710 0.29230 -0.13280
vn -0.43180 -0.86140 -0.26740
vn -0.98000 0.15330 -0.12650
vn -0.96640 -0.01060 -0.25700
vn -0.95430 0.08870 -0.28520
vn -0.99630 0.05560 -0.06510
vn -0.74300 0.10860 -0.66040
vn -0.74980 0.03150 -0.66090
vn -0.94650 0.02700 -0.32170
vn -0.83140 -0.19470 -0.52040
vn -0.96230 -0.20940 -0.17340
vn -0.15390 0.06170 0.98620
vn -0.10530 0.09430 0.99000
vn -0.11220 0.09410 0.98920
vn -0.29550 -0.15150 0.94330
vn -0.25250 -0.20970 0.94460
vn -0.29900 0.06010 0.95240
vn -0.35680 0.07440 0.93120
vn -0.15880 -0.96500 0.20860
vn -0.09340 -0.99290 0.07350
vn -0.28480 0.10490 0.95280
vn -0.32430 0.04560 0.94480
vn -0.24180 -0.00950 0.97030
vn -0.71130 0.05960 0.70030
vn -0.20740 -0.92750 0.31090
vn -0.94330 0.01250 0.33170
vn -0.98320 -0.14590 -0.10990
vn -0.65100 -0.47710 0.59040
vn -0.77070 -0.05960 0.63440
vn -0.70870 -0.37030 0.60050
vn -0.85510 -0.11270 0.50610
vn -0.77290 0.08960 0.62810
vn -0.77780 0.04580 0.62680
vn -0.24030 -0.97070 0.00590
vn -0.24020 -0.97070 0.00590
vn -0.21090 -0.97730 -0.01830
vn -0.28900 -0.95620 0.04670
vn -0.95720 -0.08250 0.27760
vn -0.98810 0.08480 0.12820
vn -0.98320 0.12930 0.12860
vn -0.99240 0.04670 0.11390
vn -0.66550 -0.03110 0.74570
vn -0.67060 0.14910 0.72670
vn -0.98590 0.10630 0.12890
vn -0.28970 0.03270 -0.95660
vn -0.60230 0.31650 -0.73280
vn -0.57800 0.35090 -0.73670
vn -0.62930 0.28290 -0.72390
vn -0.53790 0.38930 -0.74770
vn -0.61890 0.29180 -0.72930
vn -0.68390 0.21620 0.69680
vn -0.98550 0.14430 0.08900
vn -0.69330 0.15190 0.70450
vn -0.89620 0.07460 0.43730
vn -0.99160 0.11830 -0.05210
vn -0.99150 0.11960 -0.05110
vn -0.98650 0.15380 -0.05650
vn -0.98870 0.14970 0.00950
vn -0.98470 0.15520 -0.07960
vn -0.96440 0.02150 0.26370
vn -0.93510 -0.35440 0.00340
vn -0.63250 -0.23520 0.73800
vn -0.66400 -0.28010 -0.69330
vn 0.97220 0.19410 0.13080
vn 0.93940 0.32180 0.11820
vn 0.97000 0.24120 -0.03100
vn 0.87000 -0.43070 -0.23990
vn 0.99130 0.12740 -0.03250
vn 0.98080 0.11690 0.15630
vn 0.98800 -0.00640 0.15420
vn 0.97080 0.10800 -0.21410
vn 0.98820 -0.04440 -0.14670
vn 0.67750 0.12480 -0.72490
vn 0.67750 0.12490 -0.72490
vn 0.76190 0.09480 0.64070
vn 0.72240 0.24970 0.64490
vn 0.77820 -0.01730 0.62770
vn 0.63250 0.07760 -0.77070
vn 0.29040 0.03330 0.95630
vn 0.70560 0.15650 -0.69110
vn 0.98990 0.10470 -0.09550
vn 0.97950 0.19590 -0.04610
vn 0.99050 0.12940 -0.04680
vn 0.89250 -0.45080 -0.01400
vn 0.95100 -0.30580 -0.04580
vn 0.62450 0.08300 0.77660
vn 0.65070 0.06240 0.75680
vn 0.67270 -0.32780 0.66330
vn 0.61660 0.11180 0.77930
vn 0.72440 0.13030 -0.67700
vn 0.60220 0.10000 0.79210
vn 0.96620 0.25780 0.00600
vn 0.18500 -0.69460 0.69520
vn 0.18230 -0.66450 0.72470
vn 0.18500 -0.69450 0.69530
vn 0.05580 -0.14860 -0.98730
vn 0.04010 -0.07850 -0.99610
vn 0.03680 -0.05280 -0.99790
vn 0.21220 -0.97660 -0.03390
vn 0.24710 -0.96890 0.01240
vn 0.20320 -0.97850 -0.03600
vn 0.18770 -0.72810 0.65930
vn 0.02870 -0.11850 0.99250
vn 0.03560 -0.12400 0.99160
vn 0.03550 -0.12400 0.99160
vn 0.16640 -0.98310 -0.07580
vn 0.05250 -0.15790 -0.98610
vn 0.17960 -0.63990 -0.74710
vn 0.02630 -0.01290 -0.99960
vn 0.04230 -0.12940 0.99070
vn 0.03370 -0.99670 -0.07400
vn -0.90170 -0.42900 0.05330
vn -0.85840 -0.50410 0.09530
vn -0.87300 -0.47820 0.09620
vn -0.56010 -0.26200 -0.78590
vn -0.61800 -0.29940 -0.72690
vn -0.64610 -0.31780 -0.69390
vn -0.60740 -0.28180 0.74270
vn -0.90420 -0.42420 0.05070
vn -0.92940 -0.36910 0.00320
vn 0.95110 -0.15130 -0.26930
vn 0.86320 -0.31630 -0.39350
vn 0.86810 -0.26970 -0.41680
vn 0.87390 0.28440 -0.39430
vn -0.02340 0.99940 -0.02610
vn 0.30300 0.05880 -0.95120
vn 0.46850 0.10530 -0.87720
vn 0.78250 -0.12560 -0.60980
vn 0.39190 -0.02910 -0.91950
vn 0.51790 -0.20090 -0.83150
vn 0.18110 0.09440 -0.97890
vn 0.27480 -0.39080 -0.87850
vn 0.32150 0.08230 -0.94330
vn 0.32110 0.06570 -0.94480
vn 0.14750 -0.03730 -0.98840
vn 0.18020 -0.27170 -0.94540
vn 0.32810 0.07900 -0.94130
vn 0.09190 -0.05750 -0.99410
vn 0.06540 0.08740 -0.99400
vn -0.38760 -0.06690 -0.91940
vn -0.35740 -0.24410 -0.90150
vn 0.02140 -0.96310 -0.26820
vn -0.20830 -0.48440 -0.84970
vn -0.95910 -0.26850 -0.08920
vn 0.31040 -0.45210 -0.83620
vn 0.09160 0.02210 -0.99560
vn -0.33130 -0.94100 -0.06970
vn 0.21980 0.18420 -0.95800
vn 0.38020 -0.44790 -0.80920
vn 0.37110 -0.45280 -0.81070
vn 0.85540 -0.36480 -0.36760
vn 0.52850 0.07560 -0.84550
vn 0.33730 -0.10580 -0.93540
vn 0.08480 -0.43350 -0.89720
vn -0.38440 -0.22480 -0.89540
vn 0.88460 -0.29540 0.36080
vn 0.76440 0.05440 0.64250
vn 0.79890 -0.16630 0.57800
vn 0.79230 0.22860 0.56560
vn 0.46540 0.18860 0.86480
vn 0.77040 0.11820 0.62660
vn 0.51770 0.04680 0.85430
vn 0.40610 -0.18900 0.89410
vn 0.50350 0.04430 0.86290
vn 0.02950 -0.99930 0.02460
vn 0.04130 -0.99910 -0.00460
vn 0.04520 -0.99900 0.00420
vn 0.47560 0.17690 0.86170
vn 0.03530 -0.99850 0.04190
vn 0.30670 -0.24290 0.92030
vn 0.33840 0.06360 0.93890
vn 0.22410 0.18070 0.95770
vn 0.11080 0.18420 0.97660
vn 0.01200 -0.99880 0.04650
vn 0.06410 0.16010 0.98500
vn 0.14520 0.25110 0.95700
vn 0.00930 -0.99880 0.04730
vn 0.02370 0.22050 0.97510
vn 0.04120 0.07710 0.99620
vn 0.05800 0.26680 0.96200
vn -0.29940 -0.48930 0.81910
vn -0.27360 -0.32780 0.90430
vn -0.20490 -0.35700 0.91140
vn -0.43870 0.08170 0.89490
vn -0.15780 -0.19790 0.96740
vn -0.00320 -0.99790 0.06500
vn 0.00620 0.00610 1.00000
vn -0.95000 -0.14140 0.27850
vn -0.95020 -0.12340 0.28620
vn 0.00330 -0.43100 0.90230
vn -0.94680 -0.19900 0.25280
vn 0.51290 -0.85110 0.11250
vn -0.07720 -0.63010 0.77260
vn 0.96300 -0.14940 0.22450
vn 0.74720 -0.30180 0.59210
vn 0.95280 -0.10370 -0.28520
vn 0.98820 0.15150 -0.02420
vn 0.96900 -0.24370 0.04070
vn 0.97350 0.22730 0.02310
vn 0.94660 -0.28460 0.15160
vn 0.95440 0.28170 -0.09860
vn 0.96650 0.24420 0.07880
vn 0.98140 0.19150 -0.01240
vn 0.86790 0.21310 -0.44860
vn 0.75890 0.25780 -0.59800
vn 0.62490 -0.12890 -0.77000
vn 0.76680 0.36240 -0.52970
vn 0.94070 0.30160 -0.15560
vn 0.50410 -0.69840 -0.50800
vn 0.59760 0.20850 -0.77420
vn 0.52530 0.25860 -0.81070
vn -0.75650 -0.51070 0.40850
vn 0.35880 0.06590 -0.93110
vn -0.82640 -0.47050 -0.30940
vn 0.20540 0.02310 -0.97840
vn 0.88500 -0.15830 -0.43790
vn 0.87210 -0.08240 -0.48240
vn 0.93190 0.11460 -0.34410
vn 0.98630 0.16110 0.03410
vn 0.98760 0.15280 -0.03570
vn 0.94850 0.18630 -0.25630
vn 0.88340 0.12030 -0.45290
vn 0.98840 0.15060 0.02100
vn 0.82770 -0.21920 -0.51650
vn 0.84710 -0.36360 -0.38760
vn 0.72850 -0.30010 -0.61590
vn 0.71800 -0.12720 -0.68430
vn 0.71200 0.00610 -0.70210
vn 0.11100 -0.99380 -0.00510
vn 0.11110 -0.99380 -0.00510
vn 0.25900 -0.95510 -0.14420
vn 0.73840 0.10850 -0.66560
vn 0.05450 -0.99740 0.04700
vn 0.75530 0.07520 -0.65100
vn 0.47180 -0.01560 -0.88160
vn -0.16090 -0.96010 0.22870
vn 0.80710 0.03810 -0.58920
vn 0.52140 -0.00340 -0.85330
vn 0.44350 -0.08290 -0.89240
vn 0.37410 0.06090 -0.92540
vn 0.35160 0.05830 -0.93430
vn 0.50130 -0.55220 -0.66620
vn -0.96070 -0.08280 -0.26510
vn 0.18200 0.00920 -0.98330
vn 0.98140 0.16580 -0.09630
vn 0.98490 -0.01960 0.17220
vn 0.99750 -0.04390 -0.05540
vn 0.99980 0.02010 0.00100
vn 0.98640 0.03810 0.15980
vn 0.77440 -0.09070 0.62620
vn 0.80490 -0.05550 0.59080
vn 0.17870 -0.98390 -0.00240
vn 0.86440 0.15270 0.47900
vn 0.77310 0.54340 0.32720
vn 0.85160 0.03270 0.52310
vn 0.85880 0.07270 0.50710
vn 0.21030 -0.95760 0.19670
vn 0.03130 -0.99660 0.07580
vn 0.03140 -0.99660 0.07580
vn 0.50090 -0.09900 0.85980
vn 0.41910 0.00550 0.90790
vn 0.75740 -0.27960 0.59010
vn 0.56300 -0.07310 0.82320
vn 0.67890 0.38440 0.62550
vn 0.67900 0.38440 0.62550
vn 0.70450 0.35780 0.61290
vn 0.22770 0.04040 0.97290
vn 0.66590 0.39740 0.63140
vn 0.26510 0.08270 0.96070
vn 0.15670 0.01170 0.98760
vn 0.18340 0.03320 0.98250
vn -0.02310 -0.99900 0.03850
vn 0.16160 0.02010 0.98670
vn 0.16580 0.01750 0.98600
vn 0.05080 0.01860 0.99850
vn -0.55020 -0.03110 0.83440
vn 0.86280 0.13330 0.48760
vn 0.11770 0.03770 0.99230
vn 0.90270 -0.37750 -0.20630
vn 0.72060 0.06420 -0.69030
vn 0.09480 0.97630 -0.19480
vn 0.16760 0.98140 -0.09330
vn 0.53010 0.26440 -0.80570
vn 0.28810 0.42510 -0.85810
vn 0.23610 0.62370 -0.74510
vn -0.03490 0.88880 -0.45690
vn -0.04770 0.87600 -0.48000
vn -0.02870 -0.30740 -0.95120
vn 0.00930 -0.99990 -0.01140
vn 0.01030 -0.99990 -0.00150
vn -0.00590 0.94500 -0.32690
vn -0.08160 0.77960 -0.62100
vn 0.22260 0.21410 -0.95110
vn 0.08220 0.40860 -0.90900
vn -0.11890 0.87420 -0.47070
vn -0.11650 0.86250 -0.49250
vn -0.11070 0.85320 -0.50970
vn -0.00550 -0.98770 -0.15610
vn -0.57770 0.17550 -0.79720
vn -0.59230 0.67710 -0.43660
vn -0.69920 -0.05070 -0.71310
vn -0.39490 -0.19070 -0.89870
vn -0.94940 0.22030 -0.22390
vn -0.50440 0.84530 0.17610
vn -0.90550 0.40290 -0.13330
vn -0.73630 0.63000 -0.24700
vn -0.98540 0.10460 -0.13410
vn -0.11490 -0.99340 -0.00660
vn -0.97810 0.20240 -0.04880
vn 0.94750 -0.01860 -0.31910
vn 0.95670 0.19270 -0.21810
vn 0.91040 0.29040 -0.29460
vn 0.63900 0.60510 -0.47500
vn 0.48970 0.31390 -0.81340
vn 0.45010 0.25600 -0.85550
vn 0.35030 0.36410 -0.86300
vn 0.05600 0.99750 -0.04320
vn 0.61140 0.57100 -0.54780
vn 0.50300 0.71920 -0.47930
vn -0.02060 -0.03270 -0.99930
vn -0.16950 0.16260 -0.97200
vn -0.43080 0.24700 -0.86800
vn -0.19730 0.06490 -0.97820
vn 0.24330 0.78800 0.56550
vn 0.03240 0.97110 -0.23650
vn -0.14370 0.65200 -0.74450
vn -0.12320 0.34640 -0.93000
vn -0.11640 0.25500 -0.95990
vn -0.13180 0.73320 -0.66720
vn -0.13690 0.83620 -0.53110
vn 0.86890 0.34980 -0.35020
vn -0.16250 0.03850 -0.98600
vn -0.24120 -0.10850 -0.96440
vn -0.09020 0.81430 -0.57330
vn 0.01100 0.99990 -0.00720
vn -0.05050 0.74630 -0.66360
vn 0.05730 0.99710 0.05010
vn 0.45170 -0.06540 -0.88980
vn -0.30580 0.01480 -0.95200
vn 0.85270 0.35140 -0.38660
vn 0.94420 0.02920 0.32800
vn 0.94150 -0.04660 0.33380
vn 0.94280 -0.03110 0.33180
vn 0.94590 0.03850 0.32220
vn 0.93980 -0.07370 0.33380
vn -0.01660 -0.99980 0.00790
vn -0.12380 -0.99200 0.02330
vn 0.94680 -0.01350 -0.32140
vn 0.03890 -0.99920 -0.00010
vn 0.95460 -0.12910 -0.26840
vn 0.25010 0.05930 0.96640
vn 0.17100 0.04880 0.98410
vn 0.09650 0.03290 0.99480
vn 0.33880 -0.01250 0.94080
vn 0.23190 0.04730 0.97160
vn -0.08730 -0.01210 0.99610
vn -0.06600 0.03190 0.99730
vn -0.01040 -0.99990 0.01140
vn -0.04960 0.99550 0.08070
vn -0.37090 -0.03880 0.92790
vn -0.74910 -0.17570 0.63870
vn -0.66420 -0.00910 0.74750
vn 0.02810 -0.99960 0.00830
vn -0.78020 -0.26140 0.56830
vn -0.99940 -0.03370 0.00070
vn -0.02980 -0.99950 0.01290
vn -0.74910 -0.17580 0.63870
vn 0.97950 -0.14090 -0.14400
vn 0.97660 -0.20350 -0.06890
vn 0.97870 -0.14840 -0.14210
vn 0.36840 -0.13150 -0.92030
vn 0.22560 -0.02460 -0.97390
vn 0.37870 -0.04460 -0.92450
vn 0.55160 -0.18080 -0.81430
vn 0.97180 -0.07030 -0.22510
vn 0.97910 0.06710 -0.19210
vn 0.07530 -0.99680 -0.02600
vn 0.78170 -0.38540 -0.49030
vn 0.49490 -0.40190 -0.77040
vn 0.12650 -0.20850 -0.96980
vn -0.12170 -0.10480 -0.98700
vn 0.13430 -0.04290 -0.99000
vn 0.16250 0.01020 -0.98670
vn -0.03880 -0.99300 -0.11170
vn -0.04850 -0.99170 -0.11880
vn -0.11410 -0.01680 -0.99330
vn -0.02220 -0.99480 -0.09940
vn 0.96380 -0.14590 0.22310
vn 0.96300 -0.14960 0.22410
vn 0.89050 -0.13800 0.43350
vn 0.92460 -0.19760 0.32570
vn 0.05560 -0.99830 -0.01960
vn 0.99990 0.01260 -0.01140
vn 0.99950 0.02850 -0.01120
vn 0.99020 -0.00810 -0.13930
vn 0.98230 -0.01580 -0.18640
vn 0.99480 0.04840 -0.08910
vn 0.55020 -0.05450 0.83320
vn 0.37940 -0.04590 0.92410
vn 0.54880 -0.19410 0.81310
vn 0.77020 -0.02170 0.63750
vn 0.76840 0.08610 0.63420
vn 0.76180 -0.14040 0.63250
vn 0.23110 -0.01450 0.97280
vn 0.93680 -0.15340 -0.31450
vn -0.00140 -0.99770 0.06760
vn -0.00810 -0.99240 0.12310
vn 0.12780 0.07080 0.98930
vn 0.26080 0.08120 0.96200
vn 0.25660 0.08360 0.96290
vn 0.02880 0.07240 0.99700
vn 0.26470 0.06960 0.96180
vn 0.13070 -0.03810 0.99070
vn 0.00870 0.01700 0.99980
vn 0.00980 -0.99960 -0.02610
vn -0.17180 0.06330 0.98310
vn -0.17070 0.09270 0.98100
vn 0.77020 -0.02180 0.63750
vn 0.56760 0.36610 -0.73740
vn 0.56300 0.29350 -0.77260
vn 0.60080 0.32760 -0.72920
vn 0.54860 0.28080 -0.78750
vn 0.07410 0.10250 -0.99200
vn -0.37960 0.08880 -0.92090
vn 0.05100 0.09720 -0.99400
vn 0.19230 0.29460 -0.93610
vn -0.05330 0.13610 -0.98930
vn -0.06300 0.51350 0.85580
vn 0.02810 0.77940 -0.62590
vn 0.01350 0.82650 -0.56280
vn 0.55670 0.23490 -0.79680
vn 0.06210 0.82070 -0.56800
vn 0.02550 0.81940 -0.57270
vn -0.02940 0.95360 -0.29970
vn 0.06100 0.98940 -0.13190
vn 0.10990 0.71320 -0.69230
vn -0.04950 0.13600 -0.98950
vn -0.00040 0.86610 -0.49990
vn 0.45210 0.75970 -0.46740
vn -0.67350 -0.70150 0.23300
vn -0.89070 0.27320 -0.36340
vn -0.68440 0.57220 -0.45180
vn -0.61070 0.52910 -0.58920
vn -0.60610 0.57190 -0.55280
vn -0.05010 0.99870 0.01020
vn -0.35030 0.18580 -0.91800
vn -0.85500 0.32280 -0.40590
vn -0.34510 0.19290 -0.91850
vn -0.95510 0.14890 -0.25610
vn -0.04570 0.05330 -0.99750
vn -0.96030 0.08370 -0.26610
vn -0.94280 0.00050 -0.33330
vn -0.96990 0.04090 -0.24020
vn -0.55840 0.67980 -0.47550
vn 0.99140 0.13010 -0.01110
vn 0.99220 0.12320 0.01810
vn 0.91010 0.01750 0.41400
vn 0.72750 0.55840 -0.39870
vn 0.84140 0.41630 -0.34460
vn 0.72990 0.60690 -0.31460
vn 0.43300 0.87180 -0.22890
vn 0.81000 0.47100 -0.34930
vn 0.82600 -0.03800 -0.56230
vn 0.75980 -0.18540 -0.62310
vn 0.26040 0.83640 -0.48240
vn 0.52220 0.78960 -0.32220
vn 0.90500 -0.00650 -0.42530
vn 0.31060 0.72920 -0.60970
vn 0.58440 0.30790 -0.75080
vn 0.70170 -0.28280 -0.65400
vn 0.11060 0.85800 -0.50170
vn 0.12490 0.83800 -0.53120
vn -0.04190 -0.03750 -0.99840
vn 0.23290 0.04600 -0.97140
vn 0.11050 -0.06360 -0.99180
vn 0.01710 0.85190 -0.52340
vn -0.01060 0.99970 -0.02050
vn -0.05110 0.86610 -0.49730
vn 0.00980 0.82470 -0.56550
vn 0.02270 -0.99970 -0.00690
vn 0.07370 -0.99240 -0.09860
vn -0.04220 -0.10810 -0.99320
vn -0.37920 -0.12500 -0.91680
vn 0.01680 -0.99990 0.00360
vn -0.54660 -0.09550 -0.83190
vn -0.31260 0.73880 -0.59700
vn -0.35750 0.65240 -0.66820
vn -0.82720 0.43330 -0.35780
vn -0.82710 0.43340 -0.35780
vn -0.66800 -0.18800 -0.72000
vn -0.68650 0.65020 -0.32560
vn -0.90110 0.16630 -0.40050
vn -0.06330 -0.99790 -0.01630
vn -0.86060 0.35720 -0.36310
vn 0.99790 0.06350 -0.01160
vn 0.98700 0.06740 0.14570
vn 0.99450 0.07590 0.07250
vn 0.87680 -0.05370 0.47790
vn 0.99650 0.06270 0.05510
vn 0.90160 0.11470 0.41720
vn 0.98230 0.09190 -0.16350
vn 0.97910 0.12190 -0.16260
vn 0.78300 0.06440 0.61860
vn -0.00460 -1.00000 -0.00520
vn -0.00980 -0.99990 -0.00560
vn 0.97670 0.14080 -0.16200
vn -0.01110 -0.99990 -0.00570
vn -0.01150 -0.10930 0.99390
vn 0.36420 -0.14920 0.91930
vn -0.00450 -0.00810 1.00000
vn -0.24390 -0.16880 0.95500
vn -0.00430 -0.99990 0.01540
vn 0.00090 -1.00000 0.00550
vn -0.25680 -0.19780 0.94600
vn -0.05830 -0.99140 0.11750
vn -0.95810 -0.22080 -0.18270
vn -0.98840 -0.14100 -0.05580
vn -0.98110 -0.15000 -0.12210
vn -0.92330 -0.06760 0.37800
vn -0.98050 0.02410 0.19520
vn 0.97910 0.12180 -0.16260
vn 0.27760 -0.02650 0.96030
vn -0.00440 -0.99990 0.01540
vn 0.35800 -0.15230 -0.92120
vn 0.43950 -0.08570 -0.89420
vn 0.45290 -0.08420 -0.88760
vn 0.03190 -0.99620 -0.08120
vn -0.00960 -1.00000 -0.00100
vn 0.09670 -0.99030 -0.09930
vn 0.33460 0.03510 -0.94170
vn 0.30240 -0.18950 -0.93410
vn 0.02950 -0.99180 -0.12450
vn 0.05710 -0.98280 -0.17580
vn 0.24040 -0.24000 -0.94050
vn -0.56260 0.79030 0.24250
vn -0.00580 -0.99140 -0.13100
vn -0.06370 0.02940 -0.99750
vn -0.30610 -0.11710 -0.94480
vn -0.32120 -0.10760 -0.94090
vn -0.31660 -0.08120 -0.94510
vn -0.37920 -0.07010 -0.92270
vn -0.06280 -0.99320 -0.09790
vn -0.35190 -0.35150 -0.86750
vn -0.94920 -0.09950 -0.29840
vn -0.96520 -0.04670 -0.25720
vn -0.92540 -0.15950 -0.34390
vn -0.89400 -0.14750 -0.42320
vn -0.96660 -0.11030 -0.23140
vn -0.95550 -0.03500 -0.29280
vn -0.67360 -0.06560 0.73620
vn -0.87000 -0.41770 -0.26200
vn -0.14010 -0.98880 -0.05190
vn -0.95060 -0.30010 -0.07960
vn -0.99170 -0.12050 0.04380
vn -0.95970 -0.13050 0.24900
vn -0.99440 -0.08340 -0.06440
vn 0.98950 0.14350 0.01980
vn 0.96550 0.01230 0.26000
vn 0.97560 0.19990 -0.09060
vn 0.44840 0.05010 0.89240
vn 0.29820 0.08040 0.95110
vn 0.28200 0.09360 0.95480
vn 0.16880 0.08370 0.98210
vn -0.02180 0.06840 0.99740
vn -0.42410 0.05240 0.90410
vn -0.07570 0.08030 0.99390
vn -0.21730 0.04730 0.97500
vn 0.04150 -0.98040 0.19240
vn 0.08590 -0.96780 0.23660
vn 0.05630 -0.97110 0.23180
vn 0.01580 -0.98590 0.16660
vn -0.64470 -0.06110 0.76200
vn 0.01000 -0.99400 0.10850
vn -0.70650 0.15550 0.69040
vn -0.69640 0.15500 0.70070
vn -0.70870 0.12100 0.69500
vn -0.38000 -0.08560 0.92100
vn -0.75400 -0.01720 0.65660
vn -0.98850 0.03380 -0.14740
vn -0.96390 0.06640 -0.25770
vn -0.91050 -0.05370 0.41000
vn -0.85000 -0.41210 0.32810
vn -0.61450 -0.74970 0.24560
vn -0.87390 -0.35140 0.33600
vn 0.40290 0.08580 0.91120
vn -0.99560 -0.03530 0.08710
usemtl Material
f 400/1124/920 270/1125/921 401/1126/922
f 401/1126/922 402/1127/923 403/1128/924
f 401/1126/922 403/1128/924 400/1124/920
f 401/1129/925 404/1130/926 402/1131/927
f 401/1129/925 275/1132/928 404/1130/926
f 274/1133/929 270/1134/929 400/1135/929
f 272/1136/930 275/1132/928 401/1129/925
f 401/1126/922 270/1125/921 272/1137/931
f 402/1138/932 404/1139/933 405/1140/934
f 270/730/598 271/731/599 272/732/600
f 400/1141/935 392/1142/936 274/1143/937
f 273/733/601 270/734/602 274/735/603
f 403/1144/938 402/1145/939 406/1146/940
f 402/1138/932 405/1140/934 406/1147/941
f 271/731/599 270/730/598 273/736/604
f 404/1148/942 275/1149/943 405/1150/944
f 403/1144/938 406/1146/940 407/1151/945
f 275/737/605 272/738/606 276/739/607
f 272/738/606 271/731/599 276/739/607
f 277/740/608 273/733/601 274/735/603
f 278/741/609 273/733/601 277/740/608
f 271/731/599 279/742/610 276/739/607
f 392/1142/936 400/1141/935 407/1152/946
f 280/743/611 271/731/599 273/736/604
f 403/1153/947 407/1154/947 400/1155/947
f 273/733/601 235/744/612 280/745/613
f 279/742/610 271/731/599 238/746/614
f 277/747/615 274/748/615 281/749/615
f 271/731/599 280/743/611 238/746/614
f 235/744/612 273/733/601 278/741/609
f 274/1143/937 392/1142/936 281/1156/948
f 279/750/616 282/751/617 276/752/618
f 286/771/633 275/772/634 276/773/633
f 286/1157/949 405/1150/944 275/1149/943
f 283/753/619 278/741/609 277/740/608
f 236/754/620 238/746/614 280/743/611
f 408/1158/950 407/1151/945 406/1146/940
f 235/755/621 234/756/622 280/743/611
f 279/750/616 238/757/623 237/758/624
f 234/756/622 236/754/620 280/743/611
f 408/1159/951 406/1160/952 405/1161/953
f 277/759/625 281/760/625 284/761/625
f 408/1162/954 288/1163/955 407/1164/955
f 392/1165/956 407/1164/955 288/1163/955
f 405/1166/957 286/1167/957 287/1168/957
f 405/1161/953 287/1169/958 408/1159/951
f 235/762/626 278/763/627 241/764/628
f 233/611/519 234/612/520 235/613/521
f 279/750/616 237/758/624 282/751/617
f 236/614/522 237/615/522 238/616/522
f 282/751/617 258/765/629 276/752/618
f 278/763/627 283/753/619 243/766/630
f 236/617/523 234/612/520 239/618/524
f 288/1170/959 408/1159/951 287/1169/958
f 285/774/635 286/771/633 276/773/633
f 284/767/631 283/753/619 277/740/608
f 233/611/519 235/613/521 240/619/525
f 235/613/521 241/620/526 240/619/525
f 243/766/630 241/764/628 278/763/627
f 287/1093/900 259/1094/900 288/1095/900
f 237/680/561 236/681/561 242/682/561
f 276/768/632 258/769/632 285/770/632
f 284/767/631 243/766/630 283/753/619
f 242/621/527 236/673/527 239/674/527
f 287/1096/901 286/1097/901 285/1098/901
f 243/775/636 284/776/637 281/777/638
f 258/765/629 282/751/617 237/758/624
f 287/778/639 285/779/639 259/780/639
f 241/620/526 243/622/528 240/619/525
f 288/1099/902 281/1100/902 392/1101/902
f 258/781/640 259/782/640 285/783/640
f 539/1631/1294 540/1632/1295 541/1633/1295
f 541/1686/1334 556/1687/1335 539/1688/1336
f 281/777/638 288/784/641 246/785/642
f 542/1634/1296 541/1633/1295 540/1632/1295
f 556/1687/1335 557/1689/1337 539/1688/1336
f 543/1635/1297 541/1636/1298 519/1637/1299
f 240/623/529 243/624/529 244/625/529
f 556/1687/1335 541/1686/1334 543/1690/1338
f 246/807/661 288/786/643 259/787/644
f 457/1347/1085 448/1348/1086 450/1349/1087
f 457/1347/1085 450/1349/1087 451/1350/1088
f 451/1350/1088 460/1351/1089 457/1347/1085
f 281/777/638 245/788/645 243/775/636
f 543/1690/1338 558/1691/1339 556/1687/1335
f 448/1311/1055 449/1312/1056 450/1313/1057
f 451/1314/1058 450/1346/1084 438/1315/1059
f 519/1692/1340 518/1693/1341 543/1713/1360
f 450/1346/1084 452/1316/1060 436/1317/1061
f 556/1687/1335 559/1694/1342 557/1689/1337
f 457/1347/1085 460/1351/1089 461/1352/1090
f 438/1315/1059 450/1346/1084 436/1317/1061
f 451/1314/1058 438/1315/1059 440/1318/1062
f 452/1319/1063 450/1320/1064 453/1321/1065
f 541/1638/1300 542/1639/1300 544/1640/1300
f 454/1322/1066 449/1312/1056 448/1311/1055
f 246/807/661 259/787/644 289/789/646
f 541/1636/1298 545/1641/1301 519/1637/1299
f 461/1353/1091 455/1354/1091 457/1355/1091
f 450/1313/1057 449/1312/1056 453/1323/1067
f 543/1758/1396 461/1759/1396 558/1760/1397
f 237/722/591 242/683/562 258/684/562
f 289/789/646 259/787/644 261/790/647
f 436/1275/1035 437/1276/1036 438/1277/1037
f 439/1278/1038 440/1279/1038 438/1309/1038
f 448/1324/1068 455/1325/1069 454/1326/1070
f 245/626/530 244/627/530 243/675/558
f 438/1277/1037 437/1276/1036 439/1280/1039
f 539/1695/1343 557/1696/1344 540/1697/1344
f 437/1276/1036 441/1281/1040 439/1282/1041
f 261/790/647 246/807/661 289/789/646
f 409/1283/1042 439/1282/1041 441/1281/1040
f 442/1284/1043 437/1276/1036 436/1275/1035
f 260/791/648 259/792/648 258/793/648
f 456/1327/1071 436/1317/1061 452/1316/1060
f 281/777/638 246/785/642 245/788/645
f 543/1713/1360 518/1693/1341 455/1698/1345
f 437/1276/1036 442/1284/1043 441/1281/1040
f 457/1328/1072 455/1325/1069 448/1324/1068
f 259/685/563 260/686/563 261/687/563
f 451/1381/1116 462/1356/1092 460/1357/1093
f 455/1761/1398 461/1759/1396 543/1758/1396
f 451/1381/1116 440/1358/1094 463/1359/1095
f 261/790/647 247/794/649 246/807/661
f 542/1642/1302 540/1643/1303 544/1644/1303
f 519/1637/1299 546/1645/1304 522/1646/1305
f 559/1694/1342 556/1687/1335 558/1691/1339
f 541/1636/1298 544/1647/1306 545/1641/1301
f 461/1762/1399 465/1763/1400 558/1791/1424
f 258/684/562 242/683/562 260/688/564
f 517/1582/1258 518/1583/1259 519/1584/1260
f 442/1284/1043 412/1285/1044 441/1281/1040
f 545/1641/1301 546/1645/1304 519/1637/1299
f 520/1585/1261 518/1583/1259 517/1582/1258
f 246/628/531 247/629/531 245/676/531
f 393/1102/903 394/1103/904 395/1104/905
f 461/1360/1096 464/1361/1097 465/1362/1098
f 449/1312/1056 454/1322/1066 453/1323/1067
f 462/1356/1092 451/1381/1116 463/1359/1095
f 462/1363/1099 466/1364/1100 460/1351/1089
f 559/1764/1401 558/1791/1424 572/1765/1402
f 545/1641/1301 544/1648/1307 546/1645/1304
f 519/1649/1308 522/1650/1308 517/1651/1308
f 436/1286/1045 443/1287/1045 442/1288/1045
f 239/618/524 234/612/520 233/611/519
f 443/1289/1046 436/1310/1046 444/1290/1046
f 458/1329/1073 436/1317/1061 456/1327/1071
f 396/1105/906 395/1106/906 394/1107/906
f 544/1644/1303 540/1643/1303 547/1652/1309
f 458/1330/1074 452/1319/1063 453/1321/1065
f 439/1365/1101 463/1359/1095 440/1358/1094
f 290/1108/907 393/1102/903 395/1104/905
f 396/1171/960 394/1172/960 409/1173/960
f 247/630/532 248/631/533 245/632/534
f 245/626/530 240/633/535 244/627/530
f 393/1102/903 290/1108/907 293/1109/908
f 409/1283/1042 441/1281/1040 396/1291/1047
f 396/1291/1047 441/1281/1040 412/1285/1044
f 456/1331/1075 452/1332/1075 458/1333/1075
f 464/1366/1102 461/1352/1090 460/1351/1089
f 445/1292/1048 442/1293/1048 443/1294/1048
f 458/1329/1073 444/1334/1076 436/1317/1061
f 554/1699/1346 540/1697/1344 557/1696/1344
f 260/689/565 262/690/565 261/691/565
f 546/1645/1304 548/1653/1310 522/1646/1305
f 261/795/650 249/796/650 247/797/651
f 245/632/534 248/631/533 240/634/536
f 572/1765/1402 558/1791/1424 465/1763/1400
f 239/618/524 233/611/519 123/635/537
f 260/692/566 242/693/567 263/694/568
f 394/1226/995 393/1227/996 422/1228/997
f 247/630/532 249/636/538 248/631/533
f 572/1765/1402 560/1766/1403 559/1764/1401
f 528/1654/1311 522/1646/1305 548/1653/1310
f 250/637/539 233/638/540 240/634/536
f 409/1367/1103 463/1368/1104 439/1369/1105
f 248/631/533 251/639/541 240/634/536
f 396/1217/990 410/1174/961 395/1175/961
f 261/795/650 290/798/652 249/796/650
f 442/1284/1043 445/1295/1049 412/1285/1044
f 447/1335/1077 453/1323/1067 454/1322/1066
f 239/695/569 263/696/570 242/723/592
f 446/1336/1078 458/1330/1074 453/1321/1065
f 290/808/662 261/799/653 262/800/654
f 410/1174/961 411/1176/962 395/1175/961
f 292/1110/909 293/1109/908 290/1108/907
f 397/1111/910 290/1108/907 395/1104/905
f 520/1586/1262 517/1587/1263 521/1588/1264
f 240/634/536 251/639/541 250/637/539
f 549/1655/1312 544/1656/1313 547/1657/1314
f 248/801/655 249/809/663 291/802/656
f 262/800/654 292/803/657 290/808/662
f 396/1177/963 412/1178/963 410/1179/963
f 394/1229/998 423/1230/999 409/1231/1000
f 260/692/566 263/694/568 264/697/571
f 249/1112/911 290/1108/907 397/1111/910
f 422/1228/997 424/1232/1001 425/1233/1002
f 445/1295/1049 413/1296/1050 412/1285/1044
f 466/1364/1100 464/1366/1102 460/1351/1089
f 422/1228/997 393/1227/996 424/1232/1001
f 411/1180/964 399/1181/964 395/1182/964
f 423/1230/999 426/1234/1003 409/1231/1000
f 463/1370/1106 466/1364/1100 462/1363/1099
f 409/1367/1103 426/1371/1107 463/1368/1104
f 262/724/593 260/692/566 264/697/571
f 564/1716/1363 447/1717/1364 454/1718/1365
f 292/803/657 262/800/654 265/804/658
f 455/1719/1366 564/1720/1367 454/1721/1368
f 252/1113/912 249/1121/919 397/1114/913
f 458/1330/1074 443/1337/1079 444/1338/1080
f 447/1339/1081 446/1336/1078 453/1321/1065
f 427/1372/1108 466/1364/1100 463/1370/1106
f 293/1122/914 398/1115/914 393/1116/915
f 262/724/593 264/697/571 265/698/572
f 249/809/663 252/805/659 291/802/656
f 554/1700/1347 557/1701/1348 559/1714/1361
f 423/1235/1004 394/1236/1005 422/1237/1006
f 413/1183/965 410/1184/966 412/1218/991
f 397/1185/967 395/1186/967 399/1187/967
f 293/806/660 292/803/657 265/804/658
f 517/1628/1265 522/1589/1265 523/1590/1265
f 526/1722/1369 455/1723/1369 518/1724/1369
f 398/1238/1007 424/1232/1001 393/1227/996
f 529/1658/1315 548/1653/1310 546/1645/1304
f 458/1330/1074 446/1336/1078 443/1337/1079
f 464/1366/1102 466/1364/1100 467/1373/1109
f 521/1588/1264 524/1591/1266 520/1586/1262
f 293/1122/914 265/1117/916 398/1115/914
f 549/1659/1316 550/1660/1316 544/1661/1316
f 414/1188/968 411/1189/969 410/1184/966
f 426/1382/1117 427/1372/1108 463/1370/1106
f 445/1297/1051 443/1298/1051 417/1299/1051
f 252/1113/912 397/1114/913 399/1118/917
f 417/1300/1052 443/1301/1052 446/1302/1052
f 546/1645/1304 551/1662/1317 529/1658/1315
f 565/1725/1370 447/1717/1364 564/1716/1363
f 546/1645/1304 544/1648/1307 552/1663/1318
f 423/1235/1004 422/1237/1006 425/1239/1008
f 447/1340/1082 417/1341/1082 446/1342/1082
f 445/1303/1053 417/1304/1053 413/1305/1053
f 517/1592/1267 524/1593/1267 521/1594/1267
f 523/1595/1268 525/1596/1269 517/1597/1269
f 518/1583/1259 520/1585/1261 526/1598/1270
f 410/1184/966 413/1183/965 414/1188/968
f 564/1720/1367 455/1719/1366 459/1726/1371
f 459/1726/1371 455/1719/1366 526/1727/1372
f 251/639/541 248/631/533 252/640/542
f 565/1725/1370 564/1716/1363 459/1728/1373
f 553/1664/1319 547/1665/1320 540/1666/1319
f 528/1654/1311 548/1653/1310 529/1658/1315
f 559/1714/1361 560/1702/1349 554/1700/1347
f 263/696/570 239/695/569 266/699/573
f 57/267/236 78/268/236 120/269/236
f 425/1233/1002 424/1232/1001 346/1240/1009
f 468/1374/1110 466/1364/1100 427/1372/1108
f 550/1667/1321 552/1668/1321 544/1669/1321
f 78/186/152 65/187/153 79/188/154
f 78/270/237 57/271/238 60/272/237
f 52/119/101 57/120/101 53/121/101
f 78/318/276 79/273/239 120/274/240
f 411/1189/969 414/1188/968 399/1219/992
f 527/1599/1271 528/1600/1272 529/1601/1273
f 250/637/539 251/639/541 155/641/543
f 60/122/102 57/123/103 52/124/104
f 120/275/241 82/276/242 57/277/243
f 417/1306/1054 447/1307/1054 416/1308/1054
f 263/725/594 267/700/574 264/726/595
f 78/270/237 60/272/237 65/278/244
f 468/1374/1110 467/1373/1109 466/1364/1100
f 82/276/242 120/275/241 80/279/245
f 73/280/246 85/281/247 121/282/248
f 85/281/247 73/280/246 63/283/249
f 427/1241/1010 426/1234/1003 428/1242/1011
f 429/1243/1012 424/1232/1001 398/1238/1007
f 265/1119/918 269/1120/918 398/1123/918
f 120/274/240 79/273/239 101/284/250
f 424/1232/1001 429/1243/1012 346/1240/1009
f 66/285/251 57/277/243 82/276/242
f 547/1657/1314 553/1670/1322 549/1655/1312
f 522/1602/1274 528/1629/1274 523/1603/1274
f 423/1230/999 428/1242/1011 426/1234/1003
f 52/95/85 53/96/85 54/97/85
f 80/189/155 81/190/156 82/191/157
f 465/1362/1098 464/1361/1097 469/1375/1111
f 85/281/247 104/286/252 121/282/248
f 61/125/105 62/126/106 63/127/107
f 468/1374/1110 427/1372/1108 428/1376/1112
f 464/1366/1102 467/1373/1109 469/1377/1113
f 82/191/157 81/190/156 66/192/158
f 552/1663/1318 551/1662/1317 546/1645/1304
f 573/1767/1404 560/1766/1403 572/1765/1402
f 61/165/137 63/166/137 73/167/137
f 574/1768/1405 572/1765/1402 465/1763/1400
f 423/1235/1004 425/1239/1008 346/1244/1013
f 121/282/248 104/286/252 122/287/253
f 553/1664/1319 540/1666/1319 554/1671/1323
f 549/1655/1312 553/1670/1322 550/1672/1324
f 447/1729/1374 565/1730/1374 459/1731/1374
f 64/128/108 65/129/109 60/163/136
f 239/695/569 268/701/575 266/699/573
f 447/1343/1083 459/1344/1083 416/1345/1083
f 121/282/248 123/288/254 73/280/246
f 252/805/659 248/801/655 291/802/656
f 414/1188/968 413/1183/965 415/1190/970
f 526/1727/1372 536/1732/1375 459/1726/1371
f 415/1191/971 399/1219/992 414/1188/968
f 252/1192/972 399/1219/992 257/1193/973
f 250/637/539 253/642/544 233/677/559
f 528/1600/1272 527/1599/1271 523/1604/1275
f 124/289/255 120/290/255 125/291/255
f 416/1194/974 413/1183/965 417/1195/975
f 573/1767/1404 561/1769/1406 560/1766/1403
f 62/130/110 57/131/111 66/132/112
f 63/292/256 67/293/256 85/294/256
f 257/1193/973 399/1219/992 415/1191/971
f 79/230/194 89/231/197 101/232/199
f 81/190/156 83/193/159 66/192/158
f 524/1591/1266 530/1605/1276 520/1586/1262
f 80/319/277 120/295/257 124/296/258
f 67/133/113 63/127/107 62/126/106
f 532/1673/1325 552/1663/1318 550/1674/1326
f 156/643/545 251/639/541 252/640/542
f 574/1770/1407 465/1771/1408 469/1772/1409
f 104/297/259 85/320/259 86/298/259
f 101/284/250 125/299/260 120/274/240
f 70/194/160 65/187/153 64/195/161
f 532/1673/1325 551/1662/1317 552/1663/1318
f 560/1702/1349 561/1703/1350 554/1700/1347
f 73/182/150 74/168/138 61/169/138
f 250/637/539 254/644/546 253/642/544
f 123/678/560 233/677/559 253/642/544
f 573/1767/1404 572/1765/1402 574/1768/1405
f 123/288/254 74/300/261 73/280/246
f 102/301/262 80/319/277 124/296/258
f 54/134/114 60/122/102 52/124/104
f 155/641/543 255/645/547 250/637/539
f 517/1597/1269 525/1596/1269 524/1606/1277
f 239/695/569 123/702/576 268/701/575
f 88/233/201 81/234/202 80/235/203
f 84/196/162 79/188/154 65/187/153
f 123/703/577 121/704/577 127/705/577
f 536/1733/1376 526/1734/1376 520/1735/1376
f 550/1675/1327 534/1676/1328 532/1683/1333
f 121/302/263 122/303/264 126/304/263
f 467/1373/1109 468/1374/1110 432/1378/1114
f 529/1607/1278 523/1604/1275 527/1599/1271
f 269/706/578 265/698/572 264/697/571
f 85/197/163 67/198/164 72/199/165
f 84/196/162 65/187/153 70/194/160
f 61/183/151 71/170/139 62/171/140
f 468/1374/1110 428/1376/1112 432/1378/1114
f 86/200/166 85/197/163 87/201/167
f 83/193/159 11/202/168 66/192/158
f 87/201/167 85/197/163 72/199/165
f 81/190/156 88/203/169 83/193/159
f 68/135/115 62/130/110 66/132/112
f 125/299/260 101/284/250 106/305/265
f 127/306/266 121/302/263 126/304/263
f 470/1773/1410 574/1770/1407 469/1772/1409
f 69/136/116 67/133/113 62/126/106
f 68/135/115 66/132/112 11/137/117
f 529/1658/1315 551/1662/1317 532/1673/1325
f 74/168/138 75/172/141 61/169/138
f 56/138/118 62/139/118 58/140/118
f 523/1608/1279 524/1609/1279 525/1610/1279
f 68/135/115 69/141/119 62/130/110
f 254/644/546 250/637/539 255/645/547
f 253/646/548 74/647/548 123/648/548
f 80/235/203 102/236/204 88/233/201
f 269/1245/1014 429/1243/1012 398/1238/1007
f 64/128/108 18/142/120 16/143/121
f 64/128/108 16/143/121 70/144/122
f 531/1611/1280 529/1630/1293 532/1612/1281
f 555/1704/1351 553/1705/1352 554/1715/1362
f 61/183/151 75/173/142 71/170/139
f 562/1706/1353 554/1700/1347 561/1703/1350
f 531/1611/1280 524/1613/1282 523/1614/1283
f 54/118/100 2/98/86 55/99/86
f 56/100/87 53/101/88 57/102/89
f 56/145/123 57/131/111 62/130/110
f 529/1630/1293 531/1611/1280 523/1614/1283
f 89/204/170 79/188/154 84/196/162
f 268/701/575 123/702/576 127/707/579
f 264/726/595 267/700/574 269/708/580
f 268/727/596 191/709/581 266/728/597
f 83/228/193 13/205/171 11/206/172
f 459/1736/1377 566/1737/1378 416/1738/1379
f 155/641/543 251/639/541 156/643/545
f 266/728/597 267/700/574 263/725/594
f 62/164/124 71/146/124 58/147/124
f 423/1230/999 348/1246/1015 428/1242/1011
f 103/237/205 104/238/206 86/239/207
f 101/232/198 89/231/196 105/240/208
f 83/241/200 88/233/200 91/242/200
f 533/1615/1284 520/1616/1284 530/1617/1284
f 348/1247/1016 423/1235/1004 346/1244/1013
f 415/1190/970 413/1183/965 416/1194/974
f 54/134/114 55/148/125 60/122/102
f 55/149/126 64/128/108 60/163/136
f 5/103/90 53/101/88 56/100/87
f 126/307/267 122/308/268 104/309/269
f 18/142/120 64/128/108 55/149/126
f 538/1677/1329 550/1672/1324 553/1670/1322
f 67/133/113 69/136/116 22/150/127
f 5/104/91 54/105/91 53/106/91
f 533/1618/1285 530/1605/1276 524/1591/1266
f 67/133/113 22/150/127 72/151/128
f 127/707/579 191/710/582 268/701/575
f 84/196/162 90/207/173 89/204/170
f 105/240/208 106/243/211 101/232/198
f 532/1612/1281 534/1619/1286 531/1611/1280
f 524/1591/1266 531/1620/1287 533/1618/1285
f 432/1378/1114 469/1377/1113 467/1373/1109
f 103/310/270 126/307/267 104/309/269
f 416/1738/1379 566/1737/1378 418/1739/1380
f 573/1767/1404 574/1768/1405 575/1774/1411
f 253/649/549 256/650/549 74/651/549
f 191/710/582 127/707/579 190/711/583
f 534/1619/1286 535/1621/1288 531/1611/1280
f 535/1678/1330 534/1676/1328 550/1675/1327
f 459/1726/1371 536/1732/1375 567/1740/1381
f 574/1770/1407 470/1773/1410 575/1775/1412
f 112/311/271 124/312/271 125/313/271
f 535/1684/1331 550/1679/1331 538/1680/1331
f 54/107/92 5/108/93 2/109/93
f 553/1685/1332 555/1681/1332 538/1682/1332
f 91/208/174 13/205/171 83/228/193
f 252/1192/972 257/1193/973 156/1196/976
f 55/149/126 1/152/129 18/142/120
f 70/209/175 16/210/176 84/196/162
f 253/642/544 254/644/546 255/645/547
f 562/1707/1354 555/1704/1351 554/1715/1362
f 266/728/597 195/712/584 267/700/574
f 561/1776/1413 563/1777/1414 562/1778/1415
f 536/1622/1289 520/1623/1289 533/1624/1289
f 567/1741/1382 566/1737/1378 459/1736/1377
f 87/201/167 72/199/165 92/211/177
f 77/652/550 75/653/550 74/654/550
f 269/1245/1014 344/1248/1017 429/1243/1012
f 432/1779/1416 470/1780/1416 469/1781/1416
f 306/1197/977 257/1220/977 415/1221/993
f 256/655/551 77/656/551 74/657/551
f 531/1611/1280 535/1621/1288 537/1625/1290
f 41/174/143 71/170/139 75/173/142
f 416/1222/978 310/1198/978 415/1223/978
f 538/1708/1355 555/1709/1356 537/1710/1357
f 89/231/195 90/244/212 105/240/208
f 533/1626/1291 531/1611/1280 537/1625/1290
f 155/413/356 156/414/357 157/415/358
f 107/245/213 103/237/205 86/239/207
f 535/1621/1288 538/1627/1292 537/1625/1290
f 416/1224/994 418/1199/979 419/1200/980
f 21/153/130 72/151/128 22/150/127
f 128/314/272 126/307/267 103/310/270
f 147/713/585 127/729/585 126/714/585
f 561/1776/1413 573/1767/1404 563/1777/1414
f 568/1782/1417 573/1767/1404 575/1774/1411
f 310/1201/981 307/1202/981 415/1203/981
f 256/658/552 160/659/552 77/660/552
f 41/174/143 58/175/144 71/170/139
f 568/1782/1417 563/1777/1414 573/1767/1404
f 156/679/553 257/661/553 163/662/553
f 112/315/273 125/299/260 106/305/265
f 69/141/119 68/135/115 10/154/131
f 86/239/207 87/246/214 94/247/215
f 190/715/586 127/716/586 147/717/586
f 256/663/554 253/664/554 160/665/554
f 346/1249/1018 429/1243/1012 343/1250/1019
f 255/645/547 160/666/555 253/642/544
f 10/14/11 11/15/12 12/16/13
f 267/700/574 197/718/587 269/708/580
f 72/199/165 21/212/178 92/211/177
f 430/1251/1020 428/1252/1021 431/1253/1022
f 562/1711/1358 563/1712/1359 555/1709/1356
f 428/1274/1023 430/1254/1023 432/1255/1023
f 16/210/176 93/213/179 84/196/162
f 76/176/145 41/174/143 75/173/142
f 568/1783/1418 533/1784/1419 537/1785/1418
f 69/136/116 23/155/132 22/150/127
f 103/237/205 107/245/213 108/248/216
f 536/1742/1383 533/1743/1384 568/1744/1383
f 68/156/133 11/157/133 10/158/133
f 536/1742/1383 568/1744/1383 569/1745/1385
f 58/110/94 59/111/95 56/100/87
f 128/314/272 103/310/270 108/316/274
f 94/214/180 87/201/167 92/211/177
f 470/1379/1115 432/1383/1115 430/1380/1115
f 566/1746/1386 570/1747/1387 418/1748/1388
f 102/301/262 124/296/258 112/317/275
f 16/210/176 15/215/181 93/213/179
f 575/1774/1411 569/1786/1420 568/1782/1417
f 88/233/201 109/249/218 91/242/210
f 126/385/336 128/386/337 147/387/338
f 430/1749/1389 433/1750/1389 470/1751/1389
f 102/236/204 109/249/218 88/233/201
f 569/1787/1421 575/1788/1422 470/1789/1421
f 431/1253/1022 428/1252/1021 348/1256/1024
f 569/1787/1421 470/1789/1421 433/1790/1423
f 567/1752/1390 570/1747/1387 566/1746/1386
f 567/1740/1381 536/1732/1375 569/1753/1391
f 77/177/146 76/178/146 75/184/146
f 537/1785/1418 563/1792/1425 568/1783/1418
f 23/159/134 69/141/119 10/154/131
f 11/15/12 13/17/14 12/16/13
f 537/1710/1357 555/1709/1356 563/1712/1359
f 2/98/86 1/112/96 55/99/86
f 98/250/219 105/240/208 90/244/212
f 343/1250/1019 429/1243/1012 344/1248/1017
f 105/240/208 110/251/220 106/243/211
f 346/1244/1013 345/1257/1025 348/1247/1016
f 98/250/219 111/252/221 105/240/208
f 14/18/15 15/19/16 16/20/17
f 197/718/587 267/700/574 195/712/584
f 1/21/18 17/22/19 18/23/20
f 18/23/20 14/18/15 16/20/17
f 569/1754/1392 570/1747/1387 567/1752/1390
f 112/253/222 106/243/211 110/251/220
f 59/160/135 58/161/135 7/162/135
f 569/1754/1392 571/1755/1393 570/1747/1387
f 569/1754/1392 433/1756/1394 571/1755/1393
f 419/1200/980 310/1204/982 416/1224/994
f 86/239/207 94/247/215 107/245/213
f 342/952/782 343/953/783 344/954/784
f 7/113/97 58/114/97 41/115/97
f 111/252/221 110/251/220 105/240/208
f 420/1757/1395 418/1748/1388 570/1747/1387
f 109/249/217 95/254/223 91/242/209
f 93/213/179 90/207/173 84/196/162
f 196/955/785 344/954/784 269/956/786
f 433/1756/1394 420/1757/1395 571/1755/1393
f 418/1205/983 420/1206/983 419/1207/983
f 346/1249/1018 343/1250/1019 342/1258/1026
f 5/108/93 4/116/98 2/109/93
f 430/1259/1027 420/1260/1027 433/1261/1028
f 91/208/174 95/216/182 13/205/171
f 155/667/556 160/668/556 255/669/556
f 113/255/224 102/236/204 112/256/225
f 113/255/224 109/249/218 102/236/204
f 570/1747/1387 571/1755/1393 420/1757/1395
f 147/387/338 128/386/337 148/388/339
f 158/670/557 160/671/557 155/672/557
f 19/217/183 13/205/171 95/216/182
f 13/17/14 19/24/21 12/16/13
f 348/1256/1024 347/1262/1029 431/1253/1022
f 17/22/19 14/18/15 18/23/20
f 107/245/213 114/257/226 108/248/216
f 7/117/99 56/100/87 59/111/95
f 431/1263/1030 420/1260/1027 430/1259/1027
f 96/218/184 90/207/173 93/213/179
f 419/1200/980 421/1208/984 310/1204/982
f 20/25/22 21/26/23 22/27/24
f 94/247/215 115/258/227 107/245/213
f 97/219/185 94/214/180 92/211/177
f 23/28/25 20/25/22 22/27/24
f 257/1220/977 306/1197/977 163/1209/985
f 7/117/99 5/103/90 56/100/87
f 420/1210/986 421/1211/986 419/1212/986
f 415/1213/987 307/1214/987 306/1225/987
f 1/1/1 2/2/2 3/3/3
f 77/416/359 45/417/360 76/418/361
f 116/389/340 128/386/337 108/390/341
f 4/4/4 5/5/4 6/6/4
f 15/215/181 96/218/184 93/213/179
f 421/1208/984 311/1215/988 310/1204/982
f 2/2/2 4/7/5 3/3/3
f 96/218/184 98/220/186 90/207/173
f 107/245/213 115/258/227 114/257/226
f 97/219/185 92/211/177 21/212/178
f 148/388/339 128/386/337 149/391/342
f 434/1264/1031 420/1265/1031 431/1266/1031
f 24/29/26 23/30/27 10/31/28
f 507/1523/1207 421/1524/1208 420/1525/1209
f 434/1267/1032 431/1253/1022 347/1262/1029
f 191/710/582 190/711/583 192/719/588
f 108/248/216 114/257/226 116/259/228
f 23/28/25 24/32/29 20/25/22
f 41/57/52 42/58/53 7/59/54
f 117/260/229 110/251/220 111/252/221
f 193/720/589 266/728/597 191/709/581
f 128/386/337 116/389/340 149/391/342
f 158/419/362 155/413/356 157/415/358
f 112/358/311 110/359/312 144/360/313
f 159/420/363 160/421/364 158/422/365
f 434/1268/1033 435/1269/1033 420/1270/1033
f 161/423/366 160/421/364 159/420/363
f 510/1548/1227 420/1549/1228 435/1550/1229
f 161/424/367 45/417/360 77/416/359
f 8/33/30 17/22/19 1/21/18
f 195/712/584 266/728/597 193/720/589
f 144/392/343 113/393/343 112/394/343
f 115/258/227 94/247/215 97/261/230
f 109/249/217 118/262/231 95/254/223
f 160/425/368 161/426/368 77/427/368
f 508/1526/1210 509/1527/1211 421/1528/1212
f 12/34/31 25/35/32 26/36/33
f 507/1529/1213 508/1526/1210 421/1528/1212
f 5/8/6 7/9/7 6/10/7
f 507/1523/1207 420/1525/1209 510/1530/1214
f 14/18/15 27/37/34 15/19/16
f 41/185/148 76/179/147 45/180/148
f 190/484/411 147/485/412 151/486/413
f 10/31/28 12/34/31 26/36/33
f 513/1551/1230 510/1548/1227 435/1550/1229
f 1/1/1 3/3/3 8/11/8
f 507/1523/1207 510/1530/1214 511/1531/1215
f 345/957/787 346/958/787 342/959/787
f 99/263/232 111/252/221 98/250/219
f 15/215/181 27/221/187 96/218/184
f 162/428/369 156/450/389 163/429/370
f 118/361/314 109/362/315 119/363/316
f 45/180/148 42/181/149 41/185/148
f 162/428/369 163/429/370 164/430/371
f 109/249/218 113/255/224 119/264/233
f 306/866/715 307/867/716 308/868/717
f 510/1552/1231 513/1553/1231 512/1554/1231
f 148/487/414 151/517/414 147/488/414
f 511/1532/1216 510/1533/1216 512/1534/1216
f 502/1555/1232 473/1556/1233 491/1557/1234
f 499/1484/1180 473/1485/1181 500/1486/1182
f 499/1484/1180 500/1486/1182 501/1487/1183
f 473/1485/1181 502/1488/1184 500/1486/1182
f 21/212/178 20/222/188 97/219/185
f 511/1535/1217 512/1536/1218 507/1529/1213
f 491/1557/1234 512/1558/1235 513/1559/1236
f 513/1559/1236 502/1555/1232 491/1557/1234
f 191/489/415 192/490/416 193/491/417
f 151/486/413 192/492/418 190/484/411
f 434/1560/1237 514/1561/1238 435/1550/1229
f 17/22/19 28/38/35 14/18/15
f 99/223/189 98/220/186 96/218/184
f 14/18/15 28/38/35 27/39/36
f 25/40/37 12/16/13 19/24/21
f 435/1550/1229 515/1562/1239 513/1551/1230
f 144/364/317 119/363/316 113/365/318
f 96/218/184 27/221/187 35/224/190
f 501/1489/1185 471/1490/1185 499/1491/1186
f 116/366/319 114/367/320 130/368/321
f 502/1581/1257 516/1563/1240 500/1564/1241
f 7/41/38 29/42/38 9/43/38
f 157/415/358 165/431/372 158/419/362
f 130/368/321 114/367/320 115/369/322
f 29/60/55 7/59/54 42/58/53
f 24/29/26 10/31/28 26/36/33
f 347/960/788 348/961/788 349/962/788
f 502/1581/1257 513/1565/1242 516/1563/1240
f 350/963/789 348/964/790 345/999/820
f 17/22/19 8/33/30 28/38/35
f 111/252/221 99/263/232 117/265/234
f 514/1561/1238 434/1560/1237 352/1566/1243
f 99/223/189 96/218/184 35/224/190
f 159/420/363 166/432/373 161/423/366
f 491/1492/1187 473/1518/1187 492/1493/1187
f 97/321/278 20/322/279 32/323/280
f 490/1429/1149 491/1430/1149 492/1431/1149
f 6/10/7 7/9/7 9/12/9
f 145/370/323 144/360/313 110/359/312
f 473/1432/1150 472/1433/1151 492/1482/1179
f 512/1536/1218 508/1526/1210 507/1529/1213
f 312/1216/989 311/1215/988 421/1208/984
f 194/493/419 195/494/420 193/495/421
f 348/965/791 350/966/792 349/967/793
f 490/1567/1244 512/1558/1235 491/1557/1234
f 269/708/580 197/718/587 196/721/590
f 501/1489/1185 480/1494/1188 471/1490/1185
f 347/1271/1034 352/1272/1034 434/1273/1034
f 6/61/56 9/62/57 43/63/58
f 3/3/3 4/7/5 6/13/10
f 19/217/183 95/216/182 100/225/191
f 150/395/344 148/388/339 149/391/342
f 499/1495/1189 471/1496/1189 473/1497/1189
f 130/368/321 115/369/322 97/371/324
f 26/36/33 25/56/51 30/44/39
f 307/869/718 309/870/719 308/871/720
f 310/872/721 309/870/719 307/869/718
f 165/431/372 167/433/374 159/420/363
f 362/1537/1219 508/1526/1210 512/1536/1218
f 144/360/313 145/370/323 146/372/325
f 515/1568/1245 377/1569/1245 513/1570/1246
f 110/359/312 117/373/326 145/370/323
f 514/1561/1238 515/1562/1239 435/1550/1229
f 165/431/372 159/420/363 158/422/365
f 25/226/192 19/229/192 30/227/192
f 130/368/321 136/374/327 116/366/319
f 364/1538/1220 512/1539/1220 490/1540/1220
f 150/395/344 151/396/345 148/388/339
f 152/496/422 192/492/418 151/486/413
f 100/266/235 95/254/223 118/262/231
f 471/1384/1118 472/1385/1118 473/1386/1118
f 44/64/59 29/60/55 42/58/53
f 42/58/53 45/65/60 46/66/61
f 3/67/62 6/68/63 47/69/64
f 508/1526/1210 359/1541/1221 509/1527/1211
f 116/389/340 136/397/346 149/391/342
f 156/450/389 162/428/369 157/451/390
f 161/424/367 46/434/375 45/417/360
f 196/497/423 197/498/424 198/499/425
f 151/396/345 150/395/344 152/398/347
f 421/1528/1212 509/1527/1211 312/1542/1222
f 500/1498/1190 503/1499/1191 480/1500/1192
f 44/70/65 9/62/57 29/71/66
f 197/498/424 195/494/420 198/499/425
f 20/25/22 31/45/40 32/46/41
f 377/1571/1247 516/1572/1248 513/1573/1249
f 159/420/363 167/433/374 166/432/373
f 310/873/722 311/874/723 309/875/724
f 24/32/29 31/45/40 20/25/22
f 500/1498/1190 480/1500/1192 501/1501/1193
f 33/47/42 28/38/35 34/48/43
f 149/391/342 136/397/346 150/395/344
f 19/324/281 100/325/282 30/326/283
f 476/1434/1152 492/1482/1179 472/1433/1151
f 129/327/284 130/328/285 97/321/278
f 133/375/328 145/370/323 117/373/326
f 3/67/62 48/72/67 8/73/68
f 167/433/374 165/431/372 168/435/376
f 198/499/425 195/494/420 184/500/426
f 133/384/329 117/376/329 99/377/329
f 164/876/725 163/877/726 306/866/715
f 26/36/33 31/49/44 24/29/26
f 8/33/30 34/48/43 28/38/35
f 131/329/286 100/325/282 118/330/287
f 306/866/715 308/868/717 164/876/725
f 129/327/284 97/321/278 32/323/280
f 504/1574/1250 500/1575/1251 516/1572/1248
f 374/1576/1252 515/1562/1239 514/1561/1238
f 33/47/42 27/39/36 28/38/35
f 192/490/416 180/501/427 193/491/417
f 345/999/820 351/968/794 350/963/789
f 168/435/376 166/432/373 167/433/374
f 194/502/428 193/491/417 180/501/427
f 3/67/62 47/69/64 48/72/67
f 35/50/45 27/39/36 33/47/42
f 472/1387/1119 471/1388/1119 474/1389/1119
f 349/969/795 352/970/795 347/971/795
f 493/1435/1153 490/1436/1154 492/1482/1179
f 196/955/785 200/972/796 344/954/784
f 192/490/416 199/503/429 180/501/427
f 199/504/430 192/492/418 152/496/422
f 352/1566/1243 372/1577/1253 514/1561/1238
f 312/878/727 313/879/728 311/874/723
f 504/1574/1250 516/1572/1248 377/1571/1247
f 31/45/40 36/51/46 32/46/41
f 161/424/367 166/436/377 46/434/375
f 43/63/58 9/62/57 40/74/69
f 162/428/369 169/437/378 157/451/390
f 42/58/53 46/66/61 49/75/70
f 129/327/284 32/323/280 36/331/288
f 493/1435/1153 382/1437/1155 490/1436/1154
f 6/76/71 43/77/72 47/78/72
f 500/1498/1190 504/1502/1194 503/1499/1191
f 382/1438/1156 494/1439/1156 490/1440/1156
f 166/452/391 168/453/392 177/454/393
f 495/1441/1157 492/1482/1179 478/1442/1158
f 474/1390/1120 475/1391/1120 472/1392/1121
f 152/496/422 154/505/431 199/504/430
f 44/70/65 40/74/69 9/62/57
f 359/1541/1221 508/1526/1210 362/1537/1219
f 492/1482/1179 476/1434/1152 478/1442/1158
f 200/506/432 196/497/423 198/499/425
f 495/1441/1157 493/1435/1153 492/1482/1179
f 166/452/391 178/455/394 154/456/395
f 166/457/396 154/458/396 46/459/396
f 130/368/321 129/378/330 136/374/327
f 494/1443/1159 364/1444/1159 490/1445/1159
f 44/64/59 42/58/53 49/75/70
f 100/325/282 131/329/286 30/326/283
f 472/1393/1122 475/1394/1123 476/1395/1124
f 141/379/331 119/363/316 144/364/317
f 377/1569/1245 515/1568/1245 374/1578/1254
f 514/1561/1238 372/1577/1253 374/1576/1252
f 139/380/332 118/361/314 119/363/316
f 48/72/67 34/79/73 8/73/68
f 350/966/792 351/973/797 349/967/793
f 177/454/393 178/455/394 166/452/391
f 31/49/44 26/36/33 37/52/47
f 382/1446/1160 493/1447/1161 496/1448/1162
f 145/370/323 133/375/328 138/381/333
f 141/379/331 139/380/332 119/363/316
f 99/332/289 132/333/290 133/334/291
f 146/372/325 145/370/323 138/381/333
f 362/1543/1223 512/1544/1224 364/1545/1223
f 47/78/72 43/77/72 48/80/74
f 30/44/39 37/52/47 26/36/33
f 309/875/724 311/874/723 313/879/728
f 194/493/419 184/500/426 195/494/420
f 139/380/332 131/382/334 118/361/314
f 36/331/288 134/335/292 129/327/284
f 153/399/348 150/395/344 136/397/346
f 38/53/48 35/50/45 33/47/42
f 314/880/729 164/876/725 308/868/717
f 39/54/49 36/51/46 31/45/40
f 179/460/397 178/455/394 177/454/393
f 477/1396/1125 478/1397/1126 476/1395/1124
f 135/336/293 136/337/294 129/327/284
f 352/974/798 349/967/793 353/975/799
f 131/329/286 137/338/295 30/326/283
f 38/339/296 132/333/290 35/340/297
f 46/66/61 50/81/75 49/75/70
f 177/454/393 168/453/392 179/460/397
f 349/967/793 351/973/797 353/975/799
f 496/1449/1163 493/1450/1163 497/1451/1163
f 165/431/372 157/415/358 170/438/379
f 150/395/344 153/399/348 152/398/347
f 44/82/76 31/83/76 40/84/76
f 31/85/77 44/64/59 39/86/78
f 372/1037/851 352/1038/852 353/1039/853
f 141/400/349 144/401/349 146/402/349
f 342/976/800 354/977/800 345/978/800
f 50/403/350 46/404/350 154/405/350
f 37/52/47 40/55/50 31/49/44
f 99/332/289 35/340/297 132/333/290
f 134/335/292 135/336/293 129/327/284
f 153/399/348 136/397/346 135/406/351
f 137/338/295 37/341/298 30/326/283
f 154/507/433 180/501/427 199/503/429
f 36/331/288 39/342/299 134/335/292
f 146/372/325 138/381/333 141/383/335
f 164/876/725 314/880/729 315/881/730
f 362/1537/1219 360/1546/1225 359/1541/1221
f 138/343/300 133/334/291 132/333/290
f 344/954/784 355/979/801 342/952/782
f 384/1452/1164 497/1453/1164 493/1454/1164
f 169/437/378 162/428/369 164/430/371
f 194/502/428 180/501/427 182/508/434
f 139/344/301 137/338/295 131/329/286
f 152/398/347 50/407/352 154/408/353
f 198/575/490 202/576/490 200/577/490
f 372/1037/851 373/1040/854 374/1041/855
f 493/1455/1165 498/1456/1166 384/1457/1167
f 154/456/395 178/455/394 179/460/397
f 471/1398/1127 479/1399/1127 474/1400/1127
f 39/86/78 44/64/59 49/75/70
f 312/1001/821 359/1002/822 360/1003/823
f 361/1004/824 360/1003/823 362/1005/825
f 322/892/742 313/893/742 312/894/742
f 359/1541/1221 312/1542/1222 509/1527/1211
f 152/398/347 153/399/348 142/409/354
f 385/1458/1168 493/1455/1165 495/1459/1169
f 364/1460/1170 494/1461/1170 382/1462/1170
f 344/954/784 200/972/796 355/979/801
f 140/345/302 40/346/303 37/341/298
f 50/407/352 152/398/347 142/409/354
f 48/72/67 51/87/79 34/79/73
f 137/338/295 140/345/302 37/341/298
f 34/48/43 38/53/48 33/47/42
f 49/75/70 50/88/80 39/86/78
f 471/1401/1128 480/1402/1129 481/1403/1128
f 198/518/435 201/509/435 202/510/436
f 153/399/348 135/406/351 142/409/354
f 171/439/380 169/437/378 164/430/371
f 308/871/720 309/870/719 316/882/731
f 141/347/304 140/345/302 139/344/301
f 34/89/81 40/90/81 38/91/81
f 479/1404/1130 475/1391/1120 474/1390/1120
f 135/355/305 134/348/305 142/349/305
f 40/74/69 48/92/82 43/63/58
f 50/350/306 134/356/306 39/357/306
f 482/1405/1131 476/1395/1124 475/1394/1123
f 382/1446/1160 496/1448/1162 386/1463/1171
f 50/410/355 142/412/355 134/411/355
f 316/883/732 314/880/729 308/868/717
f 471/1406/1132 483/1407/1132 479/1408/1132
f 157/415/358 171/440/381 170/438/379
f 355/979/801 354/980/802 342/952/782
f 139/344/301 140/345/302 137/338/295
f 496/1448/1162 497/1464/1172 386/1463/1171
f 372/1037/851 358/1042/856 375/1043/857
f 34/79/73 51/87/79 40/93/83
f 315/881/730 314/880/729 316/883/732
f 198/499/425 184/500/426 203/511/437
f 361/1547/1226 362/1543/1223 364/1545/1223
f 345/999/820 356/981/803 351/968/794
f 356/981/803 345/999/820 354/982/804
f 171/440/381 157/415/358 169/441/382
f 132/333/290 38/339/296 143/351/307
f 495/1465/1173 478/1483/1173 486/1466/1173
f 132/333/290 143/351/307 138/343/300
f 203/512/438 201/509/435 198/518/435
f 479/1409/1133 482/1405/1131 475/1394/1123
f 48/92/82 40/74/69 51/94/84
f 309/870/719 317/884/733 316/882/731
f 360/1003/823 322/1006/826 312/1001/821
f 140/352/308 38/339/296 40/353/309
f 357/983/805 355/979/801 200/972/796
f 141/354/310 138/343/300 143/351/307
f 504/1574/1250 377/1571/1247 378/1579/1255
f 143/351/307 38/339/296 140/352/308
f 372/1037/851 353/1039/853 358/1042/856
f 182/513/439 184/500/426 194/493/419
f 168/435/376 165/431/372 172/442/383
f 140/352/308 141/354/310 143/351/307
f 478/1397/1126 477/1396/1125 484/1410/1134
f 503/1499/1191 505/1503/1195 480/1500/1192
f 495/1467/1174 486/1468/1174 385/1469/1174
f 478/1397/1126 484/1410/1134 485/1411/1135
f 385/1458/1168 498/1456/1166 493/1455/1165
f 173/885/734 164/876/725 318/886/736
f 480/1500/1192 505/1503/1195 506/1504/1196
f 374/1044/858 376/1045/858 377/1046/859
f 477/1396/1125 476/1395/1124 482/1405/1131
f 322/895/743 323/896/743 313/897/743
f 309/898/744 324/899/745 317/900/746
f 313/901/747 324/899/745 309/898/744
f 356/984/806 354/980/802 355/979/801
f 225/578/491 202/579/492 201/580/493
f 485/1411/1135 486/1412/1136 478/1397/1126
f 171/439/380 164/430/371 173/443/384
f 172/461/398 179/460/397 168/453/392
f 313/902/748 323/903/749 325/904/750
f 376/1047/860 378/1048/860 377/1049/860
f 315/881/730 318/886/736 164/876/725
f 326/905/751 323/906/751 322/907/751
f 504/1574/1250 378/1579/1255 503/1580/1256
f 361/1004/824 363/1007/827 360/1003/823
f 483/1413/1137 471/1401/1128 481/1403/1128
f 200/972/796 202/985/807 357/983/805
f 172/442/383 165/431/372 170/438/379
f 332/986/808 358/987/808 353/1000/808
f 322/948/752 327/908/752 326/909/753
f 373/1040/854 372/1037/851 375/1043/857
f 180/462/399 154/456/395 181/463/400
f 498/1470/1175 497/1471/1175 496/1472/1175
f 154/456/395 179/460/397 172/461/398
f 379/1050/861 358/1042/856 332/1051/862
f 322/948/752 328/910/754 327/908/752
f 315/881/730 316/883/732 319/887/737
f 482/1405/1131 484/1410/1134 477/1396/1125
f 328/1008/828 322/1006/826 360/1003/823
f 382/1473/1176 386/1474/1176 383/1475/1176
f 325/911/755 324/912/755 313/913/755
f 225/988/809 357/983/805 202/989/810
f 379/1050/861 375/1043/857 358/1042/856
f 498/1456/1166 385/1458/1168 384/1457/1167
f 201/514/440 203/511/437 183/515/441
f 173/443/384 174/444/385 171/439/380
f 318/886/736 315/881/730 319/887/737
f 353/990/811 351/991/812 334/992/813
f 363/1007/827 328/1008/828 360/1003/823
f 506/1505/1197 481/1506/1197 480/1519/1205
f 184/500/426 183/515/441 203/511/437
f 329/914/756 317/900/746 324/899/745
f 170/438/379 171/440/381 175/445/386
f 373/1072/881 375/1073/882 380/1052/863
f 351/968/794 356/981/803 335/993/814
f 497/1476/1177 384/1477/1177 386/1478/1177
f 376/1045/858 374/1044/858 373/1053/864
f 482/1405/1131 479/1414/1138 487/1415/1139
f 353/990/811 337/994/815 332/995/816
f 505/1507/1198 503/1508/1198 389/1509/1198
f 481/1416/1140 479/1414/1138 483/1417/1141
f 180/462/399 181/463/400 182/464/401
f 351/991/812 335/996/817 334/992/813
f 201/514/440 183/515/441 204/516/442
f 503/1520/1199 378/1510/1199 389/1511/1199
f 357/983/805 356/984/806 355/979/801
f 365/1479/1178 364/1480/1178 382/1481/1178
f 353/990/811 334/992/813 337/994/815
f 317/884/733 320/888/738 316/882/731
f 175/445/386 172/442/383 170/438/379
f 329/915/757 320/916/757 317/917/757
f 173/885/735 318/886/736 225/889/739
f 173/581/494 225/578/491 174/582/495
f 225/889/739 318/886/736 319/887/737
f 361/1009/829 364/1010/829 365/1011/829
f 154/456/395 172/461/398 181/463/400
f 183/465/402 184/466/402 182/467/402
f 225/578/491 201/580/493 204/583/496
f 321/997/818 356/984/806 357/983/805
f 484/1410/1134 482/1405/1131 487/1415/1139
f 319/887/737 316/883/732 320/890/740
f 381/1054/865 380/1052/863 375/1073/882
f 175/446/387 171/439/380 174/444/385
f 479/1414/1138 488/1418/1142 487/1415/1139
f 225/578/491 226/584/497 174/582/495
f 323/903/749 330/918/758 325/904/750
f 340/1012/830 338/1013/831 327/1014/832
f 204/583/496 226/584/497 225/578/491
f 486/1412/1136 485/1411/1135 487/1415/1139
f 328/1032/846 340/1012/830 327/1014/832
f 331/919/759 332/920/760 333/921/760
f 329/949/779 324/950/780 325/904/750
f 365/1075/884 382/1076/884 383/1077/884
f 225/988/809 321/997/818 357/983/805
f 175/468/403 185/469/403 172/470/403
f 363/1007/827 361/1004/824 366/1015/833
f 361/1004/824 365/1016/834 366/1015/833
f 323/922/761 326/923/761 330/924/761
f 334/925/762 335/926/763 320/927/764
f 319/887/737 321/891/741 225/889/739
f 484/1410/1134 487/1415/1139 485/1411/1135
f 336/928/765 326/929/766 327/930/767
f 332/920/760 337/931/768 333/921/760
f 321/997/818 335/998/819 356/984/806
f 383/1078/885 384/1079/886 385/1080/887
f 186/471/404 183/472/404 182/473/404
f 327/932/769 338/933/769 336/934/769
f 334/925/762 320/927/764 329/949/779
f 368/1055/866 378/1056/866 376/1057/866
f 386/1081/888 384/1079/886 383/1078/885
f 375/1058/867 379/1059/868 381/1060/869
f 376/1061/870 373/1072/881 380/1052/863
f 319/935/770 335/926/763 321/936/771
f 335/926/763 319/935/770 320/927/764
f 486/1419/1143 387/1420/1143 385/1421/1143
f 330/918/758 329/949/779 325/904/750
f 387/1422/1144 486/1423/1145 487/1415/1139
f 332/1062/871 331/1063/872 379/1059/868
f 383/1078/885 385/1080/887 387/1082/889
f 363/1007/827 366/1015/833 367/1017/835
f 227/585/498 204/586/499 228/587/500
f 330/937/772 326/938/772 339/939/772
f 389/1521/1206 506/1512/1200 505/1513/1201
f 329/949/779 330/918/758 339/940/773
f 226/588/501 204/586/499 227/585/498
f 228/587/500 204/586/499 183/589/502
f 176/447/388 175/448/388 174/449/388
f 226/588/501 229/590/503 174/591/504
f 174/591/504 229/590/503 205/592/505
f 487/1415/1139 488/1418/1142 387/1422/1144
f 339/941/774 326/929/766 336/928/765
f 368/1064/873 371/1065/874 366/1066/875
f 368/1018/836 366/1019/836 365/1020/836
f 506/1505/1197 391/1514/1202 481/1506/1197
f 379/1059/868 331/1063/872 381/1060/869
f 334/925/762 329/949/779 339/940/773
f 328/1032/846 363/1033/847 340/1012/830
f 368/1083/890 388/1084/891 378/1085/892
f 337/942/775 339/940/773 333/951/781
f 378/1085/892 388/1084/891 389/1086/893
f 481/1416/1140 488/1418/1142 479/1414/1138
f 337/942/775 334/925/762 339/940/773
f 339/940/773 336/943/776 333/951/781
f 228/593/506 183/594/507 210/595/507
f 226/588/501 227/585/498 229/590/503
f 368/1087/894 365/1088/895 388/1084/891
f 388/1084/891 365/1088/895 383/1089/896
f 340/944/777 336/945/777 338/946/777
f 369/1021/837 340/1034/848 363/1035/849
f 388/1084/891 390/1090/897 389/1086/893
f 371/1065/874 368/1064/873 376/1067/876
f 229/590/503 227/585/498 230/596/508
f 363/1022/838 367/1023/839 370/1024/840
f 363/1025/841 370/1026/841 369/1027/841
f 506/1512/1200 389/1521/1206 391/1515/1203
f 381/1054/865 376/1061/870 380/1052/863
f 230/597/509 205/592/505 229/590/503
f 376/1061/870 381/1054/865 371/1068/877
f 370/1024/840 367/1023/839 366/1028/842
f 341/947/778 333/951/781 336/943/776
f 341/1069/878 381/1054/865 331/1074/883
f 205/519/443 176/520/443 174/521/443
f 340/1034/848 341/1029/843 336/1030/844
f 383/1089/896 387/1091/898 390/1090/897
f 341/1029/843 340/1034/848 369/1021/837
f 390/1090/897 388/1084/891 383/1089/896
f 341/1069/878 331/1074/883 333/1070/879
f 230/596/508 227/585/498 231/598/510
f 187/474/405 186/483/405 182/475/405
f 481/1416/1140 489/1424/1146 488/1418/1142
f 371/1031/845 370/1024/840 366/1028/842
f 227/585/498 228/587/500 210/599/511
f 186/600/512 210/595/507 183/594/507
f 341/1029/843 369/1021/837 370/1036/850
f 370/1071/880 381/1054/865 341/1069/878
f 371/1068/877 381/1054/865 370/1071/880
f 230/601/513 206/602/514 205/603/515
f 389/1086/893 390/1090/897 391/1092/899
f 489/1425/1147 481/1428/1147 391/1426/1147
f 390/1427/1148 387/1422/1144 488/1418/1142
f 206/522/444 207/523/444 205/524/444
f 391/1522/1204 390/1516/1204 489/1517/1204
f 390/1427/1148 488/1418/1142 489/1424/1146
f 210/604/516 212/605/516 227/606/516
f 212/607/517 217/608/517 227/609/517
f 206/602/514 230/601/513 232/610/518
f 207/525/445 206/526/446 208/527/447
f 205/528/448 207/529/448 176/530/448
f 181/463/400 172/461/398 188/476/406
f 217/810/664 294/811/665 227/812/666
f 187/477/407 182/464/401 181/463/400
f 189/478/408 185/479/408 175/480/408
f 185/481/409 189/482/410 172/461/398
f 207/525/445 208/527/447 176/574/489
f 227/813/667 294/814/668 231/815/669
f 231/816/670 232/817/671 230/818/672
f 209/531/449 175/532/450 176/574/489
f 189/533/451 175/532/450 209/531/449
f 210/534/452 211/535/452 212/536/452
f 187/477/407 181/463/400 188/476/406
f 295/819/673 231/815/669 294/814/668
f 294/811/665 217/810/664 296/820/674
f 296/820/674 295/821/675 294/811/665
f 232/817/671 231/816/670 297/822/676
f 210/537/453 186/538/454 213/539/455
f 213/539/455 186/538/454 187/540/456
f 172/461/398 189/482/410 188/476/406
f 297/823/677 231/815/669 295/819/673
f 297/822/676 298/824/678 232/817/671
f 213/539/455 211/541/457 210/537/453
f 188/542/458 214/543/459 187/544/460
f 215/545/461 188/542/458 189/546/462
f 298/825/679 297/826/680 295/827/681
f 296/828/682 299/829/683 295/830/684
f 215/545/461 214/543/459 188/542/458
f 299/831/685 298/825/679 295/827/681
f 214/543/459 215/545/461 216/547/463
f 176/574/489 208/527/447 209/531/449
f 217/548/464 212/549/465 211/550/464
f 189/551/466 218/552/467 215/553/468
f 214/554/469 213/555/470 187/556/471
f 296/832/686 217/833/687 300/834/687
f 189/551/466 209/557/472 218/552/467
f 219/835/688 232/817/671 298/824/678
f 206/526/446 219/558/473 208/527/447
f 218/559/474 216/547/463 215/545/461
f 299/829/683 296/828/682 301/836/689
f 213/555/470 220/560/475 211/561/476
f 211/550/464 221/562/477 217/548/464
f 220/560/475 213/555/470 216/563/478
f 208/564/479 222/565/480 209/557/472
f 218/552/467 209/557/472 222/565/480
f 208/564/479 223/566/481 222/565/480
f 216/563/478 213/555/470 214/554/469
f 220/560/475 224/567/482 211/561/476
f 220/568/483 222/569/484 224/570/485
f 302/837/690 298/838/691 299/839/690
f 298/824/678 303/840/692 219/835/688
f 216/547/463 222/569/484 220/568/483
f 222/569/484 216/547/463 218/559/474
f 224/567/482 221/571/486 211/561/476
f 232/817/671 219/835/688 206/841/693
f 223/572/487 224/570/485 222/569/484
f 219/573/488 223/566/481 208/564/479
f 221/842/694 300/834/687 217/833/687
f 296/828/682 300/843/695 301/836/689
f 223/844/696 219/845/697 303/846/696
f 221/847/698 224/848/699 304/849/700
f 302/850/701 303/851/702 298/852/703
f 301/853/704 302/837/690 299/839/690
f 304/849/700 300/854/705 221/847/698
f 223/855/706 304/856/706 224/857/707
f 305/858/708 304/856/706 223/855/706
f 300/854/705 304/849/700 301/859/709
f 303/851/702 302/850/701 305/860/710
f 304/861/711 302/862/711 301/863/712
f 303/846/696 305/864/713 223/844/696
f 304/861/711 305/865/714 302/862/711
