# Delivery Dash City vehicle mesh (Bicycle_Body); units = studs; +X right, +Y up, -Z forward; origin = chassis centre
mtllib Bicycle.mtl
o Bicycle_Body
v -0.47633 1.74741 1.58547
v -0.49912 1.63259 1.72250
v -0.49551 1.75159 1.71403
v -0.44987 0.91169 1.63137
v -0.46720 0.93300 1.78034
v -0.42080 1.61527 1.62213
v -0.10029 2.00295 1.66980
v -0.23938 1.99886 1.67309
v 0.48731 1.95714 1.78474
v -0.45242 1.76485 1.67301
v -0.44730 1.75615 1.74097
v -0.41562 1.65522 1.77019
v -0.47026 1.67313 2.13780
v -0.46062 1.81504 2.11086
v -0.40469 2.00124 1.66991
v -0.20081 2.02392 2.13168
v -0.41523 1.99132 2.10923
v -0.48887 1.98611 2.11600
v -0.54130 1.82550 2.10980
v -0.45740 0.86497 2.52502
v -0.49610 1.81077 2.14451
v -0.33023 2.04034 2.13733
v -0.44050 1.49669 2.24962
v -0.43657 1.61552 2.14026
v -0.46034 2.02132 2.30825
v -0.45146 1.68079 2.34261
v -0.49643 1.66305 2.34785
v 0.69917 1.94150 1.79263
v -0.21153 2.04068 2.30838
v -0.54120 1.81951 2.35753
v -0.31740 2.04863 2.31313
v -0.48930 1.98159 2.35514
v -0.46520 1.78821 2.32405
v -0.42037 1.99571 2.36372
v -0.40407 2.02318 2.58726
v -0.46195 1.79994 2.36438
v -0.43638 1.65990 2.46094
v 0.33504 1.99383 2.46139
v -0.51508 1.78288 2.47351
v -0.45859 1.79989 2.65103
v -0.50841 1.65788 2.47713
v -0.51152 1.66153 2.63677
v -0.51789 1.77890 2.63051
v -0.42441 1.69809 2.65190
v -0.38236 2.00693 2.71142
v -0.05611 2.00861 2.73442
v 0.33067 1.99667 2.63221
v -0.46058 0.86832 2.68103
v -0.43773 1.70966 2.79206
v -0.43012 1.80705 2.78181
v -0.32315 0.93044 2.83976
v -0.31586 1.44320 2.82865
v -0.31233 1.70654 2.81968
v -0.05684 1.80489 2.83751
v -0.42549 0.93542 2.81827
v -0.11085 1.69832 2.80992
v -0.01409 1.70602 2.84370
v 0.00282 1.69503 2.81466
v -0.10507 0.93821 2.86832
v 0.48719 1.94268 1.60939
v 0.69995 1.94240 1.60642
v 0.71176 0.90591 1.62041
v 0.68920 1.61732 1.60171
v 0.70697 1.56431 1.62232
v 0.61801 1.97296 1.78106
v 0.77891 1.57198 1.60715
v 0.77905 1.69490 1.60424
v 0.77859 1.57859 1.80204
v 0.71210 1.57526 1.77373
v 0.70752 0.85898 1.77924
v 0.78165 1.70617 1.79575
v 0.71099 1.73335 1.79731
v 0.69164 1.63301 1.80516
v 0.71630 1.67605 2.44614
v 0.71480 1.77613 2.45500
v 0.71186 1.96074 2.45188
v 0.69557 0.91659 2.51719
v 0.69246 1.61374 2.48051
v 0.76312 1.74197 2.45752
v 0.76317 1.62299 2.46121
v 0.76281 1.75383 2.63973
v 0.62255 1.99882 2.46405
v 0.69104 1.61846 2.64825
v 0.76267 1.62646 2.64928
v 0.70378 1.96884 2.63154
v 0.72438 1.76241 2.65248
v 0.45607 1.98940 2.65974
v 0.59694 2.01510 2.67804
v 0.68978 1.66750 2.65566
v 0.70598 1.68027 2.79681
v 0.68479 0.92351 2.80949
v 0.46925 2.01526 2.67765
v 0.68383 1.96246 2.73598
v 0.71803 1.76691 2.78331
v 0.68154 1.77549 2.74361
v 0.64687 1.95966 2.74358
v 0.39163 1.96535 2.78432
v 0.38844 1.94914 2.74240
v 0.61518 1.78216 2.78475
v 0.38842 1.78728 2.82616
v 0.63526 1.42481 2.80216
v 0.62108 1.67588 2.80943
v 0.63243 1.70614 2.84402
v 0.39186 1.71497 2.84807
v 0.39516 1.68793 2.80382
v 0.41635 0.93458 2.84255
v 0.66740 0.85550 2.84691
v 0.72003 0.71756 1.44025
v 0.71824 0.71861 2.29628
v 0.34242 0.40576 1.44136
v 0.31032 0.66433 1.78227
v 0.34931 0.57661 1.80157
v -0.01129 0.47663 1.33419
v -0.01592 0.66811 1.78851
v -0.42415 0.86400 1.64055
v -0.29607 0.85874 1.62992
v -0.29760 0.84896 1.64526
v 0.69725 0.84177 1.62846
v -0.05903 0.37131 1.34660
v -0.06335 0.57229 1.79431
v 0.72283 0.83495 1.44194
v 0.57146 0.71536 1.65611
v -0.45980 0.71850 1.85867
v -0.23545 0.71534 1.54257
v -0.13728 0.71352 1.62211
v 0.47775 0.71471 1.64514
v -0.46030 0.83658 1.43478
v -0.45744 0.83960 1.94885
v -0.41113 0.86349 1.77495
v -0.09253 0.84256 1.96210
v -0.08934 0.84344 1.79095
v -0.05578 0.37669 1.87371
v -0.06606 0.52656 2.29364
v -0.10741 0.84888 2.52584
v 0.00006 0.84193 1.79484
v 0.60531 0.86017 1.76754
v -0.38079 0.87566 2.54533
v 0.35708 0.51704 2.29808
v 0.34424 0.38259 1.87554
v 0.31540 0.59930 2.30719
v -0.04724 0.34732 2.23289
v 0.04306 0.30155 2.20971
v -0.02424 0.60307 2.30703
v 0.71334 0.84578 2.52501
v -0.05890 0.18986 2.51292
v -0.22798 0.72178 2.62698
v -0.10220 0.72253 2.63159
v -0.46357 0.73294 2.79442
v -0.42061 0.85262 2.53220
v -0.42238 0.85286 2.82798
v 0.34210 0.34567 2.23234
v 0.66536 0.88289 2.52606
v 0.39856 0.72022 2.67326
v 0.34560 0.18325 2.51012
v 0.36666 0.30782 2.62746
v -0.07350 0.30988 2.63133
v 0.25990 0.30062 2.22035
v 0.05373 0.41106 2.64804
v 0.32972 0.37929 2.63864
v -0.02567 0.39213 2.66052
v 0.25149 0.41125 2.63483
v 0.69457 0.85471 2.68639
v 0.28962 0.30899 2.74636
v 0.37729 0.02940 2.86556
v 0.71824 0.73115 2.81209
v -0.01407 0.28763 2.77201
v 0.13105 0.27125 2.78324
v 0.50885 0.72022 2.67732
v -0.08463 0.01752 2.86885
v -0.22380 0.72209 2.74140
v 0.18676 0.33411 2.74034
v 0.39854 0.72433 2.79374
v 0.50976 0.72426 2.79765
v -0.22775 0.85238 2.68757
v 0.01153 0.87629 2.67158
v -0.31682 0.89085 2.80808
v 0.38397 0.72804 2.88493
v 0.39955 0.88103 2.77674
v 0.60197 0.87336 2.66896
v -0.10188 0.85632 2.77834
v 0.65046 0.87831 2.77519
v 0.13905 0.73686 2.92129
v 0.71193 0.85551 2.81231
v -0.10734 0.85496 2.87773
v 0.40219 0.85567 2.83324
v 0.31953 0.07565 2.93937
v -0.31571 0.86046 2.83829
v 0.13860 0.85771 2.91535
v 0.50482 0.72817 2.86917
v -0.01315 0.07388 2.94993
v -0.21741 1.44008 1.00419
v -0.05746 1.52796 1.36672
v -0.13012 1.52798 0.99102
v -0.13075 1.45859 1.46542
v -0.12292 1.25095 1.47464
v 0.35426 1.52816 1.36092
v -0.07569 1.44863 1.50905
v 0.42427 1.46390 1.46109
v 0.37574 1.38878 1.51558
v 0.39208 1.25251 1.50845
v -0.08322 1.25597 1.51679
v -0.06817 1.15182 1.40071
v 0.28651 1.25215 1.51592
v 0.71492 1.71238 1.47091
v -0.04530 1.73283 1.48869
v 0.67402 1.91655 1.50224
v 0.70682 1.62506 1.47250
v -0.04157 1.64326 1.50678
v -0.27589 1.66106 1.49283
v -0.26135 1.96814 1.49898
v 0.71100 1.73017 1.60518
v -0.05152 1.95890 1.50414
v 0.68279 1.61659 1.50607
v 0.10184 1.63143 1.53110
v -0.07023 1.63355 1.53191
v 0.23390 1.38509 1.52148
v -0.42718 1.65651 1.52004
v -0.42708 1.74934 1.51594
v -0.08204 0.90178 1.55472
v -0.39290 1.64807 1.55026
v -0.38256 1.96590 1.54233
v -0.28796 1.64280 1.55097
v -0.29761 1.34325 1.55688
v -0.40526 1.61863 1.58412
v -0.44486 0.90699 1.57595
v -0.30678 0.84462 1.56150
v -0.48343 1.62592 1.58834
v 0.24067 1.31069 0.32698
v 0.05696 1.30879 0.32589
v 0.06277 1.50221 0.36222
v 0.24004 1.50523 0.36580
v -0.00808 1.50247 0.45822
v 0.14379 1.55378 0.84531
v 0.30726 1.30947 0.40858
v 0.31700 1.49929 0.46726
v -0.21534 1.23045 1.02238
v 0.02486 0.79122 0.66335
v -0.00717 0.88876 0.85444
v 0.02214 0.93906 0.71184
v -0.13104 1.11044 1.04877
v 0.27300 0.91452 0.70263
v 0.15772 0.82253 0.67259
v 0.51486 1.44648 1.00116
v 0.42842 1.52784 0.99799
v 0.28840 0.87406 0.86463
v 0.27595 0.78961 0.66337
v 0.05180 0.95193 0.74077
v 0.24068 0.93558 0.73768
v 0.23844 1.16926 0.81655
v 0.51259 1.23334 1.03024
v 0.27009 0.84444 0.95532
v 0.01343 0.86036 0.95213
v 0.04962 1.11454 1.01907
v 0.42987 1.11197 1.04890
v 0.01076 0.53632 0.84680
v 0.04343 0.68836 0.90002
v 0.09276 0.84437 0.95313
v 0.19398 0.73935 0.92209
v 0.26967 0.67259 0.89955
v 0.17967 0.83289 0.95470
v 0.06546 0.70110 0.96398
v 0.23410 1.11343 1.01560
v 0.14258 0.65178 1.01269
v 0.14848 0.79074 1.06592
v 0.10845 0.62786 1.03077
v 0.36175 1.15188 1.40418
v 0.48891 0.71554 1.49031
v 0.58559 0.71066 1.49472
v 0.50114 0.37694 1.29913
v -0.22550 0.36347 1.28890
v -0.45793 0.71801 1.43197
v -0.41094 0.83824 1.40615
v -0.09545 0.71998 1.40643
v -0.14963 0.59266 1.60000
v -0.14484 0.28236 1.33006
v -0.08371 0.84278 1.54526
v 0.37459 0.30569 1.38112
v 0.40752 0.37689 1.29738
v -0.09255 0.85081 1.62213
v 0.69052 0.90812 1.48826
v -0.23502 0.50110 1.52251
v 0.08334 -0.58131 2.65091
v 0.21346 -0.44559 2.18358
v 0.08309 -0.54115 2.21459
v 0.08993 -0.28251 2.08718
v 0.07463 -0.10011 2.56371
v 0.07952 -0.00602 2.49750
v 0.21038 -0.69055 2.60366
v 0.20719 -0.55133 2.17606
v 0.08584 -0.32847 2.21529
v 0.21347 -0.10166 2.57132
v 0.19249 -0.27855 2.08548
v 0.21019 -0.00628 2.49807
v 0.02646 -0.12475 2.58832
v 0.04631 0.14175 2.49662
v 0.04128 0.08340 2.44094
v 0.25640 0.08757 2.43804
v -0.05690 -0.06041 2.69528
v 0.07853 -0.68431 2.60637
v 0.03517 -0.08553 2.67337
v 0.20675 -0.58157 2.65292
v 0.26266 0.15162 2.49007
v 0.26536 -0.06452 2.66886
v 0.26619 -0.34597 2.66190
v 0.03439 -0.59085 2.65185
v 0.02681 -0.36080 2.66840
v 0.34891 -0.05300 2.69033
v 0.25757 -0.58816 2.65285
v 0.26094 -0.33909 2.75607
v 0.25931 -0.57991 2.75456
v -0.07503 -0.33570 2.78398
v 0.03630 -0.33923 2.75760
v 0.04302 -0.59530 2.75144
v 0.36574 -0.33092 2.77928
v -0.05770 -0.62416 2.76351
v 0.35253 -0.61094 2.76549
v -0.07836 -0.64273 2.96949
v 0.37722 -0.64389 2.96654
v 0.37746 -0.30904 2.98861
v 0.29530 -0.29588 3.09525
v 0.00621 -0.29588 3.10000
v 0.00801 -0.67336 3.07336
v 0.29554 -0.66644 3.06915
v -0.19206 -0.26896 2.12295
v -0.09269 0.38875 1.31949
v -0.17380 0.22785 1.48064
v -0.17934 0.14197 1.37062
v -0.09581 -0.26091 2.12222
v -0.05579 0.26942 1.43887
v -0.04071 0.24288 1.53670
v -0.19549 -0.26742 1.86761
v -0.04991 0.18429 1.46712
v 0.03954 0.32341 1.87815
v 0.03838 0.19474 1.55518
v 0.03266 0.13175 1.62226
v 0.52891 0.01946 1.66672
v 0.46195 0.28402 1.38262
v 0.52133 -0.31347 2.18114
v 0.18790 -0.27373 1.98158
v 0.20364 0.00333 1.51087
v 0.20370 0.05366 1.56063
v 0.37161 0.20720 1.46686
v 0.09175 0.05154 1.56156
v -0.05719 0.07286 1.35460
v -0.03866 -0.26329 2.01684
v 0.03077 0.23287 1.88969
v 0.25799 0.33121 1.87767
v 0.26529 0.24587 1.90270
v 0.26289 0.14284 1.61169
v 0.33255 0.25243 1.53262
v 0.09828 -0.32486 1.90511
v 0.10496 0.00077 1.50746
v 0.20351 0.23543 2.00774
v 0.08266 0.23047 2.00754
v 0.08450 0.22527 2.11886
v 0.19345 0.22895 2.12634
v 0.25656 0.22470 2.21588
v 0.03892 0.22625 2.21125
v 0.25148 -0.33729 1.79486
v 0.36615 -0.31735 1.79641
v 0.34370 -0.29217 1.20152
v 0.44494 -0.30136 1.43715
v 0.44030 -0.32136 1.79924
v 0.50948 -0.33729 1.79839
v 0.34475 0.27506 1.39903
v 0.38223 -0.21301 1.65727
v -0.12106 -0.31199 1.82229
v 0.34623 -0.25766 1.83535
v 0.42666 -0.21612 1.67961
v 0.04766 -0.52212 1.33862
v 0.08461 -0.31621 1.81895
v 0.09540 -0.51509 1.86838
v 0.49833 0.07691 1.33407
v 0.52992 -0.28255 1.81222
v 0.26024 -0.52330 1.79095
v 0.26229 -0.52353 1.34016
v -0.05749 -0.30008 1.81821
v 0.18943 -0.32924 1.91357
v -0.20256 -0.31661 1.08222
v 0.37252 -0.26813 2.09673
v 0.20400 -0.52797 1.80068
v 0.21014 -0.30313 1.79577
v 0.50438 -0.52005 1.79589
v -0.11608 -0.51656 1.82461
v -0.04956 -0.29752 1.19340
v 0.57537 -0.52780 1.82392
v 0.57686 -0.28400 1.85863
v -0.22126 -0.52947 1.85690
v 0.10212 -0.27608 1.97853
v 0.53410 -0.26623 2.05228
v 0.08751 -0.26864 1.86912
v 0.20228 -0.51135 1.86616
v 0.56042 -0.53790 2.16042
v 0.19187 -0.56770 1.92791
v -0.00212 -0.55138 1.84516
v 0.56224 -0.29756 2.13070
v -0.22582 -0.31751 2.19817
v -0.19652 -0.61655 2.09984
v -0.22968 -0.53082 2.19540
v 0.47174 -0.57937 2.13608
v 0.53810 -0.61299 2.08387
v 0.10864 -0.56656 2.10304
v 0.20878 -0.61189 2.10589
v 0.21111 -0.31194 2.18263
v -0.18965 -0.27145 2.17783
v 0.08257 -0.61518 2.10329
v 0.19292 -0.37054 2.15537
v 0.09051 -0.36740 2.15871
v 0.26163 -1.15186 2.13626
v 0.26082 -1.02533 2.45349
v 0.33639 -1.19508 2.13589
v 0.26104 -1.05395 2.11905
v 0.10177 -0.96776 2.34239
v 0.20470 -0.97114 2.33852
v 0.04015 -1.14537 2.14023
v 0.03646 -1.02689 2.44869
v 0.02480 -1.06402 2.09758
v 0.10022 -1.00472 2.24172
v 0.20688 -1.00843 2.23977
v 0.26439 -0.96444 2.37831
v -0.04678 -1.20175 2.13054
v -0.06578 -1.07064 2.44882
v 0.35907 -1.06029 2.45679
v -0.06866 -1.21820 2.59541
v 0.02883 -0.96157 2.37995
v -0.05708 -1.40536 2.18967
v -0.00008 -1.50000 2.22309
v 0.36857 -1.39629 2.18655
v 0.37275 -1.21721 2.59668
v 0.32620 -1.49221 2.23820
v 0.31799 -1.30593 2.65350
v 0.25786 -0.78972 2.56125
v 0.00128 -1.30388 2.66714
v 0.03138 -0.79579 2.55862
v 0.25990 -0.83962 2.64899
v 0.04308 -0.84261 2.64036
v 0.35188 -0.85531 2.66849
v -0.05645 -0.85997 2.66772
v 0.00061 -1.01230 2.92787
v -0.06903 -0.95884 2.84389
v 0.36967 -0.96009 2.84584
v 0.31827 -1.00315 2.92470
v 0.32453 -1.21304 1.26011
v 0.37717 -1.14407 1.32702
v 0.36798 -1.36575 1.72976
v -0.06563 -1.15449 1.32360
v 0.00491 -1.21804 1.24765
v 0.00040 -1.47993 1.72304
v 0.32474 -1.47136 1.72406
v 0.36717 -0.68338 1.70871
v 0.34689 -0.73228 1.25356
v 0.46964 -0.68286 1.72853
v 0.47609 -0.60001 1.56862
v 0.48166 -0.58015 1.85400
v 0.37421 -1.01404 1.46436
v 0.04935 -0.74150 1.31140
v -0.06877 -1.01153 1.45696
v 0.04021 -0.99515 1.52188
v 0.26270 -0.98859 1.50285
v 0.25631 -0.72025 1.29918
v 0.26756 -0.91346 1.58335
v 0.34708 -0.65922 1.23297
v 0.34139 -0.63678 1.73283
v 0.36939 -0.58707 1.83539
v 0.26332 -0.69723 1.38905
v 0.03830 -0.70454 1.39261
v -0.05091 -1.18482 1.80001
v 0.37619 -0.55076 1.81650
v 0.34382 -0.54874 1.20495
v 0.02049 -0.92172 1.58241
v -0.05429 -1.37905 1.73537
v 0.04291 -1.12886 1.81478
v -0.04150 -0.54838 1.20486
v 0.34284 -1.18122 1.81321
v 0.09053 -0.94762 1.65307
v 0.19733 -0.94626 1.65717
v 0.26082 -1.04982 1.85820
v 0.02730 -1.04942 1.85527
v 0.09221 -1.00364 1.77122
v 0.20340 -1.00259 1.76845
v 0.26276 -1.13174 1.81179
v 0.25797 -0.58591 1.85772
v 0.09386 -0.80042 1.89340
v 0.08156 -0.61920 1.92565
v -0.18172 -0.61841 1.93110
v 0.19549 -0.65060 1.98930
v 0.22454 -0.68314 1.98941
v 0.55078 -0.61003 1.91723
v 0.46279 -0.66691 2.04390
v 0.09221 -0.60770 2.02587
v 0.19422 -0.63296 2.03623
v 0.46220 -0.62086 2.15101
v 0.34786 -0.61933 2.15260
v 0.27607 0.62794 0.61241
v 0.30104 0.83265 -0.13591
v 0.31383 0.91570 0.17155
v 0.01414 0.11681 0.45467
v 0.00583 -0.30184 0.32573
v 0.01071 0.77036 0.07229
v 0.02851 0.61829 0.60969
v 0.29628 -0.11499 0.47892
v 0.28505 -0.04849 0.41066
v 0.27725 -0.14966 0.62901
v 0.01006 0.29297 0.76797
v 0.10292 -0.31761 0.57527
v 0.17035 0.50211 0.84328
v 0.27655 0.53290 0.84808
v 0.08046 0.48340 0.84044
v 0.03679 0.54184 0.85259
v -0.00790 0.25689 1.11738
v 0.46991 0.17941 1.21243
v 0.14797 0.53396 0.85907
v 0.29269 0.26472 1.11886
v 0.35997 0.17134 1.18866
v 0.29918 0.01182 0.96437
v 0.00135 0.00748 0.95766
v -0.06822 0.18407 1.21019
v 0.04225 0.39255 1.22716
v 0.48948 0.30955 1.30991
v 0.30368 0.41264 1.26369
v -0.12260 0.35205 1.28280
v -0.22787 0.28862 1.34978
v 0.21645 -0.26030 0.59660
v 0.35966 -0.16271 1.17023
v 0.30874 -0.29007 0.93411
v -0.00522 -0.27197 0.91961
v 0.45179 -0.20599 0.55188
v -0.06448 -0.29272 1.01687
v 0.35810 -0.09636 1.23775
v 0.35839 -0.54975 1.02451
v 0.36365 -0.64954 1.04872
v -0.06459 -0.11104 1.23969
v -0.04247 -0.74192 1.25374
v 0.03990 -0.52620 1.25042
v 0.04031 -0.48490 1.24089
v 0.03720 -0.31424 1.23490
v 0.03835 -0.30842 1.32316
v 0.25613 -0.31108 1.24105
v 0.04310 -0.11432 1.28217
v 0.26243 -0.52331 1.24425
v 0.25615 -0.13164 1.26373
v 0.33899 0.14221 1.39744
v 0.26627 -0.16285 1.34723
v 0.25625 0.10069 1.41349
v 0.03245 -0.16906 1.35266
v 0.25335 -0.38387 1.30515
v 0.46648 -0.66696 0.81464
v 0.42369 -0.30833 0.55953
v 0.35995 -0.04600 0.39269
v 0.25610 0.19344 1.53113
v -0.18851 -0.51234 1.08781
v 0.16984 -0.51569 0.50731
v 0.06413 -0.51546 0.93106
v -0.00653 -0.54459 0.92137
v 0.32683 -0.71955 0.35445
v 0.28767 -0.76088 0.62205
v 0.31581 -0.76952 0.97234
v 0.38555 -0.83367 0.30732
v 0.46378 -0.76759 0.74299
v 0.33273 -0.80395 0.85602
v 0.03386 -0.31499 0.94161
v 0.01577 -0.29297 0.58442
v 0.24835 -0.30862 0.94579
v 0.23606 -0.51198 0.50996
v 0.24823 -0.51555 0.93479
v 0.33111 -0.27560 0.57182
v -0.00834 -0.49830 0.13306
v -0.06866 -0.55235 1.03444
v 0.32343 -0.54053 0.54867
v 0.31314 -0.54545 0.93628
v 0.01323 -0.82197 0.97404
v -0.05590 -0.80380 1.08090
v 0.40918 -0.50773 0.56317
v 0.22413 -0.62626 0.05394
v 0.21186 -0.50755 0.16214
v 0.26558 -0.48970 -0.20225
v 0.23494 -0.20757 -0.12765
v 0.09402 -0.52079 0.14234
v 0.71321 -0.83406 -0.21478
v 0.65245 -0.41959 -0.01195
v 0.65171 -0.39384 0.22879
v 0.49821 -0.60937 0.01470
v 0.50655 -0.36900 -0.01691
v 0.54512 -0.42639 -0.00643
v 0.51114 -0.44390 0.04722
v 0.27066 -0.71323 0.00088
v 0.26247 -0.71279 0.35712
v 0.28665 -0.72014 0.21753
v 0.46036 0.00854 0.31076
v 0.45333 0.00784 -0.02254
v 0.27545 0.02442 -0.02936
v 0.46390 -0.70894 0.00166
v 0.51940 -0.39459 0.23640
v 0.50878 -0.62855 0.29011
v 0.25902 0.02141 0.33461
v 0.50994 -0.23221 0.06441
v 0.65481 -0.23671 0.14551
v 0.65184 -0.28656 -0.01503
v 0.22190 -0.07200 0.05560
v 0.20373 -0.29163 0.25898
v 0.51858 -0.29615 0.22348
v 0.47630 -0.70878 0.34325
v 0.09540 -0.28121 0.25530
v 0.42658 -0.72362 0.20539
v 0.65489 -0.30027 0.21622
v 0.50636 -0.47477 0.45718
v 0.44089 -0.81665 0.29963
v 0.21928 -0.14631 0.36707
v 0.20587 -0.29785 0.31838
v -0.02663 -0.31499 0.21425
v 0.44035 -0.05622 0.38373
v 0.26541 -0.52023 0.56678
v 0.46937 -0.51566 0.55324
v 0.23874 -0.30810 0.57868
v 0.04662 1.52290 -1.71821
v 0.04925 0.98617 -1.86420
v -0.02548 1.44570 -1.34629
v 0.08830 1.55783 -1.65572
v -0.04069 1.53464 -1.73406
v 0.15568 1.57780 -1.67788
v -0.05256 1.54614 -1.73755
v 0.06355 1.54893 -1.55676
v -0.62968 1.93780 -1.53332
v -0.28163 1.99608 -1.53839
v -0.61042 1.99432 -1.61964
v -0.32503 1.82518 -1.67601
v -0.09390 1.69037 -1.65384
v -0.15171 1.63267 -1.53040
v -0.37602 1.76015 -1.61895
v 0.03488 1.49297 -1.37964
v -0.09063 1.21291 -1.51568
v -0.07102 1.47394 -1.44216
v -0.07660 1.22890 -1.76619
v -0.00673 1.50675 -1.40058
v 0.07301 1.51343 -1.39715
v 0.05617 1.65668 -1.52869
v -0.62147 1.80341 -1.54608
v -0.36509 1.79237 -1.47851
v 0.05874 1.63842 -1.46553
v -0.07748 1.22059 -1.51523
v -0.05689 1.47521 -1.44530
v -0.06064 1.26820 -1.44946
v -0.06495 1.34453 -1.42230
v -0.32321 1.93814 -1.45970
v -0.18307 1.70037 -1.41220
v -0.17091 1.68853 -1.35416
v -0.13515 1.85875 -1.40564
v 0.22602 1.67252 -1.34516
v 0.22476 1.51653 -1.37971
v 0.05583 1.49911 -1.22070
v -0.05269 1.42572 -1.31626
v 0.01819 1.33052 -1.38780
v 0.06439 1.31267 -1.18474
v 0.22415 1.50262 -1.22421
v 0.01694 1.44645 -1.17881
v 0.29440 1.46695 -1.35136
v 0.26590 1.45145 -1.17919
v 0.01675 1.21452 -0.92550
v 0.21676 1.33280 -1.18289
v 0.55505 1.09904 -1.83047
v 0.58780 1.02086 -1.81341
v 0.55535 0.91931 -1.84805
v 0.43650 1.09899 -1.80250
v 0.51277 1.10593 -1.79565
v 0.55759 0.91296 -1.74539
v 0.51906 1.23180 -1.78638
v 0.44442 1.22910 -1.76785
v 0.55819 1.07448 -1.73596
v 0.56136 0.96887 -1.77356
v 0.49169 0.90815 -1.74893
v 0.50119 1.22543 -1.71742
v 0.49414 1.09966 -1.73850
v 0.22946 1.37012 -1.75525
v 0.49428 0.86674 -1.76167
v 0.56447 1.01644 -1.70876
v 0.55408 0.90928 -1.66292
v 0.45036 1.09114 -1.74357
v 0.45330 1.09801 -1.65040
v 0.45362 1.21559 -1.72728
v 0.55622 1.09529 -1.65037
v 0.36457 1.43206 -1.73353
v 0.55270 1.23118 -1.62173
v 0.45023 1.22787 -1.62046
v 0.41228 1.48464 -1.42833
v 0.44259 0.96407 -1.65657
v 0.47536 0.94659 -1.51205
v 0.42450 0.94967 -1.56295
v 0.54651 0.86992 -1.50387
v 0.36596 0.10220 -1.68514
v 0.36000 0.59350 -1.54429
v 0.34575 0.78561 -1.49327
v 0.29497 0.78270 -1.59179
v 0.29783 0.75023 -1.60314
v 0.37341 0.35072 -1.23823
v 0.32340 0.45462 -1.66187
v 0.29616 0.42121 -1.15323
v -0.05641 0.96993 -1.55676
v -0.01938 0.96595 -1.51513
v 0.05811 1.04870 -1.35927
v 0.01563 1.21370 -1.44770
v 0.04988 0.96998 -1.52040
v 0.26707 1.16623 -1.41387
v -0.01318 0.95228 -1.49781
v 0.21141 0.94792 -1.47245
v 0.05263 0.85253 -1.35460
v -0.01204 0.41418 -1.14932
v 0.04941 0.97000 -1.53515
v 0.07312 0.94320 -1.37505
v 0.01302 0.85771 -1.46035
v 0.21310 1.03889 -1.34995
v 0.19946 0.94747 -1.37608
v -0.05749 0.78420 -1.49962
v 0.08630 0.79695 -1.40744
v 0.25921 1.35529 -1.37093
v 0.27471 1.08364 -1.14049
v 0.25309 0.93483 -1.23599
v 0.10496 1.01193 -1.36110
v 0.02379 0.65499 -0.97221
v 0.02037 1.05897 -1.07578
v 0.10226 0.08671 -0.46433
v 0.24712 0.26472 -0.58461
v 0.28049 0.58325 -0.66170
v 0.20387 1.01650 -0.99282
v 0.01397 0.38052 -0.71136
v 0.09703 1.00530 -0.98504
v 0.94460 1.64603 -2.41574
v 0.84599 1.64392 -2.42963
v 0.55870 1.65837 -1.60286
v 0.62570 1.55625 -1.99149
v 0.70058 1.55475 -2.13966
v 0.76121 1.55409 -2.11705
v 0.54221 1.29997 -2.02073
v 0.57485 1.58508 -2.02024
v 0.56577 1.30312 -1.93044
v 0.50055 1.65824 -1.70412
v 0.58071 1.56521 -1.92625
v 0.64176 1.56265 -1.83865
v 0.53612 1.58529 -1.96231
v 0.51031 1.30293 -1.96125
v 0.44776 1.29656 -1.80889
v 0.50159 1.22526 -1.96382
v 0.49661 1.56826 -1.70938
v 0.59449 1.22145 -1.98677
v 0.51193 1.29851 -1.81037
v 0.55309 1.24300 -1.81101
v 0.55218 1.31336 -1.80654
v 0.44975 1.45228 -1.78610
v 0.55272 1.44803 -1.79089
v 0.51617 1.45701 -1.70655
v 0.45049 1.45436 -1.71913
v -0.27584 1.57018 -1.85204
v 0.58761 1.37049 -1.76867
v 0.58815 1.29753 -1.74150
v 0.05917 1.65529 -1.79406
v 0.55742 1.41171 -1.73513
v -0.26322 1.65829 -1.75262
v 0.55712 1.40163 -1.67159
v 0.58430 1.33343 -1.64755
v 0.44601 1.55453 -1.66750
v 0.55596 1.57495 -1.59950
v 0.55238 1.45134 -1.59059
v 0.50311 1.45695 -1.63847
v 0.38959 1.57226 -1.60286
v -0.26883 1.95498 -1.65388
v -0.08133 1.85742 -1.63145
v 0.44730 1.45799 -1.64774
v -0.11176 1.91534 -1.51225
v 0.45694 1.44814 -1.58381
v 0.53359 1.72178 -1.51650
v 0.50311 1.88569 -1.46380
v 0.26110 1.54904 -1.51239
v 0.26419 1.67730 -1.48926
v 0.54225 1.73956 -1.45790
v 0.24503 1.65283 -1.40372
v 0.49453 1.66756 -1.34301
v 0.69404 1.88614 -1.36463
v 0.59792 2.06660 -1.32742
v 0.64855 2.01570 -1.39917
v 0.45561 1.94395 -1.37492
v 0.41582 1.88548 -1.25634
v 0.42348 1.71464 -1.23591
v 0.68901 1.84365 -1.24478
v 0.63689 1.90194 -1.18015
v 0.94258 2.03257 -1.32286
v 0.93312 1.89809 -1.30284
v 0.97305 2.05311 -1.35448
v 0.97453 1.88073 -1.34549
v 0.90423 2.09400 -1.23522
v 1.49539 1.89697 -1.11887
v 0.89171 1.81299 -1.20001
v 0.91869 2.13303 -1.24000
v 0.59838 2.03537 -1.21563
v 1.48883 2.06630 -1.12832
v 0.85046 2.06403 -1.10138
v 0.83946 1.92186 -1.11592
v 0.82087 1.89455 -1.07158
v 1.42428 2.07713 -0.89655
v 1.45109 1.81403 -1.01208
v 1.45232 2.14692 -1.01845
v 1.41091 1.89913 -0.89523
v -0.65323 1.56377 -2.03131
v -0.60513 1.56429 -2.00835
v -0.73729 1.57331 -1.90395
v -0.56971 1.57068 -2.06321
v -0.61044 1.58239 -1.94810
v -0.58445 1.30879 -1.99951
v -0.67536 1.56669 -1.93576
v -0.61499 1.65594 -1.94211
v -0.59136 1.56125 -1.92009
v -0.55892 1.30637 -1.94046
v -0.34755 1.56706 -1.87706
v -0.65470 1.56440 -1.88846
v -0.64987 1.30423 -1.96780
v -0.62128 1.30377 -1.90996
v -0.37350 1.56880 -1.80224
v -0.73515 1.65879 -1.90714
v -0.36399 1.30123 -1.82750
v -0.33971 1.30515 -1.88967
v -1.13253 1.77930 -1.88325
v -1.15954 1.70130 -1.76667
v -1.13092 1.94335 -1.87582
v -0.31098 1.29176 -1.78765
v -0.26594 1.29899 -1.86129
v -0.28183 1.56887 -1.79051
v -0.55621 1.96701 -1.75565
v -1.18670 1.93850 -1.60615
v -1.16011 2.00835 -1.75743
v -0.53679 1.80129 -1.76563
v -0.54744 1.81937 -1.73173
v -0.55671 1.94654 -1.72941
v -0.57547 1.75736 -1.65793
v -0.59019 1.71827 -1.64276
v -0.61971 2.03073 -1.62225
v -1.18517 1.77492 -1.61477
v -0.64118 1.79064 -1.50985
v -0.64792 1.95522 -1.50059
v -0.45084 1.64550 -2.76234
v -0.39832 1.64676 -2.78279
v -0.45134 1.55884 -2.76280
v -0.29701 1.55300 -2.76231
v -0.36328 1.54838 -2.75435
v -0.38381 1.54824 -2.67020
v -0.37168 1.64826 -2.68666
v -0.44294 1.55102 -2.68416
v -0.37687 1.28549 -2.66014
v -0.41657 1.28662 -2.66437
v -0.40820 1.21200 -2.65885
v -0.43178 1.21833 -2.59348
v -0.30934 1.55463 -2.67221
v -0.39964 1.55475 -2.59654
v -0.36633 1.28742 -2.58189
v -0.48609 1.21465 -2.38667
v -0.48134 1.55503 -2.39035
v -0.50049 1.29322 -2.39819
v -0.56336 1.55935 -2.32759
v -0.43089 1.21355 -2.37469
v -0.36004 1.21380 -2.57190
v -0.52680 1.29019 -2.32442
v -0.44408 1.29591 -2.38043
v -0.45342 0.97936 -2.37669
v -0.39750 0.97863 -2.35626
v -0.47335 0.98006 -2.30987
v -0.45022 1.21712 -2.29699
v -0.49886 1.55978 -2.31353
v -0.46124 1.29486 -2.29650
v -0.34571 0.84923 -2.68911
v -0.62642 0.86788 -1.94536
v -0.57384 0.98789 -2.09202
v -0.63317 1.30016 -2.03125
v -0.38557 0.97185 -2.63648
v -0.57520 1.22518 -1.99798
v -0.54676 1.30421 -2.05595
v -0.52284 0.98744 -2.06290
v -0.51803 0.94124 -1.98812
v -0.61796 1.56358 -2.09799
v -0.58780 1.22827 -2.09347
v -0.52520 0.98828 -1.97403
v -0.59083 1.21958 -2.00104
v -0.54806 1.22619 -1.94841
v -0.63530 1.22571 -1.96766
v -0.31417 0.94144 -1.94055
v -0.62559 0.98586 -1.95173
v -0.61808 1.22857 -1.91535
v -0.59597 0.98154 -1.91117
v -0.26345 0.99087 -1.88157
v -0.35638 0.98459 -1.85299
v -0.34735 1.22594 -1.89223
v -0.13279 1.29175 -1.89260
v -0.14668 1.22284 -1.89485
v -0.34615 0.87130 -1.84813
v -0.36056 1.22840 -1.82753
v -0.05409 1.21936 -1.84326
v -0.26986 1.22526 -1.81795
v -0.26772 0.98459 -1.83080
v -0.07660 1.29544 -1.82946
v -0.36009 1.21106 -2.71899
v -0.34435 0.95864 -2.69200
v -0.28528 1.20930 -2.69718
v -0.33136 1.21370 -2.62688
v -0.30811 0.92794 -2.58489
v -0.32989 0.97023 -2.55860
v -0.05536 0.92872 -2.51127
v 0.04236 0.92801 -2.51794
v 0.34695 0.86674 -1.72239
v 0.65586 0.92524 -2.40066
v 0.00825 0.82063 -2.23398
v -0.06523 0.53219 -2.52516
v -0.01161 0.83004 -2.06118
v -0.02878 0.93727 -1.91976
v -0.04762 0.98752 -1.90467
v -0.04892 0.98464 -1.79853
v -0.01123 1.28898 -1.85145
v -0.01382 1.22100 -1.85250
v 0.09397 0.99415 -1.87345
v 0.06237 0.97666 -1.76524
v -0.03361 0.98618 -1.88643
v -0.04012 1.21598 -1.82929
v 0.00303 1.22347 -1.81376
v 0.14382 1.37292 -1.77636
v -0.02389 0.92243 -1.78772
v -0.11930 0.96727 -1.75905
v -0.22467 0.87523 -1.76766
v -0.06931 1.29753 -1.80764
v -0.03752 1.04216 -1.74772
v -0.04004 1.22197 -1.75862
v 0.00621 1.29571 -1.71710
v 0.00621 1.22577 -1.72848
v -0.03689 0.97517 -1.70030
v -0.22797 0.85883 -1.47869
v -0.18996 0.96110 -1.53765
v 0.75290 0.84914 -2.46587
v 0.32651 0.79818 -2.22379
v 0.32036 0.82444 -2.04285
v -0.05738 0.49133 -2.14149
v -0.06484 0.68216 -1.82420
v 0.36577 0.53055 -2.55284
v 0.03511 0.44753 -2.13057
v 0.04274 0.36821 -2.08683
v 0.03723 0.43882 -1.93946
v -0.03842 0.45912 -1.88506
v 0.23749 0.36340 -2.00785
v 0.10404 0.36546 -2.00542
v 0.26260 0.46067 -2.15090
v 0.35300 0.50342 -2.13644
v 0.32653 0.48787 -1.75813
v 0.40847 0.93523 -1.82360
v 0.03981 0.35218 -1.74659
v 0.28177 0.37469 -2.09992
v 0.23874 0.36221 -1.89698
v 0.25690 0.44935 -1.72876
v 0.63874 0.85853 -2.06437
v 0.10497 0.36202 -1.89660
v 0.27296 0.35477 -1.72750
v 0.52510 0.98070 -1.85275
v 0.40756 0.97926 -1.81908
v 0.43944 0.98500 -1.85277
v 0.46469 0.97508 -1.95479
v 0.00489 0.42543 -1.75221
v -0.22776 0.36769 -1.88943
v -0.01194 0.76783 -1.69360
v 0.54771 -0.16766 -2.03533
v 0.37009 0.50285 -1.87080
v 0.07947 0.94570 -1.77299
v 0.29177 0.96095 -1.73399
v 0.03644 0.36156 -1.61911
v -0.00379 0.79422 -1.66187
v 0.20335 0.95219 -1.68472
v -0.22436 0.31501 -1.63837
v -0.23170 0.16178 -1.67947
v 0.10818 0.80610 -1.61385
v -0.04629 0.41615 -1.64078
v -0.05876 0.61510 -1.56820
v 0.00191 0.91419 -1.53328
v 0.34414 0.22650 -1.36246
v 0.34952 -0.03710 -3.03384
v 0.04972 -0.03292 -3.06837
v 0.04108 0.33201 -2.90295
v 0.35193 0.32287 -2.87696
v 0.31982 0.61325 -2.61237
v 0.39663 0.25876 -2.80552
v -0.06862 0.27913 -2.79785
v -0.05613 -0.10029 -2.79253
v -0.06238 0.16552 -2.67533
v 0.38215 0.15939 -2.64234
v 0.03229 0.62330 -2.63341
v -0.27754 0.96845 -2.67114
v -0.05282 0.96564 -2.53827
v 0.07185 0.96084 -2.60952
v -0.05287 0.37058 -2.44217
v -0.03502 0.96943 -2.57581
v 0.04313 0.09216 -2.60987
v 0.03735 0.32466 -2.40722
v 0.04275 0.08182 -2.51494
v 0.35017 0.37316 -2.42658
v 0.27157 0.34308 -2.41875
v 0.27977 0.28677 -2.33376
v 0.28094 0.09561 -2.51913
v 0.27766 0.13568 -2.61322
v 0.04744 0.26646 -2.32783
v 0.07645 0.09366 -2.48684
v 0.07636 0.18211 -2.39595
v 0.20991 0.19115 -2.40752
v 0.21302 0.10548 -2.48725
v 0.10803 1.64415 -2.68329
v -0.03438 1.54813 -2.65826
v -0.36320 1.27439 -2.73250
v -0.29166 1.28557 -2.70820
v -0.30283 1.28559 -2.63848
v 0.14814 1.27619 -2.63501
v 0.65394 1.54995 -2.55855
v -0.03536 1.28477 -2.62700
v 0.04429 1.55076 -2.64640
v 0.20709 1.21145 -2.60051
v 0.04136 1.28209 -2.61766
v -0.04748 1.28139 -2.56220
v 0.04125 1.20816 -2.60789
v 0.04412 1.55556 -2.60788
v -0.03733 1.20782 -2.60783
v -0.04494 1.59630 -2.62269
v 0.04561 1.21712 -2.53989
v -0.05517 1.21401 -2.55538
v 0.20051 1.64477 -2.57496
v 0.03077 1.59174 -2.58067
v 0.04123 1.28379 -2.54507
v 0.04239 0.96694 -2.57923
v 0.61555 1.28719 -2.53700
v 0.57188 0.96997 -2.51044
v 0.60504 1.28514 -2.47709
v 0.74292 1.64508 -2.56463
v 0.64517 1.54913 -2.49897
v 0.74141 1.54857 -2.55676
v 0.90296 1.55649 -2.51397
v 0.68614 1.21084 -2.53013
v 0.70060 1.28366 -2.52183
v 0.69075 1.64817 -2.49673
v 0.90280 1.64555 -2.51070
v 0.73236 1.55127 -2.49653
v 0.60823 1.20715 -2.52572
v 0.69016 1.28370 -2.47754
v 0.59508 1.20756 -2.47092
v 0.80239 1.21411 -2.47401
v 0.80455 1.27947 -2.47919
v 0.84027 1.55412 -2.43907
v 0.67496 1.20698 -2.46787
v 0.63978 0.96959 -2.44570
v 0.76420 1.20715 -2.40736
v 0.94635 1.55794 -2.41996
v 0.90436 1.55093 -2.41689
v 0.82895 1.20680 -2.39129
v 0.78316 1.28504 -2.42007
v 0.86471 1.27939 -2.37992
v 0.76143 1.28766 -2.35338
v 0.82056 1.55157 -2.36790
v 0.88226 1.55085 -2.35299
v 0.71570 0.96844 -2.40467
v 0.74814 1.21079 -2.34036
v 0.82475 1.29004 -2.33728
v 0.80756 1.20844 -2.33215
v 0.73578 1.55450 -2.20595
v 0.66555 1.29422 -2.19046
v 0.72395 1.29429 -2.16514
v 0.78489 1.55334 -2.18238
v 0.63917 1.29764 -2.12636
v 0.68810 1.29380 -2.09828
v 0.53293 0.96712 -2.43747
v 0.64901 0.96867 -2.50597
v 0.75333 0.96106 -2.46948
v 0.80733 0.96333 -2.36597
v 0.80531 0.85160 -2.36581
v 0.68343 0.92851 -2.35730
v 0.69741 0.97302 -2.32980
v 0.75156 0.97302 -2.31728
v 0.64410 1.21393 -2.18030
v 0.71221 1.22159 -2.15344
v 0.61633 1.21818 -2.11607
v 0.64301 0.97586 -2.14263
v 0.61764 0.97874 -2.08561
v 0.67193 1.21888 -2.09367
v 0.56377 0.97825 -2.10162
v 0.53746 1.22030 -2.01652
v 0.56640 0.98459 -1.98358
v 0.52859 0.98459 -1.92923
v 0.38231 -0.97604 -1.17045
v 0.37847 -1.32442 -1.84621
v 0.35870 -1.04765 -1.56971
v 0.32361 -1.34242 -1.39229
v 0.24296 -0.70360 -1.39228
v 0.24482 -0.40760 -1.74753
v 0.23870 -0.60460 -1.33085
v -0.07166 0.02672 -1.04914
v 0.27598 -0.77060 -1.42622
v 0.27796 -0.93930 -1.64276
v 0.03773 -0.77597 -1.41302
v 0.22122 -0.08357 -1.33507
v 0.10208 -0.07862 -1.33058
v 0.12725 -0.30180 -1.74387
v 0.25416 0.20420 -1.37838
v 0.04286 -0.84824 -1.35543
v -0.05338 -1.06288 -1.53817
v -0.04987 -0.88314 -1.32321
v 0.36319 -0.85806 -1.32856
v 0.27526 -1.01757 -1.57393
v 0.27213 -0.85177 -1.36077
v 0.04602 -1.02048 -1.57748
v -0.06106 0.21872 -1.38583
v 0.04279 0.18946 -1.39642
v 0.10586 -0.60312 -1.32033
v 0.11329 -0.40737 -1.74690
v 0.11476 -0.71314 -1.38576
v 0.04324 0.14574 -1.46545
v 0.26434 0.13336 -1.45376
v 0.10165 0.02260 -1.39694
v 0.23528 0.02557 -1.39788
v 0.03651 -0.58722 -1.29704
v -0.05745 -0.98390 -1.18727
v 0.27051 -0.08735 -1.33065
v 0.04275 -0.03634 -1.24305
v 0.26115 -0.00921 -1.25734
v 0.03851 -0.07933 -1.31801
v 0.27196 -0.61309 -1.21744
v 0.27524 -0.33465 -1.27457
v 0.35901 -0.60738 -1.19886
v -0.04652 -0.01727 -1.23328
v 0.34890 -0.03096 -1.22425
v 0.02338 -1.05551 -1.05487
v 0.02377 -1.34507 -1.38902
v -0.06549 -0.67979 -1.01072
v 0.38716 0.05966 -1.05940
v 0.38686 -0.68625 -1.01932
v 0.03362 -0.34008 -1.24773
v 0.04625 -0.60681 -1.22043
v 0.04507 -0.32746 -1.17636
v 0.26885 -0.31916 -1.17610
v 0.31679 -1.05796 -1.06145
v -0.04546 -0.60750 -1.17040
v -0.04860 -0.32455 -1.15306
v 0.36665 -0.30299 -1.16123
v 0.01360 0.07470 -0.92808
v 0.29113 0.07831 -0.93374
v -0.07825 -0.31412 -0.96731
v 0.30177 -0.71789 -0.88922
v 0.39591 -0.30708 -0.97706
v 0.01933 -0.71949 -0.88767
v 0.29268 -0.30999 -0.83110
v 0.02532 -0.30862 -0.82655
v 0.61926 -0.78159 -0.52302
v 0.46649 -0.89627 -0.51674
v 0.47914 -0.72430 -0.51683
v 0.94111 -0.79753 -0.50718
v 0.93530 -0.87454 -0.50657
v 1.07646 -0.93004 -0.51199
v 0.60827 -0.86269 -0.52709
v 1.09422 -0.75590 -0.52017
v 0.97579 -0.74332 -0.41532
v 1.07269 -0.73340 -0.19126
v 0.58516 -0.72449 -0.42143
v 0.46636 -0.70829 -0.19179
v 0.45347 -0.88061 -0.21382
v 0.27353 -0.02543 -0.07559
v 0.64136 -0.82943 -0.41492
v 0.90644 -0.85531 -0.41544
v 1.06200 -0.90922 -0.20776
v 0.97228 -0.73079 -0.24958
v 0.70714 -0.83595 -0.32724
v 0.58916 -0.80258 -0.32412
v 0.57661 -0.71616 -0.26974
v 0.81056 -0.84542 -0.27136
v 0.70530 -0.76277 -0.32550
v 0.70847 -0.83908 -0.26813
v 0.70662 -0.72047 -0.24635
v 0.54760 -0.71065 -0.19331
v 0.70823 -0.76554 -0.21435
v 0.93364 -0.85355 -0.19543
v 0.93401 -0.77211 -0.21412
v 0.27554 -0.18320 -0.20763
v 0.42881 -0.19007 -0.20453
v 0.43843 -0.49246 -0.20475
v 0.48572 -0.44946 -0.14051
v 0.53178 -0.82196 -0.19872
v -0.04892 -0.17334 -2.05879
v -0.22510 -0.18453 -2.03945
v 0.22266 -0.16790 -2.00900
v 0.12644 -0.17091 -2.00588
v 0.12931 -0.17679 -1.90930
v 0.37355 -0.16305 -2.05239
v -0.22577 -0.24994 -1.81261
v 0.22278 -0.17432 -1.90732
v 0.32331 -0.17948 -1.86060
v 0.55073 -0.23774 -1.82665
v 0.00941 -0.25440 -1.90689
v 0.03027 -0.33275 -1.89927
v 0.13701 -0.23791 -1.79849
v 0.23538 -0.23783 -1.79883
v 0.32952 -0.44082 -2.18585
v 0.04546 -0.44018 -2.17641
v 0.12429 -0.41035 -2.18503
v 0.05170 -0.27479 -2.17665
v 0.32668 -0.27165 -2.18917
v 0.12423 -0.30873 -2.18462
v 0.11748 -0.25422 -2.15835
v 0.11714 -0.18962 -2.08311
v 0.19096 -0.19047 -2.08877
v 0.03284 -0.18545 -2.04490
v 0.13065 -0.47441 -2.14992
v 0.22407 -0.47587 -2.14758
v -0.19286 -0.37706 -2.12844
v -0.04626 -0.37088 -2.15734
v 0.02702 -0.33550 -2.01377
v -0.04941 -0.47911 -2.11914
v -0.15415 -0.47552 -2.10280
v -0.02731 -0.42797 -2.08701
v -0.01451 -0.24653 -2.00106
v 0.04310 -0.54301 -2.06166
v 0.02743 -0.41663 -2.09508
v 0.03341 -0.54188 -1.90904
v 0.33276 -0.17000 -2.05559
v -0.23437 -0.40904 -1.80982
v 0.03114 -0.47395 -1.95781
v 0.05081 -0.18393 -1.85936
v 0.02801 -0.24808 -2.00300
v -0.05439 -0.43285 -1.81713
v 0.02996 -0.44097 -1.81615
v 0.04900 -0.30984 -1.73974
v 0.04619 -0.47571 -1.76556
v 0.11563 -0.54115 -1.86686
v 0.11001 -0.48187 -1.76898
v 0.20698 -0.53818 -1.86298
v 0.23226 -0.30245 -1.73843
v 0.19098 -0.24806 -2.15843
v 0.23858 -0.31173 -2.19084
v 0.23874 -0.40987 -2.18950
v 0.35897 -0.42625 -2.09481
v 0.57754 -0.42774 -2.11556
v 0.36751 -0.41893 -2.14153
v 0.37428 -0.21224 -2.11241
v 0.33525 -0.30053 -2.00402
v 0.59430 -0.21076 -2.08490
v 0.54107 -0.49704 -2.02164
v 0.32452 -0.54909 -2.06791
v 0.36762 -0.49819 -2.04895
v 0.35797 -0.49845 -1.91160
v 0.52207 -0.49732 -1.92009
v 0.53087 -0.44456 -1.84748
v 0.32706 -0.47339 -1.76184
v 0.33522 -0.43922 -1.83676
v 0.32656 -0.31011 -1.73665
v 0.37556 -0.17161 -1.76496
v 0.22877 -0.49022 -1.78265
v 0.05244 -0.47580 -3.10000
v 0.34934 -0.46371 -3.05937
v -0.06545 -0.43789 -2.94285
v 0.38047 -0.12378 -2.76752
v 0.39167 -0.80223 -2.86331
v 0.27212 -0.12552 -2.72735
v 0.27217 -0.43769 -2.74965
v 0.05112 -0.12069 -2.70982
v 0.04851 -0.44874 -2.72691
v 0.27346 -0.15861 -2.63587
v 0.04883 -0.16339 -2.63758
v 0.22735 -0.31401 -2.61311
v 0.27611 -0.43675 -2.63701
v 0.08734 -0.44080 -2.60324
v 0.21692 -0.43922 -2.61008
v 0.03604 -1.44147 -2.32027
v 0.03895 -1.18757 -2.72882
v 0.33548 -1.43141 -2.30364
v 0.27183 -1.09090 -2.18880
v 0.36164 -1.12222 -2.18652
v 0.37565 -0.97778 -2.49454
v -0.04522 -0.99917 -2.47924
v -0.04005 -1.14845 -2.21418
v 0.05306 -1.07935 -2.18705
v -0.04969 -1.28385 -2.25482
v -0.05496 -1.08330 -2.57519
v 0.04992 -0.94774 -2.43795
v 0.27259 -0.99798 -2.14710
v 0.27933 -0.87254 -2.39438
v 0.23874 -0.90427 -2.31841
v 0.12410 -0.90658 -2.31461
v 0.04276 -0.87072 -2.38005
v 0.38769 -1.09814 -2.63031
v 0.04459 -0.99223 -2.14921
v 0.22404 -0.53919 -2.07993
v 0.04643 -1.11040 -1.86775
v -0.03865 -1.17508 -1.85521
v 0.33352 -1.47696 -1.83834
v 0.13347 -0.54207 -2.07600
v 0.03721 -1.01935 -1.90817
v 0.27089 -1.11406 -1.88730
v 0.20382 -0.55471 -1.96127
v 0.35521 -1.14153 -1.87568
v 0.02640 -1.49196 -1.84433
v 0.27549 -1.01403 -1.89758
v 0.11442 -0.55404 -1.96135
v 0.10198 -0.99044 -1.82370
v 0.22592 -0.98728 -1.81756
v -0.04821 -1.33528 -1.86428
v 0.10200 -0.96065 -1.72246
v 0.22145 -0.95664 -1.72374
v 0.03601 -0.93426 -1.62741
v 0.35480 -0.84489 -2.95318
v -0.05918 -0.78457 -2.83124
v 0.05063 -0.85305 -2.98823
v -0.05489 -0.43108 -2.81261
v 0.35550 -1.17426 -2.71844
v 0.36234 -0.44801 -2.79329
v 0.36523 -0.73583 -2.70282
v 0.04700 -0.71744 -2.63607
v 0.27529 -0.71811 -2.66689
v 0.27885 -0.71109 -2.54224
v 0.04747 -0.70324 -2.55683
v 0.13734 -0.71228 -2.49458
v 0.27530 -0.95369 -2.46626
v 0.12747 -0.82456 -2.41060
vt 0.787918 0.980265
vt 0.806235 0.980265
vt 0.797828 0.989011
vt 0.445365 0.482356
vt 0.430021 0.481096
vt 0.442409 0.410840
vt 0.349445 0.628024
vt 0.363538 0.629257
vt 0.289135 0.637378
vt 0.989813 0.986358
vt 0.994825 0.989999
vt 0.990279 0.993325
vt 0.919410 0.984667
vt 0.929450 0.984667
vt 0.922075 0.996502
vt 0.927646 0.995675
vt 0.991609 0.234755
vt 0.991609 0.219160
vt 0.999968 0.224722
vt 0.427164 0.407554
vt 0.083960 0.578669
vt 0.072980 0.576701
vt 0.072980 0.538884
vt 0.087575 0.540748
vt 0.085420 0.585497
vt 0.380340 0.629619
vt 0.357756 0.675742
vt 0.084109 0.688964
vt 0.059598 0.689160
vt 0.063502 0.644530
vt 0.082003 0.644338
vt 0.251066 0.985495
vt 0.243986 0.988072
vt 0.251609 0.968320
vt 0.243436 0.969578
vt 0.354786 0.491911
vt 0.005291 0.041364
vt 0.010192 0.044795
vt 0.001927 0.045047
vt 0.379870 0.674292
vt 0.005738 0.687424
vt 0.004941 0.709571
vt 0.001199 0.699895
vt 0.003356 0.716937
vt 0.993068 0.046661
vt 0.997471 0.060213
vt 0.992618 0.061367
vt 0.596845 0.957313
vt 0.615411 0.968049
vt 0.608656 0.968719
vt 0.340869 0.349781
vt 0.322390 0.357625
vt 0.329510 0.336896
vt 0.379313 0.426282
vt 0.902012 0.184775
vt 0.902012 0.126424
vt 0.905223 0.147094
vt 0.389764 0.413618
vt 0.614220 0.946543
vt 0.629617 0.966927
vt 0.368816 0.408101
vt 0.301846 0.229590
vt 0.308360 0.336242
vt 0.009501 0.019619
vt 0.313811 0.345567
vt 0.969286 0.562326
vt 0.969286 0.538016
vt 0.986575 0.562890
vt 0.986467 0.537705
vt 0.001205 0.023160
vt 0.985437 0.809073
vt 0.978973 0.828968
vt 0.978884 0.807306
vt 0.964367 0.557479
vt 0.368805 0.408108
vt 0.967109 0.926158
vt 0.946667 0.926158
vt 0.967070 0.921216
vt 0.413079 0.976574
vt 0.387714 0.976574
vt 0.398379 0.974863
vt 0.000634 0.489402
vt 0.000003 0.464045
vt 0.006439 0.467737
vt 0.005958 0.460549
vt 0.954481 0.135029
vt 0.972730 0.138907
vt 0.948479 0.146934
vt 0.882466 0.746729
vt 0.859602 0.748729
vt 0.993848 0.968756
vt 0.989799 0.965922
vt 0.993614 0.955426
vt 0.366110 0.396050
vt 0.370276 0.397038
vt 0.001208 0.018878
vt 0.356806 0.410852
vt 0.976759 0.879342
vt 0.983937 0.862082
vt 0.985085 0.879342
vt 0.977420 0.859012
vt 0.858317 0.672480
vt 0.334659 0.979241
vt 0.346709 0.987995
vt 0.337584 0.996478
vt 0.362193 0.372743
vt 0.336332 0.397140
vt 0.339244 0.373071
vt 0.998499 0.125606
vt 0.998499 0.140500
vt 0.992086 0.136599
vt 0.365154 0.392868
vt 0.735969 0.981743
vt 0.752201 0.981743
vt 0.735905 0.994471
vt 0.751851 0.993702
vt 0.337179 0.408021
vt 0.000217 0.533140
vt 0.001364 0.504026
vt 0.006720 0.515274
vt 0.006668 0.531238
vt 0.937860 0.007258
vt 0.945253 0.005955
vt 0.936803 0.023456
vt 0.788068 0.761957
vt 0.754826 0.761957
vt 0.946250 0.025760
vt 0.716285 0.748945
vt 0.941910 0.985551
vt 0.935089 0.996319
vt 0.932223 0.984704
vt 0.941812 0.996466
vt 0.338933 0.492470
vt 0.322824 0.407703
vt 0.322722 0.397721
vt 0.326663 0.375997
vt 0.546425 0.358075
vt 0.539219 0.334229
vt 0.550497 0.319586
vt 0.555846 0.314607
vt 0.567620 0.235560
vt 0.568442 0.289152
vt 0.570610 0.318462
vt 0.560010 0.345145
vt 0.324188 0.486438
vt 0.591664 0.312835
vt 0.553513 0.232077
vt 0.074998 0.640838
vt 0.085087 0.643542
vt 0.054677 0.643685
vt 0.086552 0.640260
vt 0.569157 0.346912
vt 0.606470 0.313741
vt 0.598629 0.231618
vt 0.322837 0.325424
vt 0.884002 0.724353
vt 0.791148 0.749413
vt 0.852834 0.985454
vt 0.834683 0.985454
vt 0.853127 0.963506
vt 0.147370 0.351640
vt 0.147370 0.278191
vt 0.149954 0.283769
vt 0.532620 0.977358
vt 0.529820 0.985973
vt 0.512475 0.977720
vt 0.984887 0.910206
vt 0.972204 0.910206
vt 0.984682 0.890091
vt 0.974549 0.928748
vt 0.981456 0.947530
vt 0.973946 0.948854
vt 0.147049 0.277141
vt 0.146202 0.209226
vt 0.161811 0.207860
vt 0.834795 0.971867
vt 0.163511 0.281733
vt 0.578483 0.350162
vt 0.572585 0.324015
vt 0.591302 0.319694
vt 0.971505 0.890428
vt 0.597560 0.340276
vt 0.974318 0.180305
vt 0.981087 0.161708
vt 0.981579 0.183188
vt 0.981331 0.931861
vt 0.986515 0.496716
vt 0.986515 0.518646
vt 0.983752 0.510019
vt 0.167811 0.271658
vt 0.164259 0.277810
vt 0.163210 0.197909
vt 0.203562 0.987289
vt 0.202475 0.995025
vt 0.191879 0.981188
vt 0.107263 0.992409
vt 0.107263 0.981822
vt 0.112262 0.986869
vt 0.192419 0.991762
vt 0.601141 0.350223
vt 0.663620 0.327983
vt 0.377546 0.609588
vt 0.357671 0.618856
vt 0.278053 0.613565
vt 0.661725 0.317794
vt 0.656294 0.299535
vt 0.266584 0.682608
vt 0.210346 0.699604
vt 0.619700 0.427946
vt 0.691538 0.402042
vt 0.668848 0.333694
vt 0.998278 0.250231
vt 0.993447 0.257131
vt 0.993095 0.244857
vt 0.998480 0.260594
vt 0.438211 0.989774
vt 0.445833 0.989774
vt 0.441747 0.996351
vt 0.171313 0.699463
vt 0.817001 0.986925
vt 0.813409 0.981982
vt 0.832280 0.975909
vt 0.298253 0.914917
vt 0.268701 0.917503
vt 0.259230 0.914014
vt 0.438901 0.988996
vt 0.458155 0.976724
vt 0.457737 0.988996
vt 0.493228 0.984416
vt 0.475918 0.984294
vt 0.473945 0.976932
vt 0.210087 0.376274
vt 0.219344 0.451691
vt 0.681319 0.314784
vt 0.685405 0.328643
vt 0.493349 0.976981
vt 0.203892 0.482817
vt 0.221886 0.490204
vt 0.203511 0.492904
vt 0.438772 0.975821
vt 0.661557 0.924935
vt 0.683711 0.931173
vt 0.662299 0.929140
vt 0.673702 0.293065
vt 0.223062 0.464426
vt 0.428410 0.971117
vt 0.414332 0.975974
vt 0.402611 0.970508
vt 0.648382 0.924815
vt 0.652419 0.932470
vt 0.647309 0.932173
vt 0.816732 0.225750
vt 0.815824 0.236136
vt 0.802017 0.225819
vt 0.807527 0.147907
vt 0.817904 0.220767
vt 0.427421 0.974493
vt 0.931389 0.983518
vt 0.941210 0.962997
vt 0.942335 0.984476
vt 0.802357 0.234943
vt 0.930806 0.964222
vt 0.136559 0.935035
vt 0.123635 0.934569
vt 0.127964 0.925284
vt 0.999812 0.524874
vt 0.996968 0.535487
vt 0.996720 0.522491
vt 0.567570 0.979456
vt 0.580596 0.975835
vt 0.572399 0.982357
vt 0.994613 0.082913
vt 0.998117 0.083220
vt 0.994564 0.097463
vt 0.227171 0.411153
vt 0.232311 0.457141
vt 0.101300 0.924757
vt 0.110540 0.935996
vt 0.387027 0.977381
vt 0.406332 0.977381
vt 0.387458 0.985453
vt 0.406073 0.981276
vt 0.998498 0.094987
vt 0.569688 0.989972
vt 0.811157 0.453462
vt 0.780786 0.489518
vt 0.784415 0.436007
vt 0.830643 0.214481
vt 0.816185 0.191266
vt 0.824805 0.189195
vt 0.787971 0.410794
vt 0.810366 0.397499
vt 0.801845 0.430626
vt 0.376611 0.996336
vt 0.373296 0.986134
vt 0.383393 0.985824
vt 0.003572 0.381069
vt 0.006885 0.362280
vt 0.007330 0.390446
vt 0.759848 0.474353
vt 0.840379 0.265531
vt 0.886514 0.063178
vt 0.889736 0.064888
vt 0.886221 0.105067
vt 0.891574 0.105341
vt 0.892768 0.137515
vt 0.887281 0.129881
vt 0.892016 0.128682
vt 0.370824 0.009904
vt 0.370824 0.000502
vt 0.379919 0.001314
vt 0.238035 0.986889
vt 0.238035 0.968017
vt 0.242639 0.968661
vt 0.889401 0.438871
vt 0.848907 0.438871
vt 0.892881 0.361102
vt 0.844149 0.271917
vt 0.778300 0.432866
vt 0.752272 0.467322
vt 0.839031 0.360436
vt 0.170978 0.631417
vt 0.201782 0.453228
vt 0.846847 0.181502
vt 0.784810 0.771516
vt 0.752905 0.775433
vt 0.712712 0.751326
vt 0.872690 0.439604
vt 0.887308 0.474170
vt 0.878746 0.473950
vt 0.356626 0.679887
vt 0.313523 0.681246
vt 0.313523 0.652705
vt 0.998217 0.573762
vt 0.998217 0.562512
vt 0.999801 0.562721
vt 0.993623 0.082072
vt 0.993623 0.067581
vt 0.998943 0.079775
vt 0.692228 0.076690
vt 0.649695 0.082478
vt 0.645590 0.074061
vt 0.000420 0.702243
vt 0.001856 0.718659
vt 0.000126 0.731850
vt 0.265583 0.710821
vt 0.308980 0.771835
vt 0.265983 0.733738
vt 0.456156 0.525726
vt 0.483460 0.545827
vt 0.476356 0.554293
vt 0.258757 0.737722
vt 0.566349 0.452069
vt 0.528988 0.461312
vt 0.521412 0.450493
vt 0.250773 0.632394
vt 0.280913 0.641144
vt 0.250773 0.640219
vt 0.740467 0.647450
vt 0.709987 0.658346
vt 0.729168 0.637627
vt 0.651830 0.100829
vt 0.613306 0.106957
vt 0.684431 0.642339
vt 0.777412 0.680135
vt 0.734464 0.631844
vt 0.766684 0.589743
vt 0.467828 0.124267
vt 0.512811 0.124267
vt 0.457663 0.135260
vt 0.183408 0.636996
vt 0.091987 0.482691
vt 0.084583 0.520777
vt 0.267259 0.653073
vt 0.871860 0.517779
vt 0.763298 0.699652
vt 0.481490 0.156529
vt 0.097359 0.466822
vt 0.109281 0.518480
vt 0.092483 0.656875
vt 0.089982 0.688305
vt 0.083434 0.657666
vt 0.608565 0.100871
vt 0.267836 0.682776
vt 0.625538 0.118231
vt 0.138569 0.278309
vt 0.131996 0.275917
vt 0.138066 0.210789
vt 0.372719 0.121965
vt 0.090317 0.628841
vt 0.388613 0.544831
vt 0.610509 0.141995
vt 0.388019 0.555824
vt 0.447213 0.457677
vt 0.884047 0.036217
vt 0.907778 0.022516
vt 0.164246 0.963190
vt 0.191645 0.962857
vt 0.188240 0.965289
vt 0.195021 0.963575
vt 0.874184 0.026928
vt 0.444553 0.446517
vt 0.996561 0.509303
vt 0.996561 0.495652
vt 0.999970 0.496191
vt 0.374320 0.523958
vt 0.862117 0.439715
vt 0.862117 0.516677
vt 0.858894 0.503723
vt 0.213815 0.767355
vt 0.066586 0.518305
vt 0.097359 0.530205
vt 0.907713 0.081548
vt 0.755215 0.702893
vt 0.712153 0.746473
vt 0.748082 0.698774
vt 0.489427 0.824375
vt 0.428809 0.824375
vt 0.430705 0.816359
vt 0.848351 0.600853
vt 0.838090 0.582581
vt 0.849194 0.541142
vt 0.440046 0.627756
vt 0.437403 0.620824
vt 0.475029 0.607130
vt 0.795970 0.103320
vt 0.785678 0.130131
vt 0.790821 0.748699
vt 0.779725 0.732506
vt 0.847133 0.683532
vt 0.840555 0.744119
vt 0.688432 0.538455
vt 0.747439 0.485211
vt 0.715646 0.571234
vt 0.726458 0.829385
vt 0.665514 0.829385
vt 0.726022 0.825719
vt 0.814270 0.085186
vt 0.806999 0.073452
vt 0.088765 0.542689
vt 0.102018 0.572006
vt 0.088765 0.574817
vt 0.963066 0.223372
vt 0.971027 0.198870
vt 0.970492 0.224817
vt 0.276604 0.591066
vt 0.320866 0.560073
vt 0.758546 0.570567
vt 0.393792 0.705944
vt 0.381931 0.748154
vt 0.354579 0.728637
vt 0.227302 0.051453
vt 0.223622 0.048284
vt 0.226233 0.045673
vt 0.161697 0.047763
vt 0.408264 0.625377
vt 0.612354 0.815893
vt 0.606830 0.817903
vt 0.549688 0.816341
vt 0.661316 0.028866
vt 0.628656 0.024452
vt 0.057804 0.960666
vt 0.027429 0.956397
vt 0.027902 0.949641
vt 0.406195 0.619212
vt 0.354795 0.734727
vt 0.162378 0.058207
vt 0.102025 0.068484
vt 0.099763 0.055655
vt 0.626237 0.032044
vt 0.397554 0.626657
vt 0.378252 0.610262
vt 0.036666 0.909270
vt 0.027754 0.904566
vt 0.034807 0.878244
vt 0.028390 0.876656
vt 0.839255 0.623872
vt 0.616388 0.024583
vt 0.089892 0.893563
vt 0.116857 0.900788
vt 0.074421 0.900000
vt 0.102898 0.459586
vt 0.080452 0.482032
vt 0.083504 0.421833
vt 0.015523 0.527773
vt 0.007515 0.531507
vt 0.015775 0.500207
vt 0.009012 0.500556
vt 0.098135 0.603495
vt 0.723853 0.581468
vt 0.984628 0.658829
vt 0.977897 0.677321
vt 0.976720 0.654195
vt 0.362560 0.706921
vt 0.348998 0.713305
vt 0.743877 0.921388
vt 0.771444 0.921388
vt 0.742506 0.930941
vt 0.596563 0.037491
vt 0.035398 0.458414
vt 0.056773 0.489488
vt 0.048262 0.494014
vt 0.139568 0.922329
vt 0.120948 0.923958
vt 0.101760 0.921929
vt 0.061224 0.144413
vt 0.053159 0.171741
vt 0.037884 0.174160
vt 0.778307 0.930836
vt 0.932287 0.246149
vt 0.939864 0.243866
vt 0.803701 0.542958
vt 0.786994 0.515446
vt 0.790814 0.497477
vt 0.807904 0.561790
vt 0.798065 0.554196
vt 0.108670 0.077645
vt 0.013844 0.132477
vt 0.008502 0.138009
vt 0.006529 0.128862
vt 0.341544 0.716371
vt 0.952794 0.254613
vt 0.952697 0.294786
vt 0.076098 0.970308
vt 0.076098 0.981625
vt 0.072564 0.977663
vt 0.992299 0.201672
vt 0.999772 0.196439
vt 0.999005 0.211886
vt 0.800385 0.571632
vt 0.813656 0.579574
vt 0.833401 0.060652
vt 0.045993 0.460436
vt 0.372838 0.910348
vt 0.411530 0.909519
vt 0.381514 0.919024
vt 0.412593 0.918624
vt 0.722943 0.598745
vt 0.009168 0.123438
vt 0.022576 0.142144
vt 0.345775 0.707278
vt 0.382188 0.001180
vt 0.418555 0.014416
vt 0.367867 0.014678
vt 0.880194 0.292313
vt 0.881639 0.272275
vt 0.888987 0.289112
vt 0.646968 0.912828
vt 0.644582 0.920977
vt 0.611175 0.912026
vt 0.790549 0.556847
vt 0.782208 0.516757
vt 0.324684 0.699814
vt 0.607145 0.829699
vt 0.657640 0.825282
vt 0.667384 0.831805
vt 0.606749 0.919758
vt 0.892807 0.241995
vt 0.884907 0.232215
vt 0.884889 0.214625
vt 0.333444 0.722494
vt 0.048902 0.180165
vt 0.717572 0.589480
vt 0.446552 0.989727
vt 0.451862 0.989727
vt 0.448979 0.995406
vt 0.999287 0.650043
vt 0.996860 0.652470
vt 0.996748 0.646836
vt 0.849224 0.623852
vt 0.874785 0.273259
vt 0.004678 0.122970
vt 0.999980 0.604223
vt 0.999980 0.612824
vt 0.996551 0.612676
vt 0.047673 0.991833
vt 0.047673 0.985372
vt 0.052426 0.990407
vt 0.646142 0.679633
vt 0.650656 0.679633
vt 0.645733 0.689593
vt 0.055550 0.175061
vt 0.637114 0.889141
vt 0.631598 0.892326
vt 0.591330 0.890022
vt 0.374823 0.617894
vt 0.144079 0.073801
vt 0.141349 0.067945
vt 0.161922 0.062583
vt 0.742275 0.692196
vt 0.730215 0.681649
vt 0.738792 0.682289
vt 0.157709 0.132659
vt 0.781989 0.538860
vt 0.775045 0.496740
vt 0.875192 0.231464
vt 0.663407 0.690305
vt 0.840760 0.988408
vt 0.838297 0.995988
vt 0.834166 0.987163
vt 0.713341 0.674999
vt 0.730929 0.676059
vt 0.673157 0.690676
vt 0.712712 0.602996
vt 0.713231 0.681709
vt 0.692993 0.690715
vt 0.693322 0.681033
vt 0.311858 0.710482
vt 0.594383 0.027978
vt 0.784042 0.094654
vt 0.380978 0.586613
vt 0.658208 0.035208
vt 0.922330 0.251786
vt 0.925470 0.284421
vt 0.711707 0.593252
vt 0.710585 0.601580
vt 0.792430 0.000247
vt 0.831529 0.014124
vt 0.792430 0.012981
vt 0.840374 0.002725
vt 0.695838 0.021780
vt 0.647830 0.021779
vt 0.696075 0.000520
vt 0.645468 0.762168
vt 0.632461 0.722139
vt 0.684216 0.756818
vt 0.636313 0.773321
vt 0.630291 0.769279
vt 0.618646 0.719252
vt 0.980889 0.274738
vt 0.983114 0.285209
vt 0.974269 0.296124
vt 0.071659 0.892154
vt 0.056190 0.896299
vt 0.058110 0.856870
vt 0.446217 0.474091
vt 0.523924 0.471276
vt 0.451788 0.494882
vt 0.985245 0.765072
vt 0.979326 0.764554
vt 0.986497 0.743848
vt 0.069928 0.897837
vt 0.446466 0.465129
vt 0.523003 0.461973
vt 0.547057 0.462646
vt 0.547546 0.493845
vt 0.024686 0.220854
vt 0.023904 0.211923
vt 0.038038 0.220884
vt 0.037473 0.209144
vt 0.025671 0.190471
vt 0.526076 0.494347
vt 0.287463 0.498649
vt 0.363983 0.495089
vt 0.361556 0.498649
vt 0.979311 0.744830
vt 0.589407 0.491114
vt 0.591944 0.504931
vt 0.561997 0.530060
vt 0.302154 0.501237
vt 0.611114 0.726859
vt 0.263462 0.496909
vt 0.284564 0.501435
vt 0.606407 0.503685
vt 0.562603 0.461015
vt 0.563198 0.470495
vt 0.600224 0.739773
vt 0.611674 0.775792
vt 0.621420 0.528012
vt 0.614806 0.740898
vt 0.635782 0.452379
vt 0.638990 0.527158
vt 0.251530 0.502983
vt 0.248010 0.499793
vt 0.560686 0.493115
vt 0.262269 0.503146
vt 0.661346 0.526727
vt 0.660496 0.496097
vt 0.959531 0.396400
vt 0.957421 0.373738
vt 0.973699 0.375163
vt 0.611436 0.306660
vt 0.611436 0.232370
vt 0.622452 0.309124
vt 0.362698 0.508380
vt 0.249973 0.507478
vt 0.672889 0.450650
vt 0.672087 0.526630
vt 0.640612 0.287189
vt 0.622627 0.287374
vt 0.610627 0.210909
vt 0.614658 0.198381
vt 0.628749 0.212722
vt 0.658332 0.445163
vt 0.865943 0.179584
vt 0.866402 0.252443
vt 0.862758 0.255501
vt 0.996809 0.168483
vt 0.992843 0.175352
vt 0.992289 0.160129
vt 0.999475 0.166566
vt 0.999475 0.181799
vt 0.991605 0.180173
vt 0.972708 0.704317
vt 0.963275 0.716892
vt 0.963998 0.704469
vt 0.870592 0.252030
vt 0.871633 0.180050
vt 0.036545 0.187441
vt 0.628828 0.226950
vt 0.065324 0.529600
vt 0.081369 0.522373
vt 0.076899 0.531641
vt 0.949492 0.715826
vt 0.068803 0.522580
vt 0.082709 0.529810
vt 0.043654 0.531122
vt 0.992459 0.199043
vt 0.992113 0.194846
vt 0.999463 0.195102
vt 0.983443 0.791273
vt 0.979451 0.799834
vt 0.979391 0.786540
vt 0.983373 0.807613
vt 0.972823 0.399800
vt 0.628139 0.195831
vt 0.994975 0.182028
vt 0.762839 0.996513
vt 0.762194 0.980692
vt 0.779162 0.980692
vt 0.779927 0.995956
vt 0.514323 0.729615
vt 0.479791 0.719058
vt 0.522071 0.722856
vt 0.802942 0.047534
vt 0.793877 0.048001
vt 0.795367 0.030969
vt 0.806352 0.030732
vt 0.115580 0.253639
vt 0.133918 0.243448
vt 0.132549 0.253639
vt 0.520584 0.707645
vt 0.117951 0.188878
vt 0.511426 0.701573
vt 0.192299 0.979751
vt 0.210080 0.973974
vt 0.204224 0.985887
vt 0.412931 0.022004
vt 0.479537 0.022004
vt 0.476522 0.034488
vt 0.673371 0.970326
vt 0.663612 0.978872
vt 0.652224 0.981924
vt 0.651708 0.968522
vt 0.607106 0.688843
vt 0.653451 0.705607
vt 0.607106 0.699078
vt 0.335015 0.977397
vt 0.343305 0.965559
vt 0.343875 0.984392
vt 0.673862 0.981602
vt 0.464371 0.695775
vt 0.983183 0.721470
vt 0.983735 0.699739
vt 0.986589 0.702156
vt 0.986551 0.718498
vt 0.717712 0.961365
vt 0.724281 0.981581
vt 0.708326 0.985117
vt 0.982428 0.324781
vt 0.979106 0.337179
vt 0.978424 0.322743
vt 0.859740 0.048436
vt 0.243549 0.096076
vt 0.274119 0.070480
vt 0.283358 0.079971
vt 0.981347 0.345245
vt 0.985783 0.721575
vt 0.986394 0.734835
vt 0.983335 0.743242
vt 0.982386 0.723139
vt 0.214858 0.092439
vt 0.137526 0.961039
vt 0.136059 0.981479
vt 0.114802 0.981479
vt 0.135658 0.192797
vt 0.855634 0.030355
vt 0.383728 0.000585
vt 0.434409 0.000585
vt 0.429873 0.010317
vt 0.955455 0.874511
vt 0.976117 0.859500
vt 0.976160 0.887279
vt 0.475192 0.848788
vt 0.423319 0.843692
vt 0.617181 0.947982
vt 0.644960 0.947982
vt 0.633192 0.964308
vt 0.973071 0.091522
vt 0.963996 0.063593
vt 0.041534 0.647812
vt 0.045637 0.662059
vt 0.038768 0.663270
vt 0.210887 0.075408
vt 0.060917 0.662439
vt 0.054634 0.652754
vt 0.061331 0.646873
vt 0.469336 0.743769
vt 0.053151 0.661252
vt 0.980750 0.827543
vt 0.991995 0.816772
vt 0.067402 0.996394
vt 0.053066 0.992611
vt 0.057469 0.988634
vt 0.057336 0.686130
vt 0.550214 0.981694
vt 0.561283 0.985569
vt 0.561283 0.994196
vt 0.041434 0.685981
vt 0.145466 0.985845
vt 0.138539 0.995380
vt 0.137983 0.984798
vt 0.426133 0.854071
vt 0.113713 0.963691
vt 0.423371 0.825810
vt 0.575411 0.702913
vt 0.550691 0.994520
vt 0.057231 0.979325
vt 0.999921 0.472426
vt 0.997692 0.485066
vt 0.996610 0.470336
vt 0.070819 0.985114
vt 0.433826 0.705064
vt 0.059357 0.024576
vt 0.059357 0.064399
vt 0.041238 0.023807
vt 0.567065 0.694430
vt 0.332708 0.909584
vt 0.372445 0.906972
vt 0.370047 0.919589
vt 0.055714 0.841774
vt 0.054574 0.810428
vt 0.067141 0.808212
vt 0.083494 0.847763
vt 0.085664 0.807392
vt 0.172539 0.111939
vt 0.339030 0.919377
vt 0.178829 0.072722
vt 0.034652 0.491468
vt 0.026300 0.491468
vt 0.032881 0.457987
vt 0.058039 0.579657
vt 0.059825 0.545582
vt 0.072288 0.539272
vt 0.078711 0.310497
vt 0.071423 0.318590
vt 0.061032 0.277545
vt 0.467882 0.068147
vt 0.471906 0.057538
vt 0.499193 0.067470
vt 0.569666 0.056729
vt 0.569533 0.066850
vt 0.467543 0.894823
vt 0.432229 0.891734
vt 0.477087 0.890113
vt 0.848071 0.916210
vt 0.853799 0.902918
vt 0.174031 0.580965
vt 0.271782 0.582474
vt 0.243049 0.593135
vt 0.467004 0.057960
vt 0.375861 0.054113
vt 0.370899 0.072395
vt 0.362965 0.064935
vt 0.275919 0.585138
vt 0.262187 0.595446
vt 0.064846 0.850685
vt 0.344543 0.054017
vt 0.590531 0.897950
vt 0.587095 0.905320
vt 0.544751 0.898502
vt 0.445740 0.062184
vt 0.433843 0.066073
vt 0.425557 0.065029
vt 0.057153 0.278238
vt 0.070200 0.318392
vt 0.058171 0.312538
vt 0.857140 0.915232
vt 0.243499 0.599825
vt 0.541188 0.034055
vt 0.479891 0.025430
vt 0.541188 0.022519
vt 0.547228 0.023350
vt 0.595549 0.039612
vt 0.586038 0.077758
vt 0.590291 0.032158
vt 0.974303 0.238260
vt 0.983576 0.222200
vt 0.983493 0.244104
vt 0.635627 0.042092
vt 0.597052 0.021846
vt 0.034983 0.380527
vt 0.025473 0.377066
vt 0.033108 0.348908
vt 0.480106 0.033688
vt 0.062451 0.436702
vt 0.079166 0.480542
vt 0.138741 0.393553
vt 0.125382 0.394296
vt 0.125382 0.326220
vt 0.132680 0.326997
vt 0.081705 0.437634
vt 0.175476 0.597138
vt 0.261057 0.602630
vt 0.806393 0.987343
vt 0.811545 0.987343
vt 0.808104 0.993826
vt 0.756734 0.993465
vt 0.752930 0.981758
vt 0.758963 0.982606
vt 0.177411 0.982775
vt 0.184333 0.982775
vt 0.179389 0.994925
vt 0.546868 0.021941
vt 0.999910 0.629344
vt 0.999910 0.636265
vt 0.996621 0.632858
vt 0.999763 0.624296
vt 0.998751 0.623090
vt 0.999395 0.617032
vt 0.423617 0.078266
vt 0.341674 0.090681
vt 0.811565 0.968373
vt 0.811565 0.986533
vt 0.806869 0.985916
vt 0.431701 0.079876
vt 0.272045 0.602880
vt 0.159712 0.967189
vt 0.172569 0.964922
vt 0.190635 0.966770
vt 0.045999 0.377391
vt 0.034279 0.341322
vt 0.044481 0.340647
vt 0.480546 0.841998
vt 0.972588 0.061104
vt 0.441126 0.825920
vt 0.986218 0.810713
vt 0.215957 0.110599
vt 0.197451 0.122781
vt 0.816795 0.904826
vt 0.062002 0.441835
vt 0.129466 0.749379
vt 0.149512 0.811077
vt 0.128981 0.805806
vt 0.137843 0.027996
vt 0.203584 0.027996
vt 0.199935 0.042371
vt 0.110539 0.383589
vt 0.098427 0.445033
vt 0.097329 0.387129
vt 0.641131 0.853513
vt 0.692173 0.870097
vt 0.635379 0.870471
vt 0.891527 0.494517
vt 0.891527 0.436603
vt 0.907779 0.490318
vt 0.729068 0.029780
vt 0.795709 0.029780
vt 0.733744 0.044551
vt 0.571074 0.616224
vt 0.534697 0.617045
vt 0.539295 0.607709
vt 0.246057 0.523328
vt 0.233205 0.545588
vt 0.231494 0.517930
vt 0.246632 0.540146
vt 0.266097 0.546347
vt 0.190172 0.361502
vt 0.173755 0.396709
vt 0.175853 0.356884
vt 0.261509 0.522187
vt 0.261462 0.540254
vt 0.918299 0.487580
vt 0.918299 0.431151
vt 0.932048 0.483083
vt 0.570058 0.628295
vt 0.113771 0.446441
vt 0.732258 0.245548
vt 0.723528 0.251661
vt 0.708974 0.218597
vt 0.098158 0.385983
vt 0.098158 0.323135
vt 0.105509 0.356573
vt 0.261872 0.522351
vt 0.186251 0.398401
vt 0.262531 0.340039
vt 0.286915 0.344339
vt 0.247773 0.377088
vt 0.719710 0.183965
vt 0.192248 0.042894
vt 0.127375 0.042894
vt 0.131232 0.027473
vt 0.327831 0.543325
vt 0.326391 0.537066
vt 0.340855 0.536853
vt 0.603169 0.615568
vt 0.298183 0.545360
vt 0.685764 0.480667
vt 0.688913 0.516656
vt 0.674559 0.480921
vt 0.677447 0.519081
vt 0.729267 0.154232
vt 0.707781 0.181511
vt 0.716367 0.151709
vt 0.295220 0.514604
vt 0.326451 0.514610
vt 0.325835 0.521181
vt 0.173086 0.434023
vt 0.604472 0.627377
vt 0.687378 0.443597
vt 0.187775 0.432793
vt 0.630378 0.603617
vt 0.635273 0.615538
vt 0.673518 0.443294
vt 0.192623 0.465434
vt 0.180091 0.470668
vt 0.679076 0.407579
vt 0.690704 0.412762
vt 0.255296 0.443772
vt 0.281630 0.403954
vt 0.280404 0.441576
vt 0.265313 0.302822
vt 0.291664 0.478151
vt 0.278978 0.258690
vt 0.253661 0.267380
vt 0.272662 0.357825
vt 0.255287 0.397395
vt 0.295753 0.370682
vt 0.493692 0.624000
vt 0.498476 0.636580
vt 0.448265 0.650034
vt 0.448122 0.632614
vt 0.249884 0.603418
vt 0.294711 0.628674
vt 0.285046 0.641045
vt 0.747599 0.300780
vt 0.751611 0.352607
vt 0.708745 0.352607
vt 0.405333 0.626549
vt 0.201325 0.599292
vt 0.202431 0.617096
vt 0.710368 0.301181
vt 0.400929 0.643111
vt 0.747171 0.252942
vt 0.710131 0.252447
vt 0.677552 0.194238
vt 0.677552 0.084751
vt 0.684192 0.109241
vt 0.351926 0.682460
vt 0.355721 0.696622
vt 0.266678 0.683594
vt 0.770354 0.351216
vt 0.760370 0.349455
vt 0.766850 0.258794
vt 0.031778 0.000032
vt 0.053950 0.000032
vt 0.032012 0.038125
vt 0.288178 0.699601
vt 0.179366 0.349905
vt 0.173954 0.357634
vt 0.174890 0.266746
vt 0.718838 0.124148
vt 0.694018 0.150900
vt 0.690372 0.141935
vt 0.704532 0.294654
vt 0.697351 0.335377
vt 0.699485 0.230530
vt 0.087774 0.844516
vt 0.145130 0.844516
vt 0.143309 0.851718
vt 0.708044 0.271154
vt 0.708044 0.376022
vt 0.697804 0.364696
vt 0.900542 0.787254
vt 0.900542 0.730586
vt 0.912143 0.785371
vt 0.883408 0.360030
vt 0.867335 0.355724
vt 0.878773 0.282190
vt 0.710377 0.119562
vt 0.783087 0.083084
vt 0.774397 0.086577
vt 0.760702 0.057208
vt 0.811849 0.804130
vt 0.805534 0.768188
vt 0.816445 0.764643
vt 0.079608 0.374308
vt 0.079608 0.418556
vt 0.060630 0.407828
vt 0.256155 0.700208
vt 0.247255 0.709108
vt 0.172983 0.704444
vt 0.400903 0.863737
vt 0.454399 0.863737
vt 0.454273 0.871645
vt 0.425307 0.758245
vt 0.463273 0.758245
vt 0.426212 0.768747
vt 0.348291 0.558052
vt 0.397857 0.564930
vt 0.386585 0.589496
vt 0.355354 0.541346
vt 0.333280 0.550865
vt 0.347380 0.531962
vt 0.937656 0.666560
vt 0.950352 0.666560
vt 0.946521 0.719962
vt 0.531239 0.844404
vt 0.583067 0.861245
vt 0.529916 0.856028
vt 0.949764 0.741282
vt 0.937253 0.741282
vt 0.938618 0.687856
vt 0.319943 0.551667
vt 0.388560 0.769009
vt 0.783401 0.119196
vt 0.792078 0.736008
vt 0.304842 0.559969
vt 0.346084 0.515766
vt 0.775417 0.119522
vt 0.722031 0.087866
vt 0.729350 0.090889
vt 0.389205 0.759111
vt 0.944778 0.741861
vt 0.944778 0.795304
vt 0.933319 0.794835
vt 0.353573 0.500197
vt 0.763427 0.144164
vt 0.724696 0.056732
vt 0.264680 0.562198
vt 0.716848 0.059950
vt 0.376859 0.920784
vt 0.376234 0.933031
vt 0.770685 0.148936
vt 0.275137 0.574080
vt 0.256581 0.938152
vt 0.254109 0.947378
vt 0.294286 0.549688
vt 0.308316 0.547274
vt 0.410684 0.931774
vt 0.222607 0.940041
vt 0.582952 0.867023
vt 0.586108 0.857310
vt 0.635085 0.875594
vt 0.056793 0.612381
vt 0.024972 0.612381
vt 0.025047 0.606152
vt 0.112112 0.258231
vt 0.118103 0.320560
vt 0.108146 0.273033
vt 0.919889 0.591771
vt 0.928476 0.591771
vt 0.923564 0.648070
vt 0.118316 0.260143
vt 0.021007 0.800881
vt 0.052828 0.800881
vt 0.031981 0.809624
vt 0.088465 0.814569
vt 0.089271 0.768609
vt 0.107002 0.771736
vt 0.383226 0.871079
vt 0.343592 0.864090
vt 0.396102 0.861825
vt 0.054569 0.211931
vt 0.067446 0.201870
vt 0.078236 0.243621
vt 0.946666 0.741869
vt 0.951216 0.793875
vt 0.945711 0.795296
vt 0.834786 0.879602
vt 0.880452 0.883597
vt 0.832630 0.886998
vt 0.636647 0.904729
vt 0.590806 0.904729
vt 0.636499 0.896064
vt 0.716125 0.028600
vt 0.715630 0.022936
vt 0.781397 0.025904
vt 0.890785 0.726391
vt 0.877302 0.676072
vt 0.890505 0.657157
vt 0.397240 0.870394
vt 0.591405 0.896711
vt 0.282381 0.968822
vt 0.282381 0.988561
vt 0.277388 0.969385
vt 0.278662 0.985677
vt 0.268660 0.987741
vt 0.982481 0.219989
vt 0.980679 0.224939
vt 0.981780 0.203961
vt 0.566304 0.980316
vt 0.566304 0.988960
vt 0.562537 0.985278
vt 0.209441 0.967482
vt 0.192266 0.977913
vt 0.189702 0.967482
vt 0.141003 0.197080
vt 0.129562 0.183444
vt 0.138198 0.131959
vt 0.428720 0.813511
vt 0.493281 0.792534
vt 0.493976 0.810476
vt 0.915431 0.118839
vt 0.927595 0.064015
vt 0.975052 0.203766
vt 0.974902 0.225372
vt 0.308448 0.980898
vt 0.314941 0.980898
vt 0.310281 0.993829
vt 0.986371 0.699618
vt 0.978463 0.696273
vt 0.976898 0.678386
vt 0.986432 0.676497
vt 0.158661 0.169384
vt 0.161408 0.090774
vt 0.170557 0.159402
vt 0.063568 0.116359
vt 0.059671 0.071812
vt 0.067188 0.069964
vt 0.760288 0.866897
vt 0.772098 0.864294
vt 0.814043 0.867964
vt 0.998802 0.008480
vt 0.998802 0.022243
vt 0.993269 0.019742
vt 0.208151 0.973269
vt 0.093106 0.761942
vt 0.087249 0.762884
vt 0.416234 0.977376
vt 0.416234 0.994378
vt 0.406858 0.977801
vt 0.408194 0.994296
vt 0.789303 0.852056
vt 0.187487 0.983955
vt 0.332916 0.944096
vt 0.331033 0.965620
vt 0.303358 0.944799
vt 0.697651 0.983662
vt 0.697651 0.993048
vt 0.690357 0.991849
vt 0.990512 0.049811
vt 0.987188 0.040678
vt 0.990066 0.030466
vt 0.048394 0.941759
vt 0.048846 0.954722
vt 0.031844 0.945864
vt 0.033386 0.932187
vt 0.249650 0.886008
vt 0.202282 0.886008
vt 0.248227 0.878610
vt 0.007295 0.328112
vt 0.007295 0.356229
vt 0.003607 0.332580
vt 0.015122 0.110423
vt 0.027951 0.096458
vt 0.031680 0.108975
vt 0.091802 0.754311
vt 0.000190 0.699564
vt 0.000096 0.670109
vt 0.004081 0.677499
vt 0.030529 0.575329
vt 0.036132 0.597375
vt 0.027220 0.604853
vt 0.039845 0.951358
vt 0.537491 0.888511
vt 0.536182 0.895929
vt 0.492242 0.888584
vt 0.001727 0.334425
vt 0.001727 0.306308
vt 0.004715 0.327210
vt 0.005995 0.110055
vt 0.307098 0.965715
vt 0.579053 0.906611
vt 0.533434 0.906611
vt 0.535207 0.897650
vt 0.532687 0.907325
vt 0.487135 0.907325
vt 0.530682 0.897928
vt 0.004990 0.094235
vt 0.058908 0.941402
vt 0.186235 0.157057
vt 0.486478 0.907310
vt 0.441173 0.907310
vt 0.484925 0.898438
vt 0.569839 0.920992
vt 0.562131 0.916641
vt 0.568239 0.911515
vt 0.538802 0.920238
vt 0.529765 0.914245
vt 0.539174 0.912114
vt 0.999948 0.544941
vt 0.996583 0.540136
vt 0.999419 0.532859
vt 0.185693 0.166201
vt 0.710906 0.994542
vt 0.708287 0.986483
vt 0.712922 0.985141
vt 0.071968 0.975636
vt 0.071968 0.963908
vt 0.076198 0.966261
vt 0.484732 0.896987
vt 0.530134 0.896987
vt 0.491800 0.902815
vt 0.067264 0.936646
vt 0.671649 0.945190
vt 0.674369 0.949900
vt 0.646992 0.948678
vt 0.004859 0.672737
vt 0.059422 0.960280
vt 0.979327 0.765672
vt 0.984994 0.767190
vt 0.980982 0.786855
vt 0.130260 0.982320
vt 0.114041 0.991313
vt 0.114234 0.982320
vt 0.120997 0.993399
vt 0.796564 0.991241
vt 0.805337 0.984867
vt 0.805517 0.996302
vt 0.031450 0.969642
vt 0.031450 0.958009
vt 0.058243 0.963406
vt 0.007476 0.573542
vt 0.008594 0.602976
vt 0.999496 0.550132
vt 0.999496 0.561860
vt 0.996540 0.556765
vt 0.033098 0.096045
vt 0.013167 0.093686
vt 0.023220 0.066064
vt 0.032478 0.065006
vt 0.011501 0.066518
vt 0.000574 0.018290
vt 0.006341 0.000541
vt 0.006363 0.016567
vt 0.069000 0.202293
vt 0.069675 0.196291
vt 0.078671 0.196291
vt 0.390453 0.904405
vt 0.429081 0.907785
vt 0.385587 0.907725
vt 0.673229 0.968586
vt 0.645750 0.967299
vt 0.078570 0.239785
vt 0.068599 0.363079
vt 0.068599 0.319657
vt 0.077605 0.363198
vt 0.465654 0.895576
vt 0.456502 0.903255
vt 0.420868 0.895060
vt 0.080063 0.319867
vt 0.927979 0.118839
vt 0.563011 0.434071
vt 0.517455 0.430085
vt 0.566205 0.422959
vt 0.661068 0.192627
vt 0.635289 0.229443
vt 0.649532 0.185988
vt 0.118967 0.258860
vt 0.132767 0.258860
vt 0.119331 0.321418
vt 0.397267 0.089179
vt 0.355690 0.104312
vt 0.394346 0.077056
vt 0.091746 0.263802
vt 0.105403 0.259364
vt 0.113408 0.321409
vt 0.851147 0.920940
vt 0.815775 0.911162
vt 0.830135 0.911141
vt 0.847117 0.888659
vt 0.830116 0.896535
vt 0.810399 0.889514
vt 0.816005 0.897365
vt 0.298345 0.376612
vt 0.310974 0.370723
vt 0.319593 0.416072
vt 0.305318 0.420305
vt 0.519973 0.416344
vt 0.308470 0.254587
vt 0.336297 0.255768
vt 0.352085 0.299145
vt 0.810924 0.921054
vt 0.393675 0.312253
vt 0.379153 0.317539
vt 0.378540 0.254350
vt 0.471249 0.177230
vt 0.450356 0.196041
vt 0.424508 0.139730
vt 0.356856 0.091628
vt 0.648010 0.226955
vt 0.496231 0.165181
vt 0.539952 0.166665
vt 0.539952 0.227620
vt 0.097162 0.700786
vt 0.128705 0.700786
vt 0.098492 0.734643
vt 0.360908 0.255155
vt 0.342659 0.214675
vt 0.362739 0.157122
vt 0.324232 0.090709
vt 0.497583 0.230164
vt 0.128805 0.733423
vt 0.414510 0.166106
vt 0.637555 0.265477
vt 0.320112 0.102733
vt 0.358247 0.217798
vt 0.480564 0.418480
vt 0.318925 0.456764
vt 0.122672 0.749730
vt 0.650224 0.260766
vt 0.912866 0.670044
vt 0.930543 0.670044
vt 0.929761 0.725893
vt 0.296714 0.078389
vt 0.377042 0.153703
vt 0.128754 0.763573
vt 0.105009 0.749014
vt 0.304935 0.455916
vt 0.337397 0.215085
vt 0.364957 0.202938
vt 0.380871 0.206313
vt 0.481368 0.431219
vt 0.105663 0.765021
vt 0.098841 0.764285
vt 0.378557 0.126060
vt 0.655121 0.298651
vt 0.444201 0.436481
vt 0.663026 0.287503
vt 0.311658 0.206600
vt 0.315142 0.490634
vt 0.301089 0.492012
vt 0.541430 0.282026
vt 0.287074 0.087692
vt 0.445695 0.423329
vt 0.498879 0.282521
vt 0.344954 0.269053
vt 0.342014 0.157224
vt 0.358412 0.265740
vt 0.333509 0.131096
vt 0.380938 0.156198
vt 0.331461 0.165567
vt 0.397764 0.164000
vt 0.374955 0.307942
vt 0.359123 0.316118
vt 0.352034 0.184309
vt 0.540065 0.331159
vt 0.501557 0.331846
vt 0.326555 0.311638
vt 0.377857 0.161173
vt 0.241428 0.397251
vt 0.230260 0.391359
vt 0.243976 0.340171
vt 0.242987 0.271414
vt 0.230851 0.278420
vt 0.217250 0.217363
vt 0.604323 0.489384
vt 0.567467 0.488396
vt 0.567467 0.427197
vt 0.604858 0.426833
vt 0.395062 0.693448
vt 0.343054 0.702618
vt 0.395785 0.681442
vt 0.548210 0.041693
vt 0.566197 0.052077
vt 0.533233 0.052955
vt 0.229459 0.391137
vt 0.211311 0.379058
vt 0.684756 0.306492
vt 0.662618 0.275749
vt 0.675978 0.269519
vt 0.493724 0.507338
vt 0.490125 0.520772
vt 0.456143 0.497563
vt 0.281325 0.579072
vt 0.242482 0.571239
vt 0.247696 0.559656
vt 0.498215 0.806978
vt 0.555667 0.801951
vt 0.568187 0.807067
vt 0.214255 0.325765
vt 0.214929 0.359265
vt 0.188979 0.359265
vt 0.663197 0.231410
vt 0.562599 0.853338
vt 0.617338 0.848549
vt 0.620255 0.854623
vt 0.665281 0.723003
vt 0.598155 0.701192
vt 0.668482 0.707963
vt 0.185766 0.326116
vt 0.448111 0.629457
vt 0.477156 0.607094
vt 0.479407 0.618066
vt 0.230473 0.218812
vt 0.262928 0.260920
vt 0.514216 0.609006
vt 0.855009 0.355757
vt 0.861453 0.282104
vt 0.866497 0.360116
vt 0.534851 0.520228
vt 0.220950 0.335379
vt 0.193657 0.317277
vt 0.205959 0.316635
vt 0.023899 0.613219
vt 0.056875 0.613219
vt 0.026346 0.626129
vt 0.212740 0.290429
vt 0.185840 0.291296
vt 0.256975 0.338059
vt 0.207188 0.568940
vt 0.193544 0.302171
vt 0.092317 0.372142
vt 0.077980 0.373396
vt 0.081426 0.319864
vt 0.206362 0.302250
vt 0.254030 0.217480
vt 0.532903 0.509555
vt 0.528437 0.862952
vt 0.582068 0.864075
vt 0.582068 0.876393
vt 0.208483 0.558164
vt 0.694823 0.719038
vt 0.708547 0.721458
vt 0.698983 0.792855
vt 0.657612 0.734769
vt 0.039485 0.629336
vt 0.023981 0.639011
vt 0.675862 0.232410
vt 0.530707 0.840464
vt 0.527921 0.855275
vt 0.500696 0.852893
vt 0.673896 0.712820
vt 0.682580 0.195458
vt 0.964274 0.652729
vt 0.969725 0.648768
vt 0.958519 0.670074
vt 0.514109 0.619437
vt 0.830535 0.968549
vt 0.819680 0.957659
vt 0.829373 0.955262
vt 0.239254 0.167106
vt 0.566599 0.367900
vt 0.532868 0.876268
vt 0.943913 0.156820
vt 0.938157 0.133303
vt 0.952254 0.132810
vt 0.481603 0.843540
vt 0.667703 0.737856
vt 0.483837 0.865732
vt 0.456508 0.865732
vt 0.504411 0.854147
vt 0.007203 0.360896
vt 0.001222 0.363685
vt 0.001782 0.335522
vt 0.236106 0.288000
vt 0.570025 0.504480
vt 0.456527 0.852914
vt 0.929445 0.162374
vt 0.941597 0.168887
vt 0.966300 0.686712
vt 0.971038 0.685032
vt 0.103412 0.913424
vt 0.064576 0.913609
vt 0.092219 0.904032
vt 0.092486 0.324243
vt 0.227636 0.160628
vt 0.571582 0.976471
vt 0.566576 0.970505
vt 0.592493 0.971749
vt 0.818159 0.948949
vt 0.831989 0.944236
vt 0.604232 0.369158
vt 0.929312 0.176407
vt 0.950171 0.663618
vt 0.984885 0.479869
vt 0.985922 0.491720
vt 0.984346 0.501300
vt 0.214415 0.298727
vt 0.179267 0.580092
vt 0.670675 0.194003
vt 0.429262 0.705576
vt 0.431970 0.677477
vt 0.184972 0.263331
vt 0.212175 0.260368
vt 0.973174 0.095018
vt 0.961910 0.086529
vt 0.962731 0.067024
vt 0.548421 0.624519
vt 0.539692 0.630765
vt 0.473753 0.852202
vt 0.072957 0.904168
vt 0.037417 0.679757
vt 0.018008 0.677648
vt 0.018008 0.647300
vt 0.963476 0.152721
vt 0.972600 0.159442
vt 0.972600 0.178705
vt 0.510786 0.866115
vt 0.173085 0.570445
vt 0.494158 0.976748
vt 0.499896 0.977453
vt 0.498615 0.989555
vt 0.511809 0.041789
vt 0.995435 0.284519
vt 0.996332 0.290230
vt 0.991775 0.292355
vt 0.500739 0.051442
vt 0.982080 0.915298
vt 0.970498 0.916883
vt 0.961602 0.915314
vt 0.964411 0.185237
vt 0.499214 0.046471
vt 0.992392 0.276525
vt 0.031030 0.769231
vt 0.031030 0.797461
vt 0.015287 0.770994
vt 0.038484 0.647607
vt 0.571608 0.514305
vt 0.014560 0.787909
vt 0.246682 0.279656
vt 0.260833 0.179944
vt 0.170108 0.929861
vt 0.199261 0.916266
vt 0.206007 0.930116
vt 0.938137 0.559536
vt 0.949749 0.563178
vt 0.936772 0.611608
vt 0.017974 0.800640
vt 0.961428 0.921670
vt 0.997299 0.166877
vt 0.992791 0.154492
vt 0.997211 0.151755
vt 0.238011 0.962478
vt 0.252221 0.967650
vt 0.221516 0.966294
vt 0.241248 0.003140
vt 0.190367 0.015196
vt 0.192005 0.003140
vt 0.949048 0.612416
vt 0.239558 0.011524
vt 0.928504 0.119638
vt 0.928504 0.174713
vt 0.917878 0.126543
vt 0.193510 0.245294
vt 0.205810 0.245550
vt 0.947311 0.613007
vt 0.947311 0.665982
vt 0.937228 0.664112
vt 0.185669 0.326025
vt 0.193622 0.317242
vt 0.265867 0.708600
vt 0.227555 0.744265
vt 0.233609 0.723642
vt 0.258429 0.699920
vt 0.784081 0.932898
vt 0.786229 0.924882
vt 0.819982 0.931168
vt 0.555665 0.760869
vt 0.585049 0.763957
vt 0.497211 0.765528
vt 0.524899 0.719709
vt 0.520455 0.757127
vt 0.508296 0.755983
vt 0.303712 0.742667
vt 0.297433 0.744232
vt 0.260794 0.685368
vt 0.311097 0.735250
vt 0.536497 0.775831
vt 0.936072 0.000124
vt 0.925050 0.018707
vt 0.889641 0.018707
vt 0.888507 0.002038
vt 0.739282 0.704198
vt 0.681479 0.712051
vt 0.695820 0.700395
vt 0.519308 0.774375
vt 0.679817 0.719327
vt 0.728082 0.716613
vt 0.682375 0.705921
vt 0.279791 0.698417
vt 0.678598 0.701366
vt 0.678219 0.703163
vt 0.667872 0.704161
vt 0.655663 0.702776
vt 0.273677 0.690440
vt 0.005836 0.215950
vt 0.001521 0.191476
vt 0.006903 0.188410
vt 0.067231 0.049765
vt 0.060123 0.024335
vt 0.065065 0.025008
vt 0.245733 0.913274
vt 0.244318 0.920603
vt 0.207686 0.920603
vt 0.176340 0.878011
vt 0.140443 0.876006
vt 0.144141 0.866291
vt 0.007359 0.225534
vt 0.007359 0.253157
vt 0.004534 0.225742
vt 0.786095 0.947181
vt 0.759171 0.949813
vt 0.760217 0.947181
vt 0.533361 0.977411
vt 0.552368 0.977411
vt 0.534521 0.986414
vt 0.860397 0.775926
vt 0.840927 0.771431
vt 0.865049 0.756381
vt 0.489034 0.921023
vt 0.452461 0.918946
vt 0.449024 0.909502
vt 0.999503 0.509621
vt 0.999503 0.523084
vt 0.996532 0.510367
vt 0.683907 0.903018
vt 0.718966 0.904306
vt 0.689489 0.907701
vt 0.761676 0.962631
vt 0.717521 0.901516
vt 0.845616 0.751703
vt 0.964541 0.448939
vt 0.968561 0.446618
vt 0.966650 0.482520
vt 0.210887 0.913705
vt 0.219870 0.912401
vt 0.974264 0.173436
vt 0.974264 0.152134
vt 0.982624 0.155288
vt 0.394380 0.959846
vt 0.366770 0.960689
vt 0.391211 0.948018
vt 0.488830 0.909981
vt 0.252550 0.892480
vt 0.246306 0.899204
vt 0.220526 0.899204
vt 0.830403 0.765173
vt 0.066202 0.058640
vt 0.214575 0.894246
vt 0.143390 0.899241
vt 0.139903 0.893202
vt 0.177861 0.895310
vt 0.005897 0.714103
vt 0.005897 0.743776
vt 0.000545 0.734560
vt 0.832307 0.747422
vt 0.370069 0.947636
vt 0.787409 0.961098
vt 0.183189 0.900158
vt 0.820602 0.766273
vt 0.060442 0.070808
vt 0.139230 0.892682
vt 0.131659 0.900182
vt 0.129367 0.892682
vt 0.208798 0.899393
vt 0.186828 0.985286
vt 0.191269 0.983843
vt 0.189749 0.990884
vt 0.039215 0.391804
vt 0.034380 0.385219
vt 0.045402 0.381207
vt 0.871589 0.992914
vt 0.862306 0.991206
vt 0.867478 0.987256
vt 0.467181 0.927010
vt 0.463599 0.930005
vt 0.431234 0.921333
vt 0.182261 0.872598
vt 0.866269 0.995401
vt 0.539133 0.976645
vt 0.512899 0.976645
vt 0.513036 0.970332
vt 0.958338 0.242093
vt 0.925210 0.242093
vt 0.957920 0.235112
vt 0.963070 0.559434
vt 0.963070 0.524313
vt 0.968545 0.526438
vt 0.192560 0.876386
vt 0.096152 0.894156
vt 0.466457 0.921539
vt 0.190611 0.866872
vt 0.999415 0.601762
vt 0.996621 0.609439
vt 0.996721 0.600174
vt 0.962576 0.518655
vt 0.962576 0.482832
vt 0.968544 0.483940
vt 0.996867 0.621242
vt 0.996655 0.615176
vt 0.999381 0.613644
vt 0.044352 0.144267
vt 0.027135 0.167924
vt 0.021059 0.165591
vt 0.963855 0.123304
vt 0.957995 0.119642
vt 0.973125 0.123097
vt 0.795010 0.736463
vt 0.962482 0.091760
vt 0.727887 0.906835
vt 0.940638 0.315563
vt 0.940638 0.307826
vt 0.973634 0.313944
vt 0.039179 0.929377
vt 0.058626 0.936073
vt 0.040181 0.935060
vt 0.031045 0.150051
vt 0.074299 0.929140
vt 0.045350 0.420081
vt 0.069328 0.934603
vt 0.072777 0.962820
vt 0.061019 0.960176
vt 0.798438 0.403369
vt 0.800460 0.356925
vt 0.810086 0.359897
vt 0.252805 0.985177
vt 0.252877 0.962379
vt 0.276431 0.964439
vt 0.275178 0.985590
vt 0.507416 0.041269
vt 0.489948 0.049415
vt 0.440553 0.042461
vt 0.055612 0.338706
vt 0.047050 0.337196
vt 0.060869 0.318181
vt 0.047533 0.298558
vt 0.115825 0.094408
vt 0.133368 0.084282
vt 0.143003 0.104945
vt 0.122439 0.102007
vt 0.837008 0.122131
vt 0.842837 0.055512
vt 0.843864 0.140227
vt 0.134214 0.124203
vt 0.120670 0.108894
vt 0.034275 0.302064
vt 0.904684 0.078525
vt 0.904684 0.137530
vt 0.901064 0.091631
vt 0.115308 0.094891
vt 0.308624 0.834878
vt 0.249355 0.834878
vt 0.263082 0.832615
vt 0.034616 0.332447
vt 0.036879 0.318149
vt 0.250064 0.843913
vt 0.250064 0.856214
vt 0.237936 0.843489
vt 0.725146 0.995697
vt 0.725146 0.980706
vt 0.732302 0.996505
vt 0.210952 0.975398
vt 0.210952 0.988225
vt 0.204311 0.988427
vt 0.458440 0.769785
vt 0.461266 0.776575
vt 0.448689 0.784742
vt 0.086529 0.637700
vt 0.078115 0.636735
vt 0.076008 0.624783
vt 0.162322 0.070353
vt 0.165489 0.056228
vt 0.172792 0.056867
vt 0.170827 0.072177
vt 0.913474 0.757535
vt 0.925971 0.732474
vt 0.920831 0.747028
vt 0.915468 0.743047
vt 0.733229 0.979709
vt 0.144321 0.000171
vt 0.150953 0.000752
vt 0.139799 0.005775
vt 0.038845 0.501536
vt 0.053757 0.503898
vt 0.039175 0.508732
vt 0.446716 0.776645
vt 0.119593 0.130476
vt 0.873081 0.801758
vt 0.870777 0.795427
vt 0.884447 0.794320
vt 0.725549 0.912396
vt 0.727826 0.918652
vt 0.711119 0.920608
vt 0.427439 0.784352
vt 0.428124 0.791375
vt 0.375736 0.896759
vt 0.382910 0.896104
vt 0.919244 0.733028
vt 0.559624 0.828187
vt 0.546314 0.828300
vt 0.550285 0.817388
vt 0.852512 0.804563
vt 0.046776 0.354109
vt 0.062764 0.363965
vt 0.046776 0.370215
vt 0.885519 0.787112
vt 0.062866 0.353131
vt 0.126566 0.498892
vt 0.126566 0.430246
vt 0.132602 0.486778
vt 0.772813 0.550228
vt 0.770509 0.484335
vt 0.779405 0.532117
vt 0.051692 0.497223
vt 0.801664 0.312191
vt 0.046617 0.380922
vt 0.323226 0.881934
vt 0.329772 0.880793
vt 0.045326 0.339877
vt 0.064188 0.380830
vt 0.162193 0.086647
vt 0.478114 0.890516
vt 0.519597 0.894146
vt 0.474456 0.896897
vt 0.711319 0.913859
vt 0.840418 0.795311
vt 0.062235 0.339594
vt 0.124689 0.139065
vt 0.071677 0.888348
vt 0.056654 0.849511
vt 0.063366 0.852350
vt 0.252290 0.986210
vt 0.263567 0.986210
vt 0.259673 0.995951
vt 0.607984 0.216056
vt 0.607585 0.313677
vt 0.171697 0.103137
vt 0.416500 0.786985
vt 0.127025 0.149117
vt 0.858570 0.302589
vt 0.853615 0.359227
vt 0.852034 0.282002
vt 0.059646 0.016189
vt 0.084121 0.012130
vt 0.079837 0.023231
vt 0.063119 0.002701
vt 0.093196 0.004984
vt 0.074168 0.851520
vt 0.768663 0.577607
vt 0.163535 0.098477
vt 0.415311 0.794140
vt 0.519664 0.855525
vt 0.526446 0.858687
vt 0.516899 0.863999
vt 0.058415 0.435184
vt 0.071260 0.474716
vt 0.054607 0.480574
vt 0.338840 0.834154
vt 0.325334 0.836535
vt 0.279594 0.836807
vt 0.687436 0.913372
vt 0.115174 0.142817
vt 0.841471 0.802396
vt 0.213743 0.994929
vt 0.213743 0.987232
vt 0.219359 0.990978
vt 0.890829 0.437293
vt 0.890829 0.515631
vt 0.886674 0.449586
vt 0.968757 0.489281
vt 0.968757 0.525089
vt 0.963354 0.523269
vt 0.164914 0.105204
vt 0.084766 0.592185
vt 0.036331 0.757056
vt 0.036331 0.719654
vt 0.052371 0.755583
vt 0.094016 0.308526
vt 0.084378 0.320012
vt 0.086890 0.260761
vt 0.089536 0.010038
vt 0.215411 0.855350
vt 0.067201 0.481852
vt 0.914649 0.703040
vt 0.921467 0.701831
vt 0.625119 0.944086
vt 0.619936 0.947390
vt 0.604721 0.217890
vt 0.606313 0.823438
vt 0.079582 0.041897
vt 0.762484 0.485257
vt 0.762484 0.579659
vt 0.748913 0.487360
vt 0.099660 0.010632
vt 0.145493 0.857564
vt 0.089889 0.857564
vt 0.099733 0.847095
vt 0.570812 0.863171
vt 0.342009 0.899708
vt 0.081312 0.590744
vt 0.816662 0.789398
vt 0.388586 0.789270
vt 0.190727 0.004515
vt 0.285944 0.884918
vt 0.171781 0.131581
vt 0.913348 0.668728
vt 0.913348 0.613124
vt 0.928079 0.669333
vt 0.192949 0.843977
vt 0.808945 0.323103
vt 0.386435 0.902211
vt 0.333977 0.886799
vt 0.604603 0.254702
vt 0.654593 0.946665
vt 0.105865 0.003459
vt 0.081379 0.030504
vt 0.329632 0.943030
vt 0.363024 0.940108
vt 0.364124 0.945917
vt 0.213840 0.171707
vt 0.205374 0.153955
vt 0.214984 0.118090
vt 0.298312 0.881725
vt 0.277633 0.885371
vt 0.250747 0.883124
vt 0.687171 0.125933
vt 0.691634 0.159991
vt 0.680516 0.167776
vt 0.054387 0.877345
vt 0.054387 0.915519
vt 0.040757 0.907968
vt 0.421802 0.824996
vt 0.369289 0.815737
vt 0.429522 0.815984
vt 0.000236 0.188663
vt 0.000236 0.161684
vt 0.003729 0.179936
vt 0.928034 0.307427
vt 0.928034 0.361057
vt 0.918844 0.314367
vt 0.200396 0.943470
vt 0.174668 0.941219
vt 0.961181 0.005076
vt 0.961181 0.042000
vt 0.947144 0.012555
vt 0.000650 0.669159
vt 0.003080 0.641384
vt 0.005297 0.670806
vt 0.160342 0.498661
vt 0.166293 0.567865
vt 0.002137 0.431680
vt 0.006783 0.459212
vt 0.956368 0.858035
vt 0.926714 0.855504
vt 0.927192 0.850039
vt 0.582318 0.709146
vt 0.585807 0.713919
vt 0.588987 0.727689
vt 0.571082 0.737414
vt 0.587954 0.733077
vt 0.982882 0.416690
vt 0.980862 0.412192
vt 0.979426 0.395782
vt 0.600301 0.708198
vt 0.982913 0.392527
vt 0.604488 0.724130
vt 0.885025 0.089775
vt 0.885025 0.165428
vt 0.870178 0.092343
vt 0.904628 0.242565
vt 0.895097 0.245118
vt 0.898558 0.221707
vt 0.919747 0.858583
vt 0.561645 0.715816
vt 0.889723 0.226217
vt 0.157201 0.573173
vt 0.982767 0.248475
vt 0.990969 0.257752
vt 0.982826 0.265895
vt 0.990251 0.249893
vt 0.532097 0.748690
vt 0.314801 0.015904
vt 0.334794 0.021261
vt 0.285126 0.020976
vt 0.687745 0.235811
vt 0.090436 0.977749
vt 0.090118 0.991963
vt 0.082496 0.994005
vt 0.184230 0.255822
vt 0.184230 0.350719
vt 0.082012 0.980120
vt 0.330756 0.892477
vt 0.374893 0.892477
vt 0.330970 0.900883
vt 0.408708 0.882239
vt 0.387674 0.874719
vt 0.406255 0.868326
vt 0.135154 0.502243
vt 0.131856 0.464545
vt 0.136231 0.433833
vt 0.525840 0.724948
vt 0.900488 0.279284
vt 0.329799 0.900335
vt 0.285662 0.900335
vt 0.325387 0.892034
vt 0.709840 0.659688
vt 0.712505 0.674802
vt 0.616038 0.674061
vt 0.393959 0.886381
vt 0.067418 0.372076
vt 0.070123 0.363753
vt 0.073363 0.379884
vt 0.077269 0.364678
vt 0.858687 0.286225
vt 0.851422 0.280129
vt 0.858203 0.210306
vt 0.215340 0.232257
vt 0.065840 0.377684
vt 0.891303 0.277639
vt 0.434513 0.885346
vt 0.068440 0.133942
vt 0.091619 0.154561
vt 0.084608 0.180726
vt 0.070243 0.178626
vt 0.982605 0.537111
vt 0.974283 0.537111
vt 0.980789 0.511948
vt 0.060987 0.404334
vt 0.169855 0.580625
vt 0.208385 0.939582
vt 0.169685 0.558544
vt 0.002137 0.460292
vt 0.177019 0.290854
vt 0.438887 0.870992
vt 0.210160 0.863007
vt 0.217302 0.871518
vt 0.191869 0.871638
vt 0.023703 0.141511
vt 0.008012 0.117348
vt 0.014880 0.112701
vt 0.077618 0.707739
vt 0.087590 0.738250
vt 0.076857 0.751042
vt 0.075409 0.751103
vt 0.063455 0.730900
vt 0.076783 0.707815
vt 0.996821 0.635349
vt 0.999922 0.639044
vt 0.996609 0.642154
vt 0.206842 0.856032
vt 0.231372 0.857538
vt 0.168756 0.969594
vt 0.159120 0.967895
vt 0.183692 0.968329
vt 0.986850 0.030588
vt 0.986850 0.017479
vt 0.990851 0.028436
vt 0.888238 0.976197
vt 0.865285 0.974842
vt 0.865285 0.962512
vt 0.183793 0.981659
vt 0.144353 0.019544
vt 0.123175 0.022156
vt 0.129973 0.007043
vt 0.149529 0.014369
vt 0.890414 0.962356
vt 0.066317 0.752046
vt 0.360973 0.985726
vt 0.372427 0.985726
vt 0.366935 0.995939
vt 0.101778 0.041145
vt 0.125620 0.038389
vt 0.119776 0.055452
vt 0.350233 0.965086
vt 0.345089 0.945289
vt 0.365517 0.948525
vt 0.335504 0.944726
vt 0.119770 0.028098
vt 0.482991 0.995297
vt 0.477264 0.985377
vt 0.489102 0.985466
vt 0.094104 0.744714
vt 0.088510 0.754871
vt 0.130341 0.000048
vt 0.969983 0.024712
vt 0.969983 0.004029
vt 0.977489 0.024466
vt 0.160259 0.983047
vt 0.169678 0.979240
vt 0.489535 0.994875
vt 0.081957 0.755096
vt 0.241347 0.871917
vt 0.282707 0.989145
vt 0.273359 0.995659
vt 0.273289 0.989145
vt 0.282494 0.995989
vt 0.827046 0.995868
vt 0.818595 0.989265
vt 0.830428 0.986788
vt 0.114381 0.008521
vt 0.062799 0.225286
vt 0.054552 0.226820
vt 0.055989 0.217747
vt 0.920824 0.037757
vt 0.911412 0.091133
vt 0.913643 0.036716
vt 0.928936 0.039476
vt 0.929520 0.063517
vt 0.818234 0.993278
vt 0.361366 0.960355
vt 0.368163 0.951685
vt 0.983024 0.137583
vt 0.976944 0.130704
vt 0.984956 0.129833
vt 0.990350 0.142545
vt 0.159311 0.972358
vt 0.924958 0.063134
vt 0.986575 0.144200
vt 0.960821 0.982544
vt 0.968764 0.970460
vt 0.967917 0.984446
vt 0.037144 0.391406
vt 0.019559 0.385866
vt 0.029028 0.380235
vt 0.961939 0.977349
vt 0.962013 0.971725
vt 0.946499 0.970671
vt 0.010923 0.386613
vt 0.354910 0.986510
vt 0.360105 0.981316
vt 0.360154 0.993412
vt 0.707517 0.968942
vt 0.707517 0.987946
vt 0.702295 0.981808
vt 0.012340 0.408665
vt 0.954265 0.981639
vt 0.387101 0.901877
vt 0.394042 0.891978
vt 0.415141 0.901816
vt 0.245693 0.870970
vt 0.985443 0.850108
vt 0.965809 0.850038
vt 0.965420 0.845588
vt 0.096755 0.017996
vt 0.965524 0.835224
vt 0.986017 0.840100
vt 0.983663 0.846063
vt 0.195965 0.966583
vt 0.195965 0.962555
vt 0.226731 0.964101
vt 0.110738 0.001807
vt 0.494836 0.961406
vt 0.508226 0.948020
vt 0.510614 0.951925
vt 0.985193 0.835938
vt 0.005920 0.297923
vt 0.005920 0.325962
vt 0.003000 0.307321
vt 0.964651 0.850194
vt 0.931285 0.850194
vt 0.962329 0.840093
vt 0.493765 0.952578
vt 0.502209 0.976658
vt 0.506490 0.970698
vt 0.519662 0.964289
vt 0.500710 0.967068
vt 0.516617 0.961336
vt 0.498599 0.960636
vt 0.151294 0.865680
vt 0.157697 0.859656
vt 0.168239 0.857797
vt 0.073716 0.250939
vt 0.205494 0.864001
vt 0.146194 0.021192
vt 0.156441 0.006558
vt 0.197215 0.018005
vt 0.004353 0.640023
vt 0.000084 0.641166
vt 0.006207 0.614680
vt 0.397933 0.904156
vt 0.440122 0.900465
vt 0.082217 0.251529
vt 0.031474 0.810819
vt 0.006258 0.819012
vt 0.006187 0.812243
vt 0.490744 0.969410
vt 0.006358 0.643992
vt 0.431531 0.898621
vt 0.714411 0.019638
vt 0.696818 0.016536
vt 0.744708 0.018126
vt 0.955088 0.253335
vt 0.968598 0.260219
vt 0.966133 0.285812
vt 0.138078 0.279190
vt 0.138078 0.347173
vt 0.126541 0.294290
vt 0.060941 0.520236
vt 0.027761 0.520236
vt 0.050699 0.509497
vt 0.167028 0.848889
vt 0.054711 0.706852
vt 0.071652 0.706852
vt 0.055039 0.749541
vt 0.981550 0.463917
vt 0.981550 0.489007
vt 0.975834 0.486410
vt 0.170630 0.451590
vt 0.176249 0.541472
vt 0.007425 0.146147
vt 0.003075 0.170820
vt 0.000999 0.143848
vt 0.799908 0.180351
vt 0.787488 0.189709
vt 0.815584 0.104146
vt 0.971968 0.233831
vt 0.940199 0.228951
vt 0.442503 0.906274
vt 0.170630 0.541237
vt 0.973081 0.227517
vt 0.817036 0.242676
vt 0.795997 0.311493
vt 0.770179 0.225177
vt 0.705603 0.970861
vt 0.700245 0.980142
vt 0.700651 0.960393
vt 0.570395 0.001597
vt 0.620388 0.000031
vt 0.576541 0.010375
vt 0.205839 0.781787
vt 0.214446 0.808770
vt 0.190489 0.794668
vt 0.063599 0.806592
vt 0.076460 0.762783
vt 0.077178 0.806592
vt 0.602110 0.934880
vt 0.634292 0.921809
vt 0.640209 0.940021
vt 0.605693 0.947368
vt 0.613834 0.008636
vt 0.276480 0.868106
vt 0.242350 0.876615
vt 0.275227 0.835604
vt 0.072813 0.474236
vt 0.084569 0.490110
vt 0.062624 0.520313
vt 0.170275 0.805534
vt 0.169308 0.795219
vt 0.284815 0.947153
vt 0.282243 0.966128
vt 0.258993 0.955286
vt 0.794416 0.744953
vt 0.803559 0.777278
vt 0.784877 0.777930
vt 0.256315 0.947206
vt 0.795101 0.811539
vt 0.903838 0.969000
vt 0.904301 0.983428
vt 0.883112 0.983428
vt 0.724535 0.049108
vt 0.690728 0.043146
vt 0.728873 0.032158
vt 0.175521 0.814948
vt 0.951167 0.429784
vt 0.951196 0.479532
vt 0.924919 0.451809
vt 0.895342 0.969516
vt 0.269146 0.877369
vt 0.258975 0.879956
vt 0.063060 0.765821
vt 0.689039 0.023448
vt 0.932107 0.436185
vt 0.940439 0.429803
vt 0.054678 0.507853
vt 0.778287 0.804881
vt 0.771267 0.808335
vt 0.363826 0.870756
vt 0.334561 0.887364
vt 0.336297 0.863379
vt 0.662108 0.028031
vt 0.663695 0.049396
vt 0.974920 0.305417
vt 0.982540 0.313037
vt 0.974348 0.327884
vt 0.334661 0.947971
vt 0.345716 0.961146
vt 0.335424 0.971751
vt 0.974324 0.355299
vt 0.981413 0.351993
vt 0.981573 0.375460
vt 0.992574 0.883528
vt 0.976459 0.889393
vt 0.993459 0.872748
vt 0.853777 0.939570
vt 0.836533 0.963304
vt 0.833537 0.943766
vt 0.146569 0.798745
vt 0.165971 0.775736
vt 0.589577 0.968664
vt 0.562554 0.968664
vt 0.566489 0.950563
vt 0.385955 0.886266
vt 0.995426 0.462013
vt 0.982274 0.471568
vt 0.983787 0.449145
vt 0.993809 0.889242
vt 0.996623 0.465264
vt 0.996623 0.449007
vt 0.998422 0.454570
vt 0.025443 0.951652
vt 0.028138 0.968250
vt 0.001099 0.968250
vt 0.145812 0.776973
vt 0.399837 0.947425
vt 0.424493 0.947097
vt 0.418463 0.956111
vt 0.003153 0.949986
vt 0.969062 0.605412
vt 0.950011 0.608810
vt 0.950620 0.597175
vt 0.396121 0.956768
vt 0.971694 0.615412
vt 0.094694 0.207478
vt 0.088375 0.171644
vt 0.096462 0.145842
vt 0.020564 0.062712
vt 0.025704 0.053740
vt 0.047489 0.053740
vt 0.052776 0.062292
vt 0.910751 0.959145
vt 0.929793 0.936296
vt 0.930126 0.954672
vt 0.899408 0.946997
vt 0.994576 0.408336
vt 0.998487 0.415110
vt 0.995091 0.424668
vt 0.996632 0.592478
vt 0.996632 0.581457
vt 0.998908 0.588031
vt 0.562882 0.001100
vt 0.568844 0.009306
vt 0.557023 0.008334
vt 0.827269 0.926956
vt 0.832826 0.922769
vt 0.832746 0.936993
vt 0.838738 0.933446
vt 0.981136 0.859063
vt 0.979712 0.851371
vt 0.988252 0.853659
vt 0.996720 0.553998
vt 0.996720 0.542137
vt 0.997829 0.548433
vt 0.237320 0.983759
vt 0.234012 0.993942
vt 0.231461 0.984990
vt 0.889757 0.984320
vt 0.883633 0.995749
vt 0.883286 0.984320
vt 0.991608 0.322987
vt 0.996847 0.331484
vt 0.993023 0.328270
vt 0.862027 0.933649
vt 0.996643 0.631224
vt 0.996643 0.623979
vt 0.999888 0.626192
vt 0.889101 0.995858
vt 0.347555 0.984870
vt 0.353634 0.986846
vt 0.349588 0.994812
vt 0.984760 0.863188
vt 0.990682 0.858955
vt 0.994942 0.868649
vt 0.987328 0.868248
vt 0.965777 0.996311
vt 0.957448 0.994842
vt 0.965437 0.984954
vt 0.996006 0.851812
vt 0.095660 0.905374
vt 0.134766 0.903975
vt 0.997490 0.315196
vt 0.714225 0.984925
vt 0.723922 0.983215
vt 0.713640 0.996467
vt 0.940630 0.330882
vt 0.948580 0.316255
vt 0.949777 0.327553
vt 0.955928 0.982877
vt 0.928816 0.357608
vt 0.940521 0.318821
vt 0.723377 0.995774
vt 0.940928 0.958420
vt 0.930727 0.963177
vt 0.930914 0.946308
vt 0.940230 0.946269
vt 0.931505 0.933751
vt 0.940771 0.934220
vt 0.905439 0.984668
vt 0.905729 0.995919
vt 0.892434 0.993575
vt 0.929319 0.307682
vt 0.938010 0.306912
vt 0.890603 0.984259
vt 0.231865 0.629821
vt 0.158696 0.627042
vt 0.187409 0.617074
vt 0.041928 0.233025
vt 0.034220 0.237115
vt 0.028466 0.234056
vt 0.978304 0.376883
vt 0.988266 0.375693
vt 0.989486 0.378568
vt 0.984324 0.393880
vt 0.170378 0.611148
vt 0.294061 0.905067
vt 0.333788 0.905067
vt 0.326119 0.920008
vt 0.555445 0.001135
vt 0.517681 0.011254
vt 0.505011 0.001224
vt 0.001873 0.431114
vt 0.006931 0.402880
vt 0.006928 0.431114
vt 0.001493 0.408049
vt 0.825961 0.600506
vt 0.813680 0.588224
vt 0.836898 0.588496
vt 0.944665 0.206070
vt 0.926842 0.227311
vt 0.930853 0.177545
vt 0.000030 0.587245
vt 0.006412 0.563430
vt 0.006268 0.592665
vt 0.976927 0.624848
vt 0.976927 0.600623
vt 0.982934 0.602418
vt 0.947786 0.226901
vt 0.108281 0.510188
vt 0.103639 0.457128
vt 0.109939 0.447196
vt 0.168058 0.581279
vt 0.831584 0.888324
vt 0.781150 0.888324
vt 0.832329 0.860437
vt 0.802041 0.590616
vt 0.843484 0.557159
vt 0.006837 0.562919
vt 0.000418 0.561944
vt 0.006487 0.539296
vt 0.000100 0.533711
vt 0.032005 0.257946
vt 0.536406 0.987287
vt 0.548331 0.980880
vt 0.547282 0.992828
vt 0.000582 0.589198
vt 0.006852 0.612598
vt 0.000694 0.618433
vt 0.974282 0.151505
vt 0.983597 0.141313
vt 0.982936 0.149979
vt 0.995098 0.208190
vt 0.999887 0.222930
vt 0.991689 0.217461
vt 0.157134 0.592886
vt 0.023979 0.261524
vt 0.950204 0.681631
vt 0.960085 0.679888
vt 0.948709 0.714561
vt 0.307206 0.939161
vt 0.300494 0.945874
vt 0.273071 0.941116
vt 0.975099 0.130457
vt 0.835598 0.601971
vt 0.960608 0.704632
vt 0.946154 0.188577
vt 0.040040 0.807611
vt 0.056318 0.801034
vt 0.047997 0.832205
vt 0.173461 0.586592
vt 0.943679 0.178125
vt 0.031888 0.832762
vt 0.105317 0.978638
vt 0.092362 0.983353
vt 0.112346 0.966042
vt 0.699731 0.991983
vt 0.699731 0.981754
vt 0.706612 0.988808
vt 0.987631 0.110367
vt 0.974732 0.101003
vt 0.986136 0.101885
vt 0.983549 0.095415
vt 0.987956 0.092309
vt 0.537503 0.995829
vt 0.973887 0.092353
vt 0.993879 0.331001
vt 0.993879 0.346854
vt 0.983143 0.330674
vt 0.113287 0.984899
vt 0.848844 0.645022
vt 0.982334 0.348216
vt 0.556005 0.014674
vt 0.557849 0.009608
vt 0.606037 0.013228
vt 0.816868 0.624982
vt 0.799323 0.633657
vt 0.124757 0.913171
vt 0.974559 0.818050
vt 0.962012 0.837371
vt 0.968619 0.812778
vt 0.855557 0.520348
vt 0.850092 0.551345
vt 0.851094 0.475414
vt 0.105043 0.700015
vt 0.097138 0.690594
vt 0.104127 0.635961
vt 0.723878 0.855099
vt 0.683076 0.856231
vt 0.721160 0.844958
vt 0.436435 0.358257
vt 0.425359 0.361113
vt 0.341958 0.353817
vt 0.051876 0.390580
vt 0.046241 0.422540
vt 0.046364 0.381722
vt 0.177552 0.059701
vt 0.247322 0.059585
vt 0.183927 0.070742
vt 0.585869 0.889695
vt 0.607432 0.895473
vt 0.666112 0.846788
vt 0.652417 0.576008
vt 0.588624 0.570427
vt 0.658390 0.571176
vt 0.311908 0.362967
vt 0.425022 0.370166
vt 0.758709 0.058670
vt 0.727546 0.147970
vt 0.652998 0.582329
vt 0.662389 0.586874
vt 0.601357 0.588146
vt 0.555649 0.586276
vt 0.280822 0.069248
vt 0.621979 0.060396
vt 0.622532 0.054073
vt 0.711024 0.058076
vt 0.408715 0.373141
vt 0.311831 0.371029
vt 0.762543 0.077060
vt 0.690897 0.281167
vt 0.691643 0.392272
vt 0.555715 0.571674
vt 0.562043 0.895736
vt 0.744328 0.135324
vt 0.685959 0.287052
vt 0.192009 0.430143
vt 0.200087 0.432326
vt 0.194957 0.505693
vt 0.080673 0.045715
vt 0.082219 0.031852
vt 0.087656 0.031852
vt 0.975385 0.409231
vt 0.975385 0.385120
vt 0.980512 0.387037
vt 0.974365 0.352321
vt 0.974365 0.329542
vt 0.982028 0.350643
vt 0.202795 0.499794
vt 0.745118 0.012205
vt 0.703263 0.012205
vt 0.696903 0.010095
vt 0.981109 0.243961
vt 0.974292 0.264940
vt 0.974571 0.242493
vt 0.204284 0.989627
vt 0.210979 0.989345
vt 0.210502 0.994798
vt 0.086430 0.057285
vt 0.079030 0.052211
vt 0.976747 0.428192
vt 0.982593 0.428499
vt 0.974294 0.451887
vt 0.986620 0.609249
vt 0.986481 0.633070
vt 0.981688 0.610570
vt 0.204648 0.994719
vt 0.130817 0.706057
vt 0.138110 0.686018
vt 0.139523 0.753526
vt 0.981170 0.632623
vt 0.873504 0.302515
vt 0.865624 0.331921
vt 0.872047 0.277094
vt 0.863364 0.256348
vt 0.449840 0.951878
vt 0.436698 0.944593
vt 0.453745 0.946509
vt 0.130546 0.686514
vt 0.993637 0.021322
vt 0.998930 0.034546
vt 0.993637 0.035170
vt 0.982450 0.164683
vt 0.989030 0.170340
vt 0.988066 0.181360
vt 0.982229 0.182691
vt 0.982085 0.698955
vt 0.982085 0.721263
vt 0.977777 0.703776
vt 0.998578 0.023489
vt 0.999970 0.648434
vt 0.996557 0.643737
vt 0.999975 0.642448
vt 0.078845 0.071754
vt 0.008835 0.902834
vt 0.014230 0.902834
vt 0.005424 0.904046
vt 0.005441 0.898123
vt 0.013742 0.916049
vt 0.005096 0.915433
vt 0.706452 0.968158
vt 0.710454 0.958299
vt 0.714413 0.965811
vt 0.456265 0.965714
vt 0.792964 0.047888
vt 0.726967 0.047888
vt 0.793350 0.040318
vt 0.999326 0.001219
vt 0.999326 0.007701
vt 0.993737 0.004304
vt 0.703823 0.964183
vt 0.755506 0.040634
vt 0.996648 0.596156
vt 0.999388 0.590281
vt 0.999384 0.600502
vt 0.228869 0.032374
vt 0.267377 0.039164
vt 0.201404 0.040966
vt 0.263393 0.521294
vt 0.239863 0.507430
vt 0.450672 0.965076
vt 0.927702 0.411571
vt 0.927481 0.389947
vt 0.938342 0.396376
vt 0.993329 0.293683
vt 0.996322 0.291587
vt 0.991786 0.299490
vt 0.977792 0.952490
vt 0.983383 0.952093
vt 0.983561 0.962312
vt 0.988133 0.949514
vt 0.983605 0.957223
vt 0.944102 0.401265
vt 0.993467 0.953214
vt 0.989243 0.960540
vt 0.999905 0.481737
vt 0.999905 0.495468
vt 0.997122 0.489723
vt 0.673747 0.982369
vt 0.673747 0.991863
vt 0.668176 0.991100
vt 0.204717 0.036403
vt 0.870360 0.255789
vt 0.926672 0.361967
vt 0.406163 0.984360
vt 0.406163 0.993836
vt 0.400576 0.993080
vt 0.662160 0.996315
vt 0.656237 0.996266
vt 0.653852 0.982744
vt 0.951921 0.395912
vt 0.713505 0.949674
vt 0.144843 0.195570
vt 0.140512 0.159444
vt 0.149597 0.125540
vt 0.640834 0.993882
vt 0.637403 0.983323
vt 0.643073 0.984656
vt 0.947223 0.010705
vt 0.947223 0.000197
vt 0.957138 0.005711
vt 0.662798 0.980394
vt 0.940229 0.374397
vt 0.996157 0.307521
vt 0.086770 0.078654
vt 0.038437 0.531686
vt 0.018237 0.535940
vt 0.014015 0.529911
vt 0.502029 0.781761
vt 0.506521 0.770604
vt 0.522706 0.778150
vt 0.139303 0.134988
vt 0.521957 0.792330
vt 0.970397 0.918838
vt 0.974911 0.927545
vt 0.968020 0.922955
vt 0.750479 0.950832
vt 0.758101 0.947597
vt 0.756456 0.968657
vt 0.709668 0.952295
vt 0.981743 0.918928
vt 0.550959 0.074698
vt 0.533676 0.080003
vt 0.534178 0.068591
vt 0.987877 0.922337
vt 0.990993 0.942049
vt 0.502495 0.978251
vt 0.511883 0.971919
vt 0.501496 0.987446
vt 0.705404 0.951133
vt 0.707497 0.946609
vt 0.012886 0.530886
vt 0.014240 0.551967
vt 0.055726 0.004987
vt 0.061221 0.004987
vt 0.056030 0.023754
vt 0.731988 0.956932
vt 0.601387 0.977360
vt 0.582458 0.985970
vt 0.582707 0.977360
vt 0.548879 0.084842
vt 0.577251 0.087009
vt 0.575771 0.787486
vt 0.573580 0.772959
vt 0.601219 0.985401
vt 0.401626 0.863111
vt 0.441230 0.854663
vt 0.455658 0.862993
vt 0.045092 0.542868
vt 0.028194 0.544827
vt 0.315670 0.991188
vt 0.315670 0.981813
vt 0.332680 0.991338
vt 0.483040 0.068715
vt 0.423376 0.855466
vt 0.333488 0.980416
vt 0.030085 0.556552
vt 0.276306 0.041336
vt 0.292061 0.038821
vt 0.293611 0.047608
vt 0.993268 0.110802
vt 0.997807 0.096830
vt 0.998308 0.109540
vt 0.423473 0.847821
vt 0.276339 0.051665
vt 0.384538 0.977086
vt 0.381165 0.973133
vt 0.384290 0.961468
vt 0.361803 0.972229
vt 0.469396 0.084194
vt 0.467348 0.075916
vt 0.071054 0.983898
vt 0.059602 0.978361
vt 0.071221 0.964515
vt 0.607748 0.995516
vt 0.607748 0.984564
vt 0.619598 0.996299
vt 0.615354 0.985340
vt 0.484599 0.078370
vt 0.401866 0.847493
vt 0.059826 0.961098
vt 0.227202 0.041310
vt 0.228341 0.052854
vt 0.620201 0.982889
vt 0.023243 0.559782
vt 0.915445 0.196060
vt 0.917329 0.174533
vt 0.920822 0.196824
vt 0.974838 0.297305
vt 0.983041 0.289103
vt 0.982826 0.311492
vt 0.154861 0.700208
vt 0.140527 0.750862
vt 0.139853 0.702854
vt 0.154993 0.751172
vt 0.927964 0.178908
vt 0.925848 0.229828
vt 0.360755 0.961588
vt 0.000729 0.969206
vt 0.025039 0.968978
vt 0.025039 0.980477
vt 0.140319 0.770555
vt 0.001671 0.977678
vt 0.963121 0.184659
vt 0.946196 0.153709
vt 0.962298 0.147848
vt 0.946659 0.183626
vt 0.963584 0.423276
vt 0.968692 0.443534
vt 0.959156 0.427126
vt 0.023586 0.257713
vt 0.008439 0.260501
vt 0.008439 0.230580
vt 0.856995 0.902473
vt 0.893815 0.902473
vt 0.858407 0.916159
vt 0.660609 0.794061
vt 0.729381 0.814958
vt 0.660609 0.814953
vt 0.961198 0.443493
vt 0.897217 0.914276
vt 0.952086 0.457742
vt 0.025257 0.232372
vt 0.946437 0.417381
vt 0.675524 0.946643
vt 0.704532 0.946643
vt 0.704556 0.960691
vt 0.425744 0.793391
vt 0.490853 0.773167
vt 0.496456 0.790412
vt 0.946218 0.422447
vt 0.908308 0.820549
vt 0.900023 0.848348
vt 0.890985 0.821457
vt 0.039530 0.221732
vt 0.055490 0.187506
vt 0.052825 0.226270
vt 0.929722 0.429213
vt 0.037671 0.188109
vt 0.898220 0.788421
vt 0.537300 0.964700
vt 0.565772 0.948510
vt 0.562311 0.960290
vt 0.539980 0.947094
vt 0.728785 0.794426
vt 0.027968 0.043301
vt 0.048255 0.042315
vt 0.045086 0.048210
vt 0.883069 0.796869
vt 0.063897 0.240248
vt 0.063862 0.260788
vt 0.034715 0.260788
vt 0.055283 0.062244
vt 0.050385 0.229573
vt 0.307317 0.790195
vt 0.237371 0.790195
vt 0.309636 0.773016
vt 0.429333 0.810084
vt 0.139318 0.443485
vt 0.157655 0.375050
vt 0.160979 0.446388
vt 0.384428 0.760471
vt 0.370078 0.774845
vt 0.312302 0.732868
vt 0.323029 0.718218
vt 0.460858 0.736595
vt 0.462699 0.757646
vt 0.387152 0.733930
vt 0.140438 0.374722
vt 0.388197 0.755508
vt 0.049443 0.269931
vt 0.235954 0.769765
vt 0.034980 0.239186
vt 0.993851 0.111559
vt 0.999038 0.111559
vt 0.991815 0.126300
vt 0.992280 0.302855
vt 0.996818 0.313898
vt 0.992837 0.309217
vt 0.429324 0.971491
vt 0.455215 0.971491
vt 0.430753 0.976477
vt 0.995954 0.120896
vt 0.992423 0.138401
vt 0.997936 0.143026
vt 0.992154 0.153472
vt 0.992674 0.319048
vt 0.004144 0.185264
vt 0.006330 0.160273
vt 0.007254 0.187597
vt 0.006606 0.874722
vt 0.013216 0.874722
vt 0.010388 0.901789
vt 0.500885 0.976166
vt 0.474338 0.976166
vt 0.498269 0.973289
vt 0.763753 0.058959
vt 0.763753 0.051763
vt 0.790182 0.061458
vt 0.999761 0.124180
vt 0.565773 0.971596
vt 0.565631 0.976623
vt 0.539777 0.976623
vt 0.969186 0.004700
vt 0.968727 0.029782
vt 0.961934 0.030979
vt 0.540143 0.970354
vt 0.962454 0.005325
vt 0.006071 0.821839
vt 0.013751 0.822511
vt 0.007787 0.845881
vt 0.012292 0.851104
vt 0.885266 0.360214
vt 0.881575 0.312023
vt 0.891358 0.349663
vt 0.924778 0.933033
vt 0.896147 0.933033
vt 0.932891 0.931685
vt 0.006566 0.943302
vt 0.013328 0.917816
vt 0.014247 0.943974
vt 0.789823 0.086988
vt 0.797580 0.061351
vt 0.000411 0.747953
vt 0.012452 0.741002
vt 0.000219 0.763937
vt 0.006821 0.917770
vt 0.819462 0.536418
vt 0.811134 0.536436
vt 0.811134 0.499668
vt 0.899654 0.965687
vt 0.891228 0.965388
vt 0.891228 0.938961
vt 0.830895 0.054020
vt 0.897240 0.938674
vt 0.892954 0.282502
vt 0.361920 0.844343
vt 0.420056 0.828386
vt 0.419113 0.844343
vt 0.027025 0.764912
vt 0.011730 0.770891
vt 0.360916 0.828105
vt 0.820100 0.488090
vt 0.810829 0.490678
vt 0.334838 0.838412
vt 0.334838 0.851861
vt 0.277650 0.837700
vt 0.783964 0.494392
vt 0.006780 0.255414
vt 0.000653 0.257645
vt 0.000657 0.229967
vt 0.538303 0.889085
vt 0.583600 0.889085
vt 0.540001 0.894859
vt 0.138721 0.953765
vt 0.134840 0.953697
vt 0.143726 0.940070
vt 0.144990 0.943053
vt 0.147589 0.815976
vt 0.146933 0.829863
vt 0.087793 0.829863
vt 0.812054 0.446716
vt 0.739092 0.953291
vt 0.717598 0.959317
vt 0.713763 0.947513
vt 0.142663 0.962705
vt 0.090865 0.814834
vt 0.901868 0.944826
vt 0.895483 0.933766
vt 0.929096 0.934904
vt 0.976808 0.633505
vt 0.986522 0.634559
vt 0.986522 0.656881
vt 0.158582 0.944790
vt 0.741639 0.939592
vt 0.160557 0.941702
vt 0.977436 0.653277
vt 0.142437 0.967024
vt 0.280590 0.853082
vt 0.333839 0.869276
vt 0.279640 0.855460
vt 0.333839 0.852854
vt 0.027035 0.748968
vt 0.073786 0.639121
vt 0.034242 0.639121
vt 0.052908 0.616083
vt 0.157965 0.967702
vt 0.952055 0.792525
vt 0.976091 0.800335
vt 0.965453 0.807079
vt 0.155113 0.964615
vt 0.162938 0.954031
vt 0.400264 0.845746
vt 0.398042 0.861129
vt 0.344098 0.861129
vt 0.343542 0.844521
vt 0.280379 0.869644
vt 0.166944 0.954389
vt 0.887466 0.872040
vt 0.834031 0.854421
vt 0.887466 0.856096
vt 0.833545 0.870471
vt 0.145034 0.939632
vt 0.145978 0.942731
vt 0.985813 0.031340
vt 0.986446 0.038572
vt 0.974675 0.032026
vt 0.974406 0.051911
vt 0.834209 0.986170
vt 0.854096 0.986170
vt 0.845595 0.987566
vt 0.156310 0.984858
vt 0.156943 0.996312
vt 0.145832 0.995339
vt 0.300906 0.244987
vt 0.293678 0.255606
vt 0.288117 0.250939
vt 0.146431 0.987532
vt 0.370556 0.920343
vt 0.370945 0.931490
vt 0.336686 0.920422
vt 0.398585 0.946907
vt 0.365141 0.941010
vt 0.399399 0.939119
vt 0.643736 0.792838
vt 0.644453 0.799322
vt 0.635725 0.798882
vt 0.075516 0.282379
vt 0.085039 0.283793
vt 0.082087 0.317534
vt 0.084245 0.270672
vt 0.364724 0.946135
vt 0.553337 0.554097
vt 0.554452 0.587949
vt 0.544752 0.588797
vt 0.556870 0.600870
vt 0.035715 0.492185
vt 0.033919 0.457922
vt 0.045863 0.493515
vt 0.543167 0.554092
vt 0.608083 0.787509
vt 0.948801 0.052780
vt 0.961189 0.051696
vt 0.939061 0.089037
vt 0.961336 0.086437
vt 0.892158 0.562513
vt 0.904670 0.581125
vt 0.902181 0.609576
vt 0.607813 0.778529
vt 0.894352 0.620341
vt 0.516192 0.588841
vt 0.077361 0.128669
vt 0.078085 0.092727
vt 0.086887 0.120675
vt 0.395868 0.964816
vt 0.423085 0.957510
vt 0.422750 0.967168
vt 0.782620 0.585843
vt 0.788536 0.559515
vt 0.798066 0.560685
vt 0.598726 0.778982
vt 0.781907 0.845015
vt 0.781907 0.856175
vt 0.724039 0.855894
vt 0.395548 0.957549
vt 0.085707 0.092872
vt 0.948469 0.365557
vt 0.948469 0.329190
vt 0.960847 0.334087
vt 0.820802 0.937743
vt 0.854619 0.937743
vt 0.821745 0.945309
vt 0.025033 0.743695
vt 0.017883 0.742351
vt 0.025724 0.713087
vt 0.599167 0.739932
vt 0.018183 0.711706
vt 0.024004 0.344951
vt 0.032983 0.344951
vt 0.024279 0.375565
vt 0.976575 0.984714
vt 0.969845 0.993977
vt 0.968915 0.985046
vt 0.780836 0.596007
vt 0.506062 0.589681
vt 0.087159 0.081936
vt 0.504201 0.555205
vt 0.752449 0.580465
vt 0.515233 0.555121
vt 0.575909 0.922545
vt 0.610853 0.920916
vt 0.577386 0.930917
vt 0.610119 0.061762
vt 0.712478 0.059055
vt 0.693214 0.075493
vt 0.010504 0.348442
vt 0.022337 0.344597
vt 0.023193 0.376414
vt 0.611900 0.930053
vt 0.566571 0.751698
vt 0.572843 0.742119
vt 0.601295 0.730042
vt 0.560701 0.800720
vt 0.530443 0.752119
vt 0.023065 0.609023
vt 0.023065 0.639738
vt 0.011623 0.639297
vt 0.790583 0.598696
vt 0.481456 0.002084
vt 0.430833 0.010800
vt 0.439712 0.002084
vt 0.570909 0.921204
vt 0.570108 0.912043
vt 0.603796 0.920415
vt 0.472578 0.591392
vt 0.773177 0.637043
vt 0.604839 0.736723
vt 0.327238 0.828885
vt 0.359383 0.817555
vt 0.360638 0.825963
vt 0.610269 0.910808
vt 0.302072 0.144125
vt 0.784897 0.631097
vt 0.456014 0.602499
vt 0.555284 0.014250
vt 0.505172 0.014250
vt 0.545795 0.008049
vt 0.329238 0.821436
vt 0.470760 0.008376
vt 0.571024 0.807640
vt 0.786001 0.937664
vt 0.820044 0.937664
vt 0.819677 0.947371
vt 0.972067 0.304821
vt 0.970109 0.312126
vt 0.939727 0.305942
vt 0.953653 0.288832
vt 0.953653 0.253785
vt 0.965079 0.286925
vt 0.567458 0.939225
vt 0.602512 0.939225
vt 0.601067 0.946801
vt 0.884151 0.490789
vt 0.891244 0.522362
vt 0.878843 0.522795
vt 0.288868 0.134880
vt 0.319601 0.820220
vt 0.247603 0.377627
vt 0.247603 0.494523
vt 0.240008 0.436133
vt 0.927300 0.228172
vt 0.930755 0.239087
vt 0.924366 0.239122
vt 0.910174 0.175471
vt 0.903999 0.186166
vt 0.907108 0.129493
vt 0.300412 0.815812
vt 0.242132 0.096857
vt 0.357753 0.106973
vt 0.240860 0.107801
vt 0.815861 0.647125
vt 0.818413 0.639071
vt 0.290807 0.946289
vt 0.256764 0.946289
vt 0.257395 0.938745
vt 0.783662 0.639769
vt 0.871565 0.522644
vt 0.665238 0.848989
vt 0.676780 0.854069
vt 0.664610 0.856165
vt 0.619057 0.849208
vt 0.961164 0.233304
vt 0.098991 0.992478
vt 0.091792 0.994817
vt 0.091888 0.986352
vt 0.132802 0.982222
vt 0.132802 0.992505
vt 0.124384 0.991612
vt 0.879169 0.533624
vt 0.870897 0.533091
vt 0.001163 0.403330
vt 0.001163 0.375164
vt 0.007261 0.401421
vt 0.827490 0.921882
vt 0.825062 0.930942
vt 0.791439 0.924656
vt 0.886772 0.885696
vt 0.871788 0.888338
vt 0.840185 0.887405
vt 0.873452 0.569171
vt 0.921231 0.251360
vt 0.924289 0.297878
vt 0.917206 0.297365
vt 0.034621 0.870575
vt 0.021375 0.870649
vt 0.024073 0.839813
vt 0.088092 0.794763
vt 0.082322 0.806688
vt 0.078081 0.801772
vt 0.997902 0.261189
vt 0.997902 0.276968
vt 0.991691 0.275079
vt 0.924620 0.307590
vt 0.916312 0.307609
vt 0.913103 0.758557
vt 0.923504 0.757369
vt 0.923504 0.786346
vt 0.034012 0.838964
vt 0.084293 0.759219
vt 0.077914 0.770022
vt 0.539847 0.938769
vt 0.566685 0.938769
vt 0.532311 0.945305
vt 0.913295 0.785394
vt 0.921852 0.812997
vt 0.912968 0.811238
vt 0.964521 0.061317
vt 0.964521 0.032340
vt 0.973041 0.060080
vt 0.060994 0.324962
vt 0.067846 0.319212
vt 0.066160 0.362156
vt 0.864117 0.098787
vt 0.850317 0.106436
vt 0.844136 0.068737
vt 0.146720 0.206720
vt 0.158037 0.164620
vt 0.156401 0.207567
vt 0.973622 0.786825
vt 0.968638 0.777917
vt 0.970175 0.760346
vt 0.948021 0.658526
vt 0.958457 0.626410
vt 0.968232 0.634273
vt 0.073333 0.594708
vt 0.049861 0.609950
vt 0.036677 0.605797
vt 0.030084 0.429109
vt 0.016938 0.424838
vt 0.031130 0.396956
vt 0.858744 0.067494
vt 0.009117 0.499290
vt 0.009117 0.468004
vt 0.015660 0.498343
vt 0.505341 0.946853
vt 0.470377 0.946853
vt 0.471391 0.936695
vt 0.567292 0.947257
vt 0.207371 0.947370
vt 0.209573 0.939151
vt 0.241093 0.945587
vt 0.148937 0.171755
vt 0.171898 0.923997
vt 0.134346 0.923997
vt 0.142901 0.922881
vt 0.959975 0.784944
vt 0.887103 0.050155
vt 0.889759 0.061601
vt 0.856607 0.055921
vt 0.147302 0.921783
vt 0.184710 0.921783
vt 0.961110 0.754305
vt 0.149787 0.134356
vt 0.695233 0.106433
vt 0.705435 0.115375
vt 0.173034 0.923113
vt 0.973694 0.031889
vt 0.973694 0.057804
vt 0.965850 0.032140
vt 0.417683 0.724586
vt 0.409251 0.726154
vt 0.403113 0.697275
vt 0.005572 0.803373
vt 0.030602 0.810122
vt 0.400248 0.702013
vt 0.402979 0.726908
vt 0.959938 0.199378
vt 0.969695 0.199378
vt 0.960338 0.225300
vt 0.000059 0.226861
vt 0.000059 0.199303
vt 0.006878 0.223401
vt 0.339007 0.704130
vt 0.676403 0.180412
vt 0.612911 0.191607
vt 0.673197 0.153781
vt 0.648106 0.945466
vt 0.641835 0.937992
vt 0.669804 0.943900
vt 0.378655 0.704665
vt 0.676302 0.937586
vt 0.675491 0.144068
vt 0.419507 0.033562
vt 0.353040 0.028727
vt 0.686113 0.570602
vt 0.733737 0.636150
vt 0.612646 0.640994
vt 0.673892 0.080445
vt 0.917894 0.428361
vt 0.925261 0.386579
vt 0.927993 0.442956
vt 0.662132 0.589005
vt 0.614167 0.141287
vt 0.479864 0.839775
vt 0.528521 0.832681
vt 0.502097 0.841330
vt 0.611506 0.170324
vt 0.531038 0.837772
vt 0.347087 0.006931
vt 0.368453 0.012656
vt 0.319285 0.012134
vt 0.347478 0.001715
vt 0.370012 0.001949
vt 0.946176 0.984849
vt 0.946176 0.971769
vt 0.953229 0.986111
vt 0.953106 0.971902
vt 0.542931 0.829356
vt 0.524776 0.808523
vt 0.595037 0.995928
vt 0.586704 0.987245
vt 0.598532 0.986327
vt 0.321036 0.943374
vt 0.306983 0.941273
vt 0.310882 0.939678
vt 0.528931 0.807828
vt 0.586304 0.996329
vt 0.341184 0.939865
vt 0.981988 0.248838
vt 0.974405 0.267764
vt 0.882482 0.989939
vt 0.878172 0.982474
vt 0.882450 0.976859
vt 0.902600 0.316087
vt 0.901359 0.340192
vt 0.892651 0.339430
vt 0.000578 0.502792
vt 0.005322 0.475890
vt 0.007350 0.504784
vt 0.898031 0.314847
vt 0.966032 0.428421
vt 0.968557 0.399565
vt 0.968431 0.434924
vt 0.080499 0.434021
vt 0.080499 0.374205
vt 0.086498 0.399174
vt 0.893991 0.282769
vt 0.104909 0.951357
vt 0.106488 0.960312
vt 0.082386 0.959034
vt 0.961078 0.371463
vt 0.967266 0.339247
vt 0.971084 0.361457
vt 0.212240 0.819763
vt 0.188922 0.833321
vt 0.960532 0.337655
vt 0.976781 0.600089
vt 0.976781 0.575828
vt 0.986054 0.598852
vt 0.214764 0.811134
vt 0.247883 0.799536
vt 0.033562 0.224123
vt 0.042089 0.231278
vt 0.020978 0.230879
vt 0.903094 0.282207
vt 0.905664 0.307541
vt 0.098088 0.947361
vt 0.104099 0.971624
vt 0.096983 0.975067
vt 0.082429 0.960513
vt 0.051866 0.227104
vt 0.072056 0.989098
vt 0.076640 0.983636
vt 0.076451 0.990859
vt 0.906387 0.984644
vt 0.918687 0.984644
vt 0.913867 0.994047
vt 0.080353 0.952100
vt 0.106867 0.961164
vt 0.787631 0.994009
vt 0.787631 0.981709
vt 0.792647 0.986902
vt 0.072022 0.980399
vt 0.957385 0.662221
vt 0.948052 0.662873
vt 0.967706 0.636928
vt 0.989405 0.985204
vt 0.983710 0.992993
vt 0.977393 0.985465
vt 0.103814 0.941267
vt 0.964743 0.810771
vt 0.954601 0.808742
vt 0.952502 0.796839
vt 0.978081 0.992652
vt 0.519602 0.959643
vt 0.511525 0.961808
vt 0.538525 0.951548
vt 0.072898 0.958227
vt 0.075377 0.927507
vt 0.136714 0.948586
vt 0.111194 0.950819
vt 0.103128 0.949147
vt 0.512218 0.930660
vt 0.941100 0.243534
vt 0.973668 0.243534
vt 0.967605 0.256466
vt 0.101341 0.926705
vt 0.953290 0.831506
vt 0.034040 0.330809
vt 0.008576 0.330809
vt 0.009444 0.797410
vt 0.411368 0.021939
vt 0.981988 0.270983
vt 0.248640 0.836737
vt 0.032801 0.300014
vt 0.510718 0.635002
vt 0.532959 0.703452
vt 0.432849 0.689821
vt 0.924444 0.795867
vt 0.951561 0.795867
vt 0.924632 0.811406
vt 0.276734 0.023381
vt 0.309476 0.024998
vt 0.333575 0.045219
vt 0.126169 0.558081
vt 0.150481 0.584881
vt 0.157952 0.627251
vt 0.249343 0.899538
vt 0.253560 0.893070
vt 0.265588 0.900014
vt 0.167928 0.939885
vt 0.147450 0.932432
vt 0.169432 0.931274
vt 0.331482 0.025563
vt 0.921761 0.838807
vt 0.311520 0.055071
vt 0.151685 0.939337
vt 0.074939 0.853083
vt 0.084538 0.848531
vt 0.085418 0.858453
vt 0.952867 0.810607
vt 0.685013 0.720198
vt 0.693579 0.720738
vt 0.693579 0.752980
vt 0.732919 0.800628
vt 0.711223 0.751899
vt 0.769946 0.791947
vt 0.074446 0.880112
vt 0.125497 0.593538
vt 0.282483 0.893915
vt 0.110886 0.885478
vt 0.093977 0.882179
vt 0.492171 0.921409
vt 0.528036 0.922275
vt 0.496493 0.928896
vt 0.807997 0.911832
vt 0.780463 0.919189
vt 0.084741 0.868615
vt 0.040185 0.594170
vt 0.067719 0.595131
vt 0.031389 0.606028
vt 0.085462 0.887842
vt 0.854649 0.941249
vt 0.850281 0.963720
vt 0.837620 0.964103
vt 0.854113 0.987780
vt 0.850543 0.989519
vt 0.841626 0.988582
vt 0.125612 0.625780
vt 0.925452 0.849326
vt 0.848042 0.996363
vt 0.994237 0.987998
vt 0.989772 0.984252
vt 0.994370 0.975332
vt 0.416918 0.988417
vt 0.416918 0.978382
vt 0.420545 0.987756
vt 0.281751 0.900786
vt 0.067629 0.145325
vt 0.056003 0.170255
vt 0.065356 0.133392
vt 0.287284 0.952081
vt 0.287284 0.964669
vt 0.283578 0.964032
vt 0.135820 0.936152
vt 0.059647 0.171186
vt 0.888368 0.017802
vt 0.844033 0.017298
vt 0.880818 0.001611
vt 0.068873 0.176321
vt 0.951981 0.842263
vt 0.990894 0.025090
vt 0.987622 0.015022
vt 0.991565 0.014553
vt 0.861170 0.003781
vt 0.763218 0.484781
vt 0.768496 0.545107
vt 0.763370 0.578153
vt 0.343187 0.055410
vt 0.840572 0.000038
vt 0.528147 0.930424
vt 0.975956 0.832843
vt 0.992591 0.820130
vt 0.989752 0.835275
vt 0.024810 0.110696
vt 0.035150 0.110696
vt 0.033379 0.143021
vt 0.674519 0.986195
vt 0.680288 0.986195
vt 0.679073 0.994974
vt 0.096157 0.689154
vt 0.091731 0.629478
vt 0.760578 0.258638
vt 0.752646 0.349296
vt 0.747888 0.256045
vt 0.099999 0.652092
vt 0.766482 0.255263
vt 0.100043 0.633711
vt 0.293273 0.895156
vt 0.687046 0.756016
vt 0.993320 0.835469
vt 0.817887 0.988058
vt 0.832757 0.977254
vt 0.830585 0.985606
vt 0.149145 0.985464
vt 0.153225 0.968491
vt 0.157922 0.983112
vt 0.726616 0.831690
vt 0.776475 0.809964
vt 0.774763 0.831690
vt 0.736821 0.056457
vt 0.743836 0.056212
vt 0.719620 0.149933
vt 0.974323 0.181482
vt 0.982482 0.187396
vt 0.983556 0.199663
vt 0.353953 0.985531
vt 0.344546 0.968597
vt 0.359500 0.978920
vt 0.757585 0.058471
vt 0.692808 0.761600
vt 0.732193 0.807743
vt 0.788250 0.831999
vt 0.142826 0.968451
vt 0.136429 0.983104
vt 0.345133 0.982496
vt 0.359617 0.962933
vt 0.005792 0.256820
vt 0.005792 0.284805
vt 0.004614 0.276369
vt 0.405752 0.982672
vt 0.398214 0.993047
vt 0.395537 0.984855
vt 0.997147 0.469154
vt 0.999563 0.455454
vt 0.999880 0.470215
vt 0.980239 0.203057
vt 0.974478 0.201066
vt 0.003919 0.767428
vt 0.001621 0.793696
vt 0.000541 0.766264
vt 0.033496 0.824494
vt 0.023551 0.821453
vt 0.036633 0.810293
vt 0.783851 0.015701
vt 0.743522 0.001023
vt 0.791661 0.000156
vt 0.171552 0.892612
vt 0.214970 0.892612
vt 0.200915 0.899756
vt 0.052987 0.988971
vt 0.042725 0.977473
vt 0.095020 0.974653
vt 0.078446 0.980039
vt 0.075941 0.957028
vt 0.007471 0.820654
vt 0.926360 0.026359
vt 0.952729 0.026359
vt 0.940596 0.079191
vt 0.106045 0.980356
vt 0.106045 0.995858
vt 0.092171 0.984716
vt 0.007005 0.874081
vt 0.007005 0.846929
vt 0.013312 0.855367
vt 0.765844 0.014980
vt 0.999856 0.431087
vt 0.995684 0.429142
vt 0.999851 0.414304
vt 0.687504 0.793182
vt 0.562039 0.987212
vt 0.566801 0.990672
vt 0.563140 0.993461
vt 0.176725 0.995806
vt 0.159747 0.984115
vt 0.175638 0.983381
vt 0.750349 0.015392
vt 0.560414 0.983449
vt 0.555341 0.977403
vt 0.567805 0.977850
vt 0.549637 0.980184
vt 0.159982 0.994647
vt 0.053933 0.706254
vt 0.053933 0.746670
vt 0.039229 0.722859
vt 0.708221 0.865471
vt 0.669160 0.858584
vt 0.723307 0.856035
vt 0.103159 0.881519
vt 0.769803 0.911832
vt 0.098614 0.661072
vt 0.058861 0.970891
vt 0.547143 0.374299
vt 0.547540 0.404345
vt 0.507639 0.404345
vt 0.508061 0.373278
vt 0.468840 0.374582
vt 0.189563 0.166066
vt 0.179856 0.129841
vt 0.199782 0.163478
vt 0.286173 0.410306
vt 0.296500 0.371765
vt 0.301703 0.414219
vt 0.776685 0.697196
vt 0.804990 0.691218
vt 0.813564 0.705487
vt 0.199348 0.201826
vt 0.172592 0.174776
vt 0.285083 0.449814
vt 0.091939 0.256208
vt 0.070348 0.270613
vt 0.067856 0.264033
vt 0.468130 0.403294
vt 0.713804 0.924702
vt 0.710934 0.931096
vt 0.700408 0.928275
vt 0.737154 0.930745
vt 0.039404 0.436765
vt 0.032358 0.443810
vt 0.009159 0.437165
vt 0.057218 0.266400
vt 0.010681 0.079124
vt 0.000717 0.079124
vt 0.006001 0.053555
vt 0.843788 0.684074
vt 0.077369 0.305239
vt 0.829718 0.672641
vt 0.470658 0.971952
vt 0.470658 0.976512
vt 0.444605 0.974809
vt 0.010137 0.053185
vt 0.210461 0.201240
vt 0.113947 0.223208
vt 0.114790 0.254125
vt 0.100432 0.254125
vt 0.103289 0.223546
vt 0.205441 0.243796
vt 0.465531 0.834981
vt 0.470944 0.827166
vt 0.496243 0.834901
vt 0.179366 0.204419
vt 0.096339 0.056860
vt 0.087931 0.086534
vt 0.087957 0.056127
vt 0.180081 0.849074
vt 0.153636 0.847210
vt 0.150657 0.837468
vt 0.098887 0.085058
vt 0.423719 0.402367
vt 0.983795 0.537051
vt 0.983795 0.513494
vt 0.985482 0.526008
vt 0.497038 0.825080
vt 0.178931 0.838956
vt 0.907714 0.397709
vt 0.907714 0.386053
vt 0.915069 0.409492
vt 0.891846 0.409067
vt 0.297523 0.492457
vt 0.098788 0.193745
vt 0.894345 0.398179
vt 0.523567 0.822182
vt 0.426167 0.370680
vt 0.098014 0.027771
vt 0.088512 0.024467
vt 0.520460 0.813681
vt 0.108754 0.191366
vt 0.847695 0.645851
vt 0.201774 0.861243
vt 0.205141 0.851686
vt 0.175463 0.235843
vt 0.915006 0.434365
vt 0.891175 0.435108
vt 0.910356 0.443481
vt 0.302132 0.451258
vt 0.388447 0.116968
vt 0.331646 0.118877
vt 0.376674 0.107089
vt 0.709892 0.473637
vt 0.699913 0.474510
vt 0.704673 0.443760
vt 0.960868 0.837289
vt 0.953067 0.834754
vt 0.968142 0.807904
vt 0.643116 0.824087
vt 0.613037 0.820674
vt 0.613294 0.813311
vt 0.643256 0.815677
vt 0.650247 0.824434
vt 0.961569 0.883711
vt 0.971533 0.914605
vt 0.961569 0.913581
vt 0.987689 0.012788
vt 0.988688 0.004647
vt 0.991994 0.013688
vt 0.651766 0.815985
vt 0.523381 0.985319
vt 0.530171 0.987525
vt 0.520374 0.994464
vt 0.651179 0.767207
vt 0.678340 0.818511
vt 0.269631 0.110813
vt 0.528549 0.995851
vt 0.934656 0.295412
vt 0.965245 0.295412
vt 0.963355 0.303696
vt 0.175634 0.552813
vt 0.205120 0.550114
vt 0.224681 0.555355
vt 0.969291 0.884633
vt 0.703976 0.435021
vt 0.698433 0.367413
vt 0.659692 0.761295
vt 0.136891 0.504488
vt 0.127716 0.556521
vt 0.127006 0.499693
vt 0.010980 0.065177
vt 0.010980 0.035418
vt 0.019744 0.064934
vt 0.205344 0.542847
vt 0.176072 0.545048
vt 0.724432 0.830807
vt 0.706316 0.833293
vt 0.669175 0.830043
vt 0.019491 0.035728
vt 0.773975 0.942503
vt 0.744220 0.937706
vt 0.773975 0.938227
vt 0.708150 0.434091
vt 0.697803 0.834846
vt 0.099810 0.600372
vt 0.107957 0.636578
vt 0.017465 0.191429
vt 0.024161 0.191429
vt 0.022392 0.221356
vt 0.708162 0.840633
vt 0.696890 0.840918
vt 0.665558 0.838578
vt 0.213597 0.550937
vt 0.243482 0.989381
vt 0.251563 0.986755
vt 0.250658 0.995406
vt 0.103305 0.572540
vt 0.580137 0.977898
vt 0.580137 0.990387
vt 0.573976 0.983328
vt 0.777483 0.946338
vt 0.215307 0.543125
vt 0.137612 0.568692
vt 0.667064 0.580173
vt 0.673813 0.554597
vt 0.682319 0.554901
vt 0.133979 0.924851
vt 0.169292 0.925349
vt 0.164761 0.930279
vt 0.001203 0.277611
vt 0.005239 0.286265
vt 0.002308 0.305640
vt 0.283363 0.965511
vt 0.287752 0.970742
vt 0.283110 0.977998
vt 0.565867 0.110716
vt 0.565867 0.234180
vt 0.553558 0.187371
vt 0.645321 0.987994
vt 0.645321 0.968399
vt 0.650517 0.968518
vt 0.659281 0.580478
vt 0.973735 0.960985
vt 0.946978 0.969639
vt 0.946981 0.960985
vt 0.307368 0.914398
vt 0.318087 0.920587
vt 0.279039 0.918989
vt 0.135600 0.931938
vt 0.714508 0.582108
vt 0.715051 0.574943
vt 0.315622 0.916584
vt 0.025589 0.705357
vt 0.021152 0.706547
vt 0.024144 0.678905
vt 0.743330 0.945653
vt 0.023794 0.111671
vt 0.024550 0.139554
vt 0.016596 0.114010
vt 0.018018 0.679306
vt 0.973470 0.969519
vt 0.018950 0.711085
vt 0.277289 0.555765
vt 0.997051 0.579964
vt 0.999785 0.572450
vt 0.999976 0.583645
vt 0.685918 0.542110
vt 0.087447 0.830639
vt 0.145953 0.830639
vt 0.090827 0.841313
vt 0.031967 0.142541
vt 0.641738 0.542898
vt 0.679563 0.539763
vt 0.642535 0.534710
vt 0.709613 0.474879
vt 0.097197 0.630237
vt 0.429579 0.311174
vt 0.506249 0.352818
vt 0.420728 0.331389
vt 0.833820 0.421539
vt 0.825248 0.421539
vt 0.828142 0.334656
vt 0.448572 0.371677
vt 0.464452 0.359081
vt 0.540481 0.372487
vt 0.416021 0.315514
vt 0.392824 0.340868
vt 0.468636 0.223498
vt 0.493383 0.150118
vt 0.511160 0.129571
vt 0.406812 0.268442
vt 0.382255 0.205259
vt 0.393463 0.203674
vt 0.396131 0.269900
vt 0.396478 0.278596
vt 0.535058 0.361566
vt 0.564286 0.369336
vt 0.447494 0.214937
vt 0.945506 0.204018
vt 0.958689 0.224569
vt 0.950457 0.227307
vt 0.807014 0.094871
vt 0.805311 0.105857
vt 0.782621 0.159311
vt 0.393791 0.349349
vt 0.254140 0.904011
vt 0.214641 0.910403
vt 0.215674 0.904011
vt 0.812523 0.109365
vt 0.036815 0.584373
vt 0.075672 0.594021
vt 0.037562 0.592912
vt 0.104308 0.908889
vt 0.140489 0.920645
vt 0.106283 0.919830
vt 0.710477 0.945742
vt 0.676044 0.945742
vt 0.677196 0.937805
vt 0.385870 0.275790
vt 0.388389 0.281411
vt 0.253218 0.912638
vt 0.447664 0.225164
vt 0.504174 0.991102
vt 0.508543 0.979196
vt 0.522585 0.983759
vt 0.568092 0.944689
vt 0.573861 0.941750
vt 0.577504 0.957629
vt 0.074715 0.585414
vt 0.166851 0.497143
vt 0.158224 0.497898
vt 0.164131 0.416373
vt 0.786102 0.183623
vt 0.464172 0.265050
vt 0.479682 0.268601
vt 0.418339 0.220862
vt 0.959048 0.207171
vt 0.410049 0.213162
vt 0.507356 0.352590
vt 0.474466 0.280117
vt 0.738080 0.927920
vt 0.704305 0.921965
vt 0.741186 0.919454
vt 0.698621 0.959643
vt 0.698149 0.968649
vt 0.684938 0.952699
vt 0.954590 0.192415
vt 0.957765 0.197594
vt 0.680718 0.962831
vt 0.463644 0.276421
vt 0.449724 0.303610
vt 0.518228 0.995531
vt 0.558583 0.356453
vt 0.685030 0.996366
vt 0.681564 0.985700
vt 0.696533 0.982325
vt 0.634396 0.994544
vt 0.625095 0.995357
vt 0.635161 0.982160
vt 0.572736 0.357228
vt 0.584973 0.952640
vt 0.937516 0.913307
vt 0.897469 0.902102
vt 0.936674 0.903681
vt 0.624006 0.978875
vt 0.675512 0.951569
vt 0.593454 0.947363
vt 0.593253 0.962611
vt 0.898150 0.915044
vt 0.116943 0.794653
vt 0.105052 0.796035
vt 0.109630 0.756515
vt 0.528310 0.866713
vt 0.530490 0.879075
vt 0.515223 0.868645
vt 0.036747 0.529575
vt 0.032735 0.520970
vt 0.070337 0.521007
vt 0.100327 0.806310
vt 0.437547 0.978293
vt 0.422863 0.988962
vt 0.417259 0.976351
vt 0.948491 0.377892
vt 0.948750 0.368077
vt 0.959834 0.370031
vt 0.967279 0.196161
vt 0.135417 0.904620
vt 0.173488 0.912614
vt 0.135417 0.913073
vt 0.116299 0.754776
vt 0.174791 0.903082
vt 0.961797 0.614291
vt 0.948015 0.619226
vt 0.950738 0.610697
vt 0.045872 0.144392
vt 0.054306 0.147629
vt 0.030927 0.165688
vt 0.686625 0.912153
vt 0.684921 0.921025
vt 0.646378 0.921025
vt 0.648552 0.911978
vt 0.010670 0.005072
vt 0.019609 0.007654
vt 0.019609 0.034572
vt 0.136046 0.815095
vt 0.708566 0.924823
vt 0.700401 0.927011
vt 0.672009 0.926699
vt 0.010619 0.033466
vt 0.948694 0.648470
vt 0.959298 0.343119
vt 0.037425 0.169917
vt 0.294290 0.913746
vt 0.254768 0.904390
vt 0.292717 0.904826
vt 0.255899 0.912061
vt 0.387204 0.768301
vt 0.380738 0.765766
vt 0.382213 0.805162
vt 0.032882 0.178700
vt 0.489654 0.920243
vt 0.491105 0.910461
vt 0.529672 0.910461
vt 0.214454 0.903556
vt 0.212705 0.912598
vt 0.175040 0.912598
vt 0.175901 0.904599
vt 0.478925 0.878981
vt 0.407737 0.815007
vt 0.372390 0.803308
vt 0.340529 0.812943
vt 0.527597 0.921056
vt 0.179396 0.543049
vt 0.170532 0.439607
vt 0.190049 0.512113
vt 0.856378 0.517739
vt 0.849977 0.444577
vt 0.861123 0.439645
vt 0.228873 0.518647
vt 0.192893 0.523133
vt 0.195444 0.539246
vt 0.044455 0.879817
vt 0.038158 0.915525
vt 0.035823 0.877339
vt 0.603433 0.634381
vt 0.584603 0.640759
vt 0.511441 0.634358
vt 0.424737 0.933002
vt 0.424737 0.920813
vt 0.460298 0.930684
vt 0.983371 0.431193
vt 0.999822 0.431669
vt 0.999822 0.448309
vt 0.056691 0.189852
vt 0.068913 0.179046
vt 0.073538 0.186743
vt 0.065500 0.196589
vt 0.036809 0.927405
vt 0.041688 0.912390
vt 0.073697 0.928542
vt 0.983330 0.448391
vt 0.088560 0.181886
vt 0.055147 0.206980
vt 0.611948 0.641163
vt 0.267819 0.932892
vt 0.263286 0.918941
vt 0.302125 0.921367
vt 0.945602 0.985679
vt 0.952813 0.988022
vt 0.946956 0.996481
vt 0.339737 0.922432
vt 0.339791 0.932593
vt 0.303916 0.932593
vt 0.303918 0.921222
vt 0.033341 0.065567
vt 0.043963 0.068414
vt 0.034750 0.103412
vt 0.033792 0.343984
vt 0.045495 0.380001
vt 0.036237 0.379606
vt 0.924537 0.924084
vt 0.888697 0.924084
vt 0.925970 0.915361
vt 0.890271 0.916052
vt 0.998881 0.035404
vt 0.998881 0.049333
vt 0.992199 0.044605
vt 0.589440 0.224181
vt 0.589440 0.173449
vt 0.603325 0.233352
vt 0.346707 0.002085
vt 0.298458 0.017762
vt 0.293531 0.002059
vt 0.842824 0.458595
vt 0.826750 0.509283
vt 0.824173 0.498593
vt 0.031190 0.000096
vt 0.020346 0.031123
vt 0.022883 0.003119
vt 0.864348 0.129104
vt 0.875019 0.120150
vt 0.876980 0.196004
vt 0.932427 0.562889
vt 0.920397 0.560185
vt 0.031128 0.029990
vt 0.823436 0.845309
vt 0.823927 0.856280
vt 0.915805 0.174738
vt 0.915805 0.119613
vt 0.923145 0.167477
vt 0.086844 0.628701
vt 0.086844 0.569515
vt 0.096506 0.623786
vt 0.899854 0.786773
vt 0.875666 0.757946
vt 0.898775 0.727597
vt 0.866554 0.159311
vt 0.812926 0.854324
vt 0.677151 0.693106
vt 0.753031 0.692965
vt 0.744710 0.699016
vt 0.920495 0.591096
vt 0.171567 0.794243
vt 0.176179 0.785005
vt 0.194781 0.774265
vt 0.814139 0.806753
vt 0.823294 0.807679
vt 0.813063 0.843017
vt 0.602694 0.108571
vt 0.947898 0.329604
vt 0.947898 0.378027
vt 0.928712 0.360344
vt 0.771255 0.351624
vt 0.771255 0.263198
vt 0.777803 0.259377
vt 0.053106 0.694607
vt 0.043232 0.691962
vt 0.074136 0.692670
vt 0.865926 0.168491
vt 0.052023 0.702863
vt 0.040510 0.435448
vt 0.031839 0.433791
vt 0.031839 0.397555
vt 0.184627 0.768313
vt 0.974732 0.110969
vt 0.983259 0.108684
vt 0.974266 0.129671
vt 0.039956 0.399172
vt 0.824590 0.459177
vt 0.793885 0.839806
vt 0.082635 0.703479
vt 0.983613 0.128125
vt 0.199546 0.765530
vt 0.473426 0.936536
vt 0.473426 0.920904
vt 0.508734 0.936876
vt 0.854938 0.929772
vt 0.855659 0.921526
vt 0.871708 0.928282
vt 0.881114 0.915795
vt 0.469628 0.937780
vt 0.469628 0.947254
vt 0.434733 0.943181
vt 0.826694 0.422332
vt 0.189353 0.760168
vt 0.891841 0.930092
vt 0.231709 0.794823
vt 0.157785 0.740360
vt 0.656286 0.699502
vt 0.809784 0.922191
vt 0.774701 0.924029
vt 0.810037 0.912443
vt 0.782612 0.850018
vt 0.535754 0.931529
vt 0.535754 0.921296
vt 0.571778 0.921978
vt 0.881238 0.926214
vt 0.417356 0.932578
vt 0.383090 0.921444
vt 0.420180 0.918760
vt 0.042142 0.535202
vt 0.081248 0.535202
vt 0.052677 0.544580
vt 0.881512 0.915985
vt 0.209751 0.743504
vt 0.496973 0.947735
vt 0.488029 0.952434
vt 0.470377 0.947704
vt 0.487180 0.965038
vt 0.468834 0.965576
vt 0.664010 0.008865
vt 0.614979 0.008865
vt 0.625716 0.001542
vt 0.932248 0.534771
vt 0.853166 0.848434
vt 0.759697 0.442200
vt 0.725671 0.463761
vt 0.738903 0.447772
vt 0.749900 0.462904
vt 0.982989 0.563568
vt 0.982989 0.588067
vt 0.976872 0.564424
vt 0.545757 0.529110
vt 0.556189 0.524928
vt 0.577728 0.555688
vt 0.302616 0.955868
vt 0.307110 0.969700
vt 0.290453 0.959328
vt 0.982101 0.427405
vt 0.975778 0.427405
vt 0.978424 0.402625
vt 0.295460 0.629626
vt 0.316891 0.620787
vt 0.317772 0.625692
vt 0.808284 0.314725
vt 0.808237 0.298944
vt 0.813471 0.312837
vt 0.378184 0.622461
vt 0.393837 0.626841
vt 0.391868 0.631114
vt 0.378001 0.627585
vt 0.131101 0.070367
vt 0.141761 0.080764
vt 0.138293 0.084231
vt 0.814679 0.375895
vt 0.806403 0.388866
vt 0.809187 0.374212
vt 0.632705 0.799241
vt 0.640132 0.813013
vt 0.629152 0.803476
vt 0.982039 0.458892
vt 0.974354 0.482545
vt 0.975386 0.457495
vt 0.294738 0.799161
vt 0.287731 0.796026
vt 0.300861 0.794190
vt 0.293370 0.954711
vt 0.291359 0.794178
vt 0.299832 0.952529
vt 0.297957 0.946644
vt 0.750772 0.436667
vt 0.143279 0.094858
vt 0.631133 0.547187
vt 0.625659 0.540076
vt 0.634983 0.528522
vt 0.282532 0.795203
vt 0.308455 0.791503
vt 0.287042 0.948096
vt 0.143045 0.124211
vt 0.133740 0.135282
vt 0.130338 0.132604
vt 0.556751 0.551271
vt 0.973088 0.188952
vt 0.970673 0.195587
vt 0.947130 0.189093
vt 0.591958 0.803697
vt 0.576915 0.808111
vt 0.587348 0.800347
vt 0.727553 0.368523
vt 0.750500 0.372336
vt 0.744283 0.379434
vt 0.139324 0.121534
vt 0.291001 0.948339
vt 0.282962 0.794775
vt 0.811037 0.359869
vt 0.618834 0.794224
vt 0.311994 0.794095
vt 0.581159 0.811621
vt 0.331948 0.778723
vt 0.297833 0.946554
vt 0.567052 0.538137
vt 0.363330 0.620714
vt 0.815761 0.361026
vt 0.332342 0.619790
vt 0.330733 0.624630
vt 0.480023 0.573113
vt 0.503449 0.573191
vt 0.503449 0.589079
vt 0.615200 0.556854
vt 0.604586 0.799105
vt 0.619259 0.800487
vt 0.761132 0.387002
vt 0.353247 0.776233
vt 0.352433 0.794482
vt 0.756459 0.422835
vt 0.766389 0.426228
vt 0.334163 0.797998
vt 0.147458 0.094268
vt 0.635650 0.563120
vt 0.654442 0.549132
vt 0.579844 0.545793
vt 0.363407 0.625439
vt 0.148156 0.109235
vt 0.603108 0.794024
vt 0.144419 0.108162
vt 0.811139 0.329101
vt 0.766355 0.446663
vt 0.347713 0.624415
vt 0.480334 0.588660
vt 0.816673 0.329227
vt 0.811873 0.344067
vt 0.611188 0.548412
vt 0.816986 0.344245
vt 0.347153 0.619134
vt 0.757192 0.406596
vt 0.752580 0.392507
vt 0.574578 0.563309
vt 0.760189 0.369785
vt 0.775229 0.385952
vt 0.766820 0.386642
vt 0.595878 0.559638
vt 0.596220 0.549662
vt 0.775140 0.428460
vt 0.767057 0.406020
vt 0.616586 0.568783
vt 0.766970 0.426484
vt 0.131115 0.462733
vt 0.126096 0.405363
vt 0.134558 0.394552
vt 0.615185 0.560710
vt 0.766403 0.366268
vt 0.417115 0.572991
vt 0.395460 0.588305
vt 0.395628 0.571971
vt 0.460135 0.587913
vt 0.778789 0.406932
vt 0.769330 0.406403
vt 0.417024 0.587699
vt 0.595664 0.560518
vt 0.594596 0.569721
vt 0.460137 0.572948
vt 0.438131 0.573368
vt 0.438303 0.587534
vt 0.810188 0.911133
vt 0.769594 0.911133
vt 0.790294 0.908490
vt 0.707458 0.270514
vt 0.700372 0.230329
vt 0.706701 0.166057
vt 0.166649 0.354705
vt 0.162155 0.303334
vt 0.167380 0.274631
vt 0.313268 0.776881
vt 0.314699 0.772692
vt 0.632769 0.554538
vt 0.744124 0.866673
vt 0.736207 0.856929
vt 0.747528 0.857321
vt 0.744151 0.887866
vt 0.739071 0.887713
vt 0.735984 0.897259
vt 0.738765 0.866177
vt 0.735624 0.857071
vt 0.747483 0.897778
vt 0.735799 0.857052
vt 0.040839 0.799563
vt 0.047982 0.791972
vt 0.062526 0.798754
vt 0.042327 0.759133
vt 0.048382 0.766282
vt 0.382363 0.985093
vt 0.360969 0.985093
vt 0.380395 0.973820
vt 0.866812 0.811638
vt 0.869452 0.824060
vt 0.828291 0.811028
vt 0.360452 0.973777
vt 0.114430 0.700182
vt 0.109554 0.691736
vt 0.112152 0.636289
vt 0.952068 0.316662
vt 0.972099 0.332753
vt 0.964754 0.335469
vt 0.950597 0.325188
vt 0.813898 0.794870
vt 0.147719 0.564903
vt 0.148295 0.521731
vt 0.157482 0.550960
vt 0.036376 0.876587
vt 0.054692 0.836495
vt 0.056430 0.876587
vt 0.999832 0.059504
vt 0.999832 0.073797
vt 0.993231 0.065097
vt 0.616714 0.976354
vt 0.604144 0.983322
vt 0.614756 0.969412
vt 0.058902 0.792041
vt 0.758457 0.969468
vt 0.758289 0.980978
vt 0.736587 0.980978
vt 0.394267 0.985328
vt 0.390871 0.992792
vt 0.386637 0.987090
vt 0.397308 0.994850
vt 0.427308 0.987450
vt 0.437905 0.979750
vt 0.436632 0.993986
vt 0.615510 0.984007
vt 0.621822 0.970124
vt 0.817007 0.989410
vt 0.812433 0.990896
vt 0.812329 0.982840
vt 0.774589 0.939678
vt 0.778948 0.937645
vt 0.776128 0.943250
vt 0.035453 0.719104
vt 0.035453 0.725861
vt 0.027480 0.720322
vt 0.619748 0.978788
vt 0.783745 0.941073
vt 0.058373 0.766006
vt 0.034749 0.836601
vt 0.990552 0.368336
vt 0.982193 0.351528
vt 0.990552 0.361614
vt 0.982657 0.368987
vt 0.808662 0.945493
vt 0.063720 0.758911
vt 0.063459 0.764244
vt 0.978526 0.384439
vt 0.974893 0.384439
vt 0.975039 0.360358
vt 0.059658 0.774592
vt 0.782106 0.944315
vt 0.027931 0.751051
vt 0.475712 0.346089
vt 0.470124 0.358074
vt 0.346389 0.353035
vt 0.055448 0.966125
vt 0.042907 0.975970
vt 0.041337 0.970710
vt 0.738403 0.969499
vt 0.056445 0.970527
vt 0.983814 0.091095
vt 0.973763 0.090324
vt 0.973763 0.070451
vt 0.108135 0.951461
vt 0.133937 0.951524
vt 0.130142 0.955341
vt 0.985107 0.070989
vt 0.947351 0.119742
vt 0.941248 0.102867
vt 0.946403 0.099891
vt 0.497877 0.972357
vt 0.483342 0.973629
vt 0.471399 0.972559
vt 0.768478 0.920477
vt 0.728550 0.917777
vt 0.737344 0.914987
vt 0.763806 0.915954
vt 0.768972 0.909044
vt 0.035624 0.981635
vt 0.031761 0.970675
vt 0.763654 0.908562
vt 0.034978 0.751659
vt 0.055351 0.965838
vt 0.958748 0.396960
vt 0.954238 0.416595
vt 0.952658 0.397385
vt 0.953075 0.384693
vt 0.166913 0.359705
vt 0.166913 0.416104
vt 0.160499 0.334640
vt 0.936229 0.133555
vt 0.933402 0.108713
vt 0.928764 0.118084
vt 0.157534 0.494562
vt 0.928806 0.102438
vt 0.990944 0.051118
vt 0.974368 0.066593
vt 0.980143 0.047608
vt 0.135671 0.960250
vt 0.115790 0.961324
vt 0.778102 0.946398
vt 0.986502 0.070330
vt 0.003345 0.979753
vt 0.021043 0.980892
vt 0.007622 0.991506
vt 0.930251 0.413225
vt 0.021127 0.990972
vt 0.931726 0.091719
vt 0.933502 0.084978
vt 0.953636 0.316191
vt 0.973180 0.319990
vt 0.973520 0.331976
vt 0.003155 0.991495
vt 0.290104 0.986202
vt 0.301075 0.986452
vt 0.296628 0.993976
vt 0.306731 0.980809
vt 0.306731 0.989954
vt 0.302288 0.989491
vt 0.290312 0.990791
vt 0.569898 0.994813
vt 0.573129 0.984869
vt 0.580747 0.993165
vt 0.643205 0.983534
vt 0.644689 0.976328
vt 0.217068 0.103076
vt 0.225797 0.103572
vt 0.215566 0.220512
vt 0.160144 0.414710
vt 0.232402 0.123227
vt 0.624885 0.977581
vt 0.140282 0.637500
vt 0.159568 0.699133
vt 0.140282 0.699666
vt 0.907647 0.655223
vt 0.907647 0.712963
vt 0.893146 0.655404
vt 0.890857 0.835418
vt 0.832557 0.836945
vt 0.831641 0.826469
vt 0.892754 0.138434
vt 0.892754 0.215878
vt 0.874342 0.211120
vt 0.088239 0.087355
vt 0.113886 0.087355
vt 0.087279 0.149513
vt 0.872079 0.644126
vt 0.858962 0.642452
vt 0.858962 0.567469
vt 0.146604 0.843734
vt 0.088282 0.843734
vt 0.146498 0.831688
vt 0.880244 0.571234
vt 0.161007 0.627886
vt 0.890180 0.823610
vt 0.545775 0.840189
vt 0.545775 0.830030
vt 0.604374 0.841258
vt 0.604004 0.826730
vt 0.115397 0.134343
vt 0.883121 0.643366
vt 0.552955 0.103179
vt 0.552955 0.229824
vt 0.529304 0.106738
vt 0.844446 0.179814
vt 0.846131 0.108573
vt 0.861746 0.108573
vt 0.157259 0.732936
vt 0.157958 0.719596
vt 0.231740 0.746707
vt 0.863681 0.184291
vt 0.891781 0.605702
vt 0.839053 0.446969
vt 0.839053 0.368364
vt 0.843306 0.454728
vt 0.342288 0.057565
vt 0.317208 0.081186
vt 0.255829 0.058846
vt 0.143040 0.858491
vt 0.140757 0.871440
vt 0.089369 0.862621
vt 0.568089 0.234869
vt 0.568089 0.109532
vt 0.588502 0.195040
vt 0.532273 0.877295
vt 0.576428 0.888332
vt 0.538251 0.885832
vt 0.033368 0.583105
vt 0.030752 0.545301
vt 0.056167 0.545301
vt 0.751168 0.898204
vt 0.750806 0.860312
vt 0.760096 0.887564
vt 0.057454 0.583539
vt 0.334218 0.078299
vt 0.144492 0.878030
vt 0.092376 0.878030
vt 0.093183 0.864289
vt 0.583994 0.855482
vt 0.638008 0.855482
vt 0.634191 0.869493
vt 0.578728 0.877277
vt 0.925247 0.305540
vt 0.929905 0.295551
vt 0.960283 0.304062
vt 0.759042 0.856999
vt 0.950139 0.596485
vt 0.951051 0.562068
vt 0.954503 0.571734
vt 0.971071 0.563159
vt 0.971033 0.596505
vt 0.966811 0.571927
vt 0.089778 0.261296
vt 0.108439 0.318729
vt 0.096491 0.319972
vt 0.812642 0.829289
vt 0.803810 0.830847
vt 0.804908 0.770739
vt 0.637385 0.907015
vt 0.638620 0.873692
vt 0.641848 0.881704
vt 0.897614 0.535113
vt 0.932332 0.533427
vt 0.915784 0.543586
vt 0.977464 0.280454
vt 0.974468 0.291634
vt 0.975430 0.269317
vt 0.813537 0.966357
vt 0.787649 0.968622
vt 0.815424 0.948341
vt 0.653860 0.881780
vt 0.917403 0.522374
vt 0.458485 0.991501
vt 0.460338 0.977716
vt 0.473138 0.978836
vt 0.476600 0.991560
vt 0.657890 0.871305
vt 0.975368 0.010894
vt 0.972450 0.003671
vt 0.985924 0.007119
vt 0.452208 0.969328
vt 0.425477 0.970128
vt 0.430007 0.958976
vt 0.891524 0.517467
vt 0.904290 0.527027
vt 0.440483 0.953138
vt 0.898768 0.500418
vt 0.788708 0.947136
vt 0.979542 0.026062
vt 0.992687 0.235373
vt 0.998888 0.232481
vt 0.998095 0.248193
vt 0.068773 0.128749
vt 0.047485 0.143655
vt 0.056079 0.103124
vt 0.659138 0.907684
vt 0.036355 0.103381
vt 0.045482 0.066838
vt 0.058136 0.064607
vt 0.904151 0.509003
vt 0.680468 0.871647
vt 0.663535 0.882356
vt 0.927567 0.525621
vt 0.046921 0.989487
vt 0.028897 0.989487
vt 0.045655 0.982763
vt 0.036987 0.105977
vt 0.034300 0.143547
vt 0.278717 0.039926
vt 0.214677 0.028634
vt 0.280863 0.028458
vt 0.992750 0.017641
vt 0.992750 0.005649
vt 0.997339 0.008009
vt 0.058293 0.101621
vt 0.954441 0.088299
vt 0.960822 0.092767
vt 0.956049 0.125279
vt 0.425393 0.948108
vt 0.931838 0.514532
vt 0.433435 0.908905
vt 0.452734 0.920629
vt 0.433835 0.920351
vt 0.958508 0.869609
vt 0.940706 0.859331
vt 0.973565 0.859642
vt 0.781117 0.981832
vt 0.786277 0.981832
vt 0.783871 0.993391
vt 0.675240 0.881669
vt 0.983136 0.965005
vt 0.974247 0.970137
vt 0.974610 0.949585
vt 0.914348 0.494634
vt 0.683230 0.904544
vt 0.923275 0.508545
vt 0.932559 0.491222
vt 0.968171 0.751197
vt 0.951642 0.751197
vt 0.967342 0.740965
vt 0.932036 0.513081
vt 0.948578 0.717089
vt 0.854963 0.989532
vt 0.854822 0.970330
vt 0.864632 0.975723
vt 0.967790 0.718961
vt 0.832353 0.974494
vt 0.812345 0.980995
vt 0.816326 0.956072
vt 0.412975 0.913800
vt 0.862741 0.989471
vt 0.582772 0.976635
vt 0.597336 0.971334
vt 0.608011 0.976628
vt 0.875604 0.977277
vt 0.912637 0.487137
vt 0.215306 0.986601
vt 0.224796 0.985609
vt 0.228133 0.995300
vt 0.622481 0.968800
vt 0.631866 0.967979
vt 0.623663 0.976489
vt 0.371115 0.778459
vt 0.319658 0.768457
vt 0.312730 0.734920
vt 0.643968 0.975361
vt 0.644120 0.953144
vt 0.237123 0.982400
vt 0.158621 0.830394
vt 0.158979 0.820151
vt 0.215016 0.809843
vt 0.908942 0.801939
vt 0.926043 0.854573
vt 0.910530 0.856138
vt 0.421591 0.827340
vt 0.361363 0.827340
vt 0.364596 0.815871
vt 0.191420 0.843376
vt 0.194642 0.834523
vt 0.248620 0.839662
vt 0.096892 0.542049
vt 0.081502 0.537925
vt 0.095149 0.482728
vt 0.916915 0.364633
vt 0.916915 0.308311
vt 0.925007 0.362517
vt 0.927434 0.367654
vt 0.917917 0.421629
vt 0.917462 0.365289
vt 0.224208 0.980919
vt 0.214260 0.985558
vt 0.213746 0.966375
vt 0.224081 0.969789
vt 0.237065 0.969497
vt 0.237196 0.981207
vt 0.785843 0.981028
vt 0.762043 0.977496
vt 0.770385 0.976886
vt 0.956513 0.856685
vt 0.936314 0.851272
vt 0.968542 0.850947
vt 0.770218 0.966638
vt 0.937412 0.900854
vt 0.943701 0.880963
vt 0.951895 0.888265
vt 0.928958 0.983859
vt 0.904941 0.984053
vt 0.904941 0.960371
vt 0.786231 0.961985
vt 0.054787 0.426867
vt 0.052670 0.444530
vt 0.036301 0.442809
vt 0.930045 0.958960
vt 0.050331 0.423731
vt 0.331880 0.966330
vt 0.329472 0.979986
vt 0.307862 0.966437
vt 0.037101 0.451574
vt 0.974400 0.514306
vt 0.974308 0.489163
vt 0.983076 0.489930
vt 0.953844 0.870206
vt 0.064142 0.424213
vt 0.761836 0.966152
vt 0.938267 0.859304
vt 0.309562 0.980151
vt 0.075691 0.434719
vt 0.982323 0.509766
vt 0.698164 0.969841
vt 0.687266 0.969128
vt 0.926016 0.882893
vt 0.918749 0.897055
vt 0.904927 0.879728
vt 0.496120 0.824497
vt 0.436765 0.814032
vt 0.498815 0.813263
vt 0.675217 0.985561
vt 0.964382 0.092850
vt 0.972849 0.096271
vt 0.973675 0.121223
vt 0.968989 0.983843
vt 0.969716 0.972150
vt 0.988067 0.968914
vt 0.866572 0.961681
vt 0.859409 0.954384
vt 0.858387 0.942713
vt 0.865460 0.930786
vt 0.890374 0.931466
vt 0.075102 0.610781
vt 0.075102 0.637598
vt 0.056166 0.607271
vt 0.988890 0.984505
vt 0.807201 0.979594
vt 0.788567 0.979594
vt 0.810169 0.968870
vt 0.061957 0.623862
vt 0.922744 0.927824
vt 0.933654 0.925637
vt 0.939559 0.932929
vt 0.890249 0.961321
vt 0.787948 0.969387
vt 0.054639 0.465764
vt 0.944513 0.898092
vt 0.950398 0.917649
vt 0.686813 0.980673
vt 0.697416 0.980898
vt 0.015041 0.914152
vt 0.025514 0.885076
vt 0.027396 0.907857
vt 0.280894 0.811818
vt 0.249315 0.815110
vt 0.249315 0.792884
vt 0.108986 0.554168
vt 0.108986 0.586528
vt 0.034221 0.921168
vt 0.272914 0.790936
vt 0.067061 0.603434
vt 0.077135 0.594314
vt 0.106824 0.522491
vt 0.724775 0.979169
vt 0.731701 0.969307
vt 0.736310 0.978565
vt 0.719759 0.961119
vt 0.313123 0.814718
vt 0.036990 0.910802
vt 0.729825 0.957401
vt 0.746049 0.965228
vt 0.504408 0.001630
vt 0.504408 0.015219
vt 0.453966 0.013451
vt 0.915907 0.252698
vt 0.915907 0.197253
vt 0.925025 0.248504
vt 0.762187 0.868928
vt 0.814622 0.868928
vt 0.765132 0.878842
vt 0.078866 0.189309
vt 0.090609 0.191379
vt 0.082515 0.242802
vt 0.674977 0.963398
vt 0.097158 0.550478
vt 0.888629 0.878858
vt 0.888629 0.842649
vt 0.941896 0.878232
vt 0.778855 0.258745
vt 0.792125 0.308272
vt 0.776755 0.350769
vt 0.844194 0.556484
vt 0.832714 0.513643
vt 0.840644 0.468789
vt 0.772123 0.699172
vt 0.788904 0.650438
vt 0.841355 0.645228
vt 0.314053 0.166675
vt 0.306888 0.248578
vt 0.327049 0.131877
vt 0.423870 0.770009
vt 0.461275 0.766736
vt 0.425215 0.783809
vt 0.855791 0.779024
vt 0.860869 0.794652
vt 0.817187 0.786960
vt 0.891371 0.600354
vt 0.879708 0.564664
vt 0.891371 0.564196
vt 0.881687 0.767786
vt 0.892922 0.780945
vt 0.138751 0.657505
vt 0.126831 0.695071
vt 0.128831 0.659254
vt 0.136473 0.629368
vt 0.388081 0.782887
vt 0.389666 0.769661
vt 0.042055 0.288880
vt 0.023327 0.294786
vt 0.023327 0.267829
vt 0.056688 0.295600
vt 0.880564 0.530468
vt 0.056951 0.271759
vt 0.734800 0.879024
vt 0.681950 0.879024
vt 0.729957 0.856853
vt 0.125372 0.626534
vt 0.972008 0.926741
vt 0.945059 0.959643
vt 0.945050 0.926741
vt 0.973681 0.960275
vt 0.892839 0.530652
vt 0.060129 0.577405
vt 0.083924 0.584531
vt 0.086055 0.589550
vt 0.069207 0.577192
vt 0.241948 0.002620
vt 0.292629 0.002620
vt 0.242197 0.017697
vt 0.071921 0.547714
vt 0.063343 0.181148
vt 0.059838 0.185325
vt 0.031801 0.180879
vt 0.824265 0.838657
vt 0.881880 0.838657
vt 0.881541 0.855099
vt 0.891550 0.714273
vt 0.891550 0.656658
vt 0.906765 0.714502
vt 0.292740 0.014396
vt 0.459168 0.878535
vt 0.456012 0.866758
vt 0.508804 0.869220
vt 0.096450 0.690000
vt 0.096450 0.749544
vt 0.080458 0.692026
vt 0.097954 0.253108
vt 0.083909 0.253108
vt 0.091312 0.193869
vt 0.950394 0.561365
vt 0.937118 0.557807
vt 0.948865 0.508506
vt 0.306747 0.121095
vt 0.287352 0.213352
vt 0.287352 0.252987
vt 0.262634 0.212776
vt 0.160613 0.680373
vt 0.168441 0.680779
vt 0.163570 0.708408
vt 0.738069 0.251546
vt 0.729833 0.227869
vt 0.739310 0.225330
vt 0.382488 0.505033
vt 0.355516 0.520605
vt 0.376807 0.490357
vt 0.746696 0.247476
vt 0.506043 0.094805
vt 0.477901 0.091127
vt 0.484579 0.090110
vt 0.486396 0.087243
vt 0.483272 0.080557
vt 0.822721 0.188783
vt 0.833358 0.168557
vt 0.840963 0.172103
vt 0.385908 0.516196
vt 0.364115 0.528585
vt 0.723361 0.353410
vt 0.720968 0.420614
vt 0.702858 0.386222
vt 0.836575 0.333010
vt 0.842907 0.356237
vt 0.829771 0.336938
vt 0.730500 0.389392
vt 0.243331 0.921441
vt 0.207710 0.930888
vt 0.207381 0.921441
vt 0.848689 0.350765
vt 0.736492 0.199043
vt 0.727658 0.198291
vt 0.516260 0.080455
vt 0.261694 0.174266
vt 0.708390 0.424344
vt 0.160083 0.913404
vt 0.198193 0.913404
vt 0.163120 0.921086
vt 0.875481 0.981807
vt 0.876427 0.996521
vt 0.868300 0.986122
vt 0.243561 0.928912
vt 0.415472 0.513825
vt 0.540109 0.090357
vt 0.163049 0.655578
vt 0.880957 0.976720
vt 0.288468 0.962048
vt 0.297871 0.971424
vt 0.288748 0.977812
vt 0.170408 0.655188
vt 0.824254 0.311082
vt 0.664563 0.994035
vt 0.664563 0.980197
vt 0.671414 0.983345
vt 0.416039 0.486281
vt 0.832129 0.313515
vt 0.533567 0.100945
vt 0.834977 0.148017
vt 0.298326 0.978776
vt 0.290401 0.985168
vt 0.843239 0.147292
vt 0.306033 0.970484
vt 0.306180 0.978506
vt 0.039919 0.680600
vt 0.031805 0.718310
vt 0.032553 0.680600
vt 0.735142 0.414635
vt 0.031828 0.762467
vt 0.039758 0.798819
vt 0.032019 0.800183
vt 0.302999 0.985424
vt 0.042031 0.718142
vt 0.100361 0.924044
vt 0.064404 0.914410
vt 0.101972 0.915988
vt 0.548630 0.100495
vt 0.414641 0.500606
vt 0.287031 0.173911
vt 0.541735 0.103561
vt 0.040521 0.762255
vt 0.953281 0.884161
vt 0.960810 0.884520
vt 0.960810 0.921092
vt 0.441712 0.522811
vt 0.064034 0.922542
vt 0.828807 0.286462
vt 0.572638 0.090473
vt 0.472036 0.526223
vt 0.950983 0.920446
vt 0.573567 0.113377
vt 0.748579 0.437326
vt 0.836387 0.289720
vt 0.561401 0.101231
vt 0.579385 0.110417
vt 0.740244 0.174287
vt 0.260716 0.135881
vt 0.835662 0.121357
vt 0.162873 0.628559
vt 0.727252 0.457789
vt 0.731430 0.170812
vt 0.829127 0.126933
vt 0.170185 0.628817
vt 0.822271 0.103586
vt 0.601385 0.075429
vt 0.847220 0.270621
vt 0.454121 0.496462
vt 0.747565 0.152319
vt 0.285386 0.134526
vt 0.583335 0.134680
vt 0.576929 0.126598
vt 0.403451 0.103390
vt 0.403451 0.125590
vt 0.371854 0.101847
vt 0.246206 0.709684
vt 0.222347 0.726391
vt 0.167570 0.711396
vt 0.784631 0.186982
vt 0.290929 0.337827
vt 0.299572 0.307632
vt 0.305235 0.333994
vt 0.284615 0.309394
vt 0.432743 0.103063
vt 0.307060 0.366464
vt 0.432577 0.125735
vt 0.581633 0.684687
vt 0.578320 0.675586
vt 0.605176 0.673180
vt 0.559665 0.695607
vt 0.462660 0.101892
vt 0.400512 0.649022
vt 0.423832 0.655156
vt 0.448136 0.666489
vt 0.724251 0.009251
vt 0.696898 0.008380
vt 0.720013 0.000164
vt 0.425098 0.647810
vt 0.463921 0.125324
vt 0.771743 0.150371
vt 0.629989 0.690975
vt 0.759244 0.203587
vt 0.764027 0.185252
vt 0.870723 0.656382
vt 0.887212 0.641355
vt 0.878285 0.659908
vt 0.780663 0.151198
vt 0.745123 0.006980
vt 0.446481 0.651161
vt 0.445925 0.658428
vt 0.867328 0.677758
vt 0.875885 0.681260
vt 0.303228 0.278736
vt 0.287835 0.278213
vt 0.293517 0.819780
vt 0.271493 0.814453
vt 0.292482 0.813911
vt 0.759746 0.158185
vt 0.253358 0.827143
vt 0.273966 0.823743
vt 0.668000 0.008772
vt 0.642867 0.002038
vt 0.691622 0.001139
vt 0.469569 0.658534
vt 0.543256 0.641892
vt 0.544643 0.657000
vt 0.540801 0.652727
vt 0.545079 0.689352
vt 0.591943 0.710382
vt 0.560855 0.703489
vt 0.552320 0.696020
vt 0.734479 0.143659
vt 0.015651 0.949607
vt 0.014523 0.918468
vt 0.024129 0.918468
vt 0.313540 0.821806
vt 0.469380 0.650615
vt 0.552765 0.660368
vt 0.974825 0.453963
vt 0.982517 0.432830
vt 0.982558 0.457655
vt 0.632943 0.681974
vt 0.880620 0.696758
vt 0.873226 0.699892
vt 0.301962 0.245528
vt 0.533208 0.719810
vt 0.498810 0.101222
vt 0.309657 0.827813
vt 0.529670 0.709990
vt 0.796740 0.118141
vt 0.491956 0.646692
vt 0.537880 0.710543
vt 0.887380 0.717912
vt 0.655895 0.697979
vt 0.525996 0.720844
vt 0.951608 0.786035
vt 0.948643 0.751338
vt 0.960178 0.754051
vt 0.434409 0.946429
vt 0.400931 0.939596
vt 0.433229 0.939738
vt 0.712045 0.946762
vt 0.708847 0.937976
vt 0.743085 0.937777
vt 0.024128 0.949718
vt 0.958520 0.786322
vt 0.399585 0.946321
vt 0.993971 0.972715
vt 0.990295 0.980600
vt 0.989676 0.967368
vt 0.287008 0.986392
vt 0.283471 0.980266
vt 0.287391 0.973965
vt 0.795541 0.211888
vt 0.778445 0.185886
vn -0.98880 0.01940 -0.14810
vn -0.99190 0.03940 -0.12100
vn -0.99770 0.06710 -0.00070
vn -0.99710 0.05570 -0.05220
vn -0.01600 0.89810 0.43950
vn 0.05380 0.99790 -0.03610
vn 0.06210 0.99760 -0.03170
vn -0.16920 0.97590 0.13770
vn -0.51000 0.07640 0.85680
vn -0.50420 0.08290 0.85960
vn -0.50410 0.08300 0.85960
vn -0.49230 0.09590 0.86510
vn 0.11450 -0.96010 0.25500
vn -0.99890 0.04640 -0.00520
vn -0.98910 -0.12840 -0.07220
vn -0.93610 -0.32950 -0.12310
vn -0.99090 -0.10840 -0.08000
vn -0.99930 0.00660 -0.03710
vn -0.93200 -0.36170 0.02400
vn -0.07830 0.99680 -0.01440
vn 0.01710 0.99890 -0.04460
vn -0.97510 0.21970 -0.03090
vn -0.97950 0.19730 -0.04100
vn -0.96830 0.24920 -0.01760
vn -0.09620 0.06970 -0.99290
vn -0.03620 0.02410 -0.99910
vn -0.03610 0.02400 -0.99910
vn 0.01160 -0.01220 -0.99990
vn -0.99920 0.04060 0.00460
vn -0.33400 -0.94090 -0.05690
vn -0.26150 -0.96280 -0.06790
vn -0.12130 -0.96070 -0.24960
vn -0.15220 0.98820 0.01870
vn 0.02110 0.46950 -0.88270
vn -0.02290 0.52680 -0.84970
vn -0.11520 0.63680 -0.76240
vn -0.67950 -0.09200 -0.72790
vn -0.93590 -0.28720 -0.20410
vn -0.95390 -0.24380 -0.17500
vn -0.73040 -0.44920 -0.51440
vn -0.30540 0.94360 -0.12750
vn -0.25310 0.96370 -0.08540
vn -0.10550 0.99110 -0.08060
vn -0.99810 -0.00250 -0.06210
vn -0.04700 -0.99800 0.04170
vn -0.99780 -0.02930 -0.05960
vn -0.96780 -0.21510 -0.13090
vn -0.97560 -0.17680 -0.13000
vn -0.99740 -0.03950 -0.06070
vn 0.05680 0.99420 -0.09090
vn 0.06580 0.99410 -0.08680
vn -0.34520 -0.93850 -0.00070
vn -0.07750 0.99610 -0.04130
vn -0.92780 0.37300 0.00540
vn -0.93850 0.34510 0.00650
vn -0.95150 0.30750 0.00600
vn -0.95070 0.31010 0.00790
vn -0.37600 -0.92650 0.01270
vn 0.86090 0.49940 -0.09770
vn -0.80250 0.59650 0.00980
vn -0.99980 -0.00030 0.02030
vn 0.26730 -0.42170 0.86640
vn 0.02170 -0.28460 0.95840
vn -0.06920 0.88580 0.45890
vn -0.10500 0.87190 0.47830
vn -0.23290 0.80810 0.54100
vn -0.94200 0.27230 0.19630
vn -0.23510 0.96660 -0.10170
vn -0.00520 0.99820 0.05910
vn 0.04520 0.17570 0.98340
vn -0.98840 -0.10670 0.10800
vn -0.98800 -0.10720 0.11090
vn -0.25300 -0.92330 0.28890
vn -0.99590 0.02520 0.08640
vn -0.10220 0.03520 0.99410
vn -0.10210 0.03520 0.99420
vn -0.07640 0.03910 0.99630
vn -0.12960 0.03090 0.99110
vn 0.05670 0.99320 0.10150
vn -0.77350 -0.44940 -0.44690
vn -0.97350 0.22710 0.02530
vn -0.97700 0.19740 0.08120
vn -0.96020 0.26200 0.09650
vn -0.21810 -0.03980 -0.97510
vn -0.97810 0.20780 0.01150
vn -0.99840 -0.05380 -0.01820
vn -0.99830 -0.05460 -0.01880
vn -0.99830 -0.05440 -0.01860
vn -0.99830 -0.05520 -0.01930
vn -0.99960 0.02460 -0.01560
vn -0.31420 0.94930 0.00900
vn -0.29890 0.95430 0.00370
vn -0.33900 0.94060 0.01770
vn 0.03330 -0.99920 0.02350
vn 0.23480 -0.96590 0.10930
vn -0.01440 0.99110 0.13230
vn 0.02010 0.99850 0.05140
vn 0.35790 -0.91970 0.16150
vn 0.03510 0.99930 0.01600
vn -0.23240 -0.01140 0.97260
vn -0.18810 0.04210 0.98120
vn -0.29660 -0.09150 0.95060
vn -0.99890 0.02670 0.03880
vn -0.99740 0.00160 0.07230
vn -0.95340 0.23050 0.19490
vn -0.93750 0.28840 0.19480
vn -0.10200 0.40310 0.90940
vn -0.06780 0.34580 0.93590
vn -0.11710 0.34930 0.92970
vn -0.21800 0.03490 0.97530
vn -0.11470 0.04510 0.99240
vn -0.05360 0.02660 0.99820
vn -0.09110 0.07750 0.99280
vn -0.12550 0.30960 0.94250
vn -0.96800 -0.00680 0.25080
vn -0.03950 0.05640 0.99760
vn -0.20410 0.02990 0.97850
vn -0.03000 -0.95250 0.30310
vn -0.02500 -0.95670 0.28990
vn -0.04110 -0.94210 0.33270
vn -0.08020 0.02770 0.99640
vn -0.03930 0.07630 0.99630
vn -0.10060 0.07550 0.99210
vn 0.06520 0.99380 -0.09040
vn -0.00510 0.99820 0.05910
vn 0.00020 0.99660 -0.08220
vn -0.04740 0.98930 -0.13830
vn -0.04750 0.98920 -0.13840
vn 0.76670 0.00740 -0.64190
vn 0.36070 0.93270 0.00600
vn 1.00000 -0.00110 0.00170
vn 0.99990 -0.01300 -0.00530
vn 0.99990 -0.01290 -0.00530
vn 0.07440 -0.99600 0.04940
vn 0.07450 -0.99600 0.04940
vn 0.11310 -0.99300 0.03380
vn 1.00000 0.00010 -0.00290
vn 0.99940 0.00740 -0.03440
vn -0.12330 0.96610 -0.22690
vn 0.99970 -0.00620 0.02480
vn 0.96840 0.19410 0.15660
vn 0.95250 0.30440 0.00550
vn 0.99260 0.11110 0.04930
vn 0.99960 -0.02460 -0.01210
vn 0.99980 0.00160 0.01850
vn 0.35720 0.93210 -0.05970
vn 0.01950 -0.99730 0.07150
vn -0.01180 0.31790 0.94800
vn 0.83710 -0.00110 0.54710
vn 0.04060 0.04820 0.99800
vn 0.05870 0.05610 0.99670
vn -0.30760 -0.53660 0.78570
vn 0.07540 0.06340 0.99510
vn 0.99990 -0.01330 0.00490
vn 0.98710 -0.15950 -0.01500
vn 0.07510 0.99630 -0.04270
vn 0.99880 0.01510 -0.04560
vn 0.99750 0.06230 -0.03380
vn 0.09300 0.99530 -0.02730
vn 0.09060 0.99550 -0.02850
vn 0.99970 0.02000 0.01460
vn 0.99990 0.01220 0.00760
vn 0.99980 -0.02150 -0.00010
vn 0.20340 0.02450 -0.97880
vn 0.20330 0.02460 -0.97880
vn 0.27530 -0.02970 -0.96090
vn 0.11480 0.08930 -0.98940
vn -0.18780 -0.41820 -0.88870
vn 0.08670 0.99580 -0.03070
vn 0.57830 0.81420 -0.05200
vn 0.00340 0.31170 -0.95020
vn 1.00000 -0.00040 0.00230
vn 1.00000 -0.00010 0.00200
vn 1.00000 0.00050 0.00170
vn 0.12330 -0.99210 0.02350
vn 0.13750 -0.99010 0.02900
vn 0.03700 0.99920 -0.01560
vn 0.03810 0.99900 0.02450
vn 0.98350 0.14960 -0.10200
vn 1.00000 0.00490 0.00830
vn 0.11080 -0.99370 0.01860
vn 0.08250 0.99480 0.05980
vn 0.13550 0.98700 0.08590
vn 0.38930 0.92080 -0.02400
vn 1.00000 -0.00090 0.00270
vn 0.33430 0.10600 0.93650
vn 0.33790 0.12830 0.93240
vn 0.24220 0.06650 0.96790
vn 0.96350 0.26570 0.03130
vn 0.08600 0.95010 0.30000
vn -0.02030 0.65110 -0.75870
vn -0.02030 0.65120 -0.75870
vn -0.02770 0.67600 -0.73630
vn 0.14470 -0.00930 0.98940
vn 0.06260 -0.04390 0.99710
vn 0.00250 -0.14940 0.98880
vn 0.97070 -0.22210 -0.09130
vn 0.96790 -0.25050 -0.01910
vn 0.99490 -0.06500 -0.07750
vn 0.99570 -0.02930 -0.08790
vn 0.99570 -0.02520 -0.08960
vn 0.00320 0.56820 -0.82290
vn 0.95070 0.06620 0.30300
vn 0.97420 0.11680 0.19330
vn 0.99020 -0.12960 0.05250
vn 0.90530 0.00620 0.42470
vn 0.48930 0.81320 0.31510
vn 0.16890 0.85570 0.48920
vn 0.24170 0.82380 0.51270
vn -0.06560 0.99670 0.04830
vn 0.20500 0.97850 0.02310
vn 0.25060 0.96790 -0.02120
vn -0.76190 0.58320 -0.28160
vn -0.72570 0.64030 -0.25180
vn 0.08680 0.93050 0.35580
vn 0.10560 0.85720 0.50400
vn 0.06860 0.84610 0.52860
vn -0.00020 0.90580 0.42360
vn 0.52870 0.02820 0.84830
vn 0.42770 0.08070 0.90030
vn 0.42780 0.08060 0.90030
vn 0.18400 0.19080 0.96420
vn -0.68200 0.69810 -0.21810
vn 0.14730 0.98600 0.07780
vn 0.04550 0.45910 0.88720
vn 0.04280 0.45460 0.88970
vn 0.03500 0.39000 0.92010
vn 0.05970 0.03700 0.99750
vn 0.05760 0.00490 0.99830
vn 0.02190 -0.02770 0.99940
vn 0.08740 0.30580 0.94810
vn 0.15500 0.35620 0.92150
vn 0.09690 0.30800 0.94640
vn 0.10360 0.62610 0.77280
vn 0.77370 -0.27100 -0.57270
vn 0.02800 0.33450 0.94200
vn 0.01680 0.01630 0.99970
vn 0.01660 -0.93190 0.36240
vn 0.00580 -0.88700 0.46180
vn -0.01220 -0.85660 0.51580
vn -0.02200 -0.85380 0.52010
vn 0.13290 -0.76720 0.62750
vn 0.02320 -0.75620 0.65400
vn -0.01250 -0.80220 0.59690
vn 0.55250 0.05280 0.83180
vn -0.99750 0.03280 0.06310
vn 0.02850 0.05210 0.99820
vn 0.04060 0.05870 0.99740
vn 0.04070 0.05870 0.99740
vn 0.09830 0.08350 0.99160
vn 0.01320 0.18980 0.98170
vn -0.01200 0.05720 0.99830
vn 0.04970 0.06360 0.99670
vn 0.09070 0.99550 -0.02850
vn 0.02180 0.99960 -0.01600
vn 0.06050 0.04900 0.99700
vn 0.99650 0.08340 0.00200
vn 0.91200 0.36360 -0.18990
vn 0.91700 0.39450 -0.05960
vn 0.00320 0.92150 -0.38840
vn 0.00980 0.99920 -0.03860
vn 0.00900 0.99170 -0.12800
vn -0.07930 -0.83700 -0.54140
vn 0.97350 -0.22520 -0.04060
vn -0.88300 0.42500 -0.19930
vn -0.97550 0.21480 -0.04680
vn -0.89220 0.44990 -0.04020
vn -0.35240 0.93220 -0.08240
vn 0.01670 -0.99990 0.00130
vn 0.00560 -1.00000 0.00420
vn 0.01350 -0.99990 0.00200
vn -0.02080 -0.99970 0.00960
vn -0.01690 -0.99990 -0.00200
vn -0.00660 -1.00000 0.00670
vn 0.00240 -1.00000 0.00510
vn -0.99990 0.01540 0.00550
vn -0.99980 0.02010 -0.00090
vn -0.99050 0.13680 0.01240
vn -0.77310 -0.62960 0.07750
vn -0.76230 -0.62720 0.15980
vn -0.07220 -0.99730 0.01210
vn -0.07180 -0.99680 0.03410
vn -0.06490 -0.99630 0.05650
vn -0.99750 -0.07020 0.00060
vn -0.99540 0.09580 -0.00310
vn -0.06630 -0.99390 0.08820
vn -0.00120 -0.99990 0.01250
vn 0.02900 -0.99950 0.01380
vn 0.03080 -0.99940 0.01400
vn -0.02300 0.99970 0.00470
vn -0.01160 0.99990 -0.00320
vn -0.01030 0.99990 0.00100
vn -0.77620 -0.62920 0.04050
vn 0.99920 -0.03360 -0.01970
vn 0.01230 0.99220 0.12380
vn 0.90950 0.41360 0.04240
vn -0.08450 -0.99630 0.01480
vn -0.00810 1.00000 0.00030
vn -0.03110 0.99930 -0.02100
vn -0.48780 -0.83720 -0.24710
vn -0.46370 -0.88390 -0.06120
vn -0.48780 -0.83730 -0.24710
vn -0.87990 0.47300 0.04520
vn 0.01100 0.99210 0.12460
vn -0.99510 -0.09350 -0.03220
vn 0.16150 -0.98260 -0.09190
vn -0.00830 0.99990 0.00620
vn -0.49320 -0.74930 -0.44190
vn -0.01600 -0.99980 0.01030
vn -0.99360 -0.07580 -0.08400
vn 0.00560 -0.99990 0.00870
vn -0.98520 0.17070 0.01440
vn 0.04400 0.99870 -0.02510
vn 0.01150 0.99970 -0.02300
vn -0.01140 0.50980 -0.86020
vn 0.02340 0.46400 -0.88550
vn 0.23530 0.14130 -0.96160
vn 0.24320 0.96930 -0.03700
vn -0.94810 0.31630 0.03300
vn -0.32070 -0.94710 0.01380
vn -0.03650 -0.99920 0.01530
vn -0.47940 -0.87700 0.03230
vn 0.00170 -1.00000 0.00540
vn -0.01570 0.99970 0.02120
vn -0.01560 0.99970 0.02120
vn 0.00960 0.99980 0.01760
vn -0.02040 -0.99680 0.07750
vn 0.99890 0.04750 -0.00320
vn 0.99890 0.04680 -0.00460
vn 0.99870 0.05090 -0.00690
vn 0.89060 0.43750 0.12400
vn 0.88820 0.43230 0.15530
vn 0.89310 0.44810 0.03980
vn 0.99560 -0.08090 -0.04680
vn 0.99630 -0.08590 -0.00290
vn -0.01920 0.99960 0.02170
vn 0.04400 -0.99870 0.02640
vn -0.00540 -0.99990 0.00910
vn -0.00160 -1.00000 0.00720
vn -0.00170 -1.00000 0.00710
vn 0.73900 -0.67260 -0.03840
vn 0.99240 -0.07880 -0.09450
vn 0.99380 -0.07210 -0.08450
vn -0.99630 -0.06090 -0.06100
vn -0.99610 -0.04770 -0.07440
vn 0.47910 -0.75510 -0.44750
vn 0.00380 0.99980 -0.01840
vn 0.00700 -0.99990 0.00840
vn 0.02020 0.86210 0.50630
vn -0.01700 0.86960 0.49350
vn 0.01340 0.84900 0.52820
vn -0.01190 0.01290 -0.99980
vn -0.13070 -0.14120 -0.98130
vn -0.00090 0.02710 -0.99960
vn 0.83170 0.42310 0.35950
vn 0.76650 0.12270 -0.63040
vn -0.86690 0.42960 0.25280
vn -0.86780 0.41190 0.27810
vn 0.30180 0.80030 0.51820
vn 0.86330 0.39760 0.31090
vn -0.12340 0.85240 0.50810
vn 0.99520 0.00940 0.09720
vn 0.99520 0.00940 0.09730
vn 0.99330 0.01030 0.11500
vn -0.85510 0.38550 0.34680
vn 0.76460 0.44040 0.47050
vn 0.78650 0.42200 0.45090
vn 0.03690 -0.07870 -0.99620
vn -0.02920 -0.09390 -0.99520
vn -0.12730 -0.11580 -0.98510
vn 0.99900 0.04410 0.00050
vn -0.82730 0.36540 0.42670
vn 0.89410 0.44490 -0.05120
vn 0.37510 0.46360 0.80270
vn 0.03650 0.10620 -0.99370
vn 0.05660 0.08960 -0.99440
vn 0.07780 0.07190 -0.99440
vn -0.99550 -0.03390 -0.08840
vn 0.02680 -0.99940 0.02070
vn -0.04420 -0.99900 0.00430
vn -0.31840 0.84760 0.42440
vn 0.01320 0.80660 0.59090
vn -0.90210 0.43120 -0.01480
vn -0.87950 0.46480 -0.10180
vn -0.87960 0.46480 -0.10180
vn -0.82400 0.36930 0.42970
vn 0.88340 -0.46830 0.01580
vn 0.88340 -0.46830 0.01570
vn 0.88300 -0.46920 0.00910
vn 0.00910 0.49100 0.87110
vn 0.01970 -0.98800 0.15290
vn -0.06270 -0.96120 0.26880
vn -0.05340 -0.97110 0.23260
vn -0.85640 0.48790 -0.16870
vn -0.04090 -0.99860 0.03410
vn -0.03130 -0.99890 0.03480
vn -0.02690 0.99600 0.08560
vn -0.03110 0.99710 0.06960
vn 0.00470 0.99800 -0.06230
vn 0.03870 0.98950 -0.13950
vn -0.01830 0.99840 -0.05330
vn 0.99720 0.00830 0.07450
vn 0.26910 0.95900 -0.08930
vn 0.22170 0.96410 -0.14610
vn 0.27820 0.95980 -0.03820
vn -0.00110 0.62860 0.77770
vn -0.01170 -0.99840 0.05480
vn -0.00700 -0.99840 0.05530
vn 0.51350 -0.73100 0.44940
vn -0.30350 0.93620 0.17740
vn 0.09670 0.96670 -0.23710
vn 0.07320 0.96450 -0.25380
vn 0.99160 -0.06000 -0.11440
vn 0.88390 -0.46710 0.02420
vn -0.84570 -0.43050 -0.31550
vn -0.86310 -0.47890 -0.16050
vn -0.86310 -0.47890 -0.16060
vn -0.85330 -0.52040 0.03260
vn 0.03340 -0.99900 0.03050
vn 0.28030 0.95960 0.02400
vn 0.18910 0.98140 -0.03230
vn 0.03440 0.62080 0.78320
vn -0.22010 -0.17390 -0.95980
vn -0.01050 -0.99860 0.05140
vn 0.03440 -0.95100 0.30730
vn 0.01420 -0.99980 -0.01320
vn -0.08060 -0.09210 0.99250
vn -0.05770 -0.09820 0.99350
vn -0.05760 -0.09820 0.99350
vn -0.00840 0.99760 0.06820
vn -0.01260 0.99430 0.10630
vn 0.02100 0.63790 0.76990
vn -0.09240 -0.14290 0.98540
vn -0.03500 -0.10420 0.99390
vn -0.05470 -0.96940 -0.23940
vn 0.00680 -0.96620 0.25790
vn -0.19770 -0.90400 -0.37910
vn 0.01840 0.63730 0.77040
vn -0.27340 -0.79170 0.54630
vn 0.02340 -0.99840 0.05240
vn 0.85540 -0.39990 -0.32930
vn -0.99220 -0.10400 -0.06850
vn 0.99870 0.05070 0.00320
vn 0.03310 -0.75570 0.65410
vn 0.19750 0.94670 0.25450
vn -0.11800 0.69790 0.70640
vn -0.97970 0.16170 0.11850
vn 0.61320 0.02970 0.78930
vn 0.18950 -0.02960 0.98140
vn 0.33360 -0.12530 0.93440
vn -0.18860 -0.63180 0.75180
vn 0.83040 0.09010 0.54980
vn 0.82350 0.42060 0.38080
vn -0.00630 0.03530 0.99940
vn -0.05120 -0.10790 0.99280
vn -0.00620 0.03530 0.99940
vn -0.18670 -0.11900 0.97520
vn -0.18060 -0.06750 0.98120
vn -0.07610 -0.24430 0.96670
vn -0.00120 0.05130 0.99870
vn -0.00190 0.99950 -0.03100
vn 0.00170 0.99980 -0.01950
vn 0.02810 -0.73880 0.67330
vn 0.21270 -0.10170 0.97180
vn 0.99830 -0.02110 0.05460
vn -0.15760 0.04580 0.98640
vn -0.12860 -0.03450 0.99110
vn 0.13380 0.02020 0.99080
vn -0.01120 -0.99550 -0.09380
vn -0.17090 0.03990 0.98450
vn -0.12820 -0.03370 0.99120
vn 0.06810 0.02840 0.99730
vn 0.02100 0.63970 0.76840
vn -0.80910 0.37390 0.45340
vn 0.99670 -0.07290 -0.03700
vn -0.87020 0.42400 0.25110
vn -0.01080 -0.99860 0.05190
vn -0.00840 -0.99890 0.04530
vn -0.00200 -0.99920 0.04030
vn 0.01440 -0.99860 0.05130
vn -0.65600 0.74690 0.10840
vn -0.69300 0.70830 0.13410
vn -0.62170 0.77860 0.08560
vn -0.98220 -0.02880 0.18570
vn -0.00750 0.98620 0.16530
vn 0.00690 0.97090 0.23950
vn -0.00050 1.00000 0.00020
vn -0.20490 0.86590 0.45640
vn 0.00450 0.55110 0.83440
vn 0.04110 0.74510 0.66570
vn 0.71160 0.04860 0.70090
vn -0.06460 -0.74690 0.66180
vn -0.00610 -0.74470 0.66740
vn -0.02770 0.02900 -0.99920
vn -0.00800 0.04000 -0.99920
vn -0.00860 0.10720 -0.99420
vn -0.72810 0.00300 0.68550
vn -0.66990 0.03090 0.74180
vn -0.49270 -0.67850 0.54490
vn -0.04610 -0.01400 -0.99880
vn -0.02610 -0.12160 -0.99220
vn -0.06450 -0.01350 -0.99780
vn -0.08540 0.05800 -0.99470
vn 0.98760 -0.08920 0.12940
vn 0.99870 0.02640 0.04470
vn 0.98520 -0.14800 0.08620
vn 0.99550 0.05610 -0.07600
vn 0.98460 0.13180 -0.11500
vn 0.00730 0.06840 -0.99760
vn -0.03510 -0.95590 -0.29150
vn -0.00240 -0.96920 -0.24620
vn -0.01570 -0.96780 -0.25120
vn -0.61390 0.05560 0.78740
vn -0.06390 0.04450 -0.99700
vn -0.05500 0.03250 -0.99800
vn -0.04700 0.02190 -0.99870
vn -0.03130 -0.95890 -0.28210
vn 0.05630 0.51800 0.85350
vn -0.04940 -0.94590 -0.32070
vn -0.05120 -0.93550 -0.34970
vn -0.04720 -0.00570 -0.99890
vn -0.17560 -0.04330 -0.98350
vn -0.20560 0.06410 -0.97650
vn -0.01660 0.00440 0.99990
vn 0.00280 0.04010 0.99920
vn -0.03380 0.02090 -0.99920
vn -0.03490 0.02530 0.99910
vn -0.06400 -0.03010 -0.99750
vn -0.06220 -0.02260 -0.99780
vn 0.01570 -0.94540 -0.32540
vn 0.06820 -0.93820 -0.33940
vn -0.33420 0.18140 -0.92490
vn -0.06030 -0.94870 -0.31050
vn -0.04630 -0.02470 -0.99860
vn -0.08270 -0.02120 -0.99630
vn -0.95870 0.20540 -0.19660
vn -0.95970 0.21880 -0.17640
vn 0.05570 0.96570 -0.25350
vn 0.06880 0.98330 -0.16820
vn 0.04390 0.98550 -0.16380
vn 0.31500 -0.94900 -0.01380
vn 0.30350 -0.77120 -0.55960
vn -0.05450 -0.02090 -0.99830
vn 0.00500 -0.03500 -0.99940
vn 0.08480 0.98400 -0.15670
vn 0.03740 0.99860 -0.03790
vn -0.00930 0.97960 -0.20050
vn -0.02950 0.97640 -0.21380
vn -0.03080 0.97970 -0.19810
vn -0.10730 -0.00720 -0.99420
vn -0.96990 0.04970 -0.23820
vn -0.93910 0.05610 -0.33890
vn -0.95270 0.05640 -0.29880
vn -0.94320 0.01560 0.33190
vn -0.09140 -0.47250 -0.87660
vn -0.81600 0.03400 -0.57710
vn -0.95130 0.04830 -0.30440
vn -0.95130 0.04830 -0.30450
vn -0.97540 0.04720 -0.21520
vn -0.99480 0.03990 -0.09340
vn 0.96600 0.05180 -0.25330
vn 0.08150 0.97220 -0.21950
vn 0.01190 0.00210 -0.99990
vn -0.00390 -0.07480 -0.99720
vn 0.00830 -0.10300 -0.99460
vn -0.99140 0.05510 -0.11870
vn -0.01660 -0.00550 -0.99980
vn -0.14780 -0.40100 -0.90410
vn -0.01100 0.00530 -0.99990
vn -0.09890 -0.98690 -0.12770
vn -0.16210 -0.98670 -0.01040
vn -0.28880 0.95100 -0.11060
vn -0.36590 0.92680 -0.08470
vn -0.22330 0.96580 -0.13140
vn -0.95700 0.19040 -0.21880
vn 0.01900 0.96440 -0.26390
vn -0.18200 -0.98290 0.02760
vn 0.01010 0.19010 -0.98170
vn 0.00390 0.18450 -0.98280
vn 0.01640 0.19570 -0.98050
vn -0.12940 0.98830 -0.08020
vn 0.00310 0.99950 -0.03130
vn -0.04760 0.99400 -0.09810
vn 0.91760 0.07060 -0.39110
vn 0.76940 0.12740 -0.62600
vn 0.78220 0.13570 -0.60800
vn 0.93470 0.00940 -0.35530
vn -0.91590 -0.03430 -0.40000
vn -0.92240 -0.03680 -0.38460
vn -0.79710 0.13450 -0.58860
vn 0.04900 0.99470 -0.09090
vn -0.92920 -0.05100 -0.36600
vn 0.14140 0.98690 -0.07750
vn -0.98150 0.04310 -0.18650
vn -0.72820 -0.58870 -0.35090
vn -0.00190 0.31030 -0.95060
vn 0.00210 0.30820 -0.95130
vn -0.00540 0.31340 -0.94960
vn -0.00440 0.31160 -0.95020
vn 0.66020 0.75100 -0.00590
vn 0.67760 0.71290 -0.18060
vn 0.68540 0.72630 -0.05200
vn 0.99540 0.04940 -0.08230
vn 0.00920 0.30010 -0.95390
vn 0.11020 0.99320 -0.03670
vn 0.06900 0.88250 -0.46530
vn 0.06940 0.88310 -0.46410
vn 0.06870 0.88170 -0.46670
vn 0.01220 0.31990 -0.94740
vn 0.45780 0.85540 0.24250
vn 0.45770 0.85540 0.24250
vn 0.63620 0.76060 0.12950
vn 0.94400 -0.00390 -0.32980
vn -0.00140 -0.96200 -0.27300
vn -0.00910 -0.96230 -0.27200
vn 0.01160 -0.96070 -0.27750
vn 0.24760 0.90510 0.34560
vn -0.41170 0.87040 0.27010
vn -0.14030 0.94240 0.30360
vn -0.57170 0.78560 0.23650
vn -0.01630 -0.96310 -0.26860
vn 0.99600 0.08410 -0.03020
vn 0.99230 0.04800 -0.11400
vn -0.93140 -0.04060 -0.36170
vn 0.93420 -0.05800 -0.35200
vn -0.71040 0.67620 -0.19510
vn -0.62250 0.67360 -0.39850
vn 0.67230 -0.66130 -0.33270
vn 0.37590 -0.86840 -0.32330
vn -0.98020 0.16730 -0.10550
vn -0.98010 -0.05400 0.19090
vn -0.07270 -0.30080 0.95090
vn -0.05750 -0.21960 0.97390
vn -0.01520 -0.23810 0.97110
vn -0.00210 -0.99670 -0.08080
vn -0.01440 -0.23220 0.97260
vn 0.02060 -0.31490 0.94890
vn 0.01090 -0.30860 0.95110
vn -0.08990 0.99590 0.00740
vn 0.02660 -0.25970 0.96530
vn 0.98210 -0.06030 0.17860
vn -0.85530 0.15240 0.49510
vn -0.93790 0.20020 0.28320
vn -0.83800 0.19820 0.50850
vn -0.00850 -0.23630 0.97160
vn 0.94040 -0.08730 0.32870
vn 0.88140 -0.02950 0.47150
vn 0.01660 -0.25680 0.96630
vn 0.11430 0.91790 0.37990
vn 0.75920 -0.56670 -0.32020
vn 0.99120 0.12020 0.05530
vn 0.03860 -0.96230 -0.26910
vn 0.63680 0.76300 0.11110
vn 0.96650 -0.12650 0.22320
vn -0.82380 0.13750 0.55000
vn 0.60470 -0.30710 0.73490
vn -0.86940 0.10970 0.48170
vn -0.00040 0.99880 0.04980
vn -0.97980 0.00770 0.19990
vn 0.60190 0.79370 0.08850
vn -0.80740 -0.55550 0.19870
vn -0.82240 -0.53540 0.19230
vn -0.80750 -0.55550 0.19870
vn 0.83080 -0.50950 0.22410
vn 0.82190 -0.52680 0.21680
vn 0.95130 -0.20730 0.22830
vn 0.97450 -0.03940 0.22080
vn 0.98110 0.01580 0.19270
vn -0.00810 -0.99480 0.10110
vn -0.78180 -0.58750 0.20870
vn 0.00780 -0.99440 0.10520
vn 0.06440 0.49240 -0.86800
vn 0.95120 -0.29460 0.09190
vn 0.55140 0.49810 -0.66920
vn -0.12730 -0.16040 -0.97880
vn 0.00640 0.01490 -0.99990
vn 0.00700 0.01640 -0.99980
vn 0.03160 0.01360 -0.99940
vn 0.03580 0.05340 -0.99790
vn 0.97720 -0.13050 0.16730
vn 0.00560 -0.74240 0.66990
vn 0.00600 0.99870 -0.05010
vn 0.00160 0.99930 -0.03630
vn 0.00050 0.99840 -0.05650
vn -0.50180 0.01040 -0.86490
vn 0.00000 -0.99970 -0.02550
vn 0.00320 -0.99960 -0.02930
vn -0.00560 -0.99990 -0.01220
vn 0.03350 0.99660 -0.07500
vn -0.00050 0.99800 -0.06270
vn 0.94060 -0.23350 0.24640
vn -0.00740 -0.99990 -0.00920
vn -0.09550 -0.52270 0.84710
vn 0.01440 -0.99920 -0.03710
vn 0.04230 -0.99890 -0.02220
vn -0.00620 -0.99960 -0.02780
vn -0.96060 0.26950 -0.06780
vn 0.05100 -0.72600 0.68580
vn 0.00720 0.99840 -0.05540
vn 0.99240 0.00790 -0.12250
vn 0.99250 0.02110 -0.12030
vn 0.98730 0.00480 -0.15860
vn -0.08770 -0.01480 -0.99600
vn -0.06560 -0.00080 -0.99780
vn -0.06510 0.00210 -0.99790
vn -0.09270 -0.01270 -0.99560
vn -0.62860 -0.07380 0.77420
vn -0.03910 0.02470 -0.99890
vn -0.10480 0.00010 -0.99450
vn 0.99860 -0.02450 0.04710
vn 0.99770 0.01260 -0.06700
vn -0.03250 0.00930 -0.99940
vn -0.03270 0.00920 -0.99940
vn -0.02040 -0.87030 -0.49210
vn -0.00690 -0.90400 -0.42750
vn -0.02050 -0.87030 -0.49210
vn -0.04570 -0.79340 -0.60700
vn -0.07270 -0.00790 -0.99730
vn 0.01170 0.99930 -0.03500
vn 0.08160 0.98930 -0.12130
vn 0.99180 -0.04710 0.11900
vn -0.02310 -0.97840 0.20560
vn -0.41070 -0.81430 -0.41020
vn 0.95870 -0.23660 -0.15800
vn -0.87630 -0.48020 -0.03850
vn -0.95310 0.28910 0.08950
vn -0.00090 -0.99980 -0.01980
vn -0.01260 -0.99990 0.00110
vn 0.87660 0.43220 -0.21160
vn 0.06530 -0.99730 0.03470
vn 0.12220 0.98080 -0.15220
vn -0.80330 0.56930 -0.17490
vn -0.99980 -0.01990 -0.00440
vn 0.14970 -0.94250 -0.29870
vn 0.04600 -0.96040 -0.27470
vn 0.00110 -0.99480 0.10160
vn -0.02560 -0.99400 0.10680
vn -0.00530 -0.74600 0.66590
vn 0.28510 0.14390 -0.94760
vn -0.57780 0.81270 0.07510
vn -0.99890 0.02310 -0.04090
vn 0.99990 -0.01240 0.00010
vn 0.99990 -0.01230 0.00010
vn 0.99800 -0.05740 -0.02610
vn -0.03930 -0.83630 0.54690
vn -0.17130 -0.93720 -0.30390
vn 0.99910 0.00090 -0.04350
vn -0.99620 0.06750 0.05430
vn -0.99550 0.08690 0.03690
vn -0.99700 0.07730 0.00890
vn 0.02680 -0.54610 -0.83730
vn -0.02850 -0.54480 -0.83810
vn 0.03800 -0.55160 -0.83320
vn -0.06720 -0.55340 -0.83020
vn -0.06060 -0.41830 -0.90630
vn -0.35270 -0.55810 -0.75110
vn -0.33830 -0.47660 -0.81140
vn -0.36760 -0.54960 -0.75020
vn 0.19070 -0.59380 -0.78170
vn -0.05100 -0.65400 -0.75480
vn -0.99900 0.04460 0.00470
vn -0.99530 0.05190 0.08140
vn 0.99950 0.02370 0.02120
vn 0.99900 -0.00820 -0.04420
vn 0.99680 -0.04300 -0.06710
vn 0.99980 -0.00590 -0.02130
vn -0.55370 -0.39190 -0.73470
vn -0.01970 -0.35640 -0.93410
vn -0.28730 -0.38670 -0.87630
vn -0.98940 -0.04180 -0.13930
vn -0.99480 -0.03030 -0.09730
vn -0.98890 -0.09270 -0.11630
vn 1.00000 -0.00490 0.00350
vn -0.00250 0.96050 0.27830
vn -0.05390 0.17980 -0.98220
vn -0.01020 0.12000 -0.99270
vn -0.09520 0.39880 -0.91210
vn -0.99540 -0.00200 0.09620
vn -0.02000 -0.15700 -0.98740
vn 0.27990 -0.45830 -0.84360
vn 0.33560 -0.58280 -0.74010
vn 0.29510 -0.43560 -0.85040
vn 0.38940 -0.55510 -0.73500
vn 0.99960 -0.02160 0.01960
vn 0.99940 -0.01330 0.03250
vn 0.99980 -0.00670 -0.01660
vn -0.01450 -0.14800 -0.98890
vn 0.00340 0.03720 -0.99930
vn -0.01230 0.05530 -0.99840
vn -0.25210 -0.16990 -0.95270
vn -0.99440 0.00080 0.10560
vn 0.21530 -0.14000 -0.96650
vn -0.20140 -0.07970 -0.97630
vn -0.99570 -0.03890 0.08450
vn -0.99460 -0.03390 0.09850
vn 0.22400 -0.12870 -0.96610
vn -0.12480 0.02060 -0.99200
vn -0.18290 0.04000 -0.98230
vn 0.17260 0.02400 -0.98470
vn 0.11830 0.00540 -0.99300
vn 0.99370 -0.02950 -0.10810
vn 0.99540 -0.01200 -0.09530
vn 0.98900 -0.03620 -0.14320
vn -0.99540 -0.01910 -0.09390
vn 0.98920 -0.07970 -0.12270
vn -0.99720 -0.03060 -0.06850
vn -0.99320 -0.05230 -0.10430
vn 0.99590 -0.01660 -0.08880
vn 0.99850 -0.00820 -0.05500
vn 0.99090 -0.04040 -0.12830
vn 0.80520 0.19300 0.56080
vn 0.82520 0.17190 0.53800
vn 0.80210 0.07340 0.59270
vn 0.79430 0.09000 0.60080
vn -0.90870 0.04280 0.41520
vn -0.79820 0.19020 0.57150
vn -0.85890 0.06190 0.50830
vn 0.01980 0.17620 0.98420
vn 0.02720 0.38520 0.92240
vn 0.02170 0.38130 0.92420
vn 0.78760 -0.04200 0.61480
vn -0.87140 0.02820 0.48980
vn -0.75210 0.09230 0.65260
vn 0.01620 0.16340 0.98640
vn 0.78630 -0.04290 0.61640
vn 0.01630 -0.07020 0.99740
vn 0.01630 -0.07030 0.99740
vn -0.35300 0.74490 0.56610
vn -0.99870 0.05070 0.01080
vn -0.99850 0.05330 0.01220
vn -0.06150 0.79020 0.60970
vn -0.99850 -0.04890 -0.02530
vn -0.99830 0.05600 0.01370
vn 0.98200 0.11700 0.14830
vn -0.99690 0.07860 -0.00520
vn -0.99750 0.06630 -0.02280
vn -0.99650 0.07790 -0.03150
vn 0.68680 0.60560 0.40200
vn 0.99960 -0.02160 0.02070
vn -0.11290 0.79150 0.60060
vn -0.00990 0.78950 0.61370
vn 0.99890 -0.02450 -0.04040
vn -0.99540 0.09580 -0.00480
vn 0.99660 0.08060 -0.01600
vn 0.99910 0.04300 -0.00380
vn 0.99660 0.07510 -0.03480
vn -0.47260 -0.81810 0.32760
vn -0.48790 -0.86090 0.14410
vn -0.48790 -0.86090 0.14400
vn 0.99920 -0.03420 -0.02110
vn 0.76020 0.51130 0.40080
vn -0.98450 -0.12730 -0.12080
vn 0.50560 -0.86140 0.04820
vn 0.49460 -0.81800 0.29360
vn 0.51080 -0.85300 0.10670
vn 0.04810 -0.97070 0.23530
vn 0.04680 -0.93820 0.34290
vn 0.06060 -0.94110 0.33270
vn 0.02930 -0.98540 0.16760
vn 0.05740 -0.99690 -0.05400
vn 0.04690 -0.99810 -0.04100
vn -0.00050 0.05130 -0.99870
vn -0.99980 -0.01170 0.01600
vn 0.99640 -0.00860 0.08410
vn 0.02370 -0.99890 -0.03940
vn 0.49880 -0.86270 -0.08310
vn 0.99990 -0.00970 -0.00950
vn -0.48540 -0.87270 -0.05240
vn 0.00850 -0.90970 -0.41530
vn -0.02760 -0.99930 -0.02670
vn 0.99900 -0.04420 0.00350
vn -0.99730 0.06710 0.03000
vn -0.99810 0.05540 0.02720
vn 0.48800 -0.86910 -0.08030
vn -0.06560 -0.08000 0.99460
vn -0.05990 -0.99800 -0.01900
vn 0.99790 -0.05380 -0.03650
vn -0.99780 0.05170 0.04110
vn 0.00720 -0.85000 -0.52680
vn -0.99810 0.04780 0.04000
vn -0.42930 -0.79110 -0.43580
vn 0.99710 -0.06160 -0.04420
vn 0.00940 -0.85090 -0.52520
vn 0.41100 -0.79620 -0.44400
vn 0.00610 -0.92920 -0.36940
vn 0.03190 -0.99910 0.02630
vn -0.17170 0.98400 0.04810
vn 0.22460 0.97280 0.05660
vn -0.95040 -0.19620 -0.24130
vn -0.93880 -0.21470 -0.26950
vn -0.64810 -0.57730 -0.49660
vn -0.95980 -0.17940 -0.21580
vn 0.98820 0.15200 0.02110
vn 0.99540 0.03160 -0.09010
vn 0.99440 0.03170 -0.10080
vn 0.99460 0.02940 -0.09910
vn 0.29260 -0.74410 -0.60060
vn 0.26800 -0.76150 -0.59020
vn -0.99890 -0.04700 -0.00450
vn 0.10520 -0.77490 -0.62330
vn 0.99960 -0.00780 0.02890
vn 0.04190 -0.77110 -0.63530
vn 0.03220 -0.77240 -0.63430
vn 0.03230 -0.77240 -0.63440
vn -0.18330 0.98300 0.01400
vn -0.98510 0.13660 0.10450
vn 0.38270 -0.67160 -0.63440
vn 0.02150 -0.77370 -0.63320
vn -0.16920 -0.01690 -0.98540
vn -0.08720 0.00420 -0.99620
vn -0.10930 -0.00310 -0.99400
vn 0.00000 0.02650 -0.99960
vn 0.00730 0.03540 -0.99930
vn 0.56910 -0.00470 -0.82220
vn 0.53990 0.05220 -0.84010
vn 0.40820 0.01880 -0.91270
vn 0.04100 0.23040 -0.97220
vn -0.99260 -0.00370 -0.12160
vn -0.99190 0.02360 -0.12520
vn -0.98550 0.05250 -0.16160
vn 0.99250 -0.09570 -0.07640
vn -0.99370 -0.02290 0.10960
vn 0.11280 0.99360 0.00550
vn 0.53610 0.05920 -0.84210
vn 0.70130 0.09630 -0.70630
vn 0.05430 0.55820 -0.82790
vn -0.39140 0.03400 -0.91960
vn -0.52970 -0.02250 -0.84790
vn -0.30050 0.06840 -0.95130
vn -0.07730 0.83190 0.54960
vn -0.09810 0.79430 0.59960
vn -0.09620 0.79620 0.59730
vn -0.99900 0.01890 0.03970
vn 0.93900 0.28230 0.19650
vn 0.99800 0.05580 0.02800
vn 0.99810 0.05580 0.02790
vn 0.08540 0.72060 -0.68810
vn -0.99760 -0.06810 -0.00890
vn 0.98790 0.04890 -0.14730
vn 0.98560 0.10300 -0.13410
vn -0.02700 0.18990 -0.98140
vn 0.03140 0.22110 -0.97470
vn 0.10150 0.25740 -0.96100
vn 0.99980 -0.00490 -0.01710
vn -0.97950 0.14460 -0.14010
vn 0.99900 -0.01240 0.04400
vn 0.99880 -0.00730 0.04830
vn 0.01190 -0.73970 -0.67290
vn -0.10980 -0.74650 -0.65620
vn 0.01420 0.99940 -0.03020
vn 0.13500 0.96860 0.20880
vn -0.01790 0.99870 -0.04800
vn -0.15290 0.97420 -0.16590
vn -0.04350 0.78500 0.61790
vn -0.01740 0.99870 0.04880
vn -0.18630 0.97800 -0.09430
vn -0.12220 0.99230 -0.02220
vn -0.26370 0.94740 -0.18150
vn 0.98620 0.10940 -0.12430
vn -0.81030 0.58590 0.01440
vn -0.80380 0.59440 0.02280
vn -0.99960 -0.01360 -0.02490
vn -0.94130 -0.33660 -0.02480
vn -0.99880 -0.00130 -0.04950
vn 0.03560 0.99740 0.06300
vn 0.03390 0.05840 -0.99770
vn 0.80640 0.58890 -0.05410
vn -0.05930 0.99710 0.04680
vn 0.99860 -0.00090 0.05360
vn 0.99860 -0.02830 -0.04550
vn -0.99310 -0.03170 -0.11330
vn -0.06060 0.99710 0.04600
vn 0.14850 0.97080 0.18840
vn -0.02480 0.90860 0.41690
vn 0.01890 -0.06210 0.99790
vn 0.09200 -0.64300 0.76030
vn 0.05610 -0.70150 0.71040
vn 0.15700 -0.72750 0.66790
vn -0.03840 -0.70740 0.70570
vn -0.34120 -0.71540 0.60970
vn -0.08580 -0.75520 0.64990
vn 0.06730 0.93460 0.34920
vn 0.00620 0.94600 0.32400
vn -0.08280 0.99540 0.04870
vn 0.84250 -0.45030 0.29560
vn 0.97210 0.20400 -0.11620
vn 0.15460 0.91820 0.36470
vn -0.03460 0.42640 0.90390
vn -0.05200 0.07550 0.99580
vn -0.05630 0.04040 0.99760
vn -0.77130 0.63330 0.06250
vn 0.14640 0.92960 0.33810
vn 0.76310 0.07370 0.64210
vn 0.01240 0.32070 0.94710
vn 0.04040 0.30430 0.95170
vn -0.02950 0.34460 0.93830
vn -0.01190 -0.97550 0.21950
vn -0.06500 -0.75390 0.65380
vn -0.99660 0.06360 -0.05280
vn -0.99590 0.01920 -0.08850
vn -0.82130 -0.01040 0.57040
vn 0.04500 -0.08070 0.99570
vn 0.03010 -0.05160 0.99820
vn 0.03420 -0.05700 0.99780
vn 0.04690 -0.07370 0.99620
vn 0.00480 0.00720 1.00000
vn 0.99580 -0.01320 0.09110
vn -0.02330 -0.83730 0.54620
vn -0.00680 -0.82400 0.56650
vn 0.90690 -0.37280 0.19620
vn -0.05830 -0.00730 0.99830
vn -0.06130 -0.00250 0.99810
vn -0.02550 -0.83900 0.54360
vn -0.04130 0.82810 -0.55910
vn -0.01590 0.83190 -0.55460
vn -0.99950 -0.00030 -0.03200
vn 0.00410 0.83460 -0.55090
vn 0.47210 0.81920 -0.32550
vn 0.33780 0.79180 -0.50890
vn 0.38920 0.84770 -0.36050
vn 0.99980 -0.01750 0.00220
vn 0.99980 -0.01970 0.01030
vn 1.00000 0.00610 0.00010
vn 0.04910 0.51110 0.85810
vn -0.98590 -0.16010 0.04970
vn -0.99370 -0.09340 0.06250
vn -0.99160 -0.12070 0.04570
vn -0.99970 0.02160 0.00750
vn -0.09130 0.93620 -0.33940
vn -0.07870 0.94560 -0.31570
vn -0.08180 0.93600 -0.34230
vn 0.06510 0.94300 -0.32640
vn 0.08360 0.93920 -0.33290
vn 0.06140 0.95580 -0.28740
vn 0.05260 0.97320 -0.22400
vn -0.42470 0.83570 -0.34820
vn -0.47940 0.80100 -0.35860
vn -0.39060 0.80280 -0.45040
vn -0.33170 0.77080 -0.54390
vn 0.30200 0.79970 -0.51890
vn -0.99920 0.02280 -0.03410
vn -0.99980 0.00100 -0.01860
vn -0.99890 0.01020 -0.04670
vn -0.05380 0.96030 -0.27380
vn -0.86930 -0.45780 0.18630
vn -0.85270 -0.48000 0.20620
vn -0.84840 -0.43660 0.29940
vn 0.98760 0.14000 -0.07120
vn 0.99340 0.08780 -0.07420
vn 0.99510 0.07800 -0.06060
vn -0.99670 -0.06290 0.05080
vn 0.99990 -0.01180 0.01100
vn 0.00730 -0.91360 0.40660
vn 0.00280 -0.91240 0.40930
vn 0.01360 -0.85580 0.51720
vn 0.00400 0.72320 -0.69060
vn -0.00370 0.72810 -0.68550
vn 0.00260 0.62960 -0.77690
vn -0.84670 -0.43720 0.30340
vn 0.90430 -0.36060 0.22840
vn 0.93200 -0.32360 0.16360
vn -0.99410 -0.05440 0.09380
vn 0.02170 -0.77680 0.62930
vn -0.01380 0.61070 -0.79170
vn 0.99780 0.03890 -0.05400
vn 1.00000 0.00750 0.00240
vn -0.99370 -0.04960 0.10090
vn 0.88130 -0.37180 0.29170
vn 0.25850 0.54780 -0.79570
vn -0.30650 0.60080 -0.73830
vn -0.01190 0.39770 -0.91740
vn 0.99970 0.01940 -0.01230
vn -0.05140 -0.93780 -0.34330
vn -0.99420 -0.03890 0.10040
vn 0.99690 0.05590 -0.05510
vn -0.05910 0.41410 -0.90830
vn 0.01360 0.39860 -0.91700
vn -0.28020 0.49360 -0.82330
vn -0.99850 0.02660 -0.04880
vn -0.83000 -0.32700 0.45190
vn -0.80660 -0.28880 0.51580
vn 0.26180 0.54110 -0.79920
vn 0.05140 0.41300 -0.90930
vn 0.05230 0.41320 -0.90910
vn 0.99540 0.04160 -0.08630
vn 0.99980 0.00960 -0.01790
vn 0.23940 0.36200 -0.90090
vn -0.99800 0.02160 -0.05920
vn -0.26230 0.37920 -0.88730
vn -0.22110 0.39950 -0.88970
vn 0.02540 -0.58700 0.80920
vn -0.99570 -0.03820 0.08450
vn 0.22570 0.35890 -0.90570
vn 0.02370 -0.49750 0.86710
vn 0.87390 -0.27510 0.40090
vn 0.99440 0.02520 -0.10240
vn 0.83910 -0.24450 0.48590
vn 0.99270 0.02150 -0.11840
vn -0.79680 -0.23310 0.55750
vn -0.99650 0.01400 -0.08240
vn -0.77940 -0.25110 0.57400
vn 0.78480 -0.23730 0.57250
vn 0.82320 -0.19710 0.53240
vn -0.99470 0.03400 -0.09670
vn 0.02180 -0.39400 0.91890
vn 0.02300 -0.39480 0.91850
vn -0.99830 0.03720 -0.04570
vn 0.90980 -0.37780 0.17170
vn 0.89110 -0.40090 -0.21280
vn 0.86740 -0.44410 -0.22460
vn 0.99330 -0.11220 -0.02830
vn -0.94180 -0.30150 -0.14900
vn -0.79580 -0.52720 -0.29800
vn -0.85410 -0.49810 -0.14970
vn 0.02860 -0.87450 -0.48420
vn 0.03260 -0.87320 -0.48620
vn 0.02860 -0.93710 -0.34790
vn 0.02620 -0.97970 -0.19880
vn 0.02380 -0.99800 0.05870
vn -0.01580 -0.99410 0.10750
vn -0.01120 -0.99640 0.08410
vn 0.99170 -0.12790 0.00970
vn 0.99480 -0.10130 -0.01240
vn 0.99120 -0.13100 0.01740
vn 0.99970 -0.00080 0.02240
vn 0.99660 0.03760 0.07320
vn -0.48210 0.56970 0.66560
vn -0.43650 0.70910 0.55380
vn -0.46330 0.73250 0.49870
vn 0.40140 0.74660 0.53050
vn 0.36710 0.72230 0.58600
vn 0.38150 0.56460 0.73190
vn 0.99870 -0.01290 -0.04830
vn 0.99900 -0.03430 -0.02820
vn 0.99970 -0.01740 -0.01660
vn -0.83920 0.54280 -0.03390
vn -0.01220 0.74210 0.67020
vn -0.01000 0.66820 0.74390
vn -0.01770 0.66350 0.74800
vn -0.49340 0.83660 0.23800
vn -0.87230 -0.48880 0.01200
vn 0.01140 -0.99990 -0.00740
vn 0.01340 -0.99990 -0.00400
vn 0.23060 -0.97290 -0.01540
vn -0.02690 0.72810 0.68490
vn -0.97480 -0.09600 -0.20130
vn -0.97910 -0.14870 -0.13870
vn -0.98170 -0.15440 -0.11150
vn -0.99010 -0.13850 -0.02380
vn -0.99940 -0.01680 0.02980
vn -0.98180 -0.18270 -0.05170
vn 0.35410 -0.93480 -0.02610
vn 0.45700 0.85170 0.25640
vn 0.99100 0.12270 0.05360
vn -0.03050 0.92600 0.37620
vn 0.02790 0.90160 0.43160
vn -0.04740 0.99530 -0.08420
vn -0.05010 0.99640 -0.06830
vn -0.05520 0.98300 -0.17530
vn 0.01070 0.96930 0.24580
vn -0.03250 0.98570 0.16540
vn 0.91890 -0.38520 -0.08490
vn 1.00000 -0.00890 0.00130
vn -0.01800 0.88610 0.46320
vn 0.99900 0.03630 -0.02680
vn 0.99860 0.03920 -0.03460
vn 0.99900 0.03630 -0.02670
vn 0.01320 0.88830 0.45900
vn -0.99950 0.02290 0.01970
vn 0.51050 0.83240 0.21540
vn -0.12380 0.60310 -0.78800
vn 0.02380 0.58180 -0.81300
vn 0.99990 0.01570 0.00450
vn -0.29450 -0.95560 0.01360
vn -0.18870 -0.96970 -0.15500
vn -0.07440 0.90520 -0.41840
vn -0.06280 0.93010 -0.36190
vn -0.52500 0.82710 0.20080
vn -0.99820 -0.04410 0.04080
vn -0.99990 -0.00040 0.01410
vn -0.99700 -0.05300 0.05610
vn -0.00580 -0.75270 -0.65840
vn -0.53160 0.84580 0.04420
vn -0.85010 -0.22360 -0.47670
vn -0.82320 -0.32830 -0.46320
vn -0.81560 -0.26700 -0.51340
vn -0.98300 -0.18080 -0.03200
vn 0.05510 -0.70470 -0.70730
vn 0.15550 -0.73250 -0.66280
vn 0.15030 -0.71600 -0.68180
vn -0.98190 -0.18910 -0.00930
vn 0.02600 -0.99890 -0.04020
vn -0.26980 0.61060 -0.74460
vn 0.02180 -0.69280 -0.72080
vn -0.05860 -0.72410 -0.68720
vn -0.10610 -0.66440 -0.73980
vn -0.99360 -0.08150 0.07880
vn 0.00740 -0.72960 -0.68380
vn 0.00380 -0.54090 0.84110
vn 0.00040 -0.52560 0.85070
vn 0.01480 -0.53600 0.84410
vn -0.02490 -0.83760 -0.54570
vn 0.99700 -0.07800 0.00000
vn 0.51280 0.85700 0.05100
vn 0.02620 -0.53090 0.84700
vn 0.14050 -0.65710 -0.74060
vn 0.30690 -0.48980 -0.81600
vn -0.79050 -0.38070 -0.47970
vn -0.69710 -0.62360 -0.35370
vn 0.96780 -0.24910 0.03550
vn 0.95860 -0.28100 0.04540
vn 0.99940 0.03220 -0.01550
vn -0.85300 -0.52140 -0.02170
vn -0.99930 0.02090 -0.03150
vn 0.16460 -0.76110 -0.62740
vn 0.21260 -0.74420 -0.63320
vn 0.02570 -0.99890 -0.04010
vn 0.24680 -0.49210 -0.83480
vn -0.58700 -0.58060 -0.56420
vn -0.77090 -0.40040 -0.49530
vn 0.98600 0.16440 0.02680
vn 0.99990 0.01380 0.00210
vn -0.54730 0.83550 0.04960
vn 0.06070 -0.99770 0.03170
vn 0.04090 -0.99850 0.03740
vn -0.03250 0.99350 -0.10880
vn -0.01510 0.99650 -0.08240
vn -0.88740 -0.45530 -0.07280
vn -0.98170 -0.18930 -0.01950
vn -0.98020 -0.19660 -0.02200
vn -0.98950 -0.08770 0.11530
vn 0.93640 -0.34470 0.06510
vn 0.00110 -0.99990 0.01700
vn -0.00280 -0.99990 0.01080
vn 0.00120 -0.99990 0.01700
vn -0.42250 -0.90600 -0.02570
vn -0.36210 -0.93110 -0.04410
vn 0.05660 -0.56520 0.82300
vn 1.00000 0.00670 0.00390
vn -0.25840 -0.90660 0.33370
vn 0.98810 -0.14950 0.03670
vn -0.66410 -0.68370 0.30260
vn -0.72730 -0.64870 0.22410
vn -0.66400 -0.68370 0.30260
vn 0.98800 -0.14780 0.04450
vn 0.67500 -0.73770 0.01290
vn 0.81640 -0.57560 0.04610
vn 0.81650 -0.57560 0.04610
vn -0.46050 -0.88760 -0.01370
vn 0.97720 -0.19290 0.08840
vn -0.62770 -0.69900 0.34260
vn -0.05950 -0.85510 0.51500
vn -0.07550 -0.90570 0.41720
vn -0.09230 -0.90180 0.42230
vn 0.00460 -0.99970 0.02260
vn 0.50020 0.86460 0.04720
vn -0.09000 -0.94380 0.31800
vn 0.91070 -0.41270 -0.01930
vn -0.99840 0.05490 0.01530
vn -0.00270 -0.83260 0.55380
vn -0.02910 -0.47790 -0.87790
vn -0.03090 -0.47750 -0.87810
vn -0.00680 -0.91870 0.39500
vn 0.87960 -0.47140 0.06410
vn 0.01760 0.33490 0.94210
vn -0.16600 0.76950 0.61680
vn 0.99760 -0.02650 -0.06420
vn 0.99760 -0.02640 -0.06420
vn 0.99930 0.03790 0.00770
vn -0.03260 -0.47720 -0.87820
vn 0.97840 -0.12000 -0.16820
vn 0.21610 0.52900 0.82070
vn 0.00370 0.92970 -0.36820
vn 0.02640 0.93920 -0.34230
vn -0.98270 0.07280 0.17030
vn -0.09450 0.90080 0.42390
vn -0.09040 0.90060 0.42510
vn 0.99910 -0.03800 -0.01940
vn 0.99060 -0.13660 -0.00430
vn 0.99560 -0.09020 0.02640
vn 0.99930 -0.01060 0.03600
vn 0.27780 0.92520 0.25860
vn -0.96550 0.09820 -0.24110
vn -0.99990 -0.00680 -0.00920
vn -0.99810 0.01620 -0.06000
vn -0.99930 -0.02880 0.02490
vn -0.99270 0.03390 -0.11570
vn -0.99970 -0.01470 -0.02070
vn 0.99940 -0.00510 0.03340
vn 0.99420 0.04470 -0.09810
vn 0.99990 0.00160 0.01710
vn 0.99190 -0.03860 0.12070
vn -0.99660 -0.03940 0.07270
vn 0.01080 0.28980 -0.95700
vn 0.02460 0.29460 -0.95530
vn -0.00060 0.28580 -0.95830
vn -0.00370 -0.30850 0.95120
vn -0.00240 -0.31480 0.94910
vn -0.04860 -0.31390 0.94820
vn -0.98310 -0.05380 0.17480
vn 0.02060 -0.30920 0.95080
vn 0.00090 -0.30560 0.95220
vn -0.03680 -0.34350 0.93840
vn 0.98710 -0.04180 0.15460
vn -0.12990 -0.30430 0.94370
vn -0.14560 -0.30350 0.94160
vn -0.12310 -0.30420 0.94460
vn -0.11430 -0.30630 0.94510
vn 0.96620 -0.04590 0.25360
vn 0.18280 -0.78880 -0.58680
vn -0.57740 -0.50540 -0.64130
vn -0.65510 -0.43780 -0.61570
vn -0.71240 -0.41450 -0.56630
vn 0.10870 -0.70300 -0.70280
vn 0.21880 -0.63980 -0.73680
vn 0.12090 -0.68190 -0.72140
vn -0.94860 0.27100 -0.16350
vn -0.96620 0.11800 -0.22930
vn -0.95240 0.21840 -0.21290
vn 0.73430 0.19350 0.65060
vn -0.92070 -0.30820 0.23950
vn -0.92480 -0.34730 0.15530
vn -0.83600 -0.54050 -0.09440
vn 0.85250 0.28820 -0.43610
vn 0.01110 0.53960 -0.84190
vn -0.00230 0.55420 -0.83240
vn 0.00080 0.53030 -0.84780
vn 0.92350 0.15120 -0.35260
vn 0.92890 0.16750 -0.33040
vn 0.65990 -0.58480 0.47170
vn 0.06780 0.74470 0.66390
vn 0.04330 0.74000 0.67120
vn 0.17370 0.71730 0.67480
vn -0.92050 -0.28310 0.26930
vn -0.13310 0.75010 0.64780
vn 0.00510 0.60210 -0.79840
vn -0.79660 0.58340 0.15820
vn 0.21900 -0.47810 -0.85060
vn 0.02450 -0.71530 -0.69840
vn -0.88810 0.22410 -0.40130
vn 0.90420 -0.41530 0.10020
vn 0.95050 -0.25750 0.17410
vn 0.91880 0.13860 -0.36960
vn 0.01090 0.72440 0.68930
vn -0.00820 0.72130 0.69250
vn 0.01560 0.72830 0.68510
vn 0.01930 0.70150 -0.71240
vn -0.63470 -0.44510 -0.63170
vn 0.03170 0.73270 0.67980
vn 0.62670 0.71350 0.31320
vn 0.68080 0.68080 0.27010
vn 0.68540 0.34310 0.64220
vn 0.06940 0.85140 -0.52000
vn 0.96530 -0.05920 0.25450
vn -0.90610 -0.25980 0.33400
vn 0.55820 0.74670 0.36160
vn 0.07440 0.88100 -0.46730
vn -0.70910 -0.38340 -0.59180
vn -0.75710 0.27330 -0.59340
vn -0.88770 0.37020 -0.27370
vn 0.04560 0.75210 0.65740
vn 0.01850 -0.16100 -0.98680
vn 0.91080 0.36940 -0.18430
vn 0.89940 0.39800 -0.18070
vn -0.16590 -0.57240 -0.80300
vn -0.16590 -0.57250 -0.80300
vn -0.11510 -0.62460 -0.77240
vn 0.94870 -0.29310 0.11890
vn 0.98420 -0.17470 -0.02820
vn 0.94860 -0.29310 0.11900
vn -0.93480 0.30870 -0.17580
vn -0.23610 -0.49260 -0.83760
vn 0.01600 0.49200 -0.87040
vn 0.03280 0.68470 -0.72800
vn 0.96320 -0.16200 0.21430
vn -0.89840 0.43900 -0.01390
vn -0.90450 0.38960 -0.17340
vn 0.90560 -0.36590 0.21440
vn -0.94840 0.15290 -0.27770
vn 0.65870 -0.22120 0.71920
vn -0.13980 -0.50470 0.85190
vn 0.09230 0.43410 0.89610
vn -0.99910 0.00090 -0.04130
vn -0.99920 -0.00010 -0.03900
vn -0.99920 0.00090 -0.04120
vn -0.97240 0.13890 0.18760
vn -0.99610 -0.07670 0.04420
vn 0.08440 0.89600 -0.43590
vn -0.99510 -0.09380 0.03250
vn -0.24690 0.64610 0.72220
vn -0.94490 0.30870 -0.10910
vn 0.29570 -0.55940 0.77440
vn 0.13620 -0.62220 0.77100
vn -0.99900 0.00210 -0.04400
vn 0.36210 -0.52710 0.76880
vn 0.91500 0.35830 -0.18560
vn 0.99820 -0.05900 0.00890
vn -0.96250 0.16980 0.21140
vn -0.97980 0.15210 0.12950
vn -0.97810 0.17250 0.11620
vn 0.03710 0.11670 -0.99250
vn 0.05170 0.10120 -0.99350
vn 0.03700 0.11680 -0.99250
vn 0.02040 0.13440 -0.99070
vn 0.15440 -0.98250 -0.10460
vn -0.85890 0.08890 -0.50440
vn -0.98570 0.04220 -0.16340
vn -0.91220 0.12300 -0.39080
vn -0.98650 0.05490 -0.15450
vn 0.97900 -0.01500 -0.20310
vn 0.99060 0.04430 -0.12920
vn 0.97280 -0.00290 -0.23160
vn 0.97330 -0.04040 -0.22580
vn 0.98910 0.14570 0.02330
vn 0.99780 0.00230 -0.06560
vn 0.99640 -0.00500 0.08470
vn -0.99950 -0.00910 0.03140
vn 0.12090 -0.99250 0.01530
vn 0.98890 -0.09400 0.11530
vn -0.80440 0.59270 -0.04120
vn -0.99170 -0.10000 0.08110
vn -0.99920 -0.03150 0.02520
vn 0.97630 0.01470 -0.21570
vn 0.99250 0.02530 -0.12000
vn 0.99390 -0.00780 -0.11020
vn -0.52060 0.21150 0.82720
vn -0.52050 0.21150 0.82720
vn 0.99970 0.01770 -0.01420
vn 0.36260 -0.15810 0.91840
vn 0.43820 -0.19460 0.87760
vn 0.38140 -0.36600 0.84890
vn 0.15320 -0.75580 -0.63660
vn 0.19570 -0.72690 -0.65820
vn 0.17040 -0.75790 -0.62970
vn -0.38260 -0.32510 0.86480
vn -0.45650 -0.24880 0.85420
vn -0.40570 -0.22420 0.88610
vn -0.47710 -0.46020 0.74880
vn -0.99990 0.00610 0.01260
vn -0.99780 0.03580 -0.05640
vn -0.98480 -0.01190 0.17310
vn -0.99620 0.00600 -0.08700
vn -0.52050 0.21150 0.82730
vn 0.25110 -0.96770 0.02260
vn 0.29550 -0.95530 -0.00940
vn 0.99910 -0.02330 -0.03410
vn 0.99840 -0.03030 -0.04740
vn 0.99950 -0.03070 0.00140
vn 0.34600 -0.36250 0.86540
vn 0.99540 -0.01340 0.09510
vn 0.99360 0.04330 -0.10420
vn 0.99760 0.03010 -0.06250
vn 0.99760 -0.02170 -0.06500
vn -0.99980 -0.00550 -0.01810
vn -0.99590 -0.01870 0.08850
vn -0.99790 -0.02760 -0.05880
vn 0.40130 -0.54030 0.73960
vn 0.44510 -0.59570 0.66860
vn -0.29720 -0.95480 -0.00120
vn -0.29940 -0.95410 -0.00260
vn -0.99280 0.05830 -0.10470
vn -0.13110 0.99130 0.01020
vn -0.15210 0.98760 0.03970
vn -0.13110 0.99130 0.01030
vn 0.99680 0.05440 -0.05900
vn 0.03980 0.19360 0.98030
vn 0.04210 -0.03290 0.99860
vn 0.07070 -0.03660 0.99680
vn 0.99830 -0.05470 -0.01900
vn -0.00100 0.26800 0.96340
vn 0.99620 -0.08710 -0.00500
vn 0.31300 0.94960 -0.01510
vn 0.31290 0.94970 -0.01510
vn 0.11500 0.99330 -0.01070
vn 0.99710 -0.03030 -0.07000
vn -0.98340 0.17340 0.05300
vn 0.02110 -0.19510 0.98060
vn 0.13390 0.99100 -0.00750
vn 0.21960 0.97330 -0.06710
vn 0.00070 0.27750 0.96070
vn 0.02780 -0.18850 0.98170
vn -0.50980 -0.54170 0.66830
vn -0.19150 0.98050 0.04480
vn -0.99220 -0.03120 -0.12080
vn 0.99740 0.05930 -0.04170
vn 0.00640 0.27100 0.96260
vn 0.99290 -0.04430 0.11010
vn -0.99960 -0.02950 -0.00100
vn -0.99950 0.03200 -0.00690
vn -0.97200 0.20650 -0.11220
vn -0.23020 0.96420 0.13140
vn -0.32120 0.93650 0.14050
vn -0.56730 -0.64340 0.51410
vn 0.53900 -0.72930 0.42140
vn 0.99590 -0.02730 0.08630
vn -0.09690 0.99150 -0.08680
vn 0.00900 -0.68250 0.73080
vn 0.09130 -0.67790 0.72950
vn -0.04050 -0.67520 0.73650
vn 0.10060 -0.67860 0.72760
vn 0.17900 -0.59340 0.78470
vn -0.99800 -0.06330 0.00220
vn 0.57080 0.82080 -0.02030
vn -0.53140 -0.59460 0.60340
vn 0.55950 -0.73480 0.38360
vn -0.19660 0.65320 0.73130
vn 0.04310 0.71480 0.69800
vn -0.99550 -0.09090 -0.02720
vn 0.19100 -0.77060 -0.60800
vn -0.99240 -0.05540 -0.10980
vn 0.99740 -0.02420 0.06730
vn 0.99670 0.07140 -0.03920
vn -0.98890 -0.01940 0.14720
vn 0.30090 0.71940 0.62610
vn -0.99900 0.01470 0.04290
vn -0.54530 -0.76070 0.35210
vn 0.16620 -0.76300 -0.62470
vn 0.99510 0.03670 -0.09230
vn -0.55980 -0.61940 -0.55030
vn 0.09180 -0.56580 0.81940
vn 0.99560 -0.01130 -0.09350
vn 0.99690 -0.04090 -0.06720
vn -0.99590 0.05570 -0.07090
vn -0.99800 0.03280 -0.05440
vn 0.61030 0.64630 0.45800
vn 0.01850 0.99460 0.10190
vn -0.12550 0.99210 0.00250
vn -0.06300 -0.67720 0.73310
vn 0.99720 -0.02690 -0.06970
vn 0.01790 -0.59500 0.80350
vn -0.25250 -0.96740 0.01930
vn -0.33510 0.59640 0.72940
vn -0.29670 -0.95500 -0.00090
vn 0.24640 -0.76380 -0.59660
vn 0.99640 0.07660 -0.03590
vn 0.57940 -0.75850 0.29840
vn 0.30270 -0.95300 -0.01460
vn 0.11600 0.99320 0.00480
vn -0.54610 -0.78670 0.28790
vn -0.99290 -0.06850 0.09720
vn 0.99410 -0.04440 -0.09910
vn -0.96770 0.24230 0.06990
vn -0.23030 0.96420 0.13140
vn 0.04920 -0.55010 0.83360
vn -0.37740 -0.71940 0.58310
vn 0.36860 -0.92500 0.09250
vn -0.03190 0.99560 -0.08810
vn -0.03200 0.99560 -0.08820
vn -0.05330 0.99380 -0.09740
vn -0.49590 0.86620 0.06120
vn 0.33210 -0.93960 0.08290
vn 0.33020 -0.94050 0.08030
vn 0.96170 0.13260 0.23990
vn -0.18500 0.98220 -0.03180
vn -0.81650 -0.57500 0.05140
vn -0.93160 0.36330 0.01280
vn -0.44900 0.88960 -0.08390
vn -0.99960 -0.00090 0.02860
vn -0.28990 0.95680 0.02030
vn -0.23930 -0.96810 -0.07410
vn -0.24580 -0.96770 -0.05620
vn 0.70100 0.70180 0.12720
vn -0.28180 -0.95930 -0.01960
vn -0.28180 -0.95930 -0.01980
vn -0.41780 -0.90830 -0.02260
vn 0.04340 -0.14550 -0.98840
vn 0.02020 0.08430 -0.99620
vn 0.03220 -0.03020 -0.99900
vn 0.06320 -0.35390 -0.93320
vn -0.05060 -0.15920 -0.98590
vn 0.02010 -0.48520 -0.87420
vn 0.03350 -0.60840 -0.79290
vn 0.02010 -0.48510 -0.87420
vn 0.01890 0.05420 -0.99840
vn 0.01580 -0.44380 -0.89600
vn 0.01790 0.05310 -0.99840
vn -0.97960 -0.07560 -0.18600
vn -0.83130 -0.25380 -0.49460
vn -0.83360 -0.25050 -0.49230
vn -0.85250 -0.14650 -0.50180
vn -0.06690 -0.99770 -0.01440
vn 0.05790 -0.48150 -0.87450
vn -0.86470 -0.13330 -0.48430
vn -0.33780 -0.93960 -0.05440
vn 0.88700 -0.06370 -0.45740
vn 0.88710 -0.06340 -0.45720
vn 0.88730 -0.06290 -0.45690
vn 0.88660 -0.06440 -0.45800
vn 0.06550 -0.55460 -0.82950
vn 0.12820 0.99170 -0.00900
vn 0.32910 -0.94100 0.07890
vn 0.99430 0.06170 0.08640
vn 0.99280 0.07490 0.09320
vn 0.39700 -0.91700 -0.03980
vn 0.99560 0.04960 0.08010
vn 0.87700 -0.34640 -0.33290
vn -0.99530 0.05160 0.08190
vn -0.99310 -0.00110 0.11760
vn -0.99930 0.03330 0.01960
vn -0.31840 -0.93090 0.17910
vn 0.04090 -0.56850 -0.82170
vn -0.81690 -0.31450 -0.48350
vn -0.98880 -0.09460 -0.11580
vn 0.99430 -0.07380 -0.07750
vn -0.98670 0.04440 0.15620
vn 0.46540 0.23390 0.85360
vn 0.47490 0.22510 0.85080
vn 0.45980 0.39800 0.79390
vn 0.47930 0.22200 0.84910
vn 0.99970 -0.02410 -0.00390
vn -0.01110 0.99680 -0.07910
vn 0.44050 0.51380 0.73620
vn -0.81240 -0.31640 -0.48980
vn -0.99850 0.05550 -0.00350
vn 0.99680 0.06510 -0.04550
vn 0.99700 0.06180 -0.04660
vn 0.99680 0.06530 -0.04540
vn 0.99660 0.06920 -0.04400
vn -0.43970 0.56760 0.69610
vn 0.42930 0.56740 0.70270
vn -0.28840 -0.95510 0.06820
vn 0.01790 -0.99810 -0.05860
vn -0.99950 0.00660 -0.03060
vn -0.98330 -0.18200 0.00480
vn -0.99700 -0.06360 -0.04330
vn -0.98910 0.02940 -0.14440
vn 0.19470 -0.68920 -0.69790
vn 0.98840 0.15130 -0.01310
vn 0.99340 0.11470 -0.00920
vn 0.99640 0.08410 -0.01040
vn 0.02030 -0.71180 0.70210
vn 0.01180 -0.70890 0.70520
vn -0.62940 -0.52730 -0.57080
vn -0.88660 -0.46220 -0.01980
vn -0.95290 -0.29130 0.08420
vn -0.03970 -0.99850 -0.03850
vn -0.20760 -0.97810 0.01550
vn -0.03280 -0.99900 -0.02940
vn -0.85670 0.16320 -0.48940
vn 0.07760 0.99700 0.00440
vn 0.09300 0.99570 -0.00410
vn 0.07760 0.99700 0.00430
vn 0.05960 -0.99720 -0.04410
vn 0.98910 -0.13910 -0.04770
vn 0.99930 -0.03640 0.00660
vn 0.98610 -0.16570 0.01060
vn 0.93310 -0.35680 -0.04570
vn 0.06510 0.99780 0.01120
vn 0.04400 -0.71960 0.69300
vn 0.19380 0.93590 -0.29420
vn 0.98140 0.17050 0.08820
vn 0.97850 0.20630 -0.00470
vn 0.97480 0.22230 -0.02100
vn -0.96830 0.24930 0.01310
vn -0.96530 0.25760 0.04220
vn -0.98670 0.15900 0.03240
vn -0.88690 0.46060 -0.03620
vn 0.98500 0.13960 0.10100
vn -0.10090 0.86830 0.48560
vn -0.18180 0.90890 0.37520
vn 0.99990 -0.00970 -0.00370
vn 0.99950 -0.02760 -0.01490
vn 0.94320 -0.29930 0.14400
vn 0.04020 0.67710 0.73480
vn 0.31370 -0.94950 -0.01090
vn 0.09550 -0.99400 -0.05410
vn 0.05800 0.74250 0.66730
vn 0.99860 -0.03880 -0.03610
vn -0.97360 -0.20250 0.10540
vn 0.05640 0.13060 0.98980
vn 0.05650 0.13080 0.98980
vn 0.05670 0.13100 0.98980
vn 0.05620 0.13040 0.98990
vn -0.02830 -0.67350 -0.73860
vn -0.08120 -0.66080 -0.74620
vn 0.98380 0.03990 0.17450
vn 0.98230 -0.18260 -0.04210
vn 0.95650 -0.27800 -0.08890
vn 0.93170 -0.17770 -0.31690
vn 0.00580 -0.99960 -0.02820
vn -0.02620 -0.99910 -0.03390
vn -0.20930 -0.97620 -0.05680
vn 0.11500 -0.99320 -0.02060
vn 0.09310 -0.99560 -0.01210
vn 0.11640 -0.69790 -0.70670
vn -0.98220 0.16780 -0.08430
vn -0.99630 0.07420 0.04360
vn -0.08490 0.98910 0.12040
vn -0.25410 0.96630 -0.04010
vn -0.12850 0.98380 0.12480
vn 0.02290 0.97590 0.21720
vn -0.10290 -0.99410 0.03450
vn 0.11610 -0.99320 -0.01030
vn 0.09190 0.99070 0.10030
vn 0.12930 0.74340 0.65630
vn 0.11800 0.74320 0.65860
vn 0.12480 0.75140 0.64790
vn -0.00700 0.31520 -0.94900
vn -0.09130 0.37100 -0.92410
vn -0.04110 0.30890 -0.95020
vn 0.14770 0.72430 0.67340
vn 0.10080 0.73020 0.67570
vn 0.00700 0.74700 0.66480
vn 0.00120 0.31670 -0.94850
vn -0.79060 0.29150 0.53850
vn -0.92830 -0.22400 0.29670
vn 0.02410 0.29380 -0.95560
vn 0.13910 0.72060 0.67920
vn -0.72540 -0.68500 -0.06720
vn -0.68660 -0.72560 -0.04570
vn -0.83800 -0.39600 0.37540
vn 0.03410 -0.73470 0.67760
vn -0.04910 -0.73530 0.67600
vn 0.05840 -0.71940 0.69220
vn 0.96810 0.11880 0.22080
vn 0.07960 -0.72690 0.68210
vn 0.10090 -0.71880 0.68790
vn 0.08110 -0.74070 0.66700
vn 0.30410 -0.94840 0.08920
vn 0.94160 -0.08890 0.32480
vn 0.02850 -0.28190 0.95900
vn -0.01480 -0.32760 0.94470
vn 0.00110 -0.32540 0.94560
vn 0.01470 -0.73570 0.67710
vn -0.33790 0.93640 0.09520
vn -0.07830 0.99290 -0.08970
vn -0.02240 -0.30950 0.95060
vn 0.18450 -0.00540 0.98280
vn 0.17150 0.01820 0.98500
vn 0.18420 0.01080 0.98280
vn 0.17230 -0.07140 0.98250
vn 0.16350 0.00610 0.98650
vn 0.12350 -0.29740 0.94670
vn -0.63790 0.76210 0.11110
vn -0.67890 0.72960 0.08240
vn -0.75630 0.64160 0.12800
vn 0.98330 -0.18190 0.00400
vn -0.76150 0.63480 0.13120
vn -0.99900 -0.02200 0.03920
vn -0.30970 -0.95080 -0.00240
vn -0.33130 -0.94350 -0.00350
vn 0.01570 -0.29880 0.95420
vn 0.99870 -0.04440 0.02470
vn -0.33120 0.94350 0.01000
vn -0.05350 -0.25350 0.96590
vn -0.27000 -0.96290 -0.00040
vn -0.63610 -0.77130 -0.01950
vn -0.14860 0.98850 -0.02820
vn 0.94930 0.25990 0.17710
vn -0.91860 0.30850 -0.24700
vn -0.99960 0.00430 0.02620
vn -0.88440 0.44350 0.14540
vn 0.20670 -0.97380 -0.09480
vn 0.26750 0.96260 -0.04360
vn 0.13850 0.98270 0.12270
vn 0.33970 0.93870 0.05850
vn 0.99450 0.10180 0.02310
vn 0.36350 -0.93050 -0.04470
vn -0.98240 0.04450 -0.18120
vn -0.21110 -0.78650 0.58040
vn -0.66480 0.74660 0.02610
vn -0.63460 0.77140 0.04620
vn -0.63470 0.77140 0.04620
vn -0.17710 0.97920 0.09860
vn -0.27760 0.94910 0.14870
vn -0.25010 0.95720 0.14580
vn -0.13230 0.83660 0.53150
vn -0.13350 0.84250 0.52180
vn -0.25770 -0.71960 -0.64470
vn -0.38760 -0.75210 -0.53310
vn -0.25780 -0.71970 -0.64470
vn -0.05550 -0.63360 -0.77170
vn -0.58880 0.80480 0.07510
vn -0.99770 0.05630 0.03890
vn -0.99730 0.07220 0.00960
vn -0.99480 0.08880 -0.05000
vn 0.28700 -0.94240 -0.17200
vn 0.27320 -0.94690 -0.16960
vn -0.25750 0.95690 0.13440
vn -0.13080 0.98350 0.12470
vn 0.11050 -0.93150 -0.34650
vn 0.10930 -0.91910 -0.37850
vn -0.10230 -0.96780 0.23000
vn -0.33890 -0.91090 0.23540
vn -0.39300 -0.88180 0.26080
vn 0.11240 -0.95330 -0.28020
vn -0.56650 -0.78430 0.25300
vn -0.99570 -0.08690 0.03280
vn -0.99600 -0.07900 0.04150
vn -0.25770 -0.10690 0.96030
vn -0.27180 -0.03900 0.96160
vn -0.24400 -0.07960 0.96650
vn -0.53270 0.82920 0.16940
vn 0.99710 -0.07630 0.00800
vn 0.99520 -0.09070 0.03720
vn 0.99590 -0.08720 0.02430
vn -0.99410 -0.10840 0.00920
vn -0.79020 -0.24450 0.56200
vn -0.93790 -0.05940 0.34180
vn -0.13110 0.83010 0.54200
vn -0.25730 -0.05070 0.96500
vn 0.99350 -0.01570 -0.11300
vn 0.91310 0.18140 -0.36510
vn 0.30650 -0.93560 -0.17540
vn -0.58600 -0.76040 0.28000
vn -0.85090 -0.52030 0.07220
vn -0.05430 -0.94770 0.31450
vn -0.06490 -0.95330 0.29510
vn -0.30490 0.01060 0.95230
vn -0.31640 0.05650 0.94690
vn -0.57510 0.09760 0.81230
vn 0.59510 -0.17470 -0.78440
vn -0.92960 0.27090 0.25010
vn 0.72140 -0.57330 0.38850
vn 0.69200 -0.58640 0.42120
vn -0.10720 -0.21410 0.97090
vn -0.03740 0.99600 0.08110
vn -0.02410 0.99620 0.08360
vn -0.59450 0.33260 0.73200
vn -0.04550 -0.94280 0.33030
vn -0.92140 0.35250 -0.16340
vn 0.76790 -0.54830 0.33110
vn 0.42830 0.52350 0.73650
vn -0.90720 -0.37010 0.19990
vn -0.89980 -0.40210 0.16940
vn -0.01890 0.99590 0.08900
vn -0.76640 0.59440 0.24340
vn -0.80300 0.51440 0.30110
vn -0.91330 -0.33420 0.23280
vn 0.61920 0.77530 0.12460
vn 0.55750 0.82670 0.07610
vn -0.71810 0.67260 0.17890
vn 0.68080 0.71090 0.17670
vn -0.56560 0.80030 0.19910
vn -0.00590 0.64170 0.76690
vn 0.00190 0.66140 0.75010
vn -0.00590 0.64180 0.76690
vn -0.01140 0.62770 0.77840
vn -0.00130 -0.03810 0.99930
vn -0.00130 -0.03820 0.99930
vn -0.00600 -0.04650 0.99890
vn 0.00220 -0.03210 0.99950
vn 0.60190 0.07870 -0.79470
vn -0.06340 0.96150 -0.26740
vn 0.95560 -0.29210 -0.03880
vn 0.08300 0.06910 -0.99420
vn 0.03100 0.22070 -0.97480
vn -0.08700 0.17310 -0.98110
vn 0.01850 0.25620 -0.96640
vn 0.91410 0.39890 0.07330
vn 0.95230 0.30160 0.04680
vn 0.97980 0.19980 0.00210
vn 0.47560 0.37000 0.79810
vn 0.07610 -0.99510 -0.06320
vn 0.95940 -0.08340 0.26940
vn 0.96740 -0.06630 0.24460
vn 0.08290 0.99540 0.04820
vn 0.32040 0.92460 0.20600
vn 0.10740 0.24970 -0.96230
vn 0.02970 0.29560 -0.95490
vn 0.94890 -0.10320 0.29810
vn 0.89450 -0.12590 0.42910
vn 0.99930 -0.03770 -0.00720
vn 0.99890 -0.00440 0.04620
vn 0.99480 -0.05320 0.08660
vn 0.99810 -0.04700 0.04040
vn -0.99930 0.02230 0.02990
vn -1.00000 0.00130 -0.00240
vn -1.00000 0.00120 -0.00240
vn 0.99550 0.04180 0.08540
vn 0.06460 0.20170 -0.97730
vn 0.04120 0.99890 0.02050
vn 0.87940 0.03030 -0.47520
vn 0.84710 0.08810 -0.52410
vn 0.99500 -0.01360 0.09900
vn 1.00000 -0.00120 0.00240
vn 0.99890 -0.03080 0.03530
vn -0.99940 -0.01670 -0.02980
vn 0.96840 -0.03870 0.24620
vn 0.97720 -0.03690 0.20910
vn 0.81270 0.14020 -0.56560
vn 0.01370 -0.05900 0.99820
vn 0.02360 -0.06760 0.99740
vn 0.00800 -0.10220 0.99470
vn 0.00390 -0.15960 0.98720
vn 0.00650 -0.21510 0.97660
vn 0.01930 -0.22420 0.97440
vn 0.58040 0.80780 0.10300
vn 0.44140 0.89730 0.00840
vn 0.97010 -0.04790 0.23810
vn 0.98050 -0.08650 0.17620
vn 0.70720 0.67770 0.20130
vn 0.19300 -0.26820 0.94380
vn 0.22130 -0.31150 0.92410
vn 0.18110 -0.26090 0.94820
vn -0.07730 0.98760 0.13690
vn -0.01210 0.99730 0.07240
vn -0.00240 0.99930 0.03620
vn -0.87610 -0.18980 0.44330
vn -0.86150 -0.23340 0.45090
vn -0.87830 -0.18250 0.44190
vn 0.21780 -0.43390 0.87420
vn 0.98000 -0.13280 -0.14830
vn 0.82620 0.45330 0.33460
vn 0.84370 0.19230 -0.50130
vn 0.84370 0.19230 -0.50120
vn 0.73690 0.23800 -0.63270
vn 0.93240 0.13400 -0.33570
vn -0.98380 -0.16120 -0.07790
vn -0.99620 -0.06010 0.06260
vn -0.97610 -0.17160 0.13370
vn 0.46880 -0.23210 0.85230
vn 0.46760 -0.24480 0.84940
vn 0.51100 -0.20530 0.83470
vn -0.81570 -0.20530 0.54080
vn 0.38220 -0.21440 0.89890
vn 0.37160 -0.32780 0.86860
vn -0.87340 -0.42000 0.24660
vn 0.27230 -0.42030 0.86560
vn -0.01090 0.80720 0.59020
vn -0.99590 -0.05260 -0.07370
vn -0.98810 0.08690 -0.12720
vn -0.28330 0.28890 -0.91450
vn -0.02870 0.26630 -0.96350
vn -0.02860 0.26630 -0.96350
vn 0.18860 0.23300 -0.95400
vn 0.00830 0.99970 0.02180
vn -0.89350 0.35940 0.26940
vn -0.88720 0.40730 0.21690
vn -0.89350 0.35930 0.26940
vn -0.14470 -0.17090 0.97460
vn 0.94800 -0.26170 0.18120
vn 0.94790 -0.26180 0.18130
vn 0.97630 -0.18000 0.12020
vn -0.54290 0.07380 0.83660
vn 0.28870 -0.23670 0.92770
vn 0.00580 1.00000 0.00540
vn 0.00310 -0.99960 0.02790
vn 0.00220 -0.99680 0.07960
vn 0.39540 0.45230 0.79940
vn 0.93390 -0.29310 0.20470
vn -0.97910 -0.15840 0.12740
vn 0.00130 -0.99080 0.13500
vn 0.49980 -0.21960 0.83790
vn 0.99900 -0.02600 -0.03580
vn 0.99890 0.04480 -0.01440
vn 0.22910 -0.59420 0.77100
vn 0.55200 -0.30960 0.77420
vn 0.99260 -0.10590 -0.05970
vn 0.36450 -0.62040 -0.69450
vn 0.49480 -0.54820 -0.67430
vn -0.71550 -0.65760 0.23580
vn 0.00050 0.21990 0.97550
vn -0.00610 -0.06470 0.99790
vn -0.01040 0.00230 0.99990
vn -0.02490 -0.22470 0.97410
vn -0.08680 -0.15950 0.98340
vn -0.89420 0.28080 0.34870
vn -0.03180 -0.27030 0.96230
vn 0.93950 -0.31830 0.12680
vn 0.92430 -0.35310 0.14480
vn 0.24000 -0.67340 -0.69920
vn -0.98790 -0.08720 -0.12830
vn 0.91020 -0.38200 0.15980
vn -0.48810 -0.58990 -0.64330
vn -0.99990 -0.01220 -0.00360
vn -0.99980 -0.01630 -0.00720
vn 0.81040 0.47580 0.34190
vn -0.35930 -0.64900 -0.67060
vn 0.23460 -0.67860 -0.69600
vn 0.99190 -0.08160 -0.09730
vn 0.98700 -0.11160 -0.11540
vn 0.52240 0.82480 0.21660
vn 0.14270 0.95420 0.26310
vn 0.35110 0.90170 0.25250
vn 0.64140 0.53430 0.55060
vn -0.99990 -0.01220 -0.01150
vn -0.99950 0.02960 0.00710
vn -0.99770 -0.02480 -0.06360
vn 0.98250 -0.13420 -0.12900
vn -0.05190 -0.96970 -0.23860
vn -0.40230 -0.88620 -0.22980
vn -0.36020 -0.90400 -0.23030
vn -0.02220 0.96340 0.26720
vn -0.22790 0.93930 0.25640
vn 0.99950 0.01370 -0.02800
vn 0.99900 0.03560 -0.02520
vn 0.23000 -0.94340 -0.23880
vn 0.36480 -0.90100 -0.23470
vn 0.36360 -0.90150 -0.23460
vn 0.10120 -0.96630 -0.23670
vn -0.99780 0.06230 0.02170
vn -0.02020 0.69340 0.72030
vn -0.49750 0.83760 0.22570
vn -0.30860 0.91720 0.25220
vn 0.99900 -0.02950 -0.03360
vn -0.34830 0.64790 0.67740
vn -0.03810 -0.97070 -0.23720
vn -0.01810 0.99960 -0.02380
vn -0.00120 0.99980 -0.01790
vn -0.00070 0.99990 -0.01270
vn -0.01470 -0.99930 0.03330
vn -0.01230 -0.99990 0.00390
vn 0.01030 -0.99950 0.02820
vn 0.46890 -0.05220 -0.88170
vn 0.93210 -0.27700 -0.23350
vn 0.00760 0.99980 -0.01630
vn -0.77100 -0.42630 -0.47300
vn 0.81840 -0.05580 0.57190
vn 0.35410 0.91920 0.17220
vn 0.41520 0.89500 0.16330
vn -0.01400 -0.99930 0.03480
vn -0.06210 -0.99800 0.01410
vn -0.82900 0.07370 -0.55440
vn -0.61160 0.05890 0.78900
vn -0.55030 0.03640 0.83420
vn -0.55040 0.03640 0.83410
vn 0.27740 0.94330 0.18210
vn -0.88810 0.21050 -0.40870
vn -0.87190 0.25180 -0.42010
vn -0.48570 0.01370 0.87400
vn 0.81730 -0.44640 0.36440
vn 0.85640 -0.32290 0.40280
vn 0.87500 -0.27880 0.39580
vn 0.88760 -0.22290 0.40320
vn -0.99320 -0.03180 -0.11220
vn -0.95360 -0.12060 -0.27580
vn -0.98590 -0.04870 -0.16030
vn -0.93030 0.06180 -0.36160
vn -0.02510 0.99920 0.02960
vn -0.02160 0.99920 0.03290
vn 0.91890 0.14180 0.36810
vn 0.91130 0.03770 0.41010
vn 0.91700 0.21810 0.33390
vn 0.05370 -0.99600 0.07160
vn -0.02990 0.99920 0.02490
vn -0.47430 -0.34240 -0.81100
vn -0.01300 -0.99950 0.02880
vn 0.04630 0.13050 -0.99040
vn -0.00260 0.15490 -0.98790
vn -0.01240 0.13130 -0.99130
vn 0.07120 0.06430 -0.99540
vn -0.01960 0.13140 -0.99110
vn -0.04150 0.11540 -0.99250
vn 0.01270 0.99750 -0.06990
vn 0.08500 0.99560 -0.03890
vn 0.11510 0.99180 -0.05570
vn -0.99970 0.02310 -0.01010
vn 0.18150 0.04950 -0.98210
vn 0.18820 -0.00970 -0.98210
vn 0.18820 -0.00960 -0.98210
vn 0.84060 -0.18350 -0.50960
vn -0.03440 0.99890 -0.03070
vn 0.19900 -0.12080 -0.97250
vn -0.08940 0.58820 -0.80370
vn -0.02630 -0.99950 0.01810
vn -0.01940 -0.99560 0.09160
vn -0.02630 -0.99950 0.01800
vn 0.00130 0.99980 -0.01950
vn 0.00310 0.99880 -0.04800
vn -0.99990 0.01120 0.01080
vn 0.08410 0.19820 -0.97650
vn 0.06900 0.19270 -0.97880
vn 0.08480 0.22160 -0.97140
vn 0.30750 -0.95150 -0.00820
vn 0.23540 -0.97050 -0.05170
vn 0.99740 0.06550 -0.03030
vn 0.98440 0.17470 -0.02130
vn 0.99670 0.00540 -0.08050
vn 0.95500 0.29610 0.01950
vn 0.95360 0.28550 0.09520
vn 0.10920 0.37360 -0.92110
vn 0.96610 0.25750 0.02060
vn 0.99920 0.01980 0.03340
vn -0.70600 -0.67070 0.22730
vn 0.18790 0.00810 -0.98220
vn -0.06060 -0.92450 -0.37630
vn 0.94080 -0.01720 0.33840
vn 0.10460 0.48860 -0.86620
vn -0.65390 0.32340 -0.68400
vn 0.97920 -0.18460 -0.08480
vn 0.97930 0.02540 -0.20100
vn 0.97910 -0.18460 -0.08480
vn 0.10840 0.53820 -0.83580
vn 0.10950 0.99320 0.04000
vn -0.17920 -0.01930 0.98360
vn -0.14380 -0.18560 0.97200
vn -0.14380 -0.18570 0.97200
vn 0.96700 0.17470 0.18560
vn 0.86080 -0.23670 -0.45050
vn 0.95410 -0.29910 -0.01670
vn 0.08280 0.73140 -0.67690
vn 0.22080 -0.97350 -0.06030
vn 0.01050 -0.99840 0.05510
vn -0.01080 0.99470 0.10180
vn 0.16620 0.95940 0.22780
vn 0.08520 0.97740 -0.19370
vn 0.16480 0.10880 -0.98030
vn 0.16690 0.09500 -0.98140
vn 0.22650 0.10850 -0.96800
vn -0.06920 -0.47190 0.87890
vn 0.21700 0.20980 -0.95340
vn -0.42440 0.02100 0.90520
vn -0.46420 0.03200 0.88520
vn -0.15710 0.19600 0.96790
vn 0.98750 0.03490 0.15340
vn 0.98740 0.04430 0.15220
vn 0.98760 0.03480 0.15340
vn 0.01930 0.99430 0.10530
vn -0.52520 -0.00540 0.85100
vn 0.29270 0.90700 -0.30280
vn 0.17870 0.88880 -0.42210
vn 0.17780 0.90220 -0.39300
vn -0.53220 0.05150 0.84510
vn 0.97930 0.19310 -0.06130
vn 0.78250 -0.08610 0.61670
vn -0.00700 0.98810 0.15340
vn -0.01650 0.98920 0.14550
vn 0.58340 0.75370 0.30250
vn 0.34090 0.83830 0.42540
vn -0.98870 0.00520 0.15000
vn 0.98760 0.03080 0.15390
vn 0.04520 -0.15260 0.98730
vn 0.01680 -0.14000 0.99000
vn 0.21300 0.92770 -0.30650
vn 0.07570 0.94200 -0.32690
vn 0.18580 0.33190 -0.92480
vn 0.22710 0.22720 -0.94700
vn 0.07550 -0.16590 0.98320
vn 0.13100 -0.93900 -0.31810
vn 0.13490 -0.92050 -0.36660
vn 0.13370 -0.90490 -0.40400
vn -0.04520 0.97900 0.19890
vn -0.03610 0.97820 0.20440
vn 0.21150 0.25990 -0.94220
vn 0.18740 0.21150 -0.95920
vn -0.01270 0.85500 -0.51850
vn 0.13530 -0.96270 -0.23420
vn 0.16710 0.17110 -0.97100
vn 0.20500 0.88790 0.41190
vn -0.06480 0.88640 0.45840
vn 0.24000 0.71680 0.65460
vn 0.22660 0.79100 0.56830
vn 0.94570 0.24460 -0.21410
vn 0.12610 -0.95670 -0.26230
vn -0.06250 0.88720 0.45710
vn 0.85510 -0.51760 0.03070
vn 0.75440 -0.64970 -0.09380
vn 0.73580 -0.66080 -0.14810
vn 0.72000 -0.67370 -0.16680
vn -0.33320 0.67270 -0.66070
vn -0.29470 0.66890 -0.68250
vn 0.45900 0.08730 -0.88410
vn 0.46090 0.01140 -0.88740
vn 0.46090 0.01130 -0.88740
vn 0.96640 -0.06800 0.24800
vn 0.97070 -0.08500 0.22470
vn 0.96460 -0.08420 0.25000
vn 0.96270 -0.09880 0.25180
vn -0.03090 0.82830 -0.55940
vn 0.12230 -0.95480 -0.27080
vn 0.45980 -0.07450 -0.88490
vn -0.14230 0.90590 0.39900
vn -0.15100 0.89680 0.41590
vn 0.93970 -0.08120 0.33230
vn 0.28340 0.74400 0.60500
vn -0.02000 -0.94960 0.31280
vn -0.02010 -0.93110 0.36430
vn -0.03290 -0.91710 0.39730
vn -0.67220 0.72820 0.13360
vn -0.23150 0.21890 0.94790
vn -0.24830 0.19930 0.94800
vn -0.26180 0.32940 0.90720
vn -0.23590 0.10500 0.96610
vn -0.03560 -0.90920 0.41490
vn -0.04610 -0.90120 0.43090
vn 0.71210 -0.67060 -0.20790
vn 0.34660 -0.66800 0.65850
vn 0.44020 -0.67710 0.58970
vn 0.34660 -0.66810 0.65850
vn -0.33080 0.09740 0.93870
vn 0.20440 -0.63930 0.74130
vn 0.25570 -0.16210 -0.95310
vn 0.25660 -0.16390 -0.95250
vn 0.25450 -0.15990 -0.95380
vn -0.74970 0.10710 -0.65310
vn -0.73210 -0.14140 -0.66640
vn -0.75940 0.08030 -0.64560
vn 0.07960 -0.87200 -0.48300
vn 0.13110 -0.93610 -0.32640
vn 0.09330 0.83400 -0.54380
vn 0.08980 0.83700 -0.53980
vn 0.40090 -0.04000 -0.91530
vn 0.40090 -0.03990 -0.91530
vn 0.39970 -0.04430 -0.91560
vn -0.74190 -0.18830 -0.64360
vn 0.08600 0.84020 -0.53540
vn -0.74010 -0.34060 -0.57990
vn 0.02240 -0.77460 -0.63200
vn -0.83950 0.27830 -0.46680
vn -0.64800 0.73290 0.20740
vn 0.19860 0.83330 -0.51590
vn 0.19630 0.84530 -0.49690
vn -0.87350 0.27430 -0.40230
vn -0.38100 0.13330 0.91490
vn -0.33220 0.15170 0.93090
vn -0.35730 0.07190 0.93120
vn -0.17180 0.96400 0.20290
vn -0.16500 0.94970 0.26600
vn -0.90660 0.29950 -0.29720
vn -0.17720 0.97320 0.14680
vn -0.36830 0.03380 0.92910
vn -0.19850 -0.71780 0.66740
vn -0.24070 -0.80930 0.53580
vn -0.17010 -0.65220 0.73870
vn 0.40210 -0.03550 -0.91490
vn -0.89590 -0.09480 -0.43400
vn -0.92230 0.00030 -0.38650
vn -0.29470 -0.07460 0.95270
vn 0.95210 -0.00160 0.30580
vn 0.96230 0.05930 0.26530
vn 0.95020 -0.00220 0.31150
vn -0.93860 0.10620 -0.32820
vn 0.93360 -0.06000 0.35330
vn -0.20910 0.86860 0.44920
vn -0.17960 0.89420 0.41000
vn 0.20090 0.82040 -0.53530
vn 0.18120 -0.88190 -0.43530
vn 0.18120 -0.88180 -0.43540
vn 0.12280 -0.92460 -0.36050
vn -0.15610 -0.84840 0.50580
vn -0.15530 -0.87050 0.46710
vn -0.15670 -0.82320 0.54570
vn -0.33240 0.21930 0.91730
vn -0.31060 0.12280 0.94260
vn 0.25390 -0.81210 -0.52540
vn -0.28640 0.02860 0.95770
vn 0.96150 0.07530 0.26430
vn -0.15570 0.91270 0.37770
vn 0.92760 -0.06690 0.36760
vn -0.01890 -0.99790 0.06230
vn -0.05390 -0.99840 0.01810
vn -0.06770 -0.99760 0.01300
vn 0.57440 -0.76860 0.28150
vn 0.39020 -0.87170 0.29630
vn 0.39030 -0.87170 0.29620
vn -0.43070 -0.00360 0.90250
vn -0.13370 -0.98950 -0.05440
vn 0.94320 0.03150 0.33060
vn 0.27760 -0.91310 0.29870
vn 0.86590 0.14840 -0.47780
vn -0.22150 0.15970 -0.96200
vn 0.13300 -0.74550 -0.65310
vn 0.26480 0.09450 -0.95970
vn 0.23490 -0.07590 -0.96900
vn 0.29870 0.10530 -0.94850
vn -0.10710 -0.99420 -0.00150
vn -0.89770 -0.14370 0.41660
vn -0.91030 -0.13610 0.39090
vn 0.44290 -0.01620 0.89640
vn 0.44610 -0.01480 0.89490
vn 0.44300 -0.01620 0.89640
vn -0.88690 -0.14980 0.43710
vn 0.43990 -0.01770 0.89790
vn 0.01860 -0.99940 0.02960
vn 0.00680 -0.99870 0.05140
vn -0.00920 -0.99670 0.08070
vn 0.01300 0.99920 -0.03660
vn 0.00840 0.99960 -0.02800
vn -0.20550 -0.67890 0.70490
vn -0.93880 -0.00610 -0.34440
vn -0.94480 -0.00260 -0.32760
vn 0.32680 0.05520 -0.94350
vn 0.24900 -0.08520 -0.96470
vn -0.97680 0.01920 -0.21340
vn -0.98030 0.00570 -0.19730
vn -0.97260 0.01030 -0.23210
vn -0.93120 -0.01040 -0.36450
vn -0.29290 -0.06500 0.95390
vn -0.26850 0.04260 0.96230
vn -0.24270 -0.06920 0.96760
vn 0.93570 -0.03690 0.35090
vn 0.85250 0.01330 0.52260
vn 0.93570 -0.03700 0.35080
vn 0.21100 -0.17550 -0.96160
vn 0.99020 -0.10320 0.09420
vn 0.00620 0.99970 -0.02400
vn 0.19640 0.06230 -0.97850
vn 0.20280 0.04230 -0.97830
vn -0.98550 0.00200 -0.16970
vn -0.97930 0.00430 -0.20250
vn 0.19020 0.08120 -0.97840
vn -0.25700 -0.25160 0.93310
vn -0.18500 -0.22590 0.95640
vn 0.06170 0.88130 -0.46860
vn 0.06270 0.89780 -0.43590
vn 0.06270 0.89780 -0.43580
vn -0.12690 0.02360 0.99160
vn -0.60900 -0.09600 0.78730
vn 0.02520 -0.99950 -0.01880
vn 0.97310 0.05000 0.22490
vn 0.96250 -0.04740 0.26710
vn 0.97880 0.08810 0.18480
vn 0.99470 0.07120 0.07430
vn 0.13620 -0.84270 -0.52090
vn 0.13540 -0.83770 -0.52910
vn -0.22800 -0.33930 0.91260
vn 0.24760 0.04680 -0.96770
vn 0.24200 0.03530 -0.96960
vn 0.91560 -0.16140 0.36830
vn 0.13690 -0.84740 -0.51300
vn 0.06970 0.92670 -0.36930
vn 0.15840 -0.75450 -0.63690
vn 0.16970 -0.78530 -0.59540
vn 0.90420 0.28360 0.31940
vn 0.25180 0.05560 -0.96620
vn 0.90340 0.25470 0.34500
vn 0.14390 -0.71400 -0.68520
vn 0.90970 -0.20180 0.36290
vn 0.06360 0.91200 -0.40530
vn -0.13140 0.88570 0.44530
vn -0.13650 0.90830 0.39540
vn -0.98610 -0.00050 -0.16620
vn -0.99590 0.07930 -0.04280
vn 0.88530 -0.07320 0.45930
vn -0.05730 -0.93130 0.35980
vn 0.88490 -0.05360 0.46260
vn 0.89240 0.11240 0.43690
vn -0.06450 -0.89500 0.44140
vn -0.06280 -0.88650 0.45850
vn -0.06590 -0.90220 0.42620
vn -0.12490 0.85570 0.50220
vn 0.89310 0.12270 0.43270
vn -0.18880 -0.05820 0.98030
vn -0.18880 -0.05810 0.98030
vn -0.19040 -0.05350 0.98020
vn -0.18730 -0.06280 0.98030
vn 0.90680 0.29370 0.30240
vn 0.89350 0.34580 0.28660
vn -0.36280 0.00700 -0.93180
vn -0.09840 -0.16380 -0.98160
vn -0.09830 -0.16380 -0.98160
vn -0.00520 -0.21870 -0.97580
vn -0.02640 -0.75330 -0.65710
vn -0.08120 -0.99520 -0.05470
vn -0.11500 -0.99290 -0.02980
vn -0.08110 -0.99520 -0.05480
vn -0.01950 0.99970 -0.01600
vn -0.02710 0.99960 -0.00810
vn 0.00200 0.99990 -0.01200
vn -0.02400 -0.99510 -0.09640
vn -0.97090 -0.03470 -0.23700
vn 0.17920 -0.04440 -0.98280
vn 0.17910 -0.04430 -0.98280
vn 0.22720 -0.05010 -0.97260
vn -0.94780 -0.14740 -0.28270
vn -0.93670 -0.12910 -0.32540
vn -0.95920 -0.07050 -0.27380
vn 0.02070 0.07260 0.99710
vn 0.02360 0.03890 0.99900
vn 0.01280 0.16080 0.98690
vn 0.10490 -0.03530 -0.99390
vn 0.99660 0.07710 0.03040
vn 0.97770 0.00130 0.21000
vn 0.98610 0.06000 0.15490
vn 0.95250 -0.02620 0.30330
vn 0.99110 0.09160 -0.09680
vn 0.98410 0.11520 -0.13540
vn -0.92920 -0.21610 -0.29990
vn -0.85180 0.07850 0.51800
vn -0.92480 -0.03730 0.37860
vn -0.92480 -0.03740 0.37850
vn -0.95060 -0.10240 0.29310
vn -0.05170 -0.99860 -0.01440
vn -0.03660 -0.99920 -0.01320
vn -0.93170 -0.17890 -0.31600
vn -0.06440 -0.99780 -0.01540
vn 0.96380 0.06670 0.25800
vn 0.01630 0.99970 -0.01970
vn -0.00180 0.99950 -0.03290
vn 0.02400 0.99940 -0.02380
vn -0.03860 -0.99900 -0.02170
vn -0.05650 -0.99820 -0.02160
vn 0.95680 0.09460 0.27500
vn 0.93360 0.12540 0.33560
vn 0.94640 0.08840 0.31060
vn -0.92470 -0.18570 -0.33220
vn -0.96840 0.00690 -0.24930
vn -0.01520 -0.99960 -0.02180
vn 0.03380 0.99900 -0.02910
vn -0.60400 0.06790 -0.79410
vn 0.30000 0.00660 -0.95390
vn 0.21200 -0.01200 -0.97720
vn 0.27970 -0.01870 -0.95990
vn -0.93210 -0.13060 -0.33790
vn 0.34280 -0.02490 -0.93910
vn -0.94880 -0.14370 -0.28140
vn -0.01530 -0.99990 0.00590
vn 0.94440 0.11120 0.30940
vn 0.96380 -0.09510 0.24910
vn 0.28790 0.95500 0.07080
vn 0.96730 0.14880 0.20520
vn 0.96040 0.15470 0.23190
vn 0.96870 0.14700 0.19990
vn -0.21280 -0.01740 0.97690
vn -0.30700 -0.00660 0.95170
vn -0.30690 -0.00670 0.95170
vn -0.93550 -0.02100 -0.35260
vn -0.91910 -0.04880 -0.39090
vn -0.93260 -0.03080 -0.35950
vn -0.92690 0.07040 0.36870
vn -0.39210 0.00350 0.91990
vn 0.01110 0.99960 -0.02760
vn 0.02810 0.99930 -0.02290
vn 0.02500 0.99940 -0.02220
vn -0.91120 -0.26820 -0.31260
vn 0.05590 0.99840 -0.01010
vn 0.51800 -0.09670 0.84990
vn 0.93640 0.06410 0.34510
vn -0.06190 -0.99800 0.01280
vn -0.06180 -0.99800 0.01290
vn 0.00060 -0.99960 0.02720
vn -0.04740 0.99730 -0.05560
vn -0.05600 0.99680 -0.05620
vn 0.95340 -0.01230 0.30130
vn 0.92270 0.03740 0.38370
vn 0.02090 0.99960 -0.02110
vn 0.04760 -0.99790 0.04390
vn -0.01230 -0.99970 0.02030
vn -0.00270 -0.99910 0.04270
vn -0.06290 0.99640 -0.05670
vn 0.00290 0.99990 -0.01210
vn 0.87630 0.02810 0.48090
vn 0.94870 0.06450 0.30940
vn 0.75820 0.57540 0.30670
vn 0.09810 -0.99430 0.04160
vn -0.16230 -0.98670 -0.01050
vn -0.90230 -0.31110 -0.29860
vn -0.88200 -0.06720 -0.46640
vn 0.49590 0.02360 -0.86810
vn -0.25820 -0.22320 -0.93990
vn 0.58170 0.02790 -0.81290
vn 0.92880 0.27300 -0.25050
vn 0.96230 0.24450 -0.11900
vn 0.92670 0.25320 -0.27770
vn 0.02120 0.99970 -0.00850
vn -0.11240 -0.99350 -0.01930
vn -0.79500 -0.52200 -0.30920
vn 0.99450 0.10120 0.02540
vn 0.99450 0.10130 0.02540
vn 0.98940 0.14330 0.02490
vn -0.32140 0.17970 0.92970
vn -0.16580 -0.98550 -0.03560
vn -0.94880 0.01200 -0.31560
vn 0.83200 0.08650 0.54800
vn 0.83230 0.08660 0.54760
vn -0.54030 -0.04090 0.84050
vn 0.83170 0.09010 0.54790
vn 0.86100 0.23470 -0.45120
vn -0.60660 -0.16410 -0.77790
vn -0.55420 -0.53140 -0.64070
vn -0.60480 -0.06450 -0.79380
vn 0.99530 0.09290 0.02550
vn -0.11420 0.98900 -0.09350
vn -0.95450 -0.17750 -0.23970
vn 0.90340 0.14740 -0.40260
vn 0.90850 0.15950 -0.38620
vn 0.21570 0.31030 -0.92580
vn -0.43900 0.06670 -0.89600
vn 0.99310 -0.01330 -0.11660
vn 0.90860 0.15890 -0.38620
vn -0.94980 -0.00410 0.31290
vn -0.94950 -0.01430 0.31340
vn -0.94100 -0.04070 0.33610
vn 0.30700 -0.11210 0.94510
vn 0.21800 -0.08380 0.97230
vn -0.03090 0.99610 0.08240
vn -0.00030 0.99430 0.10620
vn -0.02440 0.99650 0.07940
vn -0.80510 0.03760 0.59200
vn -0.91590 -0.11890 0.38340
vn -0.88500 -0.16340 0.43610
vn 0.24650 0.06880 -0.96670
vn 0.22460 0.12620 -0.96620
vn 0.16430 0.05780 -0.98470
vn 0.41820 -0.14730 0.89630
vn -0.04050 0.99540 0.08680
vn -0.03500 0.99620 0.07920
vn -0.01340 -0.99900 0.04340
vn -0.01300 -0.99920 0.03830
vn -0.01300 -0.99920 0.03840
vn 0.08780 0.02430 -0.99580
vn -0.01220 0.03430 -0.99930
vn -0.01250 0.03520 -0.99930
vn -0.00830 0.99820 0.05970
vn 0.00290 0.99590 0.09050
vn -0.28390 -0.09800 0.95380
vn -0.31950 -0.19350 0.92760
vn -0.27830 -0.08120 0.95710
vn -0.34450 -0.18530 0.92030
vn -0.29830 -0.25940 0.91860
vn -0.36820 -0.08200 0.92610
vn 0.06520 0.99680 0.04680
vn 0.07930 0.99100 0.10780
vn 0.02440 0.99930 0.02890
vn -0.29850 0.09400 -0.94980
vn -0.02530 -0.99950 0.01720
vn 0.67760 0.20990 -0.70490
vn -0.20470 -0.03350 0.97830
vn 0.99640 0.00440 0.08430
vn 0.36200 0.04500 -0.93110
vn -0.01270 -0.99930 0.03530
vn -0.92460 -0.33800 -0.17590
vn -0.24640 -0.37080 0.89540
vn -0.34200 0.70420 0.62220
vn 0.01460 0.99960 0.02470
vn -0.17520 -0.07990 0.98130
vn -0.10810 -0.10510 0.98860
vn -0.24260 -0.03040 0.96970
vn -0.06580 -0.94760 0.31250
vn -0.02250 0.99900 -0.03840
vn -0.19180 -0.41090 0.89130
vn -0.89450 -0.08450 -0.43900
vn -0.86020 -0.11230 -0.49750
vn -0.77660 -0.11460 -0.61940
vn 0.83150 0.14640 0.53590
vn 0.85310 0.14170 0.50220
vn 0.87800 0.20270 0.43360
vn -0.93760 -0.11880 -0.32670
vn 0.90750 0.17990 0.37950
vn 0.87880 0.13380 0.45810
vn -0.79090 -0.24600 0.56040
vn -0.28700 0.01680 0.95780
vn 0.92580 0.20780 0.31590
vn 0.00310 0.99980 -0.02120
vn 0.00750 0.99980 -0.01680
vn 0.00370 0.99980 -0.02060
vn 0.05930 0.99800 -0.02160
vn 0.02870 0.99930 -0.02290
vn 0.94810 0.04490 0.31490
vn 0.00420 0.99970 -0.02400
vn 0.00750 0.99980 -0.01700
vn -0.93330 -0.16700 -0.31780
vn -0.00720 -0.99960 0.02620
vn -0.00640 -0.99970 0.02270
vn 0.00860 0.99990 -0.01440
vn -0.92350 0.36230 -0.12580
vn -0.02700 -0.99330 0.11270
vn 0.01010 0.99990 -0.01390
vn 0.14340 -0.06020 -0.98780
vn 0.15980 0.18940 -0.96880
vn 0.11740 0.09070 -0.98890
vn 0.02160 0.99510 -0.09680
vn 0.11260 0.32420 -0.93930
vn 0.01530 0.99990 -0.00180
vn 0.00780 0.99990 0.00940
vn 0.00960 0.99840 -0.05510
vn 0.00640 0.99830 0.05850
vn -0.00420 0.99960 0.02710
vn 0.31970 -0.03350 -0.94690
vn 0.31150 -0.01460 -0.95010
vn 0.30370 0.00310 -0.95280
vn 0.12070 0.22440 -0.96700
vn 0.10840 0.20180 -0.97340
vn 0.02410 0.99790 0.05930
vn 0.04450 0.99500 0.08970
vn -0.00860 -0.99860 -0.05200
vn 0.01790 -0.99490 -0.09930
vn -0.22310 -0.01600 -0.97470
vn -0.00430 0.99980 0.01680
vn -0.01590 -0.99910 -0.03880
vn -0.01320 -0.99280 0.11910
vn 0.06040 0.99190 -0.11180
vn -0.26500 -0.24470 0.93270
vn -0.25160 -0.24030 0.93750
vn -0.27600 -0.24830 0.92850
vn -0.26650 0.35420 -0.89640
vn -0.25190 -0.26070 0.93200
vn 0.90590 -0.04110 0.42150
vn 0.55740 0.33500 -0.75970
vn -0.23290 -0.26400 0.93600
vn 0.99860 -0.03250 0.04120
vn 0.98510 -0.01470 0.17130
vn 0.99940 -0.01980 0.02930
vn -0.17020 0.01520 0.98530
vn -0.14570 -0.05020 0.98810
vn 0.08700 0.23660 -0.96770
vn 0.02470 0.24520 -0.96920
vn -0.19730 0.09020 0.97620
vn 0.11770 0.68430 0.71970
vn 0.14680 0.24820 -0.95750
vn 0.11950 0.25830 -0.95860
vn -0.11550 0.34900 -0.93000
vn -0.15840 0.27020 -0.94970
vn -0.20680 -0.26710 0.94120
vn -0.20220 -0.26960 0.94150
vn 0.99800 -0.01490 -0.06150
vn -0.99770 -0.00910 0.06740
vn -0.97950 0.01670 0.20090
vn -0.05380 0.45420 -0.88930
vn 0.09970 -0.99370 0.05080
vn 0.09960 -0.99370 0.05080
vn 0.14140 -0.98640 0.08360
vn 0.60290 0.62940 -0.49020
vn 0.98520 0.12160 0.12100
vn -0.99960 -0.02450 -0.01290
vn 0.99930 0.00610 -0.03750
vn 0.06600 -0.99750 0.02440
vn -0.99500 0.06890 0.07240
vn -0.76130 0.11860 0.63740
vn -0.70370 0.04200 0.70930
vn -0.70360 0.04200 0.70930
vn 0.98940 0.05020 0.13610
vn -0.08040 0.99650 -0.02120
vn -0.08050 0.99650 -0.02110
vn -0.05350 0.99680 -0.05900
vn -0.53310 -0.13580 0.83510
vn -0.85120 -0.30850 -0.42460
vn -0.98260 -0.14040 -0.12160
vn -0.98260 -0.14040 -0.12170
vn 0.88960 0.43500 0.13930
vn 0.98170 0.12110 0.14670
vn -0.61970 -0.78030 -0.08450
vn -0.98440 -0.13520 -0.11250
vn -0.65910 0.75130 0.03510
vn 0.98880 0.06050 0.13670
vn -0.09390 0.99560 -0.00220
vn 0.99290 -0.11880 -0.00350
vn 0.10330 0.24750 -0.96340
vn -0.00440 -0.99980 0.02130
vn 0.07800 0.98700 -0.14060
vn 0.04710 0.99420 -0.09680
vn 0.02730 0.99850 0.04670
vn -0.98960 0.14070 -0.02960
vn -0.99540 -0.09100 0.03130
vn -0.99110 0.13330 -0.00030
vn 0.99620 0.08590 -0.01220
vn 0.97070 0.22960 -0.07100
vn 0.99920 0.03580 0.01520
vn -0.99570 -0.09200 0.00680
vn -0.99770 -0.06810 -0.00470
vn -0.98380 -0.17110 -0.05440
vn -0.37060 -0.92640 -0.06730
vn -0.36330 -0.92810 -0.08150
vn -0.41850 -0.90440 -0.08270
vn -0.98960 -0.13260 0.05650
vn 0.11070 0.98410 -0.13910
vn -0.95260 0.30310 -0.02480
vn -0.31180 -0.94680 -0.08020
vn 0.00600 -0.99920 -0.03830
vn -0.01580 -0.99960 -0.02190
vn 0.01900 -0.99910 -0.03720
vn 0.00960 0.99170 0.12790
vn 0.45180 -0.89200 -0.01180
vn 0.42840 -0.90360 -0.00720
vn 0.44530 -0.89460 -0.03860
vn 0.00770 0.99990 -0.01400
vn 0.02310 -0.99840 -0.05180
vn 0.99820 -0.03730 0.04730
vn -0.96710 -0.24730 -0.05970
vn 0.09040 -0.99500 -0.04200
vn 0.04240 -0.99820 -0.04320
vn 0.97340 0.22850 0.01920
vn 0.97970 0.19860 0.02570
vn 0.00830 -0.99950 0.03100
vn 0.01750 -0.99860 -0.05070
vn -0.91300 0.40740 0.02200
vn 0.01650 -0.99850 -0.05280
vn 0.89920 0.09760 0.42650
vn -0.35190 0.91930 -0.17640
vn -0.04290 0.99330 -0.10720
vn 0.99590 -0.06000 0.06720
vn 0.00740 0.98600 0.16680
vn 0.04990 0.99520 -0.08440
vn -0.63960 -0.36680 -0.67550
vn 0.84190 -0.10990 0.52840
vn -0.89430 -0.43450 -0.10700
vn 0.18600 0.17040 -0.96770
vn 0.19600 0.24200 -0.95030
vn 0.20550 0.31180 -0.92770
vn -0.92120 0.02080 -0.38850
vn -0.34030 -0.93190 -0.12540
vn 0.17450 0.09640 -0.97990
vn -0.09010 0.23290 -0.96830
vn -0.09180 0.22160 -0.97080
vn -0.07490 0.23960 -0.96800
vn 0.17440 0.09360 -0.98020
vn 0.00730 0.98590 0.16690
vn -0.72270 0.26320 -0.63910
vn -0.09380 0.20750 -0.97370
vn 0.59130 0.33650 -0.73290
vn -0.89490 0.44020 0.07370
vn -0.13780 0.17160 -0.97550
vn 0.98530 0.16770 0.03230
vn 0.94460 -0.11430 -0.30770
vn 0.95230 -0.10160 -0.28790
vn 0.95220 -0.10200 -0.28780
vn -0.93320 0.08330 -0.34970
vn -0.28270 0.05270 0.95780
vn -0.17860 -0.03600 0.98330
vn -0.17600 0.00340 0.98440
vn -0.15820 0.24490 -0.95660
vn -0.25040 0.23550 -0.93910
vn -0.17290 0.04480 0.98390
vn 0.05940 0.25820 -0.96430
vn -0.18170 0.01460 0.98320
vn -0.90290 -0.42980 0.00780
vn 0.52680 -0.80670 -0.26780
vn 0.97670 -0.05120 -0.20820
vn 0.07830 -0.99630 -0.03660
vn 0.37520 -0.64950 -0.66130
vn 0.30670 -0.66680 -0.67920
vn 0.24930 -0.65820 -0.71040
vn -1.00000 -0.00050 0.00010
vn -1.00000 0.00460 0.00280
vn -0.99990 0.00140 0.01380
vn 0.99890 -0.02030 0.04160
vn 0.99890 -0.02050 0.04210
vn 0.99890 -0.02050 0.04220
vn -0.00300 0.99920 0.03920
vn 0.00970 0.99920 0.03780
vn 0.02640 0.99850 0.04720
vn -0.50080 -0.54530 -0.67220
vn -0.25530 -0.52930 -0.80910
vn -0.11140 -0.52340 -0.84480
vn 0.99890 -0.02060 0.04240
vn 0.53860 -0.69180 -0.48090
vn -0.99990 0.00870 -0.01090
vn -0.99890 0.04190 0.02230
vn 0.42000 -0.64330 -0.64010
vn 0.47850 -0.61550 -0.62630
vn -0.67670 -0.46650 -0.56960
vn 0.04700 -0.46060 -0.88640
vn -0.33470 -0.94120 -0.04610
vn -0.47400 -0.83240 -0.28710
vn -0.93680 0.03910 -0.34770
vn -0.00880 0.99920 0.03990
vn -0.05120 0.99830 0.02600
vn 0.23250 0.71760 -0.65650
vn 0.11530 -0.99310 -0.02320
vn 0.00470 -0.98330 -0.18170
vn 0.13020 -0.29330 0.94710
vn 0.09660 -0.30960 0.94590
vn 0.16990 -0.27660 0.94580
vn -0.88880 -0.13620 0.43760
vn 0.02490 0.99370 0.10940
vn -0.95700 -0.27880 0.08050
vn -0.08320 -0.94950 -0.30270
vn 0.00120 0.80330 0.59560
vn 0.94360 -0.13050 0.30430
vn -0.93870 0.17900 -0.29460
vn -0.02290 -0.35860 0.93320
vn -0.18860 -0.70820 0.68030
vn 0.57410 -0.63160 -0.52100
vn 0.41380 -0.52710 0.74220
vn 0.14760 0.31220 0.93850
vn 0.14760 0.31230 0.93850
vn 0.19050 0.16360 0.96800
vn -0.05050 -0.37500 0.92560
vn -0.73400 0.47820 0.48220
vn -0.74820 0.46450 0.47380
vn -0.71220 0.49830 0.49440
vn 0.09500 0.47040 0.87730
vn -0.99080 -0.13510 -0.00620
vn -0.85840 0.41850 0.29650
vn 0.22180 -0.97500 -0.01300
vn -0.17370 -0.00110 0.98480
vn 0.09900 0.40500 -0.90890
vn 0.10990 0.41250 -0.90430
vn 0.09040 0.54670 -0.83250
vn 0.08580 0.54460 -0.83430
vn 0.07600 0.80790 -0.58440
vn 0.97930 0.15100 -0.13500
vn 0.89700 0.17150 -0.40730
vn 0.90930 0.28300 -0.30510
vn -0.72990 0.36410 -0.57860
vn -0.73070 0.26740 -0.62810
vn -0.76470 0.38620 -0.51580
vn -0.99930 -0.03260 0.02070
vn -0.99860 -0.02990 0.04290
vn -0.99930 -0.02570 0.02700
vn 0.99010 0.13450 -0.04130
vn 0.99300 0.01560 0.11710
vn -0.78870 0.46830 -0.39840
vn 0.30800 -0.08210 -0.94780
vn 0.22460 0.00560 -0.97440
vn 0.30620 -0.06630 -0.94970
vn 0.07110 0.80710 -0.58610
vn -0.80980 -0.09110 -0.57950
vn -0.80360 -0.00580 -0.59520
vn -0.81070 -0.12960 -0.57100
vn 0.92970 0.06900 0.36190
vn 0.19410 0.03680 -0.98030
vn -0.15330 0.94790 0.27930
vn -0.20000 0.91220 0.35760
vn -0.99830 -0.04260 0.03870
vn 0.17450 0.04850 -0.98350
vn -0.99760 -0.05440 0.04260
vn -0.22850 0.58490 0.77830
vn -0.03670 0.99590 0.08320
vn 0.91130 0.34900 -0.21860
vn -0.56700 -0.68060 0.46390
vn -0.68170 -0.53540 0.49860
vn -0.62140 -0.55020 0.55780
vn -0.53870 -0.68110 0.49590
vn 0.90990 0.36820 -0.19090
vn -0.99980 -0.01960 -0.00600
vn -0.99840 -0.03990 0.04000
vn -0.99700 -0.06540 0.04090
vn 0.99620 -0.03410 0.08060
vn 0.34400 -0.71580 0.60760
vn 0.32860 -0.64360 0.69120
vn 0.34680 -0.80090 0.48810
vn 0.99740 0.06120 -0.03700
vn 0.99930 0.02830 -0.02280
vn 0.99800 0.05230 -0.03580
vn 0.33760 -0.63860 0.69160
vn 0.07060 0.89810 -0.43410
vn -0.40940 -0.65400 0.63610
vn -0.99510 -0.08670 0.04840
vn 0.99170 0.11980 -0.04660
vn 0.09830 -0.63640 0.76500
vn 0.15070 -0.67050 0.72640
vn 0.07510 -0.88070 0.46770
vn 0.09160 -0.82290 0.56070
vn -0.80740 0.50820 -0.29970
vn -0.48170 -0.80940 0.33590
vn 0.10930 -0.60160 0.79130
vn -0.99440 -0.10090 0.03040
vn 0.07720 0.89970 -0.42950
vn 0.35290 -0.85370 0.38310
vn 0.34450 -0.85770 0.38170
vn -0.99610 -0.08640 0.01700
vn -0.43560 -0.83750 0.32980
vn -0.99750 -0.06960 0.01300
vn 0.98820 0.14610 -0.04610
vn 0.98070 0.18900 -0.05010
vn 0.99660 -0.07840 0.02540
vn 0.03910 -0.97160 0.23350
vn 0.06150 -0.95130 0.30200
vn 0.02080 -0.99350 -0.11190
vn -0.81520 0.46920 -0.33950
vn 0.19280 -0.00600 -0.98120
vn 0.20320 -0.05550 -0.97760
vn -0.02440 -0.99960 0.01470
vn -0.00240 -0.99970 -0.02550
vn -0.00920 -0.99970 -0.02350
vn -0.98290 -0.01490 -0.18340
vn 0.15660 -0.14180 -0.97740
vn -0.11350 -0.07900 -0.99040
vn 0.13200 -0.13640 -0.98180
vn 0.24250 -0.14780 -0.95880
vn 0.28740 -0.11290 -0.95110
vn 0.98840 0.04560 0.14490
vn 0.99000 0.04090 0.13470
vn 0.04330 0.98870 -0.14350
vn 0.20090 -0.19520 -0.96000
vn -0.79060 -0.16470 -0.58970
vn -0.78290 -0.14850 -0.60410
vn -0.78300 -0.14850 -0.60410
vn 0.17280 -0.22930 -0.95790
vn 0.27660 -0.09450 -0.95630
vn 0.20860 -0.08180 -0.97460
vn -0.77500 -0.13260 -0.61790
vn -0.27910 0.11280 0.95360
vn 0.01460 0.99970 -0.02130
vn 0.01580 0.99920 -0.03640
vn 0.01200 0.99590 -0.08930
vn 0.98610 0.05170 0.15800
vn -0.00030 -0.99990 0.01100
vn -0.00540 -0.99960 0.02860
vn 0.18340 -0.32700 -0.92710
vn 0.00870 0.99980 -0.01540
vn 0.00870 0.99980 -0.01800
vn 0.15160 -0.10680 -0.98270
vn 0.13420 -0.11200 -0.98460
vn 0.00200 0.99970 0.02540
vn 0.01580 0.99990 0.00220
vn 0.01940 -0.99980 0.00890
vn 0.01590 -0.99990 0.00030
vn -0.01040 -0.99970 0.02250
vn 0.11590 -0.11750 -0.98630
vn 0.97710 -0.01740 0.21190
vn 0.99540 0.01120 0.09540
vn 0.99990 -0.01030 0.00580
vn -0.01910 -0.99210 0.12370
vn -0.02770 -0.99780 0.06030
vn -0.18990 0.01470 0.98170
vn -0.05470 -0.60090 0.79750
vn 0.01390 -0.99150 0.12970
vn -0.02470 -0.99700 0.07320
vn -0.01280 -0.99850 0.05400
vn 0.04960 0.99820 -0.03440
vn 0.00610 0.99970 -0.02550
vn -0.19160 0.00360 0.98150
vn 0.65960 0.15620 0.73520
vn 0.99170 0.01880 0.12690
vn 0.00260 0.99670 -0.08120
vn 0.00860 0.99990 -0.01300
vn -0.26150 0.19310 0.94570
vn -0.23660 0.17040 0.95660
vn -0.31100 0.13570 0.94070
vn -0.97760 -0.02720 -0.20880
vn -0.97080 -0.03770 -0.23710
vn -0.97760 -0.02720 -0.20870
vn -0.26400 0.78470 0.56080
vn 0.85420 -0.26710 0.44600
vn 0.19890 -0.04610 -0.97890
vn 0.14720 -0.55920 0.81590
vn -0.24300 0.24780 0.93780
vn -0.02390 -0.12570 -0.99180
vn -0.00030 -0.11800 -0.99300
vn 0.04040 0.99140 -0.12440
vn 0.04240 0.99210 -0.11820
vn -0.98260 -0.01830 -0.18470
vn -0.47030 0.17010 0.86590
vn -0.33360 0.13960 0.93230
vn 0.02390 0.98430 -0.17490
vn -0.89890 -0.06690 -0.43300
vn -0.94740 -0.04030 -0.31740
vn -0.92920 -0.04590 -0.36680
vn 0.99940 0.03410 0.00100
vn 0.99940 -0.00730 -0.03510
vn 0.99800 -0.00280 -0.06360
vn -0.96570 -0.02700 -0.25840
vn -0.04800 -0.13340 -0.98990
vn -0.99290 -0.01750 -0.11770
vn -0.00460 0.99600 -0.08970
vn 0.58780 0.68280 0.43400
vn -0.15400 0.10380 0.98260
vn -0.07940 0.94620 0.31360
vn 0.99990 -0.01180 -0.00690
vn -0.05700 0.10940 0.99240
vn -0.02940 0.07280 0.99690
vn 0.06840 0.07480 0.99490
vn -0.11960 0.06900 0.99040
vn -0.18800 0.02630 0.98180
vn 0.12640 -0.18130 -0.97530
vn 0.17920 -0.22870 -0.95690
vn 0.20060 -0.15610 -0.96720
vn -0.00800 -0.99990 -0.01500
vn -0.00050 1.00000 -0.00520
vn -0.00020 0.99980 -0.02100
vn 0.00110 0.99970 -0.02310
vn 0.12290 -0.10710 -0.98660
vn 0.28870 -0.02580 -0.95710
vn -0.11640 0.02040 0.99300
vn -0.16900 -0.00280 0.98560
vn -0.17860 -0.04950 0.98270
vn 0.14580 -0.01510 -0.98920
vn 0.13470 -0.36770 -0.92010
vn 0.17510 -0.12550 -0.97650
vn 0.20510 -0.09520 -0.97410
vn 0.25860 -0.07810 -0.96280
vn 0.00560 0.99970 -0.02540
vn 0.00450 1.00000 0.00050
vn -0.23400 -0.01280 0.97220
vn 0.03700 -0.99930 -0.00520
vn 0.03260 -0.99930 0.01970
vn 0.03570 -0.99810 0.05010
vn 0.03300 -0.97200 -0.23280
vn -0.00030 -0.99840 -0.05590
vn -0.01310 -0.99990 -0.00180
vn 0.31930 0.03540 -0.94700
vn 0.97370 -0.13310 0.18500
vn 0.97370 -0.13310 0.18510
vn 0.96640 -0.11880 0.22790
vn -0.01830 -0.99950 0.02490
vn -0.97890 0.13320 -0.15470
vn -0.98030 0.13720 -0.14230
vn -0.05370 -0.05600 -0.99700
vn -0.96360 0.13270 -0.23220
vn 0.40890 -0.02860 -0.91210
vn 0.37510 -0.08560 -0.92300
vn 0.97770 -0.14330 0.15330
vn -0.15160 -0.01620 0.98830
vn 0.91120 0.02720 -0.41110
vn 0.91510 0.01650 -0.40290
vn 0.91120 0.02730 -0.41110
vn 0.03710 0.99930 0.00780
vn 0.02540 0.99890 -0.04050
vn 0.05630 0.99730 -0.04800
vn -0.97750 0.12910 -0.16690
vn -0.00640 0.99940 0.03310
vn -0.02180 -0.99910 0.03530
vn -0.00940 0.08420 0.99640
vn -0.06780 0.09240 0.99340
vn -0.42500 -0.12610 0.89640
vn 0.00920 -0.99970 -0.02410
vn -0.39740 -0.07090 0.91490
vn -0.12240 0.09420 0.98800
vn -0.09100 0.09450 0.99140
vn 0.97740 -0.12920 0.16750
vn 0.03900 -0.99770 -0.05490
vn 0.05270 -0.99660 -0.06350
vn 0.04450 -0.99650 -0.07060
vn 0.16370 -0.98640 -0.01350
vn 0.07160 -0.99680 -0.03430
vn 0.04680 -0.99590 -0.07720
vn -0.02810 0.10080 0.99450
vn -0.03730 0.09840 0.99440
vn 0.90710 0.03810 -0.41920
vn 0.00160 0.99980 0.02130
vn -0.54880 0.21070 0.80890
vn 0.94920 -0.05600 -0.30980
vn 0.87670 -0.22190 -0.42680
vn -0.02210 0.99970 0.00470
vn 0.04320 0.99740 -0.05780
vn 0.37990 -0.16230 -0.91070
vn 0.31820 -0.13380 -0.93850
vn 0.80960 -0.32190 -0.49090
vn 0.01790 -0.99540 -0.09370
vn 0.00820 0.99930 -0.03650
vn 0.09760 0.99350 -0.05830
vn 0.42410 -0.18270 -0.88700
vn -0.93670 0.10920 -0.33270
vn -0.95280 0.15990 -0.25810
vn -0.94070 0.18740 -0.28290
vn 0.72330 -0.01880 0.69020
vn 0.83500 -0.21230 0.50770
vn 0.83500 -0.21230 0.50760
vn 0.24010 -0.05970 -0.96890
vn -0.91230 -0.02200 -0.40890
vn -0.80880 -0.34650 0.47520
vn -0.96310 0.12620 -0.23770
vn -0.89480 0.08030 -0.43920
vn 0.16840 -0.98410 0.05710
vn 0.85470 -0.10570 0.50830
vn 0.85470 -0.10570 0.50820
vn 0.71040 -0.11480 0.69430
vn -0.93100 0.19150 -0.31090
vn 0.94100 -0.09310 0.32530
vn 0.80790 -0.31600 0.49740
vn 0.83140 -0.45870 0.31350
vn -0.01420 -0.99980 0.01070
vn -0.01860 -0.99980 0.00590
vn -0.01900 -0.99980 0.00590
vn -0.24060 0.10910 0.96450
vn -0.23230 0.10520 0.96690
vn -0.24890 0.11280 0.96190
vn -0.00760 0.99930 -0.03670
vn -0.02370 0.99820 -0.05420
vn -0.88460 -0.06510 -0.46180
vn 0.51720 0.80780 0.28290
vn 0.00760 0.99980 -0.02020
vn 0.79480 -0.27660 0.54010
vn -0.85910 0.06240 -0.50810
vn -0.02240 -0.99970 0.00180
vn 0.40730 -0.15950 -0.89920
vn 0.40740 -0.15950 -0.89920
vn 0.39330 -0.15280 -0.90660
vn 0.42340 -0.16720 -0.89040
vn -0.88350 0.20130 -0.42290
vn -0.89800 0.21960 -0.38120
vn -0.88440 0.06910 -0.46150
vn -0.01490 -0.99990 0.00610
vn 0.89280 -0.20250 0.40250
vn 0.91350 -0.23250 0.33380
vn 0.89270 -0.20250 0.40250
vn -0.40880 0.16200 0.89810
vn -0.34520 0.13050 0.92940
vn -0.40890 0.16200 0.89810
vn -0.47650 0.19560 0.85710
vn 0.85550 -0.26860 0.44260
vn -0.89250 -0.01100 -0.45090
vn -0.88780 0.15900 -0.43190
vn -0.88920 -0.03340 -0.45620
vn 0.86840 -0.17340 0.46450
vn 0.19940 -0.08680 -0.97610
vn 0.19510 -0.06860 -0.97840
vn 0.15220 -0.09850 -0.98340
vn -0.07890 0.99690 -0.00320
vn 0.05580 -0.10760 -0.99260
vn 0.13900 -0.12560 -0.98230
vn 0.32790 -0.03170 -0.94420
vn 0.97910 -0.13490 0.15200
vn -0.17580 0.30650 0.93550
vn -0.17580 0.30640 0.93550
vn -0.17770 0.30180 0.93670
vn -0.87320 0.16170 -0.45980
vn 0.88630 -0.01750 -0.46290
vn 0.88590 -0.01670 -0.46360
vn 0.88630 -0.01750 -0.46280
vn 0.07230 0.99610 -0.05000
vn 0.07410 0.99720 -0.00400
vn 0.04290 0.99900 -0.01280
vn 0.04770 0.99820 -0.03660
vn 0.07350 0.11880 0.99020
vn 0.88660 -0.01830 -0.46210
vn -0.01830 0.99790 0.06180
vn 0.08300 0.99440 -0.06510
vn -0.16950 0.32140 0.93170
vn 0.37970 -0.12900 -0.91610
vn -0.54760 0.78530 0.28890
vn -0.95140 0.19140 -0.24140
vn -0.95220 0.19080 -0.23860
vn -0.95060 0.19200 -0.24390
vn 0.65950 0.01960 0.75140
vn 0.92010 -0.19750 0.33830
vn -0.13370 0.07240 0.98840
vn -0.17700 0.09260 0.97980
vn -0.22390 0.11440 0.96790
vn -0.01330 -0.99820 0.05770
vn 0.00150 -0.99970 0.02380
vn -0.00040 -0.99970 0.02330
vn 0.87500 -0.01520 0.48390
vn 0.83840 0.30410 0.45230
vn 0.57550 0.61750 0.53620
vn 0.78300 0.35560 0.51030
vn 0.02440 -0.99780 0.06230
vn -0.03880 -0.99920 -0.00560
vn -0.04910 0.99780 -0.04380
vn -0.03880 0.99860 -0.03640
vn -0.04390 0.99820 -0.04050
vn -0.81270 0.14570 -0.56420
vn 0.06840 -0.99160 0.10940
vn 0.86190 -0.14780 0.48510
vn 0.87870 -0.06580 0.47270
vn -0.87370 0.28200 -0.39640
vn 0.30880 -0.76530 -0.56480
vn -0.71490 0.17150 -0.67790
vn -0.08030 0.99460 -0.06610
vn 0.81590 -0.12260 0.56510
vn -0.87980 -0.07490 -0.46940
vn -0.86570 0.12450 -0.48490
vn -0.87980 -0.07480 -0.46950
vn -0.79880 0.13930 -0.58520
vn -0.85980 -0.37470 -0.34690
vn -0.83330 -0.12860 -0.53760
vn -0.86510 0.00330 -0.50150
vn 0.85430 -0.19850 0.48040
vn 0.88450 -0.23130 0.40510
vn 0.81550 -0.15420 0.55780
vn -0.00100 -0.99970 0.02310
vn 0.82140 -0.14680 0.55110
vn -0.05460 0.99770 -0.04070
vn 0.02280 0.99970 -0.00100
vn -0.06180 0.99500 -0.07860
vn 0.02170 0.99950 -0.02340
vn -0.18750 0.97330 -0.13240
vn 0.03420 0.99930 -0.01510
vn -0.32990 0.11740 0.93670
vn -0.37170 0.13680 0.91820
vn -0.81950 0.06720 -0.56920
vn 0.00310 -0.99970 0.02380
vn 0.00440 -0.99960 0.02610
vn -0.28430 0.09630 0.95390
vn 0.87650 0.22870 0.42360
vn 0.79930 -0.12970 0.58680
vn 0.02080 0.99900 -0.04030
vn 0.00550 -0.99960 0.02800
vn -0.88480 0.09750 -0.45560
vn -0.25440 -0.16440 -0.95300
vn 0.13580 0.99070 0.01130
vn -0.06830 0.99630 -0.05200
vn 0.00480 0.99990 -0.01580
vn -0.10720 0.99290 -0.05090
vn 0.46250 -0.06670 -0.88410
vn 0.90670 0.22250 0.35840
vn -0.86150 0.10820 -0.49610
vn 0.05360 0.99550 0.07870
vn -0.87470 0.10090 -0.47410
vn -0.81810 0.10020 -0.56630
vn -0.86490 -0.23690 -0.44260
vn 0.81760 -0.08930 0.56880
vn 0.79840 -0.12540 0.58890
vn -0.38130 0.08950 0.92010
vn -0.07970 0.99570 0.04700
vn 0.24280 0.16470 0.95600
vn -0.03890 -0.99920 0.00820
vn -0.16370 0.98560 0.04260
vn -0.92050 0.11580 -0.37310
vn 0.33320 0.09230 -0.93830
vn 0.12640 0.15250 -0.98020
vn -0.03840 0.27380 -0.96100
vn -0.12260 0.30880 -0.94320
vn -0.21160 0.38980 -0.89630
vn 0.22760 0.45130 -0.86290
vn -0.82730 0.15250 -0.54070
vn 0.87840 -0.06570 0.47350
vn 0.98540 -0.11490 0.12550
vn 0.99480 -0.09300 0.04230
vn 0.98930 0.12150 -0.08030
vn 0.95500 -0.24980 0.15990
vn 0.99930 0.02620 0.02710
vn -0.99410 0.08320 0.06960
vn -0.99820 -0.02000 -0.05590
vn -0.98880 0.08110 0.12520
vn -0.04680 0.69800 -0.71460
vn -0.05180 0.78760 -0.61400
vn -0.06680 0.69860 -0.71240
vn -0.01870 -0.88020 0.47420
vn 0.29130 -0.78490 -0.54690
vn 0.28700 -0.66710 -0.68750
vn 0.26810 -0.62430 -0.73370
vn -0.45300 0.57410 -0.68200
vn -0.45530 0.68670 -0.56670
vn -0.44690 0.52840 -0.72190
vn 0.30220 0.65930 -0.68840
vn 0.29950 0.74730 -0.59310
vn 0.28100 0.75550 -0.59180
vn 0.25330 0.58000 -0.77430
vn -0.99840 -0.05080 0.02510
vn -0.99720 -0.04570 0.05940
vn -0.99850 -0.04380 0.03390
vn -0.24330 -0.62990 -0.73760
vn -0.27480 -0.76460 -0.58300
vn -0.25890 -0.66560 -0.70000
vn 0.99930 -0.02210 0.03120
vn 0.99930 -0.02450 0.02820
vn 0.99570 0.08120 -0.04570
vn -0.99760 -0.05530 -0.04270
vn -0.06210 -0.50840 -0.85890
vn 0.02930 -0.47440 -0.87980
vn -0.01090 -0.48300 -0.87560
vn -0.10340 0.47760 -0.87250
vn 0.04080 -0.47560 -0.87870
vn -0.00030 0.45170 -0.89220
vn 0.20980 0.52210 -0.82670
vn 0.99380 0.05850 -0.09470
vn -0.99320 -0.03750 0.11050
vn -0.99900 0.02230 -0.03910
vn -0.99760 0.03800 -0.05800
vn -0.99870 0.04560 -0.02180
vn 0.08190 -0.49090 -0.86740
vn -0.11940 -0.36710 -0.92250
vn -0.13090 0.54000 -0.83140
vn -0.99950 0.01460 0.02820
vn -1.00000 -0.00300 -0.00460
vn -0.99970 0.02010 0.01420
vn -0.93190 0.21830 0.28960
vn 0.04390 0.90290 0.42750
vn 0.99640 0.05240 0.06720
vn 0.99570 0.06640 0.06430
vn 0.99610 0.05460 0.06890
vn 0.98590 -0.09310 -0.13920
vn 0.98490 -0.07720 -0.15490
vn 0.98340 -0.07820 -0.16360
vn -0.99670 0.03320 0.07410
vn -0.14100 0.57040 -0.80920
vn 0.03890 -0.50220 -0.86390
vn -0.20160 -0.44370 -0.87320
vn 0.99300 0.04330 -0.10960
vn -0.12550 -0.31980 -0.93910
vn 0.99520 0.06740 0.07100
vn -0.10680 -0.03510 -0.99370
vn -0.04270 0.76130 -0.64700
vn -0.99580 -0.06230 -0.06690
vn 0.23200 0.35620 -0.90520
vn -0.20390 -0.33180 -0.92110
vn 0.23920 -0.33770 -0.91040
vn 0.25620 -0.34220 -0.90400
vn 0.01190 -0.62850 0.77770
vn 0.01380 -0.75570 0.65480
vn 0.01120 -0.75680 0.65350
vn -0.99550 0.01610 -0.09380
vn 0.99740 -0.01650 -0.07010
vn 0.95700 0.09670 -0.27340
vn 0.98230 -0.03530 -0.18370
vn -0.14240 0.22040 -0.96500
vn -0.12700 0.20640 -0.97020
vn 0.98980 0.03540 -0.13800
vn 0.99090 0.02330 -0.13240
vn -0.10940 -0.04050 -0.99320
vn -0.99250 -0.03590 0.11700
vn -0.87740 -0.30380 0.37130
vn -0.86720 -0.37680 0.32550
vn -0.98980 -0.05300 -0.13210
vn 0.16040 0.24760 -0.95550
vn -0.99310 -0.00030 0.11690
vn 0.99730 0.02650 0.06810
vn -0.98760 0.01030 0.15660
vn -0.45340 0.34620 -0.82130
vn 0.90130 -0.25220 0.35220
vn 0.20320 -0.10220 -0.97380
vn 0.01220 -0.62700 0.77890
vn -0.39600 0.22730 -0.88970
vn -0.28660 -0.07070 -0.95540
vn -0.99170 0.01480 -0.12800
vn -0.24310 -0.10320 -0.96450
vn 0.17040 0.01580 -0.98520
vn 0.98500 -0.00410 -0.17230
vn 0.97770 -0.03690 -0.20660
vn -0.82460 0.17640 0.53740
vn 0.79250 0.33220 0.51140
vn 0.79710 0.26810 0.54110
vn 0.79480 0.21390 0.56800
vn -0.98950 -0.01690 -0.14370
vn -0.98750 -0.01850 -0.15660
vn 0.85010 -0.13560 0.50890
vn 0.98750 -0.00870 -0.15710
vn -0.85340 -0.19110 0.48490
vn 0.84330 -0.16500 0.51150
vn 0.25150 -0.67400 -0.69460
vn -0.82440 -0.14810 0.54630
vn 0.81670 0.30250 0.49140
vn 0.01030 0.41090 0.91160
vn 0.00390 0.54260 0.84000
vn -0.00180 0.54590 0.83780
vn 0.01160 -0.29670 0.95490
vn 0.81060 0.07510 0.58070
vn 0.82530 0.00170 0.56470
vn 0.01340 0.40310 0.91510
vn -0.81590 0.05600 0.57540
vn -0.81510 -0.00960 0.57920
vn 0.00690 -0.29240 0.95630
vn 0.01450 -0.01700 0.99980
vn 0.01690 0.12490 0.99200
vn -0.23110 -0.66590 -0.70940
vn -0.99920 -0.01080 -0.03760
vn 0.66260 0.52530 0.53400
vn -0.01270 -0.23680 -0.97150
vn 0.07040 -0.21930 -0.97310
vn -0.86460 -0.30240 0.40120
vn 0.00400 0.07760 -0.99700
vn -0.05680 0.02100 -0.99820
vn -0.00860 -0.04480 -0.99900
vn 0.00740 -0.02610 -0.99960
vn 0.02730 -0.03430 -0.99900
vn -0.02910 0.04380 -0.99860
vn 0.03330 -0.06340 -0.99740
vn 0.01520 0.13560 -0.99060
vn -0.04330 -0.14900 -0.98790
vn 0.04000 -0.44460 -0.89480
vn 0.04990 0.99670 -0.06330
vn 0.05170 0.99670 -0.06180
vn 0.05110 0.99700 -0.05730
vn 0.04710 0.99740 -0.05540
vn 0.04880 0.99740 -0.05220
vn -0.99590 0.08000 -0.04310
vn -0.99600 0.07680 -0.04480
vn -0.99600 0.07670 -0.04480
vn 0.97980 -0.14760 -0.13500
vn 0.97560 -0.16530 -0.14480
vn 0.97980 -0.14760 -0.13490
vn -0.99620 0.07320 -0.04660
vn 0.77570 0.43310 0.45900
vn -0.00650 0.02980 0.99950
vn -0.01300 0.05500 0.99840
vn 0.00170 -0.00210 1.00000
vn 0.98280 -0.13380 -0.12720
vn 0.25610 -0.67560 -0.69140
vn 0.23380 -0.68460 -0.69050
vn 0.23380 -0.68450 -0.69050
vn -0.05150 -0.99700 0.05760
vn -0.05160 -0.99700 0.05760
vn -0.05570 -0.99630 0.06550
vn -0.84870 0.52570 -0.05780
vn 0.12410 0.99210 -0.01990
vn 0.09580 0.99540 -0.00200
vn 0.15230 0.98750 -0.04090
vn 0.05410 0.99740 -0.04860
vn 0.99470 -0.08230 0.06220
vn 0.99260 -0.09790 0.07170
vn 0.93780 0.28860 0.19300
vn 0.82150 0.46080 0.33600
vn 0.99240 0.11280 0.04970
vn -0.49860 0.77660 -0.38510
vn 0.08720 0.99620 0.00750
vn 0.26670 0.95510 -0.12910
vn -0.01980 0.02320 -0.99950
vn 0.99940 0.02560 -0.02110
vn 0.97770 0.17870 -0.11030
vn 0.99940 0.02230 -0.02550
vn -0.18290 0.50450 -0.84380
vn -0.09220 0.64890 -0.75530
vn -0.09940 0.63850 -0.76320
vn 0.06360 0.99670 0.05130
vn 0.98690 0.15960 -0.02240
vn 0.03970 0.99790 -0.05040
vn -0.04740 -0.99760 0.04960
vn -0.00850 0.18900 -0.98190
vn -0.00870 0.18930 -0.98190
vn -0.01780 0.21080 -0.97740
vn -0.00500 0.18050 -0.98360
vn 0.98690 0.15870 0.02830
vn 0.03610 0.99810 -0.04980
vn 0.02790 0.99770 -0.06130
vn -0.10210 0.57350 0.81280
vn 0.03860 0.99900 -0.02170
vn 0.98890 0.09030 0.11820
vn -0.08030 0.66550 -0.74200
vn -0.99370 -0.05650 -0.09630
vn -0.03660 0.11960 0.99210
vn 0.01840 0.14480 0.98930
vn -0.02230 -0.00890 0.99970
vn 0.99650 -0.06540 0.05180
vn -0.08860 -0.01270 0.99600
vn 0.00160 -0.00850 -1.00000
vn 0.02030 0.00140 -0.99980
vn -0.92620 0.19420 -0.32310
vn -0.90460 0.22860 -0.35980
vn -0.93330 0.19150 -0.30370
vn -0.01480 -0.01710 -0.99970
vn 0.92040 0.10930 -0.37530
vn 0.95520 0.04900 -0.29180
vn 0.86190 -0.18270 -0.47290
vn 0.07680 0.98960 0.12190
vn -0.03770 -0.22070 0.97460
vn -0.02200 -0.26430 0.96420
vn -0.02350 -0.24290 0.96980
vn -0.03760 -0.16080 0.98630
vn -0.05250 -0.09090 0.99450
vn -0.03870 0.01020 0.99920
vn -0.10240 -0.20750 0.97290
vn 0.01720 -0.05100 0.99860
vn -0.01450 -0.46930 0.88290
vn -0.89950 0.12930 -0.41730
vn -0.97600 -0.05000 -0.21190
vn -0.97280 -0.00930 -0.23160
vn -0.88600 0.29090 -0.36110
vn -0.33600 -0.66320 -0.66870
vn -0.18760 -0.68420 -0.70480
vn 0.95420 0.13630 -0.26650
vn 0.98370 0.02010 -0.17880
vn 0.95850 0.13160 -0.25280
vn 0.21590 -0.69140 -0.68940
vn 0.98980 -0.05150 -0.13250
vn -0.00060 -0.68130 -0.73200
vn -0.02140 -0.67260 -0.73970
vn -0.93300 0.18230 -0.31040
vn -0.91950 0.19650 -0.34040
vn 0.98600 0.07070 0.15090
vn 0.01820 -0.68880 -0.72470
vn 0.09380 0.66900 -0.73730
vn 0.07440 0.65740 -0.74990
vn 0.07660 0.65980 -0.74750
vn -0.98650 -0.06780 -0.14880
vn 0.04430 0.64150 -0.76580
vn 0.93620 -0.19580 -0.29180
vn 0.88910 -0.25670 -0.37900
vn 0.01540 -0.70720 0.70690
vn 0.09100 0.67530 -0.73190
vn 0.01000 -0.06900 -0.99760
vn 0.02600 -0.02310 -0.99940
vn -0.92300 0.28020 -0.26370
vn -0.03740 -0.20380 -0.97830
vn -0.27120 0.49680 -0.82440
vn -0.90460 -0.29780 -0.30510
vn -0.39840 0.63690 0.66010
vn -0.21420 0.67810 0.70310
vn -0.08620 -0.68910 -0.71950
vn -0.01140 0.69400 0.71990
vn -0.11300 0.26260 -0.95830
vn -0.12170 0.25970 -0.95800
vn -0.01820 0.00270 -0.99980
vn -0.99890 -0.04360 0.01650
vn -0.99880 -0.04170 0.02720
vn 0.10090 0.26220 -0.95970
vn -1.00000 -0.00370 -0.00400
vn -0.99990 -0.00490 -0.01360
vn -0.97240 0.04920 -0.22810
vn -0.93290 0.09020 -0.34860
vn -0.95560 0.06120 -0.28810
vn 0.99950 -0.02950 -0.01150
vn -0.99940 -0.00820 -0.03340
vn -0.10590 0.26500 -0.95840
vn -0.99890 -0.04530 0.00710
vn -0.02050 -0.02450 0.99950
vn -0.00680 -0.02150 0.99970
vn 0.00280 -0.01940 0.99980
vn -0.99970 -0.00630 -0.02500
vn -0.97800 -0.06230 0.19920
vn 0.99990 0.00730 -0.01200
vn 0.94820 0.07300 -0.30910
vn 0.95350 0.06500 -0.29430
vn 0.90800 -0.08720 0.40980
vn 0.94400 0.07910 -0.32030
vn -0.89000 -0.13620 0.43510
vn 0.91660 0.21100 -0.33970
vn 0.20840 -0.29380 0.93290
vn 0.21590 -0.29880 0.92960
vn -0.99730 -0.04330 -0.05970
vn 0.21690 -0.27240 0.93740
vn 0.98860 0.11140 0.10130
vn 0.97190 0.16720 0.16590
vn 0.02430 -0.79180 -0.61030
vn 0.05740 -0.80440 -0.59140
vn -0.99860 -0.04780 -0.02290
vn -0.99920 -0.03800 -0.00910
vn -0.99920 -0.03800 -0.00920
vn -0.01030 -0.77730 -0.62900
vn 0.16220 -0.26290 0.95110
vn 0.99380 -0.09280 0.06120
vn -0.02250 0.83560 -0.54890
vn 0.99510 0.07720 0.06180
vn -0.33160 -0.73650 -0.58960
vn -0.99960 -0.02490 0.00930
vn -0.03300 -0.19590 -0.98010
vn -0.07930 -0.07760 -0.99380
vn -0.08650 -0.05680 -0.99460
vn -0.08900 0.04500 -0.99500
vn -0.04660 0.13290 -0.99000
vn -0.07320 0.07700 -0.99430
vn -0.99650 -0.06560 0.05190
vn 0.06570 0.64670 0.75990
vn -0.03930 0.73160 -0.68060
vn -0.12890 0.77080 -0.62390
vn -0.04670 0.74340 -0.66720
vn -0.98740 0.01130 -0.15770
vn -0.98970 0.01610 -0.14200
vn -0.98540 0.03690 -0.16610
vn 0.01090 -0.59480 -0.80380
vn -0.19410 0.38460 -0.90240
vn -0.15630 0.41660 -0.89560
vn -0.12960 0.86860 -0.47820
vn -0.98880 0.05120 -0.13990
vn -0.16480 -0.31690 -0.93400
vn -0.15670 -0.32460 -0.93280
vn -0.16520 -0.31650 -0.93410
vn -0.17120 -0.31070 -0.93500
vn -0.13170 0.96070 -0.24440
vn 0.89900 -0.18850 -0.39520
vn 0.91330 -0.15890 -0.37500
vn 0.86510 0.29190 -0.40800
vn 0.93230 0.20110 -0.30060
vn 0.87940 0.28930 -0.37810
vn -0.98370 -0.14860 -0.10090
vn -0.99130 -0.07830 -0.10600
vn 0.75950 0.42500 -0.49240
vn -0.99420 -0.10740 0.00940
vn -0.12560 0.44150 -0.88840
vn 0.89150 -0.20310 -0.40500
vn -0.24330 0.68600 -0.68570
vn -0.98840 -0.14490 -0.04470
vn -0.98520 -0.13600 -0.10470
vn -0.99530 -0.04600 -0.08520
vn -0.05820 0.97180 -0.22830
vn -0.08000 -0.98140 0.17450
vn 0.00110 -0.97510 0.22160
vn -0.99960 -0.02870 0.00650
vn -0.08530 0.99470 0.05770
vn -0.10150 0.99290 -0.06190
vn -0.98900 -0.02170 -0.14650
vn 0.13240 -0.91340 -0.38500
vn -0.98140 -0.13030 -0.14090
vn -0.90440 -0.39650 -0.15760
vn -0.03240 -0.00050 -0.99950
vn -0.04090 0.12260 -0.99160
vn -0.12380 -0.98120 0.14830
vn 0.89510 -0.43820 0.08190
vn 0.93810 0.27090 -0.21570
vn -0.97970 -0.05370 -0.19320
vn -0.89810 0.38870 0.20600
vn -0.88240 0.46330 0.08160
vn -0.89810 0.38860 0.20600
vn -0.52030 -0.85130 -0.06760
vn 0.03960 0.99650 0.07320
vn -0.02860 0.99480 0.09740
vn -0.09600 -0.96960 0.22490
vn -0.99130 -0.01510 0.13050
vn -0.01570 0.99300 0.11730
vn -0.99110 -0.04920 0.12340
vn -0.98580 -0.04440 0.16190
vn 0.04930 0.60830 0.79220
vn 0.32540 0.42000 0.84720
vn 0.22820 0.27930 0.93270
vn -0.95930 -0.24110 0.14720
vn 0.25600 0.21650 0.94210
vn -0.15440 -0.87480 0.45920
vn -0.21010 -0.88060 0.42480
vn -0.09960 -0.87100 0.48120
vn 0.04260 0.01520 0.99900
vn -0.03640 0.68860 0.72430
vn -0.89560 0.31300 0.31600
vn -0.01910 -0.85570 0.51710
vn -0.00220 -0.63090 -0.77590
vn 0.00580 -0.85520 0.51830
vn -0.96580 -0.10740 0.23600
vn -0.02810 0.65840 0.75210
vn -0.02710 0.65200 0.75770
vn 0.02390 -0.28500 0.95820
vn -0.03740 -0.13080 0.99070
vn -0.07540 -0.19300 0.97830
vn 0.21840 -0.29740 0.92940
vn -0.04760 -0.10430 0.99340
vn -0.00410 -0.07590 0.99710
vn -0.03300 0.69120 0.72190
vn -0.99290 0.06840 -0.09740
vn 0.03740 -0.85540 -0.51670
vn -0.00250 0.83880 -0.54440
vn -0.99890 0.03410 0.03290
vn 0.00360 0.90880 0.41710
vn 0.05640 -0.68180 -0.72930
vn 0.99900 -0.03510 0.02920
vn 0.01700 0.01150 -0.99980
vn 0.00870 0.02280 -0.99970
vn 0.02160 -0.04480 -0.99880
vn 0.01430 -0.07540 -0.99710
vn -0.03710 -0.22340 -0.97400
vn -0.04980 0.15070 -0.98730
vn 0.00820 0.77690 -0.62960
vn -0.05590 0.65750 -0.75140
vn -0.02040 0.74770 -0.66370
vn -0.02520 -0.70170 -0.71200
vn 0.01070 0.79810 -0.60240
vn 0.99150 0.08280 -0.10010
vn 0.98700 -0.06560 -0.14640
vn 0.94910 -0.13230 -0.28580
vn 0.12460 0.13180 -0.98340
vn 0.12720 0.13430 -0.98270
vn 0.12460 0.13190 -0.98340
vn 0.02030 0.80980 -0.58630
vn -0.97490 -0.01950 -0.22160
vn -0.95810 0.13500 -0.25280
vn -0.96560 0.08710 -0.24520
vn 0.12220 0.12960 -0.98400
vn -0.98300 -0.01760 -0.18260
vn 0.03820 -0.81110 -0.58370
vn 0.06950 -0.78680 -0.61320
vn -0.95720 0.18970 -0.21850
vn 0.07660 0.77870 -0.62270
vn 0.07380 0.77180 -0.63160
vn 0.94070 -0.29890 -0.16040
vn -0.97740 -0.18400 -0.10420
vn -0.02400 0.89350 -0.44850
vn 0.95060 -0.29050 -0.10930
vn 0.10680 -0.75520 -0.64670
vn -0.98420 -0.16270 -0.06950
vn 0.08060 0.78840 -0.60980
vn -0.03520 0.99110 -0.12800
vn 0.02620 0.99910 0.03310
vn 0.99650 0.08350 -0.00250
vn 0.99980 0.02090 0.00440
vn 0.99800 0.03900 0.05030
vn 0.99960 -0.02790 -0.00290
vn 0.02680 0.99730 0.06870
vn 0.76920 0.60910 0.19340
vn 0.00680 -1.00000 -0.00140
vn 0.97700 -0.14200 0.15880
vn 0.90800 -0.38360 0.16880
vn 0.93510 -0.32040 0.15130
vn 0.97610 -0.14590 0.16080
vn 0.98170 -0.10420 0.15970
vn 0.21410 -0.92020 0.32770
vn 0.31510 -0.92190 0.22540
vn 0.27770 -0.92230 0.26890
vn 0.03780 -0.77800 0.62720
vn 0.02310 -0.79510 0.60610
vn 0.34030 -0.91350 0.22310
vn 0.97270 0.15190 0.17530
vn 0.99660 0.04710 0.06740
vn 0.99060 0.04560 0.12880
vn 0.98190 -0.10990 0.15420
vn 0.01010 -0.80950 0.58700
vn -0.95470 0.18340 -0.23440
vn 0.99850 0.04810 0.02450
vn 0.99840 0.02910 0.04890
vn 0.00680 0.99540 0.09520
vn -0.02970 0.98460 0.17250
vn 0.01630 0.71510 0.69880
vn -0.00890 0.73320 0.68000
vn 0.02080 0.70930 0.70460
vn 0.17750 -0.22810 0.95730
vn 0.04560 -0.26530 0.96310
vn 0.14880 -0.20770 0.96680
vn -0.87140 -0.08580 0.48310
vn -0.85870 -0.17090 0.48320
vn 0.04830 0.68570 0.72630
vn 0.25600 -0.20340 0.94500
vn 0.01690 -0.86050 0.50910
vn -0.00140 -0.85850 0.51280
vn -0.87770 0.00370 0.47920
vn -0.02050 -0.23690 0.97130
vn -0.01410 -0.15940 0.98710
vn -0.13240 -0.36580 0.92120
vn 0.01810 -0.12580 0.99190
vn 0.22980 -0.26490 0.93650
vn 0.04150 0.68120 0.73090
vn -0.00810 -0.08720 0.99620
vn 0.00460 -0.08570 0.99630
vn -0.11590 -0.87330 -0.47310
vn 0.99930 -0.01500 0.03550
vn 0.98320 -0.14260 -0.11370
vn -0.03010 -0.87890 0.47610
vn 0.02800 0.99940 0.02100
vn 0.11510 0.07150 -0.99080
vn 0.97590 0.01260 -0.21770
vn -0.99100 -0.03080 0.13050
vn -0.86710 0.09510 -0.48900
vn 0.98730 -0.02620 0.15640
vn 0.97130 -0.01750 0.23730
vn 0.99710 -0.03550 0.06680
vn 0.33860 -0.27610 0.89950
vn 0.34780 -0.06680 0.93520
vn 0.34180 -0.22690 0.91200
vn -0.62190 -0.17150 0.76410
vn -0.63360 -0.22330 0.74080
vn -0.61460 -0.03620 0.78800
vn 0.99990 0.00120 -0.01430
vn 0.99980 -0.00570 -0.01670
vn 0.99970 -0.00750 -0.02440
vn -0.63340 -0.33520 0.69740
vn -0.64990 -0.31930 0.68960
vn -0.99940 -0.00280 -0.03330
vn -0.99960 0.00930 -0.02610
vn -0.99970 -0.00950 -0.02360
vn -0.99960 -0.01990 -0.02220
vn 0.32710 -0.38400 0.86350
vn 0.32770 -0.38410 0.86320
vn 0.04900 0.11250 0.99240
vn 0.12620 0.10700 0.98620
vn -0.02510 0.13120 0.99100
vn 0.44120 0.00050 0.89740
vn 0.99950 -0.01200 -0.02960
vn -0.03670 0.11770 0.99240
vn -0.66810 0.72450 -0.16970
vn -0.99970 -0.02160 -0.00630
vn 0.02220 -0.43210 0.90150
vn 0.02220 -0.43220 0.90150
vn 0.00270 -0.44720 0.89440
vn 0.04010 -0.41800 0.90760
vn 0.99920 -0.01120 -0.03960
vn 0.17000 -0.79330 0.58460
vn 0.06780 -0.92520 0.37350
vn 0.06030 -0.94370 0.32510
vn 0.20080 -0.72970 0.65370
vn 0.99620 -0.08360 -0.02600
vn 0.99820 -0.04670 -0.03740
vn 0.99820 -0.04660 -0.03740
vn 0.22990 -0.67680 0.69940
vn -0.32260 -0.66970 0.66890
vn 0.05690 -0.68190 -0.72920
vn -0.99630 -0.06170 0.05900
vn 0.99870 0.00090 -0.05190
vn -0.99610 -0.00100 0.08810
vn 0.02320 0.64020 0.76790
vn 0.99880 -0.00900 0.04860
vn 0.02590 0.99960 -0.00610
vn 0.05030 -0.96720 -0.24890
vn 0.05780 -0.84810 -0.52670
vn 0.04970 -0.94490 -0.32350
vn 0.31220 0.91400 0.25900
vn 0.30990 0.92980 0.19870
vn 0.28980 0.86140 0.41710
vn -0.59290 0.70320 0.39240
vn -0.61620 0.76860 0.17220
vn -0.60590 0.74480 0.27980
vn -0.96930 -0.23800 -0.06120
vn -0.89190 -0.38980 -0.22940
vn -0.89310 -0.42770 -0.13970
vn -0.56300 0.72890 0.38940
vn 0.01240 0.96350 0.26740
vn 0.15540 0.87930 0.45030
vn 0.04940 0.88030 0.47180
vn -0.00050 0.87760 0.47930
vn 0.01720 0.88450 0.46620
vn 0.99970 -0.01660 0.01880
vn 0.99990 -0.01030 0.00480
vn 0.99970 -0.02330 0.00290
vn -0.99760 0.06260 0.02820
vn -0.99710 0.05580 0.05090
vn 0.99670 -0.08010 -0.01140
vn 0.99580 -0.09140 0.00290
vn 0.97420 -0.22210 -0.03960
vn -0.99560 -0.08810 -0.03270
vn -0.99660 -0.07720 -0.03030
vn -0.99600 -0.08370 -0.03010
vn 0.98410 0.16960 0.05210
vn 0.04530 -0.54650 0.83620
vn 0.04540 -0.54650 0.83620
vn 0.03880 -0.54540 0.83730
vn -0.99710 -0.07070 -0.02930
vn -0.61060 0.79150 -0.02690
vn -0.56800 0.80730 -0.16010
vn 0.02130 0.95350 0.30060
vn 0.04430 -0.99860 0.02950
vn 0.95900 -0.28050 0.03990
vn -0.99930 0.00050 0.03850
vn 0.00720 -0.74160 -0.67080
vn 0.00830 -0.73680 -0.67600
vn 0.00720 -0.74170 -0.67070
vn 0.05370 -0.54790 0.83480
vn -0.99790 0.06320 -0.01380
vn -0.00820 0.99990 -0.01340
vn 0.32490 0.94440 -0.05150
vn -0.00220 -0.78100 -0.62450
vn 0.04800 -0.99880 0.00170
vn 0.03510 -0.99910 -0.02340
vn -0.02010 -0.99510 -0.09710
vn 0.32850 0.92890 -0.17100
vn -0.99540 -0.09550 -0.01210
vn -0.09790 -0.74020 -0.66530
vn -0.92510 -0.37450 0.06300
vn -0.99480 -0.10130 0.00780
vn -0.01940 0.99740 -0.06920
vn 0.99940 -0.03400 -0.00250
vn -0.09130 -0.99480 -0.04480
vn -0.07850 -0.99690 -0.00110
vn 0.99890 -0.04590 -0.00010
vn 0.18410 -0.97020 0.15730
vn -0.11510 -0.99200 0.05240
vn 0.03130 -0.30760 -0.95100
vn -0.00140 -0.30080 -0.95370
vn 0.99220 0.12450 -0.01030
vn -0.99950 0.03030 -0.00030
vn -0.99950 0.03120 0.00860
vn 0.00490 -1.00000 0.00770
vn 0.05490 -0.31230 -0.94840
vn 0.99910 0.04180 -0.00350
vn 0.99850 0.03820 -0.03850
vn -0.02310 0.95190 -0.30540
vn -0.97820 -0.20180 0.04880
vn 0.03520 -0.98570 0.16470
vn -0.00820 0.94680 -0.32160
vn -0.99950 0.02960 -0.00850
vn -0.02230 0.32050 0.94700
vn -0.05070 0.32650 0.94380
vn -0.99920 0.02240 -0.03450
vn 0.99840 0.04540 0.03270
vn -0.99530 -0.08940 0.03840
vn -0.02120 0.88530 -0.46450
vn -0.95860 -0.26440 0.10580
vn -0.00050 0.31570 0.94890
vn 0.04600 0.96610 -0.25400
vn 0.99180 0.11850 -0.04770
vn -0.99500 -0.08940 0.04510
vn -0.01090 0.96850 -0.24870
vn 0.00010 0.88900 -0.45780
vn -0.53210 0.76530 -0.36220
vn 0.02640 -0.95410 0.29830
vn 0.99950 -0.03160 0.00820
vn 0.33500 0.89940 -0.28070
vn 0.95540 -0.27620 0.10450
vn -0.49140 0.76350 -0.41910
vn 0.99970 -0.02280 0.01310
vn 0.33820 0.89860 -0.27960
vn 0.99960 -0.01270 0.02460
vn -0.02090 0.80440 -0.59370
vn -0.99480 -0.07770 0.06540
vn -0.96240 -0.26020 0.07840
vn -0.50150 0.68010 -0.53470
vn 0.01180 -0.95160 0.30710
vn 0.08720 0.95370 -0.28770
vn 0.01280 0.95070 -0.30980
vn 0.13890 -0.09750 -0.98550
vn 0.13220 -0.15940 -0.97830
vn 0.13300 0.05910 -0.98940
vn 0.97970 0.00630 -0.20060
vn 0.94840 -0.15420 -0.27690
vn -0.81840 -0.09630 -0.56660
vn -0.83110 -0.24020 -0.50160
vn -0.80590 -0.06880 -0.58800
vn -0.86070 -0.25990 -0.43780
vn 0.12380 -0.38170 -0.91600
vn -0.79490 0.03840 -0.60560
vn 0.09250 -0.50290 -0.85940
vn -0.99820 0.00570 0.06000
vn -0.99670 0.00000 0.08090
vn -0.99820 0.01650 0.05700
vn -0.99670 -0.00870 0.08130
vn 0.07040 -0.70300 -0.70770
vn 0.51540 -0.09650 0.85150
vn 0.49780 0.03820 0.86650
vn 0.64560 -0.09630 0.75760
vn -0.62610 0.09170 0.77430
vn -0.64230 -0.04890 0.76490
vn -0.62610 0.09160 0.77430
vn 0.43090 0.14090 0.89130
vn 0.05320 -0.75180 -0.65730
vn 0.99150 -0.10380 -0.07810
vn -0.99830 0.02640 0.05110
vn 0.98860 0.05410 0.14050
vn 0.98780 0.09450 0.12360
vn 0.99950 0.00340 -0.03270
vn 0.99930 0.00960 -0.03500
vn 0.99940 0.00380 -0.03500
vn 0.96240 -0.21510 -0.16560
vn -0.58900 0.26180 0.76460
vn 0.38650 0.51060 0.76800
vn 0.42090 0.39310 0.81750
vn 0.99950 -0.01310 -0.02830
vn 0.99950 -0.00500 -0.03060
vn -0.87160 -0.34660 -0.34670
vn -0.88780 -0.33550 -0.31500
vn -0.99470 0.05750 0.08540
vn -0.97300 0.03750 0.22770
vn -1.00000 0.00060 0.00580
vn 0.99530 0.06310 0.07380
vn -0.94810 -0.09400 0.30370
vn -0.95390 0.04670 0.29650
vn -0.07530 0.50370 0.86060
vn 0.35980 0.69980 0.61710
vn 0.41460 -0.01250 0.90990
vn 0.23720 0.30790 0.92140
vn 0.39750 0.21090 0.89300
vn 0.30200 0.42950 0.85110
vn -0.53940 0.22540 0.81130
vn -0.48000 0.44290 0.75720
vn -0.00490 0.48700 0.87340
vn 0.99770 0.03180 0.06030
vn 0.01170 -0.99750 0.07030
vn 0.01590 -0.99730 0.07120
vn -0.99920 -0.02550 -0.03180
vn 0.34100 0.74020 0.57960
vn 0.04420 0.37820 0.92470
vn -0.56270 0.53500 0.63020
vn -0.99710 0.04860 0.05860
vn 0.99930 -0.03050 -0.02070
vn 0.99930 -0.03310 -0.01870
vn -0.87590 -0.40700 -0.25920
vn -0.24760 0.68600 0.68420
vn 0.05290 -0.84990 -0.52430
vn -0.99690 -0.04250 -0.06680
vn 0.18150 0.63190 0.75350
vn 0.95640 -0.26650 -0.11910
vn 0.32240 0.84690 0.42280
vn -0.00380 0.63940 0.76890
vn 0.99910 -0.04220 -0.00840
vn -0.99710 0.05640 0.05170
vn -0.18000 0.75090 0.63540
vn 0.17440 0.56170 -0.80870
vn 0.25540 0.53620 -0.80460
vn 0.17450 0.56170 -0.80870
vn 0.97020 -0.06040 0.23460
vn 0.97020 -0.06030 0.23450
vn 0.89570 -0.21730 0.38790
vn -0.99960 0.02150 -0.01670
vn 0.00690 -0.99760 0.06930
vn 0.02950 0.59670 -0.80190
vn 0.99280 0.08720 0.08210
vn -0.00540 -0.73000 -0.68340
vn -0.08740 -0.73650 -0.67080
vn 0.93520 -0.08260 -0.34450
vn 0.99950 -0.00030 -0.03170
usemtl Material
f 976/4861/3677 975/4862/3677 1249/4863/3677
f 1250/5053/3836 1249/5054/3837 975/5055/3838
f 1253/5056/3839 1250/5057/3839 980/5058/3839
f 1250/4864/3678 975/4865/3678 980/4866/3678
f 975/3692/2768 976/3693/2769 977/3694/2770
f 1250/5154/3924 1253/5155/3925 1301/5059/3840
f 1249/5060/3841 1302/5061/3842 1251/5062/3843
f 1249/5060/3841 1303/5063/3844 1302/5061/3842
f 1250/5053/3836 1301/5064/3845 1249/5054/3837
f 1249/5060/3841 1251/5062/3843 976/5065/3846
f 1303/5066/3847 1249/5054/3837 1301/5064/3845
f 1251/4867/3679 982/4868/3679 981/4869/3679
f 978/3695/2771 975/3692/2768 977/3694/2770
f 981/4870/3680 976/4871/3680 1251/4872/3680
f 979/3696/2772 978/3695/2771 977/3694/2770
f 1304/5067/3848 1251/5068/3849 1302/5069/3850
f 1252/4873/3681 1253/4874/3682 980/4938/3681
f 980/3697/2773 975/3698/2774 978/3699/2775
f 977/3700/2776 976/3701/2777 981/3702/2778
f 1304/5067/3848 982/5070/3851 1251/5068/3849
f 1303/5066/3847 1301/5064/3845 1305/5071/3852
f 1252/5072/3853 1306/5073/3854 1253/5074/3855
f 1257/5075/3856 982/5076/3857 1304/5077/3858
f 984/4875/3683 1252/4873/3681 980/4938/3681
f 837/3084/2340 838/3085/2341 839/3086/2342
f 1255/5078/3859 1306/5073/3854 1252/5072/3853
f 1303/5066/3847 1305/5071/3852 1265/5079/3860
f 1253/5155/3925 1281/5080/3861 1301/5059/3840
f 838/3085/2341 840/3087/2343 839/3086/2342
f 1254/4876/3684 1255/4877/3685 1252/4878/3686
f 1304/5067/3848 1302/5069/3850 1270/5081/3862
f 1306/5082/3863 1307/5083/3864 1253/5155/3925
f 839/3088/2344 840/3089/2344 841/3090/2344
f 839/3091/2345 841/3092/2346 842/3093/2347
f 982/3703/2779 983/3704/2780 981/3705/2781
f 1256/4879/3687 982/4880/3688 1257/4881/3689
f 838/3775/2843 1004/3776/2844 840/3777/2844
f 1255/5084/3865 1258/5085/3866 1261/5086/3867
f 1255/4882/3690 1254/4883/3691 1258/4884/3692
f 849/3778/2845 840/3779/2846 1005/3780/2847
f 1281/5080/3861 1305/5087/3868 1301/5059/3840
f 843/3094/2348 838/3095/2349 837/3096/2350
f 1006/3781/2848 845/3782/2848 841/3783/2848
f 1304/5077/3858 1308/5088/3869 1257/5075/3856
f 1006/3784/2849 841/3785/2850 840/3786/2851
f 1006/3784/2849 840/3786/2851 1007/3787/2852
f 1007/3787/2852 896/3788/2853 1006/3784/2849
f 1255/5078/3859 1309/5089/3870 1307/5090/3871
f 1008/3789/2854 840/3790/2854 849/3791/2855
f 1309/5091/3872 1255/5084/3865 1310/5092/3873
f 845/3792/2856 1006/3793/2856 846/3794/2856
f 982/4880/3688 991/4885/3693 983/4886/3694
f 898/3795/2857 896/3788/2853 1007/3787/2852
f 1006/3796/2858 896/3797/2859 846/3798/2860
f 1307/5090/3871 1306/5073/3854 1255/5078/3859
f 1256/4887/3695 1257/4888/3696 1259/4889/3697
f 844/3097/2351 839/3091/2345 842/3093/2347
f 936/3706/2782 980/3697/2773 978/3699/2775
f 842/3098/2352 841/3099/2352 845/3100/2352
f 1009/3799/2861 898/3795/2857 1007/3787/2852
f 1274/5093/3874 1303/5063/3844 1265/5094/3875
f 980/3697/2773 936/3706/2782 984/3707/2783
f 985/3708/2784 977/3700/2776 981/3702/2778
f 986/3800/2862 896/3788/2853 898/3795/2857
f 896/3709/2785 986/3710/2786 897/3711/2787
f 979/3696/2772 977/3694/2770 985/3712/2788
f 1311/5095/3876 1257/5096/3877 1308/5097/3878
f 870/3713/2789 897/3714/2789 866/3715/2790
f 1269/5098/3879 1253/5155/3925 1307/5083/3864
f 991/4885/3693 982/4880/3688 1256/4879/3687
f 1010/3801/2863 840/3777/2844 1004/3776/2844
f 846/3798/2860 896/3797/2859 847/3802/2864
f 849/3803/2865 845/3804/2865 1008/3805/2865
f 1007/3806/2866 1011/3807/2867 1009/3808/2868
f 842/3101/2353 846/3102/2354 844/3103/2355
f 846/3104/2356 847/3105/2357 848/3106/2358
f 1008/3789/2854 1007/3809/2869 840/3790/2854
f 896/3346/2525 897/3347/2525 847/3348/2525
f 870/3713/2789 847/3716/2791 897/3714/2789
f 1259/4889/3697 991/4890/3698 1256/4887/3695
f 849/3107/2359 842/3108/2359 845/3109/2360
f 1259/5099/3880 1257/5096/3877 1262/5100/3881
f 900/3717/2792 986/3718/2792 898/3719/2792
f 1254/4876/3684 1252/4878/3686 984/4891/3699
f 866/3720/2793 897/3711/2787 986/3710/2786
f 1012/3810/2870 840/3779/2846 1010/3811/2871
f 1254/4876/3684 984/4891/3699 998/4892/3700
f 898/3795/2857 1009/3799/2861 1013/3812/2872
f 842/3108/2359 849/3107/2359 843/3110/2361
f 1010/3902/2938 1004/3903/2939 1029/3904/2940
f 842/3101/2353 845/3111/2362 846/3102/2354
f 898/3349/2526 899/3350/2527 900/3351/2528
f 840/3779/2846 1012/3810/2870 1005/3780/2847
f 1010/3905/2941 1030/3906/2941 1017/3907/2941
f 986/3721/2794 900/3722/2795 987/3723/2794
f 843/3813/2873 1004/3814/2873 838/3815/2874
f 1257/5096/3877 1311/5095/3876 1262/5100/3881
f 1308/5101/3882 1304/5102/3882 1270/5103/3882
f 1012/3816/2875 1014/3817/2876 1005/3818/2876
f 845/3112/2363 842/3113/2364 850/3114/2365
f 848/3352/2529 847/3490/2529 870/3353/2529
f 1015/3819/2877 1007/3806/2866 1008/3820/2878
f 1013/3821/2879 1016/3822/2880 898/3823/2881
f 1309/5089/3870 1269/5104/3883 1307/5090/3871
f 1014/3817/2876 1011/3824/2882 1005/3818/2876
f 1260/4893/3701 1258/4894/3702 1259/4895/3703
f 1017/3825/2883 1014/3826/2884 1012/3827/2885
f 1017/3828/2886 1012/3810/2870 1010/3811/2871
f 843/3115/2366 850/3114/2365 842/3113/2364
f 1274/5093/3874 1302/5061/3842 1303/5063/3844
f 1016/3822/2880 1018/3829/2887 898/3823/2881
f 849/3901/2937 1019/3830/2888 843/3831/2888
f 1005/3832/2889 1019/3833/2889 849/3834/2889
f 1261/5086/3867 1310/5092/3873 1255/5084/3865
f 1013/3821/2879 1020/3835/2890 1016/3822/2880
f 898/3823/2881 1021/3836/2891 899/3837/2892
f 1011/3807/2867 1014/3838/2893 1009/3808/2868
f 1261/4896/3704 1258/4894/3702 1260/4893/3701
f 1254/4883/3691 998/4897/3705 1258/4884/3692
f 844/3116/2367 846/3117/2367 839/3118/2367
f 1004/3908/2942 1022/3909/2943 1029/3910/2944
f 981/3705/2781 983/3704/2780 907/3724/2796
f 1008/3839/2894 845/3840/2894 851/3841/2894
f 900/3351/2528 899/3350/2527 901/3354/2530
f 857/3355/2531 901/3354/2530 899/3350/2527
f 1019/3830/2888 1022/3842/2895 843/3831/2888
f 1260/5105/3884 1263/5106/3885 1261/5107/3886
f 898/3823/2881 1018/3829/2887 1021/3836/2891
f 850/3114/2365 851/3119/2368 845/3112/2363
f 1262/4898/3706 1260/4893/3701 1259/4895/3703
f 857/3843/2896 1008/3844/2896 851/3845/2896
f 1262/4899/3707 1199/4900/3707 1260/4901/3707
f 1017/3825/2883 1023/3846/2897 1014/3826/2884
f 866/3720/2793 986/3710/2786 988/3725/2797
f 1014/3838/2893 1024/3847/2898 1009/3808/2868
f 1022/3848/2899 1004/3814/2873 843/3813/2873
f 1008/3849/2900 1021/3850/2901 1015/3851/2902
f 1015/3852/2903 1019/3853/2904 1005/3854/2905
f 1019/3855/2906 1023/3856/2906 1022/3857/2906
f 857/3858/2907 899/3859/2907 1008/3860/2907
f 931/3861/2908 866/3862/2908 988/3863/2908
f 985/3708/2784 981/3702/2778 907/3774/2842
f 907/3724/2796 983/3704/2780 989/3726/2798
f 846/3104/2356 848/3106/2358 852/3120/2369
f 1022/3864/2909 1023/3865/2909 1017/3866/2909
f 1021/3850/2901 1008/3849/2900 899/3867/2910
f 1025/3868/2911 1018/3869/2911 1016/3870/2912
f 990/3871/2913 988/3872/2913 986/3873/2914
f 1261/5107/3886 1263/5106/3885 1310/5108/3887
f 993/4902/3708 991/4890/3698 1259/4889/3697
f 1015/3819/2877 1011/3807/2867 1007/3806/2866
f 846/3121/2370 851/3122/2371 839/3123/2372
f 1005/3854/2905 1011/3874/2915 1015/3852/2903
f 839/3123/2372 851/3122/2371 850/3124/2373
f 1031/3911/2945 1010/3902/2938 1029/3904/2940
f 1019/3875/2916 1015/3851/2902 1023/3876/2917
f 990/3871/2913 1025/3877/2918 988/3872/2913
f 990/3878/2919 987/3879/2920 1018/3880/2921
f 1014/3826/2884 1023/3846/2897 1024/3881/2922
f 1258/4903/3709 993/4904/3710 1259/4905/3711
f 902/3727/2799 987/3728/2799 900/3729/2799
f 990/3730/2800 986/3721/2794 987/3723/2794
f 1020/3882/2923 1025/3883/2923 1016/3884/2924
f 1021/3885/2925 1018/3880/2921 987/3879/2920
f 1018/3869/2911 1025/3868/2911 990/3886/2926
f 839/3125/2374 850/3126/2375 853/3127/2374
f 1032/3912/2946 1031/3911/2945 1029/3904/2940
f 1262/5109/3888 1311/5110/3889 1312/5111/3890
f 936/3706/2782 978/3699/2775 979/3731/2801
f 1030/3913/2947 1022/3914/2948 1017/3915/2949
f 1281/5080/3861 1269/5098/3879 1268/5112/3891
f 902/3887/2927 1021/3885/2925 987/3879/2920
f 1009/3808/2868 1024/3847/2898 1026/3888/2928
f 931/4058/3069 988/4059/3070 1027/4060/3071
f 846/3104/2356 852/3120/2369 854/3128/2376
f 870/3356/2532 901/3357/2532 848/3358/2532
f 848/3359/2533 901/3360/2533 857/3361/2533
f 1025/3889/2929 903/3890/2929 988/3891/2929
f 1031/3911/2945 1026/3916/2950 1010/3902/2938
f 1196/5113/3892 1262/5114/3893 1263/5115/3892
f 1013/3917/2951 1009/3918/2952 1033/3919/2953
f 1275/5116/3894 1311/5095/3876 1308/5097/3878
f 839/3125/2374 853/3127/2374 855/3129/2377
f 1026/3916/2950 1031/3911/2945 1034/3920/2954
f 989/3732/2802 983/3733/2803 991/3734/2804
f 1312/5111/3890 1310/5108/3887 1263/5106/3885
f 989/3732/2802 991/3734/2804 992/3735/2805
f 997/4906/3712 993/4904/3710 1258/4903/3709
f 1269/5104/3883 1309/5089/3870 1313/5117/3895
f 1015/3851/2902 1024/3892/2930 1023/3876/2917
f 1029/3910/2944 1035/3921/2955 1036/3922/2956
f 1035/3921/2955 1029/3910/2944 1022/3909/2943
f 1015/3851/2902 1021/3850/2901 1024/3892/2930
f 932/3736/2806 936/3706/2782 979/3731/2801
f 1281/5080/3861 1253/5155/3925 1269/5098/3879
f 1263/5106/3885 1262/5118/3896 1312/5111/3890
f 1275/5119/3897 1308/5120/3897 1270/5121/3897
f 903/3893/2931 1027/3894/2931 988/3895/2931
f 1274/5122/3898 1270/5081/3862 1302/5069/3850
f 1277/5123/3899 1313/5124/3900 1309/5091/3872
f 1025/3883/2923 1020/3882/2923 903/3896/2932
f 1026/3916/2950 1033/3919/2953 1009/3918/2952
f 991/3737/2807 993/3738/2808 992/3739/2809
f 1030/3913/2947 1035/3923/2957 1022/3914/2948
f 1033/3919/2953 1026/3916/2950 1034/3920/2954
f 1032/3924/2958 1037/3925/2959 1031/3926/2960
f 1033/3927/2961 1038/3928/2962 1013/3929/2963
f 903/4061/3072 1065/4062/3072 1027/4063/3072
f 850/3114/2365 843/3115/2366 853/3130/2378
f 1029/3904/2940 1036/3930/2964 1032/3912/2946
f 1024/3892/2930 1021/3850/2901 902/3897/2933
f 1031/3931/2965 1039/3932/2966 1034/3933/2967
f 1038/3928/2962 1040/3934/2968 1013/3929/2963
f 998/4897/3705 997/4907/3713 1258/4884/3692
f 1010/3935/2969 1028/3936/2969 1030/3937/2970
f 1033/3938/2971 1027/3939/2971 1038/3940/2971
f 846/3131/2379 854/3132/2380 851/3133/2381
f 1033/4064/3073 1066/4065/3074 1027/4060/3071
f 1027/4060/3071 1066/4065/3074 931/4058/3069
f 902/3897/2933 1020/3898/2934 1024/3892/2930
f 984/3707/2783 936/3706/2782 994/3740/2810
f 1027/3941/2972 1040/3942/2972 1038/3943/2972
f 1033/3919/2953 1034/3920/2954 1041/3944/2973
f 1067/4066/3075 931/4058/3069 1066/4065/3074
f 997/4908/3714 1000/4909/3715 993/4910/3716
f 1274/5093/3874 1265/5094/3875 1264/5125/3901
f 997/4908/3714 1003/4911/3717 1000/4909/3715
f 1041/3944/2973 1034/3920/2954 1042/3945/2974
f 902/3897/2933 903/3899/2935 1020/3898/2934
f 1280/5126/3902 1312/5111/3890 1311/5110/3889
f 1031/3931/2965 1037/3946/2975 1039/3932/2966
f 1037/3947/2976 1035/3923/2957 1030/3913/2947
f 1032/3948/2977 1036/3949/2978 726/3950/2979
f 1265/5079/3860 1305/5071/3852 1266/5127/3903
f 856/3134/2382 848/3135/2382 857/3136/2383
f 1034/3951/2980 1039/3952/2981 1042/3953/2982
f 1010/3935/2969 1026/3954/2983 1028/3936/2969
f 995/3741/2811 984/3742/2812 994/3743/2813
f 1028/3955/2984 1026/3956/2984 1024/3957/2984
f 1275/5116/3894 1280/5128/3904 1311/5095/3876
f 1260/4912/3718 1230/4913/3719 1263/4914/3720
f 1066/4067/3076 1033/4068/3076 1045/4069/3076
f 1020/3958/2985 1013/3929/2963 1040/3934/2968
f 1037/3947/2976 1030/3913/2947 1039/3959/2986
f 996/4915/3721 1003/4911/3717 997/4908/3714
f 1039/3959/2986 1030/3913/2947 1028/3960/2987
f 993/4916/3722 1000/4917/3722 999/4918/3722
f 1310/5108/3887 1312/5111/3890 1277/5129/3905
f 1310/5092/3873 1277/5123/3899 1309/5091/3872
f 1020/3898/2934 1028/3900/2936 1024/3892/2930
f 1035/3923/2957 1037/3947/2976 1043/3961/2988
f 1281/5080/3861 1266/5130/3906 1305/5087/3868
f 996/3744/2814 997/3745/2815 998/3746/2816
f 1037/3925/2959 1032/3924/2958 1043/3962/2989
f 1043/3961/2988 727/3963/2990 1035/3923/2957
f 1020/3964/2991 1040/3965/2992 1028/3960/2987
f 1044/3966/2993 1045/3967/2993 1033/3968/2993
f 905/4070/3077 1065/4071/3078 903/4072/3079
f 1044/3969/2994 1033/3970/2995 1046/3971/2996
f 1047/3972/2997 1048/3973/2998 1032/3924/2958
f 856/3137/2384 857/3138/2385 851/3139/2386
f 1027/4073/3080 1065/4074/3080 1040/4075/3080
f 1313/5117/3895 1267/5131/3907 1269/5104/3883
f 1312/5111/3890 1314/5132/3908 1277/5129/3905
f 1068/4076/3081 1069/4077/3082 931/4078/3083
f 1041/3974/2999 1046/3971/2996 1033/3970/2995
f 1044/3975/3000 1028/3960/2987 1040/3965/2992
f 1067/4079/3084 1066/4080/3085 1045/4081/3086
f 1043/3962/2989 1032/3924/2958 1048/3973/2998
f 1040/3965/2992 1045/3976/3001 1044/3975/3000
f 1032/3948/2977 726/3950/2979 1047/3977/3002
f 1036/3922/2956 1035/3921/2955 727/3978/3003
f 995/3741/2811 998/3747/2817 984/3742/2812
f 906/3748/2818 979/3696/2772 985/3712/2788
f 1067/4079/3084 1045/4081/3086 1055/4082/3087
f 852/3120/2369 858/3140/2387 854/3128/2376
f 1039/3959/2986 1028/3960/2987 1044/3975/3000
f 1039/3979/3004 1044/3980/3004 1046/3981/3004
f 837/3141/2388 839/3142/2388 855/3143/2388
f 1065/4083/3088 1045/4084/3088 1040/4085/3088
f 999/3749/2819 1000/3750/2819 1001/3751/2819
f 856/3134/2382 852/3144/2389 848/3135/2382
f 854/3132/2380 859/3145/2390 851/3133/2381
f 1041/3982/3005 1042/3983/3006 1049/3984/3006
f 993/3738/2808 999/3752/2820 992/3739/2809
f 874/3362/2534 900/3351/2528 901/3354/2530
f 726/3985/3007 1036/3922/2956 727/3978/3003
f 1200/4919/3723 1000/4920/3723 1003/4921/3723
f 1264/4939/3730 1265/4940/3731 1266/4941/3732
f 1050/3986/3008 1042/3953/2982 1039/3952/2981
f 900/3363/2535 874/3364/2536 902/3365/2537
f 1068/4076/3081 931/4078/3083 1067/4086/3089
f 1045/4081/3086 1065/4087/3090 1055/4082/3087
f 1048/3987/3009 1050/3988/3009 1043/3989/3010
f 931/3495/2630 904/3496/2630 866/3497/2630
f 1042/3983/3006 1051/3990/3011 1049/3984/3006
f 1280/5126/3902 1314/5132/3908 1312/5111/3890
f 1046/3971/2996 1041/3974/2999 1049/3991/3012
f 1050/3986/3008 1039/3952/2981 1052/3992/3013
f 1050/3986/3008 1051/3993/3014 1042/3953/2982
f 995/3753/2821 996/3744/2814 998/3746/2816
f 1067/4079/3084 1055/4082/3087 1068/4088/3091
f 1065/4071/3078 905/4070/3077 1055/4089/3092
f 1050/3988/3009 1048/3987/3009 1051/3994/3015
f 1053/3995/3016 1043/3996/3017 1050/3997/3018
f 1047/3998/3019 726/3999/3020 1054/4000/3021
f 1046/4001/3022 1049/4002/3022 1055/4003/3022
f 1267/5133/3909 1313/5124/3900 1277/5123/3899
f 1002/3754/2822 1003/3755/2823 996/3756/2824
f 1043/3996/3017 1053/3995/3016 727/4004/3023
f 1039/4005/3024 1046/4006/3024 1052/4007/3024
f 1068/4090/3093 1055/4091/3093 1049/4092/3093
f 854/3146/2391 855/3147/2391 853/3148/2391
f 1000/4922/3724 1200/4923/3724 1001/4924/3724
f 996/3756/2824 999/3757/2825 1002/3754/2822
f 1200/4743/3584 1003/4744/3584 1229/4745/3584
f 1046/4008/3025 1056/4009/3026 1052/4010/3026
f 901/3366/2538 870/3367/2539 861/3368/2539
f 1054/4011/3027 1048/3973/2998 1047/3972/2997
f 905/4093/3094 1070/4094/3094 1055/4095/3094
f 854/3149/2392 853/3150/2392 859/3151/2392
f 1263/4914/3720 1230/4913/3719 1231/4925/3725
f 1267/4942/3733 1268/4943/3734 1269/4944/3735
f 852/3152/2393 856/3153/2394 860/3154/2394
f 858/3140/2387 855/3155/2395 854/3128/2376
f 1051/4012/3028 1054/4013/3029 1057/4014/3030
f 906/3758/2826 985/3708/2784 907/3774/2842
f 1053/3995/3016 1050/3997/3018 1052/4015/3031
f 856/3153/2394 861/3156/2396 860/3154/2394
f 860/3157/2397 862/3158/2397 852/3159/2397
f 861/3160/2398 862/3161/2398 860/3162/2398
f 861/3369/2540 874/3362/2534 901/3354/2530
f 1273/5134/3910 1270/5081/3862 1274/5122/3898
f 861/3368/2539 870/3367/2539 862/3370/2541
f 1196/4926/3726 1199/4927/3726 1262/4928/3726
f 1054/4013/3029 1051/4012/3028 1048/4016/3032
f 1051/4017/3033 1058/4018/3033 1049/4019/3034
f 1270/4945/3736 1271/4946/3737 1272/4947/3738
f 937/3759/2827 989/3732/2802 992/3735/2805
f 1273/4948/3739 1274/4949/3740 1264/4950/3741
f 1280/5126/3902 1279/5135/3911 1314/5132/3908
f 902/3365/2537 874/3364/2536 903/3371/2542
f 851/3139/2386 863/3163/2399 856/3137/2384
f 853/3130/2378 843/3115/2366 864/3164/2400
f 1001/4929/3727 1202/4930/3727 1002/4931/3727
f 1056/4096/3095 1046/4097/3096 1055/4098/3095
f 1272/4947/3738 1275/4951/3742 1270/4945/3736
f 1056/4096/3095 1055/4098/3095 1071/4099/3097
f 1001/3760/2828 1002/3754/2822 999/3757/2825
f 1053/4020/3035 1054/4021/3036 1059/4022/3037
f 1054/4023/3038 1053/4024/3039 1052/4025/3038
f 1052/4025/3038 1057/4026/3040 1054/4023/3038
f 1072/4100/3098 1068/4101/3098 1049/4102/3098
f 1205/5136/3912 1277/5137/3913 1314/5138/3914
f 865/3165/2401 851/3133/2381 859/3145/2390
f 870/3491/2543 866/3372/2543 868/3373/2543
f 865/3166/2402 853/3130/2378 864/3164/2400
f 856/3137/2384 863/3163/2399 861/3167/2403
f 1072/4103/3099 1049/4104/3099 1058/4105/3099
f 1056/4106/3100 1071/4107/3101 1058/4108/3101
f 1057/4027/3041 1052/4028/3042 1060/4029/3041
f 1071/4107/3101 1072/4109/3102 1058/4108/3101
f 1053/3995/3016 1059/4030/3043 727/4004/3023
f 859/3168/2404 853/3130/2378 865/3166/2402
f 1276/4952/3743 1277/4953/3744 1278/4954/3745
f 1051/4031/3044 1057/4032/3044 1061/4033/3044
f 1055/4110/3103 1072/4111/3103 1071/4112/3103
f 992/3739/2809 999/3752/2820 937/3761/2829
f 855/3169/2405 858/3170/2406 864/3171/2407
f 1276/4952/3743 1278/4954/3745 1279/4955/3746
f 979/3696/2772 906/3748/2818 932/3762/2830
f 1069/4113/3104 951/4114/3105 931/4115/3105
f 866/3172/2408 867/3173/2409 868/3174/2410
f 863/3175/2411 852/3176/2411 862/3177/2411
f 865/3178/2412 864/3171/2407 858/3170/2406
f 943/3763/2831 994/3743/2813 944/3764/2832
f 1277/5139/3915 1283/5140/3916 1278/5141/3917
f 1057/4027/3041 1060/4029/3041 1061/4034/3045
f 999/3752/2820 938/3765/2833 937/3761/2829
f 1280/4956/3747 1276/4952/3743 1279/4955/3746
f 1314/5142/3918 1279/5143/3918 1204/5144/3918
f 861/3179/2413 862/3180/2414 868/3181/2415
f 867/3374/2544 866/3375/2545 904/3376/2544
f 852/3120/2369 869/3182/2416 858/3140/2387
f 868/3181/2415 862/3180/2414 870/3183/2417
f 863/3184/2418 862/3185/2418 861/3186/2418
f 951/4116/3106 1069/4117/3106 1068/4118/3106
f 1277/4957/3748 1276/4958/3749 1267/4959/3750
f 1003/4932/3728 1002/4933/3728 1202/4934/3728
f 951/4119/3107 1068/4120/3108 1072/4121/3109
f 863/3163/2399 851/3139/2386 865/3187/2419
f 871/3188/2420 852/3189/2421 863/3190/2422
f 943/3763/2831 995/3741/2811 994/3743/2813
f 937/3759/2827 934/3766/2834 989/3732/2802
f 865/3191/2423 858/3192/2424 872/3193/2424
f 1058/4018/3033 1051/4017/3033 1061/4035/3046
f 1273/4948/3739 1271/4960/3751 1270/4961/3752
f 1060/4036/3047 1052/4010/3026 1056/4009/3026
f 1196/5113/3892 1263/5115/3892 1231/5145/3919
f 1281/4962/3753 1084/4963/3754 1266/4964/3755
f 1282/4965/3756 1275/4966/3757 1272/4967/3758
f 1199/4935/3729 1230/4936/3729 1260/4937/3729
f 907/3724/2796 989/3726/2798 934/3767/2835
f 804/3194/2425 864/3164/2400 843/3115/2366
f 1084/4963/3754 1281/4962/3753 1268/4968/3759
f 1283/4969/3760 1279/4970/3761 1278/4971/3762
f 948/3768/2836 996/3744/2814 995/3753/2821
f 1058/4122/3110 1073/4123/3110 1056/4124/3111
f 903/3371/2542 874/3364/2536 905/3377/2546
f 871/3195/2426 863/3163/2399 865/3187/2419
f 861/3179/2413 868/3181/2415 873/3196/2427
f 1205/5136/3912 1314/5138/3914 1204/5146/3920
f 1229/4746/3585 1003/4747/3585 1202/4748/3585
f 1282/4965/3756 1280/4972/3763 1275/4966/3757
f 1072/4125/3112 1055/4126/3113 957/4127/3114
f 932/3498/2631 906/3499/2632 933/3500/2633
f 1073/4128/3115 1060/4129/3115 1056/4219/3179
f 1277/5139/3915 1205/5147/3921 1283/5140/3916
f 907/3501/2634 934/3502/2635 935/3503/2636
f 804/3197/2428 855/3198/2429 864/3199/2430
f 906/3378/2547 907/3379/2547 908/3380/2547
f 1054/4021/3036 1062/4037/3048 1059/4022/3037
f 936/3504/2637 932/3505/2638 904/3506/2639
f 948/3768/2836 995/3753/2821 943/3769/2837
f 1073/4123/3110 1058/4122/3110 1074/4130/3116
f 872/3193/2424 858/3192/2424 869/3200/2431
f 1074/4131/3117 1058/4220/3180 1061/4132/3118
f 1272/4947/3738 1271/4946/3737 1284/4973/3764
f 843/3094/2348 837/3096/2350 808/3201/2432
f 1060/4038/3049 1062/4039/3050 1061/4040/3051
f 1271/4946/3737 1285/4974/3765 1284/4973/3764
f 1230/4749/3586 1198/4750/3587 1194/4751/3588
f 1230/4749/3586 1194/4751/3588 1231/4752/3589
f 1231/4752/3589 1194/4751/3588 1196/4753/3590
f 1198/4750/3587 1230/4749/3586 1199/4754/3591
f 1194/4606/3489 1195/4607/3490 1196/4608/3491
f 1197/4609/3492 1198/4610/3493 1199/4611/3494
f 1196/4608/3491 1197/4609/3492 1199/4611/3494
f 1001/4612/3495 1200/4613/3495 1201/4614/3495
f 936/3706/2782 944/3770/2838 994/3740/2810
f 1201/4615/3496 1202/4616/3496 1001/4617/3496
f 1197/4609/3492 1196/4608/3491 1195/4607/3490
f 1062/4039/3050 1060/4038/3049 1059/4041/3052
f 1198/4618/3497 1197/4619/3498 1200/4620/3499
f 1205/5148/3922 1194/5149/3922 1283/5150/3922
f 1063/4042/3053 1059/4055/3066 1060/4043/3054
f 1198/4755/3592 1200/4756/3593 1229/4757/3594
f 1073/4133/3119 957/4134/3119 1075/4135/3119
f 871/3195/2426 865/3187/2419 872/3202/2433
f 996/3756/2824 948/3771/2839 938/3772/2840
f 808/3203/2434 804/3194/2425 843/3115/2366
f 1205/4758/3595 1195/4759/3595 1194/4760/3595
f 1074/4136/3120 957/4137/3120 1073/4138/3120
f 1074/4139/3121 1076/4140/3121 957/4141/3121
f 1072/4125/3112 957/4127/3114 1076/4142/3122
f 1064/4143/3123 1074/4131/3117 1061/4132/3118
f 1195/4621/3500 1203/4622/3501 1197/4623/3502
f 1204/4624/3503 1195/4625/3503 1205/4626/3503
f 1198/4755/3592 1229/4757/3594 1202/4761/3596
f 1276/4952/3743 1280/4956/3747 1282/4975/3766
f 957/4144/3124 1055/4145/3125 1070/4146/3126
f 1206/4627/3504 1181/4628/3505 1207/4629/3505
f 1073/4128/3115 732/4147/3127 1060/4129/3115
f 1264/4939/3730 1266/4941/3732 1286/4976/3767
f 1266/4964/3755 1084/4963/3754 1286/4977/3768
f 1198/4762/3597 1232/4763/3598 1194/4764/3599
f 1063/4042/3053 730/4044/3055 1059/4055/3066
f 731/4045/3056 1062/4037/3048 1054/4021/3036
f 996/3756/2824 938/3772/2840 999/3757/2825
f 937/3507/2640 938/3508/2641 939/3509/2642
f 1200/4620/3499 1197/4619/3498 1201/4630/3506
f 1073/4148/3128 1075/4149/3129 732/4150/3130
f 1204/4978/3769 1279/4979/3769 1287/4980/3769
f 1195/4621/3500 1208/4631/3507 1203/4622/3501
f 874/3204/2435 861/3205/2435 873/3206/2435
f 1077/4151/3131 1076/4152/3132 1074/4131/3117
f 1207/4632/3508 1209/4633/3509 1210/4634/3510
f 1077/4151/3131 1074/4131/3117 1078/4153/3133
f 1233/4765/3600 1234/4766/3601 1235/4767/3602
f 1207/4632/3508 1210/4634/3510 1206/4635/3511
f 951/4114/3105 904/4154/3134 931/4115/3105
f 1062/4046/3057 731/4047/3058 1064/4048/3059
f 731/4049/3060 730/4050/3061 1063/4051/3062
f 1059/4055/3066 730/4044/3055 727/4056/3067
f 1075/4155/3135 957/4156/3135 1079/4157/3135
f 1198/4755/3592 1202/4761/3596 1216/4768/3603
f 937/3510/2643 940/3511/2644 934/3512/2645
f 946/4158/3136 1070/4159/3136 905/4160/3136
f 1063/4161/3137 1060/4162/3138 732/4163/3139
f 1283/4981/3770 1194/4982/3771 1239/4983/3772
f 1064/4052/3063 731/4049/3060 1063/4051/3062
f 1287/4984/3773 1279/4970/3761 1283/4969/3760
f 1076/4142/3122 1077/4164/3140 1072/4125/3112
f 855/3198/2429 804/3197/2428 875/3207/2436
f 1197/4619/3498 1203/4636/3512 1201/4630/3506
f 1285/4985/3774 1271/4960/3751 1273/4948/3739
f 1282/4975/3766 1288/4986/3775 1276/4952/3743
f 1211/4637/3513 1209/4638/3514 1207/4639/3513
f 935/3503/2636 934/3502/2635 940/3513/2646
f 1064/4048/3059 1061/4057/3068 1062/4046/3057
f 726/3999/3020 731/4053/3064 1054/4000/3021
f 1207/4640/3515 1180/4641/3516 1212/4642/3517
f 1232/4769/3604 1236/4770/3605 1235/4771/3606
f 852/3189/2421 871/3188/2420 876/3208/2437
f 1063/4161/3137 732/4163/3139 1064/4165/3141
f 1233/4765/3600 1235/4767/3602 1237/4772/3607
f 1213/4643/3518 1214/4644/3519 1195/4621/3500
f 852/3120/2369 876/3209/2438 869/3182/2416
f 1207/4640/3515 1212/4642/3517 1208/4645/3520
f 1234/4773/3608 1232/4769/3604 1235/4771/3606
f 1078/4166/3142 1075/4167/3143 1079/4168/3142
f 1233/4774/3609 1238/4775/3610 1234/4776/3610
f 1064/4143/3123 1078/4153/3133 1074/4131/3117
f 938/3772/2840 948/3771/2839 941/3773/2841
f 732/4150/3130 1075/4149/3129 1080/4169/3144
f 1075/4170/3145 1078/4171/3146 1080/4172/3146
f 876/3343/2523 867/3173/2409 869/3344/2524
f 1236/4770/3605 1185/4777/3611 1235/4771/3606
f 876/3343/2523 868/3174/2410 867/3173/2409
f 1215/4646/3521 1214/4644/3519 1213/4643/3518
f 933/3500/2633 904/3514/2647 932/3498/2631
f 869/3210/2439 801/3211/2439 875/3212/2439
f 1180/4647/3522 1207/4629/3505 1181/4628/3505
f 1077/4173/3147 1078/4166/3142 1079/4168/3142
f 1237/4778/3612 1235/4779/3613 1185/4780/3612
f 873/3213/2440 868/3214/2440 876/3215/2440
f 869/3216/2441 875/3217/2441 872/3218/2441
f 1207/4639/3513 1208/4648/3523 1211/4637/3513
f 1267/4942/3733 1289/4987/3776 1268/4943/3734
f 1232/4763/3598 1239/4781/3614 1194/4764/3599
f 1214/4649/3524 1211/4650/3524 1208/4651/3524
f 935/3503/2636 908/3515/2648 907/3501/2634
f 951/4119/3107 1072/4121/3109 1077/4174/3148
f 872/3219/2442 875/3220/2442 804/3221/2442
f 1195/5151/3923 1204/5152/3923 1287/5153/3923
f 1232/4769/3604 1234/4773/3608 1240/4782/3615
f 937/3510/2643 939/3516/2649 940/3511/2644
f 867/3374/2544 904/3376/2544 890/3381/2548
f 726/2656/1999 727/2657/2000 728/2658/2001
f 729/4054/3065 727/4056/3067 730/4044/3055
f 1239/4983/3772 1287/4988/3777 1283/4981/3770
f 1239/4989/3778 1290/4990/3779 1287/4991/3780
f 1195/4621/3500 1214/4644/3519 1208/4631/3507
f 873/3222/2443 876/3223/2444 871/3224/2445
f 1291/4992/3781 1268/4943/3734 1289/4987/3776
f 1282/4965/3756 1272/4967/3758 1284/4993/3782
f 1195/4994/3783 1287/4995/3783 1213/4996/3783
f 837/3096/2350 816/3225/2446 808/3201/2432
f 1181/4652/3525 1206/4653/3526 1186/4654/3527
f 1216/4768/3603 1202/4761/3596 1201/4783/3616
f 1203/4636/3512 1216/4655/3528 1201/4630/3506
f 1241/4784/3617 1239/4781/3614 1232/4763/3598
f 1238/4775/3610 1240/4785/3618 1234/4776/3610
f 855/3198/2429 875/3207/2436 801/3226/2447
f 1217/4656/3529 1210/4657/3530 1209/4658/3529
f 803/3227/2448 837/3228/2448 855/3229/2448
f 1232/4769/3604 1240/4782/3615 1241/4786/3619
f 743/4175/3149 1078/4153/3133 1064/4143/3123
f 905/3377/2546 874/3364/2536 909/3382/2549
f 1214/4644/3519 1215/4646/3521 1218/4659/3531
f 732/4163/3139 734/4176/3150 1064/4165/3141
f 1203/4636/3512 1219/4660/3532 1183/4661/3533
f 1237/4778/3612 1185/4780/3612 961/4787/3620
f 873/3230/2449 877/3231/2450 874/3232/2451
f 1220/4662/3534 1203/4622/3501 1208/4631/3507
f 938/3517/2650 941/3518/2651 942/3519/2652
f 878/3233/2452 869/3234/2452 867/3235/2452
f 729/2659/2002 730/2660/2003 731/2661/2004
f 1183/4788/3621 1182/4789/3622 1216/4859/3676
f 906/3499/2632 908/3520/2653 933/3500/2633
f 855/3198/2429 801/3226/2447 803/3236/2453
f 1214/4663/3535 1218/4664/3535 1211/4665/3535
f 1217/4666/3536 1206/4653/3526 1210/4667/3537
f 1236/4790/3623 1198/4762/3597 1216/4791/3624
f 816/3237/2454 837/3238/2454 803/3239/2454
f 1078/4171/3146 743/4177/3151 1080/4172/3146
f 1236/4790/3623 1232/4763/3598 1198/4762/3597
f 1080/4169/3144 739/4178/3152 732/4150/3130
f 943/3521/2654 944/3522/2655 945/3523/2656
f 1183/4661/3533 1216/4655/3528 1203/4636/3512
f 1292/4997/3784 1273/4948/3739 1264/4950/3741
f 801/2953/2241 802/2954/2242 803/2955/2243
f 804/2956/2244 805/2957/2245 802/2958/2246
f 1081/4179/3153 957/4180/3153 1080/4181/3153
f 732/2662/2005 733/2663/2005 729/2664/2005
f 1284/4993/3782 1288/4998/3785 1282/4965/3756
f 1077/4182/3154 1079/4183/3155 1081/4184/3156
f 802/3240/2455 872/3202/2433 804/3241/2456
f 801/2959/2247 806/2960/2247 802/2961/2247
f 801/3242/2457 869/3243/2457 806/3244/2457
f 732/2665/2006 729/2666/2006 734/2667/2006
f 957/4185/3157 1081/4184/3156 1079/4183/3155
f 959/4531/3444 1180/4532/3444 1181/4533/3445
f 1080/4186/3158 743/4187/3158 1081/4188/3158
f 1183/4668/3538 942/4669/3538 1182/4670/3538
f 872/3202/2433 806/3245/2458 871/3195/2426
f 941/4534/3446 1182/4535/3446 942/4536/3446
f 954/4189/3159 951/4119/3107 1077/4174/3148
f 1208/4671/3539 1212/4672/3539 1220/4673/3539
f 946/3524/2657 905/3525/2657 909/3526/2657
f 1221/4674/3540 1217/4656/3529 1209/4658/3529
f 1216/4791/3624 1188/4792/3625 1236/4790/3623
f 806/3245/2458 872/3202/2433 802/3240/2455
f 1209/4675/3541 1211/4676/3541 1221/4677/3541
f 942/4537/3447 1183/4538/3448 1184/4539/3447
f 942/3519/2652 947/3527/2658 938/3517/2650
f 873/3222/2443 871/3224/2445 879/3246/2459
f 802/2954/2242 807/2962/2248 803/2955/2243
f 880/3247/2460 869/3248/2461 878/3249/2460
f 728/2658/2001 727/2657/2000 735/2668/2007
f 1288/4986/3775 1293/4999/3786 1276/4952/3743
f 904/3506/2639 944/3528/2659 936/3504/2637
f 867/3250/2462 880/3247/2460 878/3249/2460
f 877/3231/2450 873/3230/2449 879/3251/2463
f 741/4190/3160 739/4178/3152 1080/4169/3144
f 1293/5000/3787 1267/4959/3750 1276/4958/3749
f 1182/4793/3626 941/4794/3626 1187/4795/3626
f 947/3529/2660 939/3509/2642 938/3508/2641
f 727/2669/2008 729/2670/2008 736/2671/2008
f 808/2963/2249 805/2964/2249 804/2965/2249
f 962/4540/3449 961/4541/3449 1185/4542/3449
f 1287/4991/3780 1294/5001/3788 1213/5002/3789
f 1190/4678/3542 1212/4642/3517 1180/4641/3516
f 806/3252/2464 869/3253/2464 813/3254/2464
f 736/2672/2009 734/2673/2009 729/2674/2009
f 880/3255/2465 813/3256/2465 869/3257/2465
f 1190/4679/3543 1203/4622/3501 1220/4662/3534
f 736/2675/2010 729/2676/2011 733/2677/2010
f 806/3258/2466 879/3246/2459 871/3224/2445
f 1293/5000/3787 1289/5003/3790 1267/4959/3750
f 1181/4543/3450 1186/4544/3451 959/4545/3451
f 731/2661/2004 737/2678/2012 729/2659/2002
f 729/2659/2002 737/2678/2012 736/2679/2013
f 945/4546/3452 962/4547/3453 1185/4548/3454
f 738/2680/2014 733/2681/2014 739/2682/2014
f 1219/4680/3544 1203/4681/3545 1190/4682/3546
f 1182/4789/3622 1188/4796/3627 1216/4859/3676
f 1081/4184/3156 954/4191/3161 1077/4182/3154
f 802/2958/2246 805/2957/2245 807/2966/2250
f 739/4178/3152 733/4192/3162 732/4150/3130
f 1218/4683/3547 1221/4684/3547 1211/4685/3547
f 1080/4169/3144 957/4193/3163 741/4190/3160
f 806/3258/2466 810/3259/2467 879/3246/2459
f 1237/4797/3628 961/4798/3628 1189/4799/3628
f 809/2967/2251 810/2968/2251 805/2969/2251
f 1070/4146/3126 946/4194/3164 957/4144/3124
f 1290/4990/3779 1294/5001/3788 1287/4991/3780
f 949/4549/3455 1187/4550/3455 941/4551/3455
f 1238/4800/3629 1242/4801/3629 1241/4802/3629
f 877/3260/2468 881/3261/2468 874/3262/2468
f 807/2970/2252 805/2971/2252 806/2972/2252
f 1243/4803/3630 1242/4804/3631 1238/4805/3632
f 1220/4686/3548 1212/4687/3548 1190/4688/3548
f 948/3530/2661 949/3531/2662 941/3688/2766
f 738/2683/2015 739/2684/2016 736/2685/2017
f 806/3263/2469 813/3264/2469 807/3265/2469
f 945/4546/3452 1185/4548/3454 1188/4552/3456
f 736/2675/2010 733/2677/2010 738/2686/2018
f 736/2687/2019 735/2688/2019 727/2689/2020
f 1081/4195/3165 743/4196/3165 1082/4197/3165
f 1227/5004/3791 1290/4990/3779 1239/4989/3778
f 1213/5002/3789 1294/5001/3788 1225/5005/3792
f 1184/4689/3549 1183/4661/3533 1219/4660/3532
f 734/4198/3166 743/4175/3149 1064/4143/3123
f 1290/5006/3793 1295/5007/3793 1294/5008/3794
f 867/3266/2470 882/3267/2470 883/3268/2470
f 1233/4806/3633 1243/4803/3630 1238/4805/3632
f 810/3259/2467 806/3258/2466 805/3269/2471
f 867/3270/2472 883/3271/2473 880/3272/2474
f 943/3532/2663 950/3533/2664 948/3534/2664
f 739/2684/2016 734/2690/2021 736/2685/2017
f 1233/4806/3633 1237/4807/3634 1243/4803/3630
f 904/3689/2665 951/3535/2665 674/3536/2665
f 882/3273/2475 877/3274/2476 879/3275/2475
f 731/2691/2022 726/2692/2023 737/2693/2024
f 957/4199/3167 1082/4200/3167 741/4201/3167
f 942/3519/2652 952/3537/2666 947/3527/2658
f 1081/4184/3156 1082/4202/3168 954/4191/3161
f 805/2973/2253 811/2974/2253 809/2975/2253
f 1291/5009/3795 1084/4963/3754 1268/4968/3759
f 1295/5010/3796 1225/5011/3796 1294/5012/3797
f 1227/4808/3635 1239/4809/3636 1244/4810/3637
f 877/3276/2477 882/3277/2478 884/3278/2479
f 805/2976/2254 808/2977/2255 811/2978/2256
f 741/4203/3169 1082/4204/3169 743/4205/3169
f 867/3279/2480 884/3280/2480 882/3281/2480
f 877/3383/2550 910/3384/2551 881/3385/2552
f 880/3272/2474 814/3282/2481 813/3283/2482
f 743/4206/3170 667/4207/3170 741/4208/3170
f 909/3382/2549 874/3364/2536 881/3386/2553
f 728/2694/2025 737/2693/2024 726/2692/2023
f 879/3284/2483 810/3285/2484 818/3286/2485
f 883/3287/2486 882/3273/2475 879/3275/2475
f 1215/5013/3798 1213/5002/3789 1225/5005/3792
f 910/3384/2551 909/3387/2554 881/3385/2552
f 1240/4811/3629 1238/4800/3629 1241/4802/3629
f 904/3538/2667 933/3539/2667 693/3540/2667
f 885/3388/2555 910/3389/2556 877/3390/2557
f 894/3391/2558 910/3389/2556 885/3388/2555
f 957/4209/3171 954/4191/3161 1082/4202/3168
f 1180/4532/3444 959/4531/3444 940/4553/3457
f 885/3288/2487 877/3276/2477 886/3289/2488
f 1222/4690/3550 1221/4691/3550 1218/4692/3550
f 880/3272/2474 883/3271/2473 814/3282/2481
f 949/3531/2662 948/3530/2661 953/3541/2668
f 803/2955/2243 807/2962/2248 812/2979/2257
f 1290/5006/3793 1296/5014/3799 1295/5007/3793
f 1241/4812/3638 1242/4813/3639 1245/4814/3639
f 1239/4809/3636 1241/4815/3640 1244/4810/3637
f 1241/4816/3641 1245/4817/3642 1244/4818/3643
f 879/3290/2489 887/3291/2490 883/3292/2491
f 812/2980/2258 807/2981/2259 813/2982/2258
f 810/2983/2260 809/2984/2261 812/2985/2262
f 951/3542/2669 954/3543/2669 674/3544/2669
f 740/2695/2026 741/2696/2027 667/2697/2028
f 910/3389/2556 894/3391/2558 911/3392/2559
f 1218/4659/3531 1215/4646/3521 1222/4693/3551
f 818/3286/2485 887/3293/2492 879/3284/2483
f 1184/4689/3549 1219/4660/3532 1188/4694/3552
f 952/4554/3458 942/4537/3447 1184/4539/3447
f 1243/4803/3630 1237/4807/3634 1189/4819/3644
f 1243/4820/3645 1245/4814/3639 1242/4813/3639
f 1184/4555/3459 1187/4556/3460 952/4557/3460
f 735/2688/2019 736/2687/2019 742/2698/2029
f 740/4210/3172 739/4178/3152 741/4190/3160
f 813/2982/2258 814/2986/2263 812/2980/2258
f 949/4558/3461 952/4557/3460 1187/4556/3460
f 810/2983/2260 812/2985/2262 814/2987/2264
f 955/3545/2670 956/3546/2671 957/3547/2671
f 1227/5015/3800 1296/5016/3800 1290/5017/3801
f 1293/4999/3786 1288/4986/3775 1295/5018/3802
f 884/3278/2479 886/3289/2488 877/3276/2477
f 811/2988/2265 815/2989/2266 809/2990/2266
f 809/2990/2266 815/2989/2266 812/2991/2267
f 888/3294/2493 887/3293/2492 818/3286/2485
f 889/3295/2494 887/3293/2492 888/3294/2493
f 888/3393/2560 912/3394/2561 889/3395/2561
f 945/3548/2672 944/3528/2659 904/3506/2639
f 933/3500/2633 908/3520/2653 693/3549/2673
f 818/3296/2495 810/3297/2495 817/3298/2495
f 810/3299/2496 814/3300/2496 822/3301/2496
f 884/3302/2497 867/3303/2498 890/3304/2499
f 1185/4777/3611 1236/4770/3605 1188/4821/3646
f 954/3550/2674 957/3547/2671 956/3546/2671
f 1297/5019/3803 1273/4948/3739 1292/4997/3784
f 816/2992/2268 756/2993/2269 808/2994/2269
f 1285/4985/3774 1273/4948/3739 1297/5019/3803
f 883/3305/2500 822/3306/2501 814/3307/2502
f 1264/4939/3730 1286/4976/3767 1292/5020/3804
f 1245/4817/3642 1188/4822/3647 1246/4823/3648
f 818/3308/2503 823/3309/2504 888/3310/2505
f 812/2995/2270 815/2996/2270 803/2997/2270
f 811/2998/2271 817/2999/2271 815/3000/2272
f 818/3001/2273 811/2978/2256 751/3002/2274
f 1191/4695/3553 1222/4693/3551 1223/4696/3554
f 949/3531/2662 953/3541/2668 952/3537/2666
f 891/3311/2506 885/3312/2506 886/3313/2506
f 892/3314/2507 893/3315/2507 887/3316/2507
f 819/3003/2275 820/3004/2276 821/3005/2277
f 954/3551/2675 662/3552/2675 674/3553/2675
f 912/3394/2561 913/3396/2562 889/3395/2561
f 887/3317/2508 893/3318/2508 885/3319/2508
f 1188/4796/3627 1187/4824/3649 1184/4825/3650
f 740/2699/2030 734/2700/2030 739/2701/2031
f 818/3006/2278 817/2999/2271 811/2998/2271
f 1296/5021/3805 1293/4999/3786 1295/5018/3802
f 909/3387/2554 910/3384/2551 914/3397/2563
f 884/3302/2497 890/3304/2499 886/3320/2509
f 914/3397/2563 910/3384/2551 892/3398/2564
f 1222/4697/3555 1191/4698/3556 1221/4699/3557
f 1298/5022/3806 1225/5011/3796 1295/5010/3796
f 953/3541/2668 947/3527/2658 952/3537/2666
f 743/2702/2032 734/2703/2033 744/2704/2032
f 674/3554/2676 662/3555/2676 670/3556/2676
f 1182/4789/3622 1187/4824/3649 1188/4796/3627
f 947/3529/2660 958/3557/2677 939/3509/2642
f 885/3321/2510 893/3322/2510 894/3323/2510
f 914/3558/2678 946/3559/2679 909/3560/2680
f 616/3399/2565 911/3400/2565 915/3401/2566
f 889/3402/2567 913/3403/2568 892/3404/2567
f 808/2977/2255 751/3002/2274 811/2978/2256
f 662/4211/3173 954/4212/3174 660/4213/3175
f 957/3561/2681 946/3562/2681 955/3563/2681
f 743/2702/2032 744/2704/2032 666/2705/2034
f 1186/4544/3451 969/4559/3462 959/4545/3451
f 751/3324/2511 823/3325/2511 818/3326/2511
f 892/3398/2564 913/3405/2569 914/3397/2563
f 816/3007/2279 803/3008/2280 815/3009/2281
f 1223/4696/3554 1190/4700/3558 1191/4695/3553
f 958/3564/2682 940/3511/2644 939/3516/2649
f 616/3399/2565 916/3406/2570 911/3400/2565
f 887/3407/2571 889/3402/2567 892/3404/2567
f 667/2706/2035 743/2707/2035 666/2708/2035
f 893/3408/2572 892/3492/2572 633/3409/2572
f 888/3410/2573 895/3411/2573 912/3412/2573
f 660/4213/3175 954/4212/3174 956/4214/3176
f 1227/5023/3807 1225/5024/3808 1298/5025/3807
f 917/3413/2574 916/3414/2575 616/3415/2576
f 822/3010/2282 823/3011/2283 751/3012/2284
f 1188/4826/3651 1219/4827/3652 1193/4828/3653
f 946/3559/2679 914/3558/2678 955/3565/2683
f 1221/4699/3557 1191/4698/3556 1186/4701/3559
f 754/3013/2285 751/3002/2274 808/2977/2255
f 1285/4985/3774 1297/5019/3803 1099/5026/3809
f 883/3292/2491 887/3291/2490 891/3327/2512
f 895/3416/2577 621/3417/2577 912/3418/2577
f 1224/4702/3560 1215/4703/3561 1225/4704/3562
f 959/3566/2684 922/3567/2685 940/3568/2686
f 660/4213/3175 956/4214/3176 663/4215/3177
f 660/2436/1843 661/2437/1843 662/2438/1843
f 891/3328/2513 887/3329/2513 885/3330/2513
f 917/3413/2574 616/3415/2576 918/3419/2578
f 955/3565/2683 914/3558/2678 663/3569/2687
f 822/3306/2501 883/3305/2500 891/3331/2514
f 945/4546/3452 1188/4552/3456 695/4560/3463
f 912/3420/2579 621/3421/2579 913/3422/2579
f 810/3332/2515 822/3333/2515 817/3334/2515
f 751/3012/2284 824/3014/2286 822/3010/2282
f 960/3570/2688 693/3549/2673 908/3520/2653
f 663/3571/2689 956/3572/2689 955/3573/2689
f 888/3310/2505 823/3309/2504 822/3335/2516
f 935/3574/2690 940/3568/2686 922/3567/2685
f 1221/4699/3557 1186/4701/3559 1217/4705/3563
f 886/3320/2509 893/3336/2517 891/3337/2518
f 754/3015/2287 808/2994/2269 756/2993/2269
f 894/3338/2519 886/3320/2509 890/3304/2499
f 825/3016/2288 819/3017/2288 821/3018/2289
f 894/3338/2519 893/3336/2517 886/3320/2509
f 1219/4706/3564 1223/4707/3564 1193/4708/3564
f 961/4561/3464 688/4562/3464 1189/4563/3464
f 1180/4564/3465 940/4565/3466 958/4566/3465
f 820/3004/2276 826/3019/2290 827/3020/2291
f 1247/4829/3654 1245/4830/3655 1243/4831/3656
f 961/3575/2691 962/3576/2691 904/3577/2691
f 1246/4823/3648 1244/4818/3643 1245/4817/3642
f 1190/4682/3546 1223/4709/3565 1219/4680/3544
f 734/2700/2030 740/2699/2030 744/2709/2036
f 820/3004/2276 827/3020/2291 821/3005/2277
f 621/3423/2580 914/3424/2580 913/3425/2580
f 1299/5027/3810 1296/5016/3800 1227/5015/3800
f 1226/4710/3566 1224/4702/3560 1225/4704/3562
f 828/3021/2292 819/3017/2288 825/3016/2288
f 1217/4666/3536 1186/4654/3527 1206/4653/3526
f 958/4567/3467 971/4568/3467 1190/4569/3467
f 816/3007/2279 815/3009/2281 756/3022/2293
f 756/3022/2293 815/3009/2281 824/3023/2294
f 744/2710/2037 745/2711/2037 666/2712/2037
f 615/3426/2581 918/3419/2578 616/3415/2576
f 1223/4711/3567 1192/4712/3567 1193/4713/3567
f 736/2679/2013 737/2678/2012 742/2713/2038
f 1188/4860/3657 1247/4832/3657 689/4833/3658
f 633/3339/2520 891/3340/2520 893/3345/2520
f 821/3024/2295 827/3025/2296 825/3026/2297
f 1193/4828/3653 1246/4834/3659 1188/4826/3651
f 744/2714/2039 740/2715/2040 746/2716/2041
f 744/2714/2039 746/2716/2041 745/2717/2042
f 1243/4831/3656 1189/4835/3660 1247/4829/3654
f 1104/5028/3811 1288/4998/3785 1284/4993/3782
f 958/4566/3465 1190/4570/3468 1180/4564/3465
f 935/3503/2636 960/3578/2692 908/3515/2648
f 911/3427/2582 916/3428/2583 917/3429/2584
f 660/2439/1844 663/2440/1844 664/2441/1844
f 662/2442/1845 661/2443/1845 665/2444/1845
f 890/3430/2585 911/3431/2585 894/3432/2586
f 695/4560/3463 1188/4552/3456 689/4571/3469
f 1300/5029/3812 1295/5018/3802 1288/4986/3775
f 1226/4710/3566 1225/4704/3562 1227/4714/3568
f 935/3574/2690 922/3567/2685 920/3579/2693
f 1222/4693/3551 1215/4646/3521 1224/4715/3569
f 1248/4836/3661 1226/4837/3662 1227/4808/3635
f 746/2716/2041 747/2718/2043 748/2719/2044
f 664/2445/1846 663/2446/1847 666/2447/1848
f 953/3580/2694 948/3534/2664 950/3533/2664
f 822/3335/2516 895/3341/2521 888/3310/2505
f 1115/5030/3813 1297/5019/3803 1292/4997/3784
f 824/3023/2294 815/3009/2281 822/3027/2298
f 919/3433/2587 914/3493/2629 621/3434/2588
f 817/3028/2299 822/3029/2299 815/3030/2299
f 911/3431/2585 890/3430/2585 920/3435/2589
f 935/3581/2695 920/3582/2696 960/3583/2697
f 1190/4572/3470 971/4573/3470 1191/4574/3470
f 1222/4693/3551 1224/4715/3569 1223/4696/3554
f 962/3584/2698 945/3585/2698 904/3586/2698
f 895/3436/2590 822/3437/2590 633/3438/2590
f 666/2447/1848 663/2446/1847 667/2448/1849
f 746/2716/2041 740/2715/2040 747/2718/2043
f 673/3439/2591 914/3493/2629 919/3433/2587
f 751/3031/2300 620/3032/2300 824/3033/2300
f 663/3440/2592 914/3493/2629 673/3439/2591
f 661/2449/1850 660/2450/1851 668/2451/1852
f 1247/4832/3657 1188/4860/3657 1245/4838/3663
f 747/2720/2045 749/2721/2046 748/2722/2047
f 911/3587/2699 920/3588/2699 915/3589/2699
f 750/2723/2048 740/2695/2026 667/2697/2028
f 1227/5023/3807 1298/5025/3807 1299/5031/3814
f 891/3331/2514 633/3342/2522 822/3306/2501
f 890/3590/2700 904/3591/2701 920/3690/2767
f 674/3592/2702 961/3593/2702 904/3594/2703
f 1223/4716/3570 1096/4717/3570 1192/4718/3571
f 1248/4836/3661 1227/4808/3635 1244/4810/3637
f 665/2452/1853 661/2453/1853 669/2454/1853
f 921/3441/2593 920/3442/2593 922/3443/2594
f 670/2455/1854 662/2456/1854 665/2457/1854
f 615/3426/2581 619/3444/2595 923/3445/2596
f 918/3419/2578 615/3426/2581 923/3445/2596
f 742/2724/2049 751/2725/2050 735/2726/2051
f 671/2458/1855 664/2459/1855 666/2460/1856
f 911/3427/2582 917/3429/2584 924/3446/2597
f 911/3447/2598 924/3448/2599 892/3449/2598
f 1293/5051/3834 1296/5052/3835 1299/5032/3815
f 920/3442/2593 921/3441/2593 915/3450/2600
f 920/3690/2767 904/3591/2701 963/3595/2704
f 918/3451/2601 925/3452/2602 917/3453/2603
f 926/3454/2604 918/3455/2604 923/3456/2604
f 746/2727/2052 752/2728/2052 753/2729/2052
f 924/3446/2597 917/3429/2584 925/3457/2605
f 911/3447/2598 892/3449/2598 910/3458/2606
f 749/2721/2046 747/2720/2045 750/2730/2053
f 735/2726/2051 751/2725/2050 754/2731/2054
f 674/3592/2702 665/3596/2705 961/3593/2702
f 621/4216/3178 673/4217/3178 919/4218/3178
f 672/2461/1857 660/2462/1857 664/2463/1858
f 673/2464/1859 667/2448/1849 663/2446/1847
f 1244/4839/3664 1088/4840/3665 1248/4841/3666
f 964/3597/2706 963/3595/2704 904/3591/2701
f 1244/4839/3664 1246/4842/3667 1088/4840/3665
f 752/2732/2055 746/2733/2055 755/2734/2055
f 1226/4719/3572 1108/4720/3573 1224/4721/3574
f 620/2735/2056 751/2736/2057 742/2737/2058
f 1115/5030/3813 1099/5026/3809 1297/5019/3803
f 969/4722/3575 1186/4723/3575 1191/4724/3575
f 965/3598/2707 958/3557/2677 947/3529/2660
f 756/2738/2059 735/2668/2007 754/2739/2060
f 950/3599/2708 943/3521/2654 945/3523/2656
f 750/2723/2048 747/2740/2061 740/2695/2026
f 667/2741/2062 673/2742/2063 681/2743/2064
f 665/2465/1860 674/2466/1860 670/2467/1860
f 1224/4721/3574 1108/4720/3573 1223/4725/3576
f 829/3034/2301 828/3035/2302 825/3036/2303
f 1085/5033/3816 1084/4963/3754 1291/5009/3795
f 666/2744/2065 745/2745/2066 671/2746/2066
f 918/3459/2607 926/3460/2607 927/3461/2607
f 748/2747/2067 755/2748/2068 746/2749/2069
f 971/4575/3471 969/4576/3471 1191/4577/3472
f 1288/4998/3785 1104/5028/3811 1300/5034/3817
f 671/2458/1855 672/2468/1861 664/2459/1855
f 925/3452/2602 918/3451/2601 927/3462/2608
f 615/2323/1759 616/2324/1759 617/2325/1759
f 1247/4829/3654 1189/4835/3660 689/4843/3668
f 1246/4834/3659 1193/4828/3653 1228/4844/3669
f 825/3036/2303 830/3037/2304 829/3034/2301
f 1095/4578/3473 1112/4579/3473 1192/4580/3473
f 669/2469/1862 661/2470/1862 668/2471/1862
f 755/2748/2068 757/2750/2070 752/2751/2071
f 895/3463/2609 633/3464/2609 621/3465/2609
f 1088/4840/3665 1246/4842/3667 1228/4845/3670
f 923/3466/2610 925/3467/2611 926/3468/2612
f 820/3038/2305 819/3039/2306 828/3040/2305
f 750/2752/2072 667/2741/2062 681/2743/2064
f 1228/4726/3577 1223/4725/3576 1108/4720/3573
f 669/2472/1863 668/2451/1852 675/2473/1864
f 1223/4716/3570 1228/4727/3578 1096/4717/3570
f 1088/4840/3665 1228/4845/3670 1108/4846/3671
f 960/3583/2697 920/3582/2696 966/3600/2709
f 928/3469/2613 924/3446/2597 925/3457/2605
f 757/2750/2070 755/2748/2068 748/2747/2067
f 1295/5018/3802 1300/5029/3812 1298/5035/3818
f 758/2753/2073 753/2754/2074 752/2751/2071
f 1299/5032/3815 1092/5036/3819 1293/5051/3834
f 921/3470/2614 928/3471/2615 915/3472/2616
f 963/3601/2710 964/3602/2710 967/3603/2710
f 620/3041/2307 756/3022/2293 824/3023/2294
f 758/2755/2075 746/2756/2075 753/2757/2075
f 963/3604/2711 966/3605/2712 920/3606/2713
f 927/3473/2617 926/3468/2612 925/3467/2611
f 676/2474/1865 669/2472/1863 675/2473/1864
f 669/2472/1863 676/2474/1865 665/2475/1866
f 677/2476/1867 678/2477/1868 679/2478/1869
f 1284/4973/3764 1285/4974/3765 1104/5037/3820
f 626/3042/2308 829/3043/2309 830/3044/2308
f 829/3034/2301 831/3045/2310 828/3035/2302
f 1192/4728/3579 1096/4729/3579 1095/4730/3579
f 929/3607/2714 959/3608/2715 968/3609/2716
f 668/2451/1852 660/2450/1851 680/2479/1870
f 820/3038/2305 828/3040/2305 832/3046/2311
f 1298/5035/3818 1300/5029/3812 1092/5036/3819
f 1298/5035/3818 1092/5036/3819 1299/5032/3815
f 1292/5020/3804 1286/4976/3767 1086/5038/3821
f 673/2607/1871 621/2480/1871 681/2481/1871
f 615/2326/1760 618/2327/1760 619/2328/1760
f 1189/4581/3474 688/4582/3474 689/4583/3474
f 1293/5000/3787 1102/5039/3822 1289/5003/3790
f 742/2758/2076 749/2759/2076 750/2760/2076
f 830/3047/2312 625/3048/2312 764/3049/2312
f 831/3050/2313 829/3051/2314 626/3052/2313
f 665/3610/2717 676/3611/2718 961/3612/2719
f 680/2479/1870 675/2473/1864 668/2451/1852
f 759/2761/2077 620/2735/2056 742/2737/2058
f 728/2694/2025 760/2762/2078 737/2693/2024
f 750/2752/2072 681/2743/2064 621/2763/2079
f 950/4584/3475 1111/4585/3475 953/4586/3476
f 924/3474/2618 928/3475/2619 892/3476/2620
f 923/3477/2621 640/3478/2622 925/3457/2605
f 750/2764/2080 759/2765/2080 742/2766/2080
f 825/3082/2338 625/3053/2315 830/3083/2339
f 915/3613/2720 928/3614/2721 697/3615/2722
f 660/2462/1857 672/2461/1857 680/2482/1872
f 1083/4221/3181 1084/4222/3182 1085/4223/3183
f 671/2483/1873 682/2484/1874 672/2485/1874
f 745/2767/2081 746/2768/2082 758/2769/2083
f 1289/4987/3776 1102/5040/3823 1291/4992/3781
f 964/3616/2723 692/3617/2724 967/3618/2725
f 688/3619/2726 961/3612/2719 676/3611/2718
f 830/3044/2308 764/3054/2316 626/3042/2308
f 750/2752/2072 621/2763/2079 759/2770/2084
f 615/2329/1761 617/2330/1762 618/2331/1763
f 950/3599/2708 945/3523/2656 695/3620/2727
f 1086/5041/3824 1286/4977/3768 1084/4963/3754
f 922/3621/2728 959/3608/2715 929/3607/2714
f 749/2721/2046 761/2771/2085 748/2722/2047
f 756/2772/2086 620/2773/2087 728/2774/2088
f 675/2473/1864 680/2479/1870 676/2474/1865
f 683/2486/1875 677/2487/1876 679/2488/1877
f 683/2489/1878 679/2478/1869 678/2477/1868
f 631/3479/2623 633/3480/2623 892/3481/2623
f 742/2775/2089 762/2776/2089 749/2777/2089
f 752/2751/2071 757/2750/2070 758/2753/2073
f 742/2778/2090 760/2779/2090 762/2780/2090
f 756/2738/2059 728/2658/2001 735/2668/2007
f 1099/5042/3825 1104/5037/3820 1285/4974/3765
f 1293/5000/3787 1092/5043/3826 1102/5039/3822
f 969/3622/2729 968/3609/2716 959/3608/2715
f 683/2486/1875 684/2490/1879 678/2491/1880
f 758/2769/2083 682/2781/2091 745/2767/2081
f 966/3605/2712 963/3604/2711 970/3623/2730
f 1226/4731/3580 1087/4732/3580 1109/4733/3580
f 1110/4587/3477 947/4588/3478 953/4589/3477
f 680/2492/1881 672/2485/1874 682/2484/1874
f 892/3476/2620 928/3475/2619 631/3482/2624
f 759/2770/2084 621/2763/2079 620/2782/2092
f 625/3053/2315 825/3082/2338 833/3055/2317
f 626/3052/2313 629/3056/2318 831/3050/2313
f 947/4590/3479 1110/4591/3480 965/4592/3481
f 925/3457/2605 640/3478/2622 928/3469/2613
f 682/2783/2093 671/2746/2066 745/2745/2066
f 737/2678/2012 760/2784/2094 742/2713/2038
f 1226/4847/3672 1248/4848/3672 1087/4849/3672
f 685/2493/1882 676/2494/1883 680/2495/1884
f 832/3057/2319 828/3035/2302 831/3045/2310
f 963/3604/2711 967/3624/2731 970/3623/2730
f 620/2785/2095 763/2786/2096 759/2787/2097
f 827/3025/2296 833/3058/2320 825/3026/2297
f 826/3059/2321 833/3060/2321 827/3061/2322
f 678/2496/1885 685/2493/1882 680/2495/1884
f 678/2496/1885 680/2495/1884 682/2497/1886
f 904/3625/2732 692/3617/2724 964/3616/2723
f 626/2788/2098 764/2789/2099 765/2790/2100
f 1110/4587/3477 953/4589/3477 1111/4593/3482
f 967/3618/2725 692/3617/2724 970/3626/2733
f 1291/4992/3781 1102/5040/3823 1085/5044/3827
f 929/3483/2625 921/3484/2625 922/3485/2625
f 707/3627/2734 616/3628/2734 915/3629/2734
f 620/2332/1764 621/2333/1765 622/2334/1766
f 958/3630/2735 965/3631/2735 971/3632/2735
f 683/2498/1887 678/2496/1885 682/2497/1886
f 968/4594/3483 969/4576/3471 971/4575/3471
f 759/2791/2101 728/2774/2088 620/2773/2087
f 683/2486/1875 678/2491/1880 677/2487/1876
f 765/2790/2100 627/2792/2102 626/2788/2098
f 834/3062/2323 826/3019/2290 820/3004/2276
f 762/2793/2103 759/2794/2104 766/2795/2105
f 692/3633/2736 904/3634/2736 693/3635/2736
f 766/2796/2106 759/2797/2107 684/2798/2108
f 749/2721/2046 762/2799/2109 761/2771/2085
f 1084/4222/3182 1083/4221/3181 1086/4224/3184
f 676/2499/1888 685/2500/1889 686/2501/1888
f 698/3636/2737 915/3613/2720 697/3615/2722
f 633/3063/2324 632/3064/2324 621/3065/2324
f 762/2793/2103 760/2800/2110 759/2794/2104
f 764/2801/2111 767/2802/2112 765/2803/2113
f 1193/4850/3673 1094/4851/3673 1228/4852/3673
f 687/2502/1890 685/2503/1891 678/2491/1880
f 760/2800/2110 728/2804/2114 759/2794/2104
f 757/2750/2070 761/2805/2115 758/2753/2073
f 1112/4734/3581 1193/4735/3581 1192/4736/3581
f 758/2806/2116 761/2807/2116 682/2808/2116
f 766/2809/2117 768/2810/2118 762/2799/2109
f 759/2811/2119 763/2786/2096 684/2812/2120
f 768/2813/2121 766/2814/2121 683/2815/2121
f 1087/4225/3185 1088/4226/3185 1089/4227/3185
f 1088/4853/3674 1087/4854/3674 1248/4855/3674
f 707/3637/2738 915/3613/2720 698/3636/2737
f 684/2798/2108 683/2816/2122 766/2796/2106
f 966/3638/2739 693/3639/2739 960/3640/2739
f 686/2501/1888 688/2504/1892 676/2499/1888
f 761/2771/2085 762/2799/2109 768/2810/2118
f 831/3045/2310 835/3066/2325 832/3057/2319
f 761/2805/2115 757/2750/2070 748/2747/2067
f 761/2817/2123 683/2818/2123 682/2819/2124
f 629/3067/2326 637/3068/2326 831/3069/2326
f 640/3478/2622 697/3486/2626 928/3469/2613
f 966/3641/2740 970/3642/2741 712/3643/2741
f 689/2505/1893 688/2506/1894 690/2507/1895
f 624/2820/2125 764/2801/2111 625/2821/2126
f 769/2822/2127 627/2792/2102 770/2823/2128
f 768/2824/2129 683/2818/2123 761/2817/2123
f 769/2825/2130 636/2826/2131 627/2827/2132
f 1092/5043/3826 1103/5045/3828 1102/5039/3822
f 835/3066/2325 831/3045/2310 637/3070/2327
f 1092/5036/3819 1300/5029/3812 1093/5046/3829
f 623/3071/2328 625/3053/2315 833/3055/2317
f 1193/4595/3484 1113/4596/3484 1094/4597/3484
f 1096/4856/3675 1228/4857/3675 1094/4858/3675
f 832/3072/2329 835/3073/2330 834/3074/2329
f 623/2335/1767 624/2336/1767 625/2337/1768
f 971/3644/2742 929/3645/2743 968/3646/2744
f 972/4228/3186 971/4229/3187 1090/4230/3188
f 685/2508/1896 687/2509/1897 686/2510/1898
f 770/2823/2128 627/2792/2102 765/2790/2100
f 689/3647/2745 690/3648/2745 695/3649/2745
f 626/2338/1769 627/2339/1770 628/2340/1771
f 921/3470/2614 930/3487/2627 928/3471/2615
f 928/3691/2746 930/3650/2746 703/3651/2746
f 820/3075/2331 832/3072/2329 834/3074/2329
f 628/2340/1771 629/2341/1772 626/2338/1769
f 928/3652/2747 703/3653/2747 631/3654/2747
f 923/3488/2628 619/3489/2628 640/3494/2628
f 617/2330/1762 630/2342/1773 618/2331/1763
f 826/3059/2321 836/3076/2332 833/3060/2321
f 623/3071/2328 833/3055/2317 836/3077/2333
f 692/3655/2748 712/3643/2741 970/3642/2741
f 1108/4737/3582 1226/4738/3582 1109/4739/3582
f 834/3078/2334 836/3079/2335 826/3080/2336
f 620/2785/2095 622/2828/2133 771/2829/2134
f 771/2829/2134 763/2786/2096 620/2785/2095
f 684/2490/1879 687/2502/1890 678/2491/1880
f 631/2343/1774 632/2344/1775 633/2345/1776
f 619/2346/1777 618/2347/1778 630/2348/1777
f 1091/4231/3189 1092/4232/3190 1093/4233/3191
f 691/2511/1899 692/2512/1900 693/2513/1899
f 1104/5028/3811 1093/5047/3830 1300/5034/3817
f 621/2333/1765 634/2349/1779 635/2350/1780
f 693/3656/2749 966/3657/2749 706/3658/2749
f 690/2514/1901 691/2511/1899 693/2513/1899
f 628/2351/1781 627/2352/1782 636/2353/1781
f 622/2830/2135 636/2831/2136 771/2832/2136
f 712/3659/2750 972/3660/2750 966/3661/2750
f 691/2515/1902 690/2507/1895 688/2506/1894
f 834/3078/2334 835/3081/2337 836/3079/2335
f 764/2801/2111 624/2820/2125 767/2802/2112
f 835/3066/2325 637/3070/2327 623/3071/2328
f 1094/4234/3192 1095/4235/3192 1096/4236/3192
f 694/2516/1903 695/2517/1903 690/2518/1903
f 921/3662/2751 929/3663/2751 930/3664/2751
f 1292/4997/3784 1126/5048/3831 1115/5030/3813
f 770/2833/2137 765/2803/2113 767/2802/2112
f 929/3645/2743 971/3644/2742 972/3665/2752
f 696/2519/1904 690/2520/1904 693/2521/1904
f 637/2354/1783 629/2355/1784 638/2356/1785
f 769/2825/2130 772/2834/2138 636/2826/2131
f 973/3666/2753 703/3667/2753 930/3668/2753
f 628/2351/1781 636/2353/1781 639/2357/1786
f 1193/4598/3485 1112/4599/3485 1113/4600/3485
f 835/3066/2325 623/3071/2328 836/3077/2333
f 695/3620/2727 974/3669/2754 950/3599/2708
f 621/2333/1765 635/2350/1780 622/2334/1766
f 638/2356/1785 629/2355/1784 628/2358/1787
f 772/2835/2139 771/2832/2136 636/2831/2136
f 701/3670/2755 703/3671/2755 973/3672/2755
f 636/2359/1788 622/2360/1789 635/2361/1788
f 697/2522/1905 642/2523/1906 698/2524/1907
f 637/2362/1790 638/2363/1791 623/2364/1792
f 1098/5049/3832 1104/5037/3820 1099/5042/3825
f 1111/4585/3475 950/4584/3475 1097/4601/3486
f 621/2333/1765 632/2365/1793 634/2349/1779
f 973/3673/2756 929/3674/2757 712/3675/2758
f 929/3645/2743 972/3665/2752 712/3676/2759
f 642/2523/1906 697/2522/1905 640/2525/1908
f 640/2366/1794 619/2367/1795 641/2368/1796
f 709/3677/2760 973/3678/2760 712/3679/2761
f 636/2359/1788 635/2361/1788 639/2369/1797
f 763/2786/2096 771/2829/2134 649/2836/2140
f 699/2526/1909 700/2527/1910 701/2528/1911
f 631/2343/1774 642/2370/1798 643/2371/1799
f 702/2529/1912 687/2530/1913 684/2531/1914
f 971/4602/3487 965/4603/3487 1105/4604/3487
f 624/2336/1767 623/2335/1767 644/2372/1800
f 767/2837/2141 624/2838/2142 644/2839/2143
f 644/2373/1801 623/2364/1792 638/2363/1791
f 709/3677/2760 701/3680/2762 973/3678/2760
f 631/2532/1915 703/2533/1915 642/2534/1915
f 700/2535/1916 703/2536/1916 701/2537/1916
f 973/3673/2756 930/3681/2763 929/3674/2757
f 769/2840/2144 770/2841/2144 773/2842/2144
f 694/2608/1968 690/2609/1968 696/2610/1968
f 702/2529/1912 704/2538/1917 687/2530/1913
f 616/2539/1918 652/2540/1918 617/2541/1918
f 950/4237/3193 974/4238/3194 1097/4239/3195
f 705/2542/1919 691/2515/1902 688/2506/1894
f 696/2543/1920 693/2544/1920 706/2545/1920
f 700/2527/1910 652/2546/1921 616/2547/1922
f 1098/4240/3196 1099/4241/3197 1100/4242/3198
f 1101/4243/3199 1085/4244/3200 1102/4245/3201
f 640/2366/1794 643/2374/1802 642/2375/1803
f 707/2548/1923 698/2549/1924 700/2550/1925
f 642/2551/1926 700/2550/1925 698/2549/1924
f 1110/4591/3480 1106/4605/3488 965/4592/3481
f 687/2509/1897 704/2552/1927 686/2510/1898
f 1102/4245/3201 1103/4246/3202 1101/4243/3199
f 774/2843/2145 772/2834/2138 769/2825/2130
f 631/2343/1774 643/2371/1799 632/2344/1775
f 640/2366/1794 641/2368/1796 643/2374/1802
f 708/2553/1928 701/2554/1929 709/2555/1930
f 1126/5050/3833 1292/5020/3804 1086/5038/3821
f 703/2556/1931 700/2557/1931 642/2558/1931
f 767/2837/2141 644/2839/2143 647/2844/2146
f 630/2348/1777 641/2376/1804 619/2346/1777
f 1104/4247/3203 1098/4248/3204 1093/4249/3205
f 1105/4250/3206 965/4251/3207 1106/4252/3208
f 769/2845/2147 773/2846/2148 775/2847/2149
f 1088/4740/3583 1108/4741/3583 1107/4742/3583
f 704/2559/1932 710/2560/1933 711/2561/1934
f 638/2356/1785 628/2358/1787 645/2377/1805
f 712/2562/1935 713/2563/1935 709/2564/1935
f 688/2506/1894 711/2565/1936 705/2542/1919
f 711/2566/1937 686/2510/1898 704/2552/1927
f 700/3682/2764 616/3683/2764 707/3684/2764
f 628/2358/1787 646/2378/1806 645/2377/1805
f 639/2379/1807 646/2380/1807 628/2381/1808
f 692/2567/1938 691/2568/1939 712/2569/1939
f 638/2363/1791 647/2382/1809 644/2373/1801
f 773/2846/2148 776/2848/2150 775/2847/2149
f 688/2570/1940 686/2571/1940 711/2572/1940
f 763/2786/2096 649/2836/2140 684/2812/2120
f 1103/4253/3209 1092/4254/3210 1091/4255/3211
f 1107/4256/3212 1108/4257/3212 1109/4258/3212
f 770/2833/2137 777/2849/2151 778/2850/2152
f 773/2851/2153 770/2852/2154 776/2853/2155
f 771/2854/2156 772/2855/2157 649/2856/2158
f 704/2559/1932 702/2573/1941 710/2560/1933
f 708/2574/1942 699/2526/1909 701/2528/1911
f 691/2568/1939 713/2575/1943 712/2569/1939
f 972/3685/2765 706/3686/2765 966/3687/2765
f 1110/4259/3213 1111/4260/3214 1112/4261/3215
f 649/2856/2158 772/2855/2157 774/2857/2159
f 714/2576/1944 702/2529/1912 684/2531/1914
f 647/2382/1809 638/2363/1791 645/2383/1810
f 634/2384/1811 632/2385/1811 643/2386/1811
f 767/2802/2112 779/2858/2160 770/2833/2137
f 1093/4233/3191 1109/4262/3216 1091/4231/3189
f 774/2843/2145 769/2825/2130 775/2859/2161
f 643/2387/1812 641/2388/1812 630/2389/1812
f 645/2390/1813 646/2391/1813 647/2392/1813
f 776/2853/2155 770/2852/2154 778/2860/2162
f 1112/4261/3215 1111/4260/3214 1113/4263/3217
f 1087/4264/3218 1089/4265/3219 1091/4231/3189
f 702/2577/1945 714/2578/1946 715/2579/1945
f 1087/4264/3218 1091/4231/3189 1109/4262/3216
f 713/2580/1947 691/2515/1902 705/2542/1919
f 770/2833/2137 779/2858/2160 777/2849/2151
f 1085/4223/3183 1101/4266/3220 1083/4221/3181
f 779/2861/2163 767/2837/2141 780/2862/2164
f 1098/4248/3204 1114/4267/3221 1093/4249/3205
f 1115/4268/3222 1100/4269/3223 1099/4270/3224
f 1116/4271/3225 1113/4263/3217 1111/4260/3214
f 1110/4259/3213 1112/4261/3215 1095/4272/3226
f 617/2393/1814 643/2394/1814 630/2395/1815
f 1114/4273/3227 1109/4262/3216 1093/4233/3191
f 656/2581/1948 714/2576/1944 684/2531/1914
f 648/2396/1816 635/2397/1816 649/2398/1816
f 635/2350/1780 650/2399/1817 649/2400/1818
f 702/2577/1945 715/2579/1945 716/2582/1949
f 649/2856/2158 774/2857/2159 648/2863/2165
f 710/2583/1950 702/2584/1951 716/2585/1950
f 1117/4274/3228 1106/4275/3229 1110/4276/3230
f 972/4228/3186 1090/4230/3188 706/4277/3231
f 705/2586/1952 709/2587/1952 713/2588/1952
f 648/2401/1819 639/2402/1819 635/2403/1819
f 684/2812/2120 649/2836/2140 656/2864/2166
f 705/2589/1953 711/2590/1954 708/2591/1955
f 711/2590/1954 717/2592/1956 708/2591/1955
f 774/2865/2167 775/2866/2168 648/2867/2169
f 708/2591/1955 717/2592/1956 699/2593/1957
f 784/2883/2183 776/2884/2183 778/2885/2184
f 708/2553/1928 709/2555/1930 705/2594/1958
f 646/2380/1807 639/2379/1807 648/2404/1820
f 1107/4278/3232 1089/4279/3232 1088/4280/3232
f 1116/4281/3233 1097/4282/3234 1118/4283/3235
f 711/2590/1954 710/2595/1959 717/2592/1956
f 695/4284/3236 694/4285/3237 974/4286/3238
f 1117/4274/3228 1110/4276/3230 1119/4287/3239
f 651/2405/1821 634/2406/1821 643/2407/1821
f 643/2394/1814 617/2393/1814 651/2408/1822
f 1114/4273/3227 1107/4288/3240 1109/4262/3216
f 784/2883/2183 785/2886/2185 776/2884/2183
f 786/2887/2186 787/2888/2187 784/2889/2188
f 779/2868/2170 780/2869/2170 777/2870/2170
f 1113/4263/3217 1116/4271/3225 1094/4289/3241
f 1117/4290/3242 1105/4250/3206 1106/4252/3208
f 1103/4253/3209 1091/4255/3211 1120/4291/3243
f 1095/4272/3226 1119/4292/3244 1110/4259/3213
f 634/2409/1823 651/2410/1823 617/2411/1823
f 1097/4282/3234 1116/4281/3233 1111/4293/3245
f 650/2399/1817 635/2350/1780 634/2349/1779
f 646/2871/2171 780/2872/2172 647/2873/2173
f 782/2890/2189 776/2891/2190 785/2892/2189
f 617/2412/1824 652/2413/1825 653/2414/1824
f 647/2844/2146 780/2862/2164 767/2837/2141
f 784/2893/2191 778/2894/2192 788/2895/2192
f 786/2896/2193 789/2897/2194 787/2898/2195
f 646/2871/2171 781/2874/2174 780/2872/2172
f 1121/4294/3246 1094/4368/3312 1116/4369/3313
f 1089/4295/3247 1107/4288/3240 1114/4273/3227
f 1121/4294/3246 1095/4272/3226 1094/4368/3312
f 1090/4230/3188 971/4229/3187 1105/4296/3248
f 654/2415/1826 649/2400/1818 650/2399/1817
f 1101/4243/3199 1103/4246/3202 1122/4297/3249
f 784/2889/2188 787/2888/2187 785/2899/2196
f 778/2894/2192 777/2900/2197 788/2895/2192
f 781/2875/2175 646/2876/2176 648/2867/2169
f 1105/4250/3206 1117/4290/3242 1123/4298/3250
f 656/2596/1960 657/2597/1961 714/2598/1961
f 1097/4239/3195 1124/4299/3251 1118/4300/3252
f 787/2888/2187 790/2901/2198 785/2899/2196
f 710/2583/1950 716/2585/1950 717/2599/1962
f 1125/4301/3253 1126/4302/3254 1086/4303/3255
f 1100/4269/3223 1115/4268/3222 1127/4304/3256
f 785/2892/2189 790/2902/2199 782/2890/2189
f 1121/4305/3257 1120/4291/3243 1089/4306/3258
f 650/2416/1827 634/2417/1828 617/2418/1827
f 791/2903/2200 786/2887/2186 784/2889/2188
f 974/4286/3238 694/4285/3237 1128/4307/3259
f 775/2847/2149 776/2848/2150 782/2877/2177
f 617/2412/1824 653/2414/1824 655/2419/1829
f 1097/4239/3195 974/4238/3194 1124/4299/3251
f 1121/4294/3246 1089/4308/3260 1114/4309/3261
f 1122/4310/3262 1129/4311/3263 1101/4266/3220
f 654/2420/1830 656/2421/1830 649/2422/1831
f 1121/4294/3246 1119/4292/3244 1095/4272/3226
f 1130/4312/3264 1121/4294/3246 1114/4309/3261
f 1091/4255/3211 1089/4306/3258 1120/4291/3243
f 783/2878/2178 781/2879/2179 775/2880/2180
f 1114/4267/3221 1098/4248/3204 1131/4313/3265
f 1125/4314/3266 1115/4370/3314 1126/4315/3267
f 617/2418/1827 655/2423/1832 650/2416/1827
f 780/2904/2201 792/2905/2201 777/2906/2201
f 1105/4296/3248 1123/4316/3268 1090/4230/3188
f 1122/4297/3249 1103/4246/3202 1120/4317/3269
f 1131/4313/3265 1132/4318/3270 1114/4267/3221
f 699/2526/1909 718/2600/1963 652/2546/1921
f 1116/4281/3233 1133/4319/3271 1121/4305/3257
f 781/2875/2175 648/2867/2169 775/2866/2168
f 1119/4292/3244 1121/4294/3246 1130/4312/3264
f 714/2598/1961 657/2597/1961 659/2601/1964
f 793/2907/2202 786/2908/2203 791/2909/2202
f 699/2526/1909 652/2546/1921 700/2527/1910
f 788/2910/2204 791/2903/2200 784/2889/2188
f 699/2602/1965 717/2603/1965 718/2604/1965
f 1130/4320/3272 1114/4267/3221 1132/4318/3270
f 1131/4321/3273 1098/4240/3196 1100/4242/3198
f 1119/4287/3239 1130/4320/3272 1132/4318/3270
f 1083/4221/3181 1134/4322/3274 1086/4224/3184
f 780/2872/2172 781/2874/2174 783/2881/2181
f 792/2911/2205 780/2912/2206 783/2913/2207
f 1118/4283/3235 1133/4319/3271 1116/4281/3233
f 792/2914/2208 788/2915/2208 777/2916/2209
f 783/2878/2178 775/2880/2180 782/2882/2182
f 1101/4266/3220 1129/4311/3263 1083/4221/3181
f 1118/4300/3252 1124/4299/3251 1133/4323/3275
f 657/2424/1833 656/2421/1830 654/2420/1830
f 658/2425/1834 653/2426/1834 652/2427/1834
f 1117/4274/3228 1119/4287/3239 1132/4318/3270
f 1134/4324/3276 1125/4301/3253 1086/4303/3255
f 657/2428/1835 654/2429/1836 650/2430/1837
f 1133/4319/3271 1120/4291/3243 1121/4305/3257
f 1131/4321/3273 1100/4242/3198 1135/4325/3277
f 650/2430/1837 655/2431/1838 657/2428/1835
f 1132/4326/3278 1123/4298/3250 1117/4290/3242
f 1135/4327/3279 1100/4269/3223 1127/4304/3256
f 788/2910/2204 794/2917/2210 791/2903/2200
f 1132/4326/3278 1135/4325/3277 1136/4328/3280
f 1132/4326/3278 1136/4328/3280 1123/4298/3250
f 1124/4299/3251 1137/4329/3281 1133/4323/3275
f 1120/4317/3269 1133/4323/3275 1137/4329/3281
f 1137/4330/3282 1124/4331/3283 1128/4307/3259
f 1135/4325/3277 1132/4326/3278 1131/4321/3273
f 659/2432/1839 655/2433/1840 653/2434/1841
f 1090/4230/3188 1138/4332/3284 706/4277/3231
f 1124/4331/3283 974/4286/3238 1128/4307/3259
f 1137/4329/3281 1122/4297/3249 1120/4317/3269
f 655/2433/1840 659/2432/1839 657/2435/1842
f 792/2914/2208 794/2918/2211 788/2915/2208
f 694/4333/3285 1139/4334/3286 1128/4335/3287
f 792/2911/2205 783/2913/2207 794/2919/2212
f 790/2920/2213 783/2921/2213 782/2922/2214
f 1123/4316/3268 1140/4336/3288 1090/4230/3188
f 1135/4327/3279 1140/4336/3288 1136/4337/3289
f 1140/4336/3288 1123/4316/3268 1136/4337/3289
f 783/2921/2213 790/2920/2213 795/2923/2215
f 1141/4338/3290 1134/4322/3274 1083/4221/3181
f 789/2897/2194 786/2896/2193 793/2924/2216
f 790/2925/2217 796/2926/2218 795/2927/2218
f 794/2919/2212 783/2913/2207 795/2928/2219
f 652/2546/1921 718/2600/1963 719/2605/1966
f 718/2611/1969 717/2612/1969 720/2613/1969
f 789/2929/2220 793/2930/2221 797/2931/2222
f 1128/4307/3259 1142/4339/3291 1137/4330/3282
f 717/2614/1970 716/2615/1970 721/2616/1970
f 794/2932/2223 795/2927/2218 796/2926/2218
f 789/2929/2220 797/2931/2222 798/2933/2224
f 1115/4370/3314 1125/4314/3266 1143/4340/3292
f 799/2934/2225 791/2935/2226 797/2936/2226
f 799/2937/2227 793/2907/2202 791/2909/2202
f 787/2938/2228 798/2939/2229 790/2940/2230
f 1129/4341/3293 1141/4338/3290 1083/4221/3181
f 717/4342/3294 721/4343/3294 720/4344/3294
f 1143/4340/3292 1127/4345/3295 1115/4370/3314
f 1139/4334/3286 694/4333/3285 696/4346/3296
f 715/2617/1971 722/2618/1972 716/2619/1972
f 1129/4311/3263 1137/4330/3282 1142/4339/3291
f 796/2941/2231 790/2942/2232 798/2943/2231
f 1129/4311/3263 1122/4310/3262 1137/4330/3282
f 800/2944/2233 796/2941/2231 798/2943/2231
f 794/2945/2234 796/2946/2235 797/2947/2235
f 789/2948/2236 798/2939/2229 787/2938/2228
f 1138/4347/3297 696/4348/3298 706/4349/3299
f 797/2947/2235 796/2946/2235 800/2949/2237
f 1135/4327/3279 1127/4304/3256 1140/4336/3288
f 1134/4324/3276 1141/4350/3300 1125/4301/3253
f 1128/4335/3287 1144/4351/3301 1142/4352/3302
f 797/2931/2222 793/2930/2221 799/2950/2238
f 714/2620/1973 659/2621/1974 496/2622/1975
f 797/2936/2226 791/2935/2226 794/2951/2239
f 798/2933/2224 797/2931/2222 800/2952/2240
f 696/4348/3298 1138/4347/3297 1139/4353/3303
f 719/2605/1966 658/2606/1967 652/2546/1921
f 1138/4332/3284 1090/4230/3188 1140/4354/3304
f 723/2623/1976 722/2624/1976 715/2625/1976
f 1138/4332/3284 1140/4354/3304 1145/4355/3305
f 719/2626/1977 499/2627/1978 658/2628/1978
f 1139/4334/3286 1144/4351/3301 1128/4335/3287
f 1129/4341/3293 1142/4352/3302 1141/4338/3290
f 1127/4345/3295 1143/4340/3292 1145/4355/3305
f 1141/4350/3300 1143/4356/3306 1125/4301/3253
f 718/2629/1979 724/2630/1979 719/2653/1979
f 1145/4357/3307 1144/4358/3308 1138/4347/3297
f 1145/4355/3305 1140/4354/3304 1127/4345/3295
f 1138/4347/3297 1144/4358/3308 1139/4353/3303
f 1141/4350/3300 1145/4357/3307 1143/4356/3306
f 718/4359/3309 720/4360/3309 724/4361/3309
f 1141/4350/3300 1144/4358/3308 1145/4357/3307
f 1142/4352/3302 1144/4351/3301 1141/4338/3290
f 716/2619/1972 722/2618/1972 721/2631/1980
f 725/2632/1981 499/2633/1982 719/2634/1983
f 719/4362/3310 724/4363/3310 567/4364/3310
f 242/2635/1984 496/2622/1975 659/2621/1974
f 242/2635/1984 659/2621/1974 653/2636/1985
f 599/4365/3311 722/4366/3311 723/4367/3311
f 496/2637/1986 715/2654/1986 714/2638/1987
f 1146/4371/3315 1147/4372/3316 1148/4373/3317
f 1146/4371/3315 1148/4373/3317 1149/4374/3318
f 1150/4375/3319 1149/4374/3318 1151/4376/3320
f 1146/4371/3315 1152/4377/3321 1147/4372/3316
f 1151/4376/3320 1147/4378/3322 1150/4375/3319
f 1151/4376/3320 1149/4374/3318 1153/4379/3323
f 1147/4380/3324 1152/4377/3321 1150/4375/3319
f 1153/4379/3323 1149/4374/3318 1148/4373/3317
f 1152/4377/3321 1149/4374/3318 1150/4375/3319
f 1152/4377/3321 1146/4371/3315 1149/4374/3318
f 723/2639/1988 715/2640/1989 495/2641/1990
f 1153/4381/3325 1154/4382/3326 1155/4383/3327
f 723/2639/1988 494/2642/1991 725/2632/1981
f 1148/4384/3328 1154/4382/3326 1153/4381/3325
f 658/2628/1978 499/2627/1978 237/2643/1992
f 1154/4382/3326 1148/4384/3328 1156/4385/3329
f 1157/4386/3330 1148/4387/3331 1158/4388/3332
f 1159/4389/3333 577/4390/3334 721/4391/3335
f 1147/4392/3336 1158/4388/3332 1148/4387/3331
f 599/4393/3337 1159/4394/3337 722/4395/3337
f 1154/4396/3338 1156/4397/3339 1160/4398/3338
f 1154/4396/3338 1160/4398/3338 1161/4399/3340
f 721/4391/3335 722/4400/3341 1159/4389/3333
f 721/4401/3342 577/4402/3343 720/4403/3344
f 1162/4404/3345 1147/4405/3346 1151/4406/3347
f 1161/4407/3348 1163/4408/3348 1154/4409/3348
f 1164/4410/3349 1161/4411/3350 1160/4412/3351
f 723/2644/1993 725/2645/1993 599/2646/1993
f 1154/4382/3326 1163/4413/3352 1155/4383/3327
f 653/2636/1985 658/2647/1994 237/2648/1995
f 1151/4414/3353 1153/4415/3354 1155/4416/3353
f 495/2649/1996 715/2654/1986 496/2637/1986
f 1156/4417/3355 1165/4418/3355 1160/4419/3356
f 1156/4417/3355 1166/4420/3357 1165/4418/3355
f 1167/4421/3358 1163/4422/3358 1161/4423/3358
f 723/2639/1988 495/2641/1990 494/2642/1991
f 1167/4424/3359 1161/4411/3350 1164/4410/3349
f 1164/4410/3349 1160/4412/3351 1165/4425/3360
f 1168/4426/3361 1164/4427/3361 1165/4428/3361
f 1164/4429/3362 1168/4430/3363 1169/4431/3364
f 1165/4432/3365 1166/4433/3366 1168/4434/3367
f 1164/4410/3349 1169/4435/3368 1167/4424/3359
f 1169/4431/3364 1168/4430/3363 1170/4436/3369
f 1166/4437/3370 1156/4385/3329 1148/4384/3328
f 1158/4438/3371 1147/4405/3346 1162/4404/3345
f 1169/4439/3372 1163/4440/3373 1167/4441/3374
f 1169/4439/3372 1170/4442/3375 1163/4440/3373
f 580/4443/3376 1170/4436/3369 1168/4430/3363
f 1157/4444/3377 1171/4445/3378 1166/4437/3370
f 1170/4446/3379 1172/4447/3379 1155/4448/3379
f 1166/4437/3370 1148/4384/3328 1157/4444/3377
f 1170/4449/3380 1155/4383/3327 1163/4413/3352
f 1172/4450/3381 1170/4436/3369 580/4443/3376
f 580/4451/3382 1168/4434/3367 1166/4433/3366
f 567/4452/3383 610/4453/3383 719/4454/3383
f 1172/4455/3384 1173/4456/3385 1174/4457/3386
f 1162/4458/3387 1151/4414/3353 1155/4416/3353
f 1172/4455/3384 579/4459/3388 1173/4456/3385
f 1175/4460/3389 1176/4461/3390 1177/4462/3389
f 584/4463/3391 1166/4464/3392 1171/4465/3393
f 1175/4460/3389 1177/4462/3389 576/4466/3394
f 725/2655/1997 719/2650/1997 610/2651/1997
f 1176/4467/3395 1178/4468/3396 1177/4469/3397
f 1173/4470/3398 579/4471/3398 1179/4472/3398
f 1158/4473/3399 1162/4474/3400 1173/4475/3401
f 1173/4475/3401 1179/4476/3402 1158/4473/3399
f 1158/4473/3399 1179/4476/3402 1157/4477/3403
f 1162/4478/3404 1174/4457/3386 1173/4456/3385
f 1162/4478/3404 1155/4479/3405 1174/4457/3386
f 1179/4476/3402 1171/4480/3406 1157/4477/3403
f 1166/4433/3366 584/4481/3382 580/4451/3382
f 1174/4457/3386 1155/4479/3405 1172/4482/3407
f 494/2642/1991 500/2652/1998 725/2632/1981
f 1175/4483/3408 576/4484/3409 577/4485/3410
f 1175/4483/3408 577/4485/3410 1159/4486/3411
f 720/4487/3412 578/4488/3413 724/4489/3413
f 653/2636/1985 237/2648/1995 242/2635/1984
f 1178/4468/3396 1176/4467/3395 590/4490/3414
f 583/4491/3415 1178/4468/3396 596/4492/3416
f 578/4493/3417 720/4403/3344 577/4402/3343
f 1178/4468/3396 583/4491/3415 585/4494/3418
f 1177/4495/3419 586/4496/3419 576/4497/3420
f 584/4463/3391 1179/4498/3421 582/4499/3422
f 1171/4465/3393 1179/4498/3421 584/4463/3391
f 579/4500/3423 1172/4450/3381 580/4443/3376
f 1177/4495/3419 592/4501/3424 586/4496/3419
f 574/2137/1624 575/2138/1625 576/2139/1626
f 590/4502/3425 1176/4503/3426 1159/4504/3427
f 577/2140/1627 575/2141/1627 578/2142/1627
f 576/4484/3409 575/4505/3428 577/4485/3410
f 1176/4503/3426 1175/4506/3429 1159/4504/3427
f 1177/4469/3397 1178/4468/3396 582/4507/3430
f 579/2143/1628 580/2144/1629 581/2145/1630
f 582/4507/3430 592/4508/3431 1177/4469/3397
f 582/4509/3432 1179/4510/3432 579/4511/3432
f 581/2146/1631 582/2147/1631 579/2148/1632
f 1159/4504/3427 591/4512/3433 590/4502/3425
f 583/4513/3434 598/4514/3435 580/4515/3434
f 599/4516/3436 591/4517/3436 1159/4518/3436
f 584/4519/3437 583/4513/3434 580/4515/3434
f 1178/4468/3396 585/4494/3418 582/4507/3430
f 583/4520/3438 596/4521/3438 598/4522/3438
f 583/2149/1633 584/2150/1633 585/2151/1633
f 586/2152/1634 587/2153/1635 574/2137/1624
f 588/2154/1636 587/2155/1637 586/2156/1638
f 590/4490/3414 596/4492/3416 1178/4468/3396
f 574/4523/3439 576/4530/3439 586/4524/3439
f 584/2157/1639 582/2158/1639 585/2159/1639
f 610/4525/3440 603/4526/3441 725/4527/3441
f 589/2160/1640 590/2161/1641 591/2162/1642
f 586/2156/1638 592/2163/1643 588/2154/1636
f 582/2164/1644 593/2165/1645 594/2166/1646
f 592/2167/1647 582/2164/1644 594/2166/1646
f 595/2168/1648 589/2160/1640 591/2162/1642
f 593/2169/1649 582/2147/1631 581/2146/1631
f 578/4488/3413 567/4528/3442 724/4489/3413
f 596/2170/1650 597/2171/1650 598/2172/1650
f 589/2173/1651 596/2174/1652 590/2175/1653
f 725/2632/1981 500/2652/1998 499/2633/1982
f 595/2176/1654 599/2177/1655 600/2178/1656
f 595/2176/1654 591/2179/1657 599/2177/1655
f 596/2174/1652 589/2173/1651 601/2180/1658
f 597/2181/1659 596/2182/1660 601/2183/1659
f 598/2184/1661 597/2185/1662 581/2145/1630
f 602/2186/1663 592/2167/1647 594/2166/1646
f 603/4526/3441 599/4529/3443 725/4527/3441
f 494/1663/1278 495/1664/1279 496/1665/1280
f 600/2187/1664 599/2188/1664 603/2189/1664
f 592/2163/1643 602/2190/1665 604/2191/1666
f 581/2145/1630 580/2144/1629 598/2184/1661
f 601/2183/1659 605/2192/1667 597/2181/1659
f 597/2185/1662 605/2193/1668 581/2145/1630
f 592/2163/1643 604/2191/1666 588/2154/1636
f 574/2137/1624 564/2194/1669 575/2138/1625
f 601/2195/1670 581/2196/1671 605/2197/1672
f 581/2196/1671 601/2195/1670 593/2198/1673
f 604/2199/1674 558/2200/1674 588/2201/1675
f 606/2202/1676 593/2165/1645 601/2180/1658
f 606/2202/1676 594/2166/1646 593/2165/1645
f 602/2203/1677 607/2204/1678 604/2205/1679
f 578/2206/1680 554/2207/1681 567/2208/1682
f 578/2206/1680 575/2209/1683 564/2210/1684
f 607/2211/1685 558/2200/1674 604/2199/1674
f 608/2212/1686 595/2176/1654 600/2178/1656
f 600/2178/1656 609/2213/1687 608/2212/1686
f 603/2214/1688 610/2215/1689 498/2216/1690
f 603/2214/1688 498/2216/1690 609/2217/1691
f 555/2218/1692 587/2155/1637 588/2154/1636
f 564/2194/1669 574/2137/1624 587/2153/1635
f 564/2210/1684 552/2219/1693 578/2206/1680
f 600/2220/1694 603/2214/1688 609/2217/1691
f 594/2166/1646 606/2202/1676 602/2186/1663
f 494/1663/1278 496/1665/1280 246/1666/1281
f 228/728/578 229/729/579 230/730/578
f 502/2221/1695 589/2222/1696 595/2223/1697
f 589/2173/1651 606/2202/1676 601/2180/1658
f 228/728/578 230/730/578 231/731/580
f 498/2224/1698 608/2225/1699 609/2226/1700
f 232/732/581 233/733/582 230/734/583
f 589/2222/1696 502/2221/1695 549/2227/1701
f 611/2228/1702 527/2229/1703 589/2222/1696
f 611/2228/1702 589/2222/1696 549/2227/1701
f 608/2225/1699 498/2224/1698 502/2230/1704
f 552/2219/1693 554/2207/1681 578/2206/1680
f 502/2231/1705 595/2232/1705 608/2233/1705
f 567/2234/1706 498/2235/1706 610/2236/1706
f 234/735/584 228/736/585 231/737/586
f 242/1667/1282 246/1668/1282 496/1669/1282
f 235/738/587 234/735/584 231/737/586
f 498/2224/1698 497/2237/1707 502/2230/1704
f 497/1670/1283 498/1671/1284 238/1672/1285
f 502/2221/1695 501/2238/1708 549/2227/1701
f 588/2239/1709 558/2240/1710 556/2241/1710
f 229/739/588 232/740/589 230/741/590
f 612/2242/1711 564/2194/1669 587/2153/1635
f 612/2243/1712 587/2244/1713 555/2245/1714
f 527/2246/1715 606/2202/1676 589/2173/1651
f 499/1673/1286 500/1674/1287 237/1675/1288
f 231/742/591 230/734/583 233/733/582
f 501/1676/1289 502/1677/1290 245/1678/1291
f 612/2243/1712 555/2245/1714 602/2247/1716
f 602/2247/1716 573/2248/1717 569/2249/1718
f 558/2250/1719 607/2251/1719 559/2252/1719
f 602/2247/1716 569/2249/1718 612/2243/1712
f 613/2253/1720 602/2186/1663 606/2202/1676
f 523/2254/1721 552/2255/1722 564/2256/1723
f 602/2247/1716 613/2257/1724 573/2248/1717
f 503/1679/1292 501/1676/1289 245/1678/1291
f 527/2246/1715 613/2253/1720 606/2202/1676
f 588/2258/1725 556/2259/1725 555/2260/1725
f 555/2261/1726 547/2262/1726 602/2263/1726
f 523/2254/1721 505/2264/1727 552/2255/1722
f 236/743/592 232/740/589 229/739/588
f 527/2265/1728 548/2266/1729 613/2267/1730
f 527/2265/1728 566/2268/1731 548/2266/1729
f 548/2266/1729 573/2269/1732 613/2267/1730
f 238/1672/1285 500/1674/1287 497/1670/1283
f 523/2254/1721 564/2256/1723 614/2270/1733
f 566/2268/1731 527/2265/1728 523/2254/1721
f 549/2271/1734 501/2272/1735 503/2273/1736
f 498/1671/1284 504/1680/1293 238/1672/1285
f 614/2270/1733 566/2268/1731 523/2254/1721
f 559/2274/1737 607/2204/1678 602/2203/1677
f 549/2271/1734 503/2273/1736 524/2275/1738
f 498/2276/1739 562/2277/1739 504/2278/1739
f 612/2279/1740 569/2280/1741 565/2281/1740
f 504/2282/1742 562/2283/1742 505/2320/1742
f 602/2203/1677 547/2284/1743 559/2274/1737
f 502/1681/1294 497/1682/1295 500/1683/1294
f 563/2285/1744 566/2286/1744 614/2287/1744
f 552/2019/1546 553/2020/1546 554/2021/1546
f 231/742/591 233/733/582 235/744/593
f 500/1683/1294 494/1684/1296 502/1681/1294
f 531/2022/1547 547/2023/1548 555/2024/1549
f 555/2025/1550 556/2026/1550 557/2027/1550
f 558/2028/1551 559/2029/1552 560/2030/1552
f 505/2264/1727 523/2254/1721 503/2288/1745
f 237/745/594 238/746/594 239/747/594
f 237/1675/1288 500/1674/1287 238/1672/1285
f 565/2281/1740 564/2289/1746 612/2279/1740
f 556/2241/1710 558/2240/1710 560/2290/1747
f 229/748/595 240/749/595 236/750/595
f 562/2291/1748 498/2292/1748 528/2293/1748
f 241/751/596 242/752/597 237/753/598
f 241/751/596 237/753/598 239/754/599
f 243/755/600 235/756/601 244/757/602
f 494/1663/1278 246/1666/1281 245/1678/1291
f 552/2294/1749 505/2295/1749 561/2296/1749
f 241/758/603 245/759/603 246/760/603
f 241/751/596 246/761/604 242/752/597
f 552/2031/1553 561/2032/1553 553/2033/1553
f 235/744/593 233/733/582 244/762/605
f 567/2297/1750 379/2298/1750 498/2299/1750
f 564/2300/1751 563/2301/1751 614/2302/1751
f 241/763/606 239/764/607 247/765/606
f 494/1663/1278 245/1678/1291 502/1677/1290
f 248/766/608 241/763/606 247/765/606
f 528/2034/1554 498/2035/1554 379/2036/1554
f 249/767/609 248/768/609 247/769/609
f 557/2037/1555 556/2038/1555 560/2039/1555
f 248/770/610 245/771/611 241/772/612
f 234/735/584 235/738/587 250/773/613
f 249/774/614 229/775/615 228/776/616
f 245/771/611 248/770/610 251/777/617
f 239/778/618 238/779/619 252/780/618
f 239/778/618 252/780/618 247/781/620
f 229/775/615 249/774/614 253/782/621
f 251/783/622 248/784/623 249/785/622
f 505/1685/1297 506/1686/1298 504/1687/1299
f 238/1672/1285 504/1680/1293 255/1688/1300
f 191/786/624 232/740/589 236/743/592
f 503/2273/1736 523/2303/1752 524/2275/1738
f 523/2304/1753 527/2305/1753 361/2306/1753
f 235/738/587 243/787/625 250/773/613
f 507/1689/1301 505/1685/1297 503/1690/1302
f 531/2040/1556 555/2041/1556 557/2042/1556
f 232/788/626 191/789/626 193/790/626
f 249/791/627 247/792/627 253/793/627
f 526/2043/1557 562/2044/1557 528/2132/1557
f 506/1686/1298 508/1691/1303 504/1687/1299
f 507/1689/1301 506/1686/1298 505/1685/1297
f 563/2045/1558 564/2046/1558 565/2047/1558
f 523/1825/1398 361/1826/1399 524/1827/1400
f 228/944/734 234/794/628 254/795/629
f 503/1679/1292 245/1678/1291 507/1692/1304
f 255/1693/1305 504/1687/1299 509/1694/1306
f 504/1687/1299 508/1691/1303 509/1694/1306
f 526/2307/1754 505/2308/1754 562/2309/1754
f 549/2321/1755 369/2310/1755 611/2311/1755
f 255/1693/1305 509/1694/1306 256/1695/1307
f 255/1693/1305 256/1695/1307 252/1696/1308
f 525/2048/1559 566/2049/1559 563/2050/1559
f 253/796/630 247/797/630 252/798/630
f 255/799/631 252/800/631 238/945/631
f 245/1678/1291 259/1697/1309 507/1692/1304
f 567/2051/1560 554/2133/1622 568/2052/1561
f 566/2312/1756 525/2313/1756 548/2314/1756
f 561/2134/1562 505/2053/1562 526/2054/1562
f 569/2055/1563 570/2056/1564 565/2057/1565
f 256/801/632 257/802/633 252/803/634
f 253/782/621 240/804/635 229/775/615
f 251/805/636 258/806/637 259/807/638
f 249/946/735 228/944/734 254/795/629
f 554/2058/1566 553/2059/1567 565/2060/1568
f 233/733/582 232/732/581 193/808/639
f 565/2060/1568 557/2061/1569 554/2058/1566
f 258/806/637 251/805/636 260/809/640
f 259/810/641 245/947/641 251/811/641
f 257/812/642 256/813/643 261/814/644
f 565/2060/1568 570/2062/1570 557/2061/1569
f 525/2063/1571 563/2064/1572 561/2065/1573
f 510/1698/1310 508/1699/1310 506/1700/1310
f 515/1828/1401 525/1829/1402 526/1830/1403
f 553/2059/1567 561/2066/1574 565/2060/1568
f 525/2063/1571 561/2065/1573 526/2067/1575
f 526/1830/1403 516/1831/1404 515/1828/1401
f 251/805/636 252/803/634 257/802/633
f 563/2068/1576 565/2060/1568 561/2066/1574
f 362/1832/1405 361/1833/1405 527/1834/1405
f 510/1701/1311 509/1702/1312 508/1703/1313
f 527/2315/1757 611/2316/1757 369/2317/1757
f 379/2069/1577 567/2070/1577 551/2071/1577
f 252/803/634 251/805/636 262/815/645
f 251/805/636 257/802/633 260/809/640
f 263/816/646 258/817/647 260/818/646
f 571/2072/1578 572/2073/1579 554/2074/1580
f 262/815/645 253/819/648 252/803/634
f 257/820/649 264/821/649 260/822/649
f 569/2055/1563 530/2075/1581 570/2056/1564
f 557/2061/1569 571/2076/1582 554/2058/1566
f 254/795/629 234/794/628 250/823/650
f 249/785/622 262/824/651 251/783/622
f 526/1835/1406 528/1836/1407 516/1837/1408
f 528/1836/1407 517/1838/1409 516/1837/1408
f 361/1839/1410 525/1840/1411 515/1841/1412
f 249/946/735 254/795/629 262/825/652
f 244/757/602 196/826/653 243/755/600
f 506/1704/1314 507/1705/1315 511/1706/1316
f 515/1841/1412 524/1842/1413 361/1839/1410
f 325/1707/1317 256/1708/1318 509/1709/1319
f 263/816/646 260/818/646 264/827/654
f 261/814/644 265/828/655 257/812/642
f 568/2077/1583 554/2074/1580 572/2073/1579
f 568/2052/1561 551/2078/1584 567/2051/1560
f 570/2079/1585 531/2080/1586 557/2081/1587
f 191/617/481 192/618/481 193/619/482
f 362/1843/1414 527/1844/1414 369/1845/1414
f 253/782/621 262/948/736 240/804/635
f 531/2080/1586 570/2079/1585 530/2082/1588
f 263/829/656 264/830/656 265/831/656
f 512/1710/1320 510/1711/1320 506/1712/1320
f 514/1846/1415 524/1842/1413 515/1841/1412
f 569/2322/1758 573/2318/1758 530/2319/1758
f 257/812/642 265/828/655 264/832/657
f 233/733/582 196/833/658 244/762/605
f 233/733/582 193/808/639 196/833/658
f 513/1713/1321 512/1714/1322 506/1715/1323
f 571/2076/1582 557/2061/1569 443/2083/1589
f 525/2084/1590 361/2085/1590 548/2086/1590
f 514/1716/1324 515/1717/1324 513/1718/1324
f 516/1719/1325 510/1720/1326 515/1721/1327
f 511/1722/1328 507/1723/1329 259/1724/1328
f 265/1725/1330 512/1726/1330 263/1727/1330
f 261/1728/1331 119/1729/1332 265/1730/1333
f 452/2087/1591 560/2030/1552 559/2029/1552
f 263/1731/1334 512/1714/1322 513/1713/1321
f 236/834/659 195/835/659 191/836/659
f 119/1729/1332 261/1728/1331 325/1732/1335
f 513/1733/1336 515/1721/1327 510/1720/1326
f 261/1734/1337 256/1735/1337 325/1736/1337
f 462/2088/1592 531/2089/1593 530/2090/1592
f 573/2091/1594 383/2092/1594 530/2135/1594
f 192/618/481 191/617/481 194/620/483
f 196/826/653 198/837/660 243/755/600
f 462/2088/1592 530/2090/1592 469/2093/1595
f 514/1737/1338 513/1738/1339 511/1706/1316
f 516/1739/1340 517/1740/1340 510/1741/1340
f 514/1846/1415 529/1847/1416 524/1842/1413
f 194/621/484 191/622/484 195/623/484
f 517/1838/1409 528/1836/1407 344/1848/1417
f 443/2094/1596 560/2095/1596 444/2096/1596
f 510/1742/1341 512/1743/1342 518/1744/1342
f 530/1849/1418 383/1850/1418 469/1851/1418
f 195/838/661 236/839/662 240/840/663
f 511/1706/1316 513/1738/1339 506/1704/1314
f 519/1745/1343 511/1722/1328 259/1724/1328
f 266/841/664 254/842/665 250/843/666
f 258/1746/1344 263/1747/1345 520/1748/1346
f 533/2097/1597 568/2098/1598 572/2099/1599
f 513/1733/1336 510/1720/1326 518/1749/1347
f 510/1701/1311 517/1750/1348 509/1702/1312
f 258/1746/1344 520/1748/1346 278/1751/1349
f 452/2100/1600 451/2101/1600 560/2102/1600
f 447/2103/1601 571/2076/1582 443/2083/1589
f 572/2073/1579 571/2072/1578 447/2104/1602
f 198/844/667 250/843/666 243/845/668
f 259/1752/1350 258/1753/1351 278/1754/1350
f 265/1755/1352 119/1756/1352 518/1757/1352
f 560/2105/1603 443/2106/1603 557/2107/1603
f 524/1842/1413 529/1847/1416 361/1852/1419
f 518/1749/1347 520/1758/1353 513/1733/1336
f 518/1744/1342 512/1743/1342 265/1759/1354
f 573/2108/1604 548/2109/1604 383/2110/1604
f 513/1713/1321 520/1760/1355 263/1731/1334
f 262/948/736 254/949/737 266/846/669
f 464/1853/1420 531/1854/1420 462/1855/1420
f 473/2111/1605 568/2098/1598 533/2097/1597
f 385/1856/1421 532/1857/1422 528/1836/1407
f 511/1858/1423 519/1859/1424 373/1860/1425
f 473/1861/1426 533/1862/1427 534/1863/1426
f 259/1752/1350 278/1754/1350 519/1761/1356
f 535/1864/1428 536/1865/1428 537/1866/1428
f 113/1762/1357 520/1758/1353 518/1749/1347
f 195/838/661 240/840/663 202/847/670
f 538/1867/1429 361/1868/1430 529/1869/1431
f 514/1870/1432 511/1871/1433 373/1872/1434
f 532/1873/1435 385/1874/1436 536/1875/1437
f 462/2112/1606 469/2113/1607 460/2114/1608
f 536/1875/1437 539/1876/1438 532/1873/1435
f 535/1877/1439 539/1878/1440 536/1879/1441
f 469/2113/1607 540/2115/1609 460/2114/1608
f 327/1763/1358 509/1702/1312 517/1750/1348
f 559/2116/1610 547/2117/1610 452/2118/1610
f 539/1878/1440 535/1877/1439 537/1880/1442
f 533/1862/1427 456/1881/1443 534/1863/1426
f 531/2022/1547 464/2119/1611 547/2023/1548
f 534/1882/1444 370/1883/1445 473/1884/1445
f 376/1885/1446 460/1886/1447 540/1887/1448
f 541/1888/1449 538/1867/1429 529/1869/1431
f 451/2120/1612 462/2112/1606 460/2114/1608
f 446/2121/1613 572/2073/1579 447/2104/1602
f 344/1848/1417 528/1836/1407 532/1857/1422
f 542/1889/1450 529/1847/1416 514/1846/1415
f 518/1764/1359 119/1765/1360 113/1766/1360
f 443/1462/1109 444/1463/1110 445/1464/1111
f 541/1890/1451 543/1891/1452 538/1892/1453
f 370/1893/1454 534/1894/1455 456/1895/1456
f 529/1869/1431 544/1896/1457 541/1888/1449
f 544/1896/1457 529/1869/1431 542/1897/1458
f 469/2013/1459 376/1898/1459 540/1899/1460
f 240/804/635 262/948/736 202/848/671
f 277/1767/1361 278/1751/1349 520/1748/1346
f 269/1768/1362 519/1769/1362 278/1770/1362
f 539/1878/1440 537/1880/1442 545/1900/1461
f 110/1771/1363 277/1772/1364 520/1773/1363
f 385/1901/1462 528/1902/1463 379/1903/1464
f 541/1890/1451 544/1904/1465 543/1891/1452
f 521/1774/1365 522/1775/1366 270/1776/1367
f 446/1465/1112 447/1466/1113 448/1467/1114
f 519/1777/1368 269/1778/1369 122/1779/1370
f 370/1905/1466 546/1906/1467 537/1907/1468
f 446/2136/1623 457/2122/1614 572/2099/1599
f 509/1709/1319 275/1780/1371 325/1707/1317
f 522/1775/1366 521/1774/1365 275/1781/1372
f 538/1892/1453 543/1891/1452 546/1908/1469
f 546/1906/1467 370/1905/1466 376/1909/1470
f 452/1910/1471 547/1911/1471 453/1912/1471
f 362/1913/1472 548/1914/1473 361/1915/1474
f 202/848/671 262/948/736 266/846/669
f 560/2123/1615 451/2124/1616 455/2125/1617
f 465/1916/1475 460/1886/1447 376/1885/1446
f 361/1826/1399 360/1917/1476 524/1827/1400
f 537/1907/1468 546/1906/1467 545/1918/1477
f 267/1782/1373 269/1783/1373 278/1784/1373
f 533/2097/1597 572/2099/1599 457/2122/1614
f 385/2014/1478 537/1919/1478 536/1920/1479
f 376/1909/1470 370/1905/1466 466/1921/1480
f 270/1785/1374 125/1786/1374 521/1787/1374
f 192/624/485 196/625/486 193/626/487
f 546/1906/1467 543/1922/1481 545/1918/1477
f 344/1923/1482 532/1873/1435 539/1876/1438
f 538/1924/1483 359/1925/1483 361/1926/1483
f 444/2126/1618 560/2123/1615 455/2125/1617
f 267/849/672 268/850/672 269/851/672
f 456/1895/1456 466/1927/1484 370/1893/1454
f 447/1468/1115 443/1469/1116 449/1470/1117
f 456/2127/1619 533/2128/1619 457/2129/1619
f 125/1788/1375 275/1789/1375 521/1790/1375
f 544/1904/1465 349/1928/1485 543/1891/1452
f 325/1707/1317 275/1780/1371 326/1791/1376
f 466/1921/1480 465/1929/1486 376/1909/1470
f 365/1930/1487 542/1889/1450 514/1846/1415
f 119/1765/1360 114/1792/1377 113/1766/1360
f 337/1793/1378 519/1777/1368 122/1779/1370
f 269/852/673 268/853/673 122/854/673
f 509/1709/1319 327/1794/1379 275/1780/1371
f 277/1795/1380 110/1796/1380 365/1797/1380
f 124/855/674 125/856/674 270/857/674
f 359/1931/1488 538/1932/1489 546/1933/1488
f 275/1934/1490 327/1935/1490 326/1936/1490
f 449/1470/1117 448/1471/1118 447/1468/1115
f 122/1798/1381 277/1799/1381 337/1800/1381
f 451/2120/1612 460/2114/1608 455/2130/1620
f 369/1937/1491 549/1938/1492 524/2015/1543
f 337/1801/1382 277/1802/1382 365/1803/1382
f 271/858/675 272/859/676 273/860/677
f 344/1923/1482 539/1876/1438 334/1939/1493
f 450/1472/1119 451/1473/1120 452/1474/1121
f 272/859/676 121/861/678 108/862/679
f 273/860/677 272/859/676 108/862/679
f 550/1940/1494 544/1896/1457 542/1897/1458
f 110/1941/1495 542/1889/1450 365/1930/1487
f 359/1152/887 360/1153/887 361/1154/887
f 453/1942/1496 547/1943/1496 464/1944/1496
f 274/863/680 275/864/680 125/865/680
f 203/866/681 202/950/738 266/867/681
f 545/1945/1497 340/1946/1498 352/1947/1499
f 192/624/485 194/627/488 197/628/489
f 121/868/682 272/869/683 276/870/684
f 452/1475/1122 453/1476/1123 454/1477/1124
f 124/1804/1383 270/1805/1384 522/1806/1385
f 272/859/676 271/858/675 127/871/685
f 273/872/686 125/873/687 124/874/688
f 196/625/486 197/628/489 198/629/490
f 127/875/689 276/870/684 272/869/683
f 543/1948/1500 349/1949/1501 340/1946/1498
f 127/875/689 226/876/690 276/870/684
f 200/877/691 266/841/664 250/843/666
f 546/1933/1488 376/1950/1502 359/1931/1488
f 362/1913/1472 364/1951/1503 548/1914/1473
f 344/1923/1482 334/1939/1493 332/1952/1504
f 192/624/485 197/628/489 196/625/486
f 273/872/686 124/874/688 271/878/692
f 445/1464/1111 444/1478/1125 455/1479/1126
f 456/1480/1127 457/1481/1128 458/1482/1129
f 550/1940/1494 542/1897/1458 350/1953/1505
f 329/1807/1386 330/1808/1387 119/1809/1387
f 520/1758/1353 113/1762/1357 111/1810/1388
f 108/325/257 70/326/257 109/327/257
f 365/1954/1506 342/1955/1506 337/1956/1507
f 366/1957/1508 365/1958/1508 514/1959/1508
f 517/1960/1509 344/1961/1509 367/1962/1509
f 466/1927/1484 456/1895/1456 458/1963/1510
f 119/1809/1387 330/1808/1387 120/1811/1389
f 119/1729/1332 325/1732/1335 329/1812/1390
f 459/1483/1130 455/1484/1131 460/1485/1132
f 350/1964/1511 542/1889/1450 110/1941/1495
f 278/1813/1391 277/1814/1391 126/1815/1391
f 122/879/693 126/880/693 277/881/693
f 198/630/491 199/631/491 200/632/491
f 201/633/492 202/634/492 203/635/493
f 275/1816/1392 281/1817/1392 522/1818/1393
f 108/882/694 268/883/695 267/884/696
f 200/877/691 250/843/666 198/844/667
f 543/1948/1500 340/1946/1498 545/1945/1497
f 204/636/494 205/637/495 206/638/496
f 195/639/497 201/640/498 194/641/498
f 278/885/697 126/886/697 267/887/697
f 202/634/492 201/633/492 195/642/499
f 550/1965/1512 349/1928/1485 544/1904/1465
f 522/1806/1385 281/1819/1394 124/1804/1383
f 460/1486/1133 461/1487/1134 459/1488/1135
f 204/636/494 207/643/500 208/644/501
f 462/1489/1136 463/1490/1136 464/1491/1136
f 330/1966/1513 329/1967/1513 332/1968/1513
f 325/1969/1514 324/1970/1514 329/1971/1514
f 266/867/681 200/888/698 203/866/681
f 324/1056/828 325/1057/828 326/1058/828
f 209/645/502 210/646/503 205/637/495
f 450/1972/1515 462/1973/1515 451/1974/1515
f 551/2078/1584 568/2052/1561 473/2131/1621
f 334/1939/1493 330/1975/1516 332/1952/1504
f 207/647/504 204/648/505 63/649/506
f 461/1492/1137 465/1493/1138 466/1494/1139
f 208/644/501 205/637/495 204/636/494
f 373/1872/1434 366/1976/1517 514/1870/1432
f 209/645/502 205/637/495 208/644/501
f 276/870/684 279/889/699 121/868/682
f 211/650/507 204/648/505 206/651/508
f 280/890/700 63/891/701 62/892/702
f 212/652/509 205/637/495 210/646/503
f 537/1977/1518 371/1978/1518 370/1979/1518
f 206/638/496 205/637/495 212/652/509
f 327/1980/1519 517/1981/1519 367/1982/1519
f 219/893/703 200/894/704 280/895/705
f 208/653/510 207/654/511 213/655/512
f 203/896/706 200/894/704 219/893/703
f 124/897/707 281/898/707 125/899/707
f 280/895/705 200/894/704 213/900/708
f 340/1946/1498 349/1949/1501 341/1983/1520
f 194/641/498 201/640/498 197/656/513
f 200/657/514 199/658/515 213/659/516
f 214/660/517 208/653/510 213/655/512
f 199/661/518 198/629/490 197/628/489
f 209/662/519 208/653/510 215/663/520
f 216/664/521 213/659/516 199/658/515
f 217/665/522 218/666/523 209/645/502
f 373/1860/1425 519/1859/1424 336/1984/1521
f 203/667/524 197/628/489 201/668/525
f 216/664/521 214/669/526 213/659/516
f 197/628/489 216/670/527 199/661/518
f 219/893/703 216/901/709 203/896/706
f 203/667/524 216/670/527 197/628/489
f 219/671/528 215/672/529 216/664/521
f 218/666/523 210/646/503 209/645/502
f 461/1985/1522 460/1886/1447 465/1916/1475
f 335/1986/1523 334/1987/1524 539/1878/1440
f 215/672/529 214/669/526 216/664/521
f 209/662/519 220/673/530 217/674/531
f 218/666/523 221/675/532 210/646/503
f 108/902/710 121/903/710 70/904/710
f 213/905/711 63/891/701 280/890/700
f 215/663/520 208/653/510 214/660/517
f 209/662/519 215/663/520 222/676/533
f 458/1482/1129 457/1481/1128 467/1495/1140
f 222/677/534 215/672/529 223/678/535
f 337/1988/1525 336/2016/1525 519/1989/1525
f 215/672/529 219/671/528 223/678/535
f 276/906/712 223/907/713 219/951/739
f 280/908/714 118/909/715 279/910/716
f 221/679/536 218/680/537 10/681/536
f 220/673/530 209/662/519 222/676/533
f 219/911/717 280/908/714 279/910/716
f 226/912/718 223/907/713 276/906/712
f 125/1820/1395 281/1817/1392 275/1816/1392
f 267/884/696 273/872/686 108/882/694
f 206/682/538 212/683/539 61/684/540
f 111/1821/1396 110/1771/1363 520/1773/1363
f 462/1496/1141 450/1497/1141 463/1498/1141
f 468/1499/1142 469/1500/1143 383/1501/1144
f 369/1937/1491 524/2015/1543 366/1990/1526
f 461/1492/1137 466/1494/1139 470/1502/1145
f 385/1901/1462 379/1903/1464 377/1991/1527
f 63/685/541 213/655/512 207/654/511
f 224/686/542 217/674/531 220/673/530
f 539/1878/1440 545/1900/1461 335/1986/1523
f 352/1947/1499 335/1992/1528 545/1945/1497
f 383/1993/1529 548/1994/1529 364/1995/1529
f 225/687/543 220/688/544 222/677/534
f 225/687/543 222/677/534 223/678/535
f 466/1503/1146 458/1504/1147 470/1505/1148
f 212/683/539 9/689/545 60/690/546
f 210/691/547 221/692/548 8/693/549
f 335/2017/1544 343/1996/1530 341/1983/1520
f 384/1997/1531 551/1998/1531 473/1999/1531
f 225/687/543 223/678/535 226/694/550
f 225/695/551 224/696/552 220/697/553
f 118/913/719 121/868/682 279/889/699
f 352/1947/1499 343/2018/1545 335/1992/1528
f 226/876/690 127/875/689 117/914/720
f 446/1465/1112 471/1506/1149 457/1507/1150
f 362/1155/888 363/1156/888 364/1157/888
f 276/915/721 219/916/721 279/917/721
f 217/698/554 224/699/554 218/700/554
f 360/1158/889 365/1159/889 366/1160/890
f 115/918/722 226/919/722 116/920/722
f 218/701/555 224/702/555 227/703/555
f 110/328/258 111/329/259 112/330/259
f 60/690/546 61/684/540 212/683/539
f 365/1954/1506 368/2000/1532 342/1955/1506
f 218/704/556 227/705/557 1/706/558
f 115/921/723 225/922/723 226/923/723
f 63/649/506 204/648/505 211/650/507
f 6/707/559 225/695/551 4/708/560
f 206/651/508 61/709/561 211/650/507
f 210/691/547 8/693/549 7/710/562
f 367/1161/891 331/1162/891 327/1163/891
f 211/711/563 66/712/564 63/713/565
f 458/1504/1147 472/1508/1151 470/1505/1148
f 227/705/557 2/714/566 1/706/558
f 67/715/567 66/712/564 211/711/563
f 375/2001/1533 376/1898/1459 469/2013/1459
f 113/331/260 114/332/261 111/333/262
f 360/1158/889 368/1164/892 365/1159/889
f 63/713/565 66/712/564 64/716/568
f 326/1059/829 327/1060/830 324/1061/830
f 224/696/552 225/695/551 6/707/559
f 212/683/539 210/691/547 7/710/562
f 335/2017/1544 341/1983/1520 349/1949/1501
f 118/924/724 280/890/700 62/892/702
f 211/711/563 61/717/569 67/715/567
f 224/718/570 6/719/571 227/720/571
f 60/158/126 9/159/127 61/160/128
f 225/925/725 115/926/725 4/927/725
f 117/928/726 116/929/726 226/930/726
f 62/161/129 63/162/129 64/163/129
f 1/1/1 2/2/1 3/3/1
f 369/2002/1534 366/1976/1517 373/1872/1434
f 349/1928/1485 550/1965/1512 347/2003/1535
f 126/931/727 273/872/686 267/884/696
f 363/1165/893 362/1166/893 369/1167/893
f 65/164/130 28/165/130 61/166/130
f 395/1509/1152 473/1510/1152 372/1511/1152
f 123/932/728 271/878/692 124/874/688
f 474/1512/1153 455/1484/1131 459/1483/1130
f 10/721/572 1/722/572 3/723/573
f 115/334/263 116/335/263 117/336/263
f 127/933/729 4/934/729 115/935/729
f 268/883/695 108/882/694 122/936/730
f 10/721/572 218/724/574 1/722/572
f 324/1062/831 328/1063/831 329/1064/831
f 110/1824/1397 112/1822/1397 350/1823/1397
f 4/4/2 5/5/3 6/6/4
f 127/875/689 115/937/731 117/914/720
f 347/2004/1536 550/1940/1494 350/1953/1505
f 455/1479/1126 474/1513/1154 445/1464/1111
f 62/337/264 70/338/264 118/339/264
f 475/1514/1155 461/1492/1137 470/1502/1145
f 475/1514/1155 476/1515/1156 461/1492/1137
f 66/167/131 67/168/132 68/169/133
f 370/1168/894 371/1169/895 372/1170/896
f 68/170/134 64/171/135 66/172/136
f 372/2005/1537 473/1884/1445 370/1883/1445
f 454/1516/1157 453/1517/1158 464/1518/1159
f 62/173/137 64/174/138 69/175/137
f 477/1519/1160 461/1492/1137 476/1515/1156
f 385/2014/1478 371/2006/1538 537/1919/1478
f 132/1065/832 120/1066/832 330/1067/832
f 221/679/536 10/681/536 15/725/575
f 132/2007/1539 330/1975/1516 334/1939/1493
f 471/1506/1149 446/1465/1112 448/1467/1114
f 470/1661/1276 478/1520/1161 475/1662/1277
f 8/693/549 221/692/548 15/726/576
f 9/689/545 212/683/539 7/710/562
f 551/2008/1540 384/2009/1540 379/2010/1540
f 9/159/127 65/176/139 61/160/128
f 369/1171/897 373/1172/898 374/1173/897
f 375/1174/899 359/1175/899 376/1176/899
f 373/1860/1425 336/1984/1521 374/2011/1541
f 69/175/137 70/177/140 62/173/137
f 449/1521/1162 443/1462/1109 445/1464/1111
f 227/720/571 6/719/571 2/727/577
f 7/7/5 8/8/6 9/9/7
f 477/1522/1163 459/1488/1135 461/1487/1134
f 344/1177/900 377/1178/900 367/1179/900
f 119/340/265 120/341/266 114/342/267
f 331/1068/833 324/1061/830 327/1060/830
f 67/178/141 61/179/142 28/180/143
f 479/1523/1164 475/1662/1277 478/1520/1161
f 67/168/132 71/181/144 68/169/133
f 378/1180/901 340/1181/901 339/1182/901
f 332/1069/834 329/1070/834 328/1071/834
f 5/938/732 4/939/732 127/940/732
f 333/1072/835 334/1073/836 335/1074/837
f 340/1183/902 378/1184/903 352/1185/904
f 366/2012/1542 524/1827/1400 360/1917/1476
f 121/343/268 118/344/268 70/345/268
f 67/178/141 28/180/143 72/182/145
f 367/1186/905 377/1187/905 379/1188/905
f 108/346/269 109/347/270 122/348/271
f 10/10/8 3/11/8 11/12/8
f 2/13/9 12/14/10 3/15/11
f 480/1524/1165 476/1525/1166 394/1526/1167
f 123/349/272 124/350/273 125/351/274
f 336/1075/838 337/1076/838 338/1077/838
f 339/1078/839 340/1079/839 341/1080/839
f 122/348/271 109/347/270 126/352/275
f 476/1515/1156 480/1527/1168 477/1519/1160
f 12/14/10 11/16/12 3/15/11
f 467/1528/1169 457/1507/1150 471/1506/1149
f 474/1512/1153 459/1483/1130 481/1529/1170
f 6/17/13 12/18/13 2/19/13
f 127/353/276 123/354/277 128/355/278
f 338/1081/840 337/1082/840 342/1083/840
f 394/1530/1171 476/1531/1172 475/1532/1171
f 481/1533/1173 459/1488/1135 477/1522/1163
f 395/1534/1174 384/1535/1174 473/1536/1174
f 71/183/146 67/184/146 72/185/146
f 68/170/134 69/186/147 64/171/135
f 12/20/14 6/6/4 5/5/3
f 468/1499/1142 375/1537/1175 469/1500/1143
f 343/1084/841 339/1085/841 341/1086/841
f 342/1189/906 368/1190/906 380/1191/906
f 369/1171/897 374/1173/897 363/1192/907
f 464/1518/1159 463/1538/1176 482/1539/1177
f 344/1087/842 332/1088/842 345/1089/842
f 479/1523/1164 478/1520/1161 477/1519/1160
f 5/356/279 127/357/280 129/358/279
f 333/1072/835 335/1074/837 346/1090/843
f 125/873/687 273/872/686 126/931/727
f 11/21/15 12/22/16 13/23/17
f 347/1091/844 348/1092/845 349/1093/846
f 9/187/148 28/188/148 65/189/148
f 334/1094/847 333/1095/848 132/1096/849
f 472/1540/1178 458/1482/1129 467/1495/1140
f 136/414/324 144/415/325 70/416/326
f 77/417/327 136/418/327 70/419/327
f 351/1193/908 352/1185/904 378/1184/903
f 381/1194/909 382/1195/910 375/1196/911
f 382/1195/910 359/1197/912 375/1196/911
f 360/1198/913 359/1197/912 382/1195/910
f 364/1199/914 374/1200/915 383/1201/916
f 363/1202/917 374/1203/917 364/1204/917
f 475/1541/1179 479/1542/1180 483/1543/1181
f 69/190/149 73/191/149 70/192/149
f 381/1205/918 378/1206/919 382/1207/920
f 123/941/733 127/942/733 271/943/733
f 71/193/150 72/194/151 68/195/151
f 130/359/281 129/360/282 131/361/283
f 468/1499/1142 454/1544/1182 375/1537/1175
f 467/1495/1140 415/1545/1183 472/1540/1178
f 68/196/152 73/197/152 69/198/152
f 463/1546/1184 450/1547/1185 482/1548/1186
f 472/1508/1151 478/1549/1187 470/1505/1148
f 345/1208/921 377/1209/921 344/1210/921
f 120/341/266 132/362/284 133/363/285
f 468/1550/1188 383/1551/1189 454/1552/1190
f 379/1211/922 384/1212/922 367/1213/922
f 377/1363/923 371/1214/923 385/1215/923
f 448/1467/1114 426/1553/1191 471/1506/1149
f 73/199/153 68/195/151 72/194/151
f 350/1097/850 112/1098/850 139/1099/850
f 109/347/270 125/410/323 126/352/275
f 386/1216/924 374/1200/915 387/1217/925
f 368/1218/926 360/1219/926 382/1220/926
f 386/1216/924 383/1201/916 374/1200/915
f 331/1221/927 367/1222/928 384/1223/927
f 120/341/266 133/363/285 114/342/267
f 129/360/282 127/364/286 131/361/283
f 331/1221/927 384/1223/927 388/1224/929
f 338/1225/930 342/1226/931 380/1227/932
f 430/1554/1192 448/1471/1118 449/1470/1117
f 343/1228/933 351/1229/933 389/1230/933
f 475/1532/1171 484/1555/1193 394/1530/1171
f 338/1231/934 390/1232/935 336/1233/936
f 14/24/18 10/25/19 11/21/15
f 395/1556/1194 485/1557/1195 388/1558/1196
f 483/1543/1181 484/1559/1197 475/1541/1179
f 328/1100/851 345/1101/851 332/1102/851
f 482/1560/1198 375/1537/1175 454/1544/1182
f 483/1561/1199 479/1562/1200 486/1563/1201
f 377/1234/937 391/1235/937 371/1236/937
f 381/1564/1202 375/1565/1202 486/1566/1202
f 11/21/15 13/23/17 14/24/18
f 445/1464/1111 474/1513/1154 428/1567/1203
f 73/200/154 72/182/145 74/201/155
f 474/1512/1153 481/1529/1170 409/1568/1204
f 479/1562/1200 480/1569/1205 486/1563/1201
f 464/1518/1159 482/1539/1177 454/1516/1157
f 381/1205/918 392/1237/938 378/1206/919
f 479/1523/1164 477/1519/1160 480/1527/1168
f 351/1238/939 372/1170/896 371/1169/895
f 484/1570/1206 395/1556/1194 372/1571/1207
f 486/1572/1208 450/1547/1185 487/1573/1209
f 351/1103/852 343/1104/852 352/1105/852
f 391/1239/940 351/1238/939 371/1169/895
f 372/1240/941 351/1241/942 392/1242/942
f 347/1106/853 350/1107/854 139/1108/855
f 15/26/20 16/27/21 8/8/6
f 144/420/328 109/421/329 70/422/330
f 378/1243/943 392/1242/942 351/1241/942
f 471/1506/1149 426/1553/1191 467/1528/1169
f 374/1244/944 336/1233/936 390/1232/935
f 348/1109/856 335/1110/857 349/1111/858
f 386/1574/1210 393/1575/1211 488/1576/1211
f 486/1577/1212 480/1524/1165 394/1526/1167
f 450/1547/1185 486/1572/1208 482/1548/1186
f 8/8/6 16/27/21 9/9/7
f 427/1578/1213 426/1553/1191 448/1467/1114
f 392/1579/1214 381/1580/1214 486/1581/1214
f 382/1207/920 378/1206/919 339/1245/945
f 383/1551/1189 386/1582/1215 488/1583/1216
f 427/1584/1217 448/1471/1118 430/1554/1192
f 386/1246/946 387/1247/947 393/1248/947
f 372/1571/1207 394/1585/1218 484/1570/1206
f 372/1249/948 392/1250/948 394/1251/948
f 388/1252/949 384/1253/949 395/1254/949
f 486/1572/1208 375/1586/1219 482/1548/1186
f 345/1255/950 285/1256/951 391/1257/952
f 348/1109/856 346/1112/859 335/1110/857
f 395/1556/1194 484/1570/1206 485/1557/1195
f 377/1258/953 345/1255/950 391/1257/952
f 454/1552/1190 383/1551/1189 488/1583/1216
f 134/365/287 135/366/288 136/367/289
f 339/1259/954 343/1260/954 389/1261/954
f 374/1262/955 396/1263/955 387/1264/955
f 486/1587/1220 394/1588/1220 392/1589/1220
f 474/1513/1154 411/1590/1221 428/1567/1203
f 412/1591/1222 481/1533/1173 477/1522/1163
f 339/1265/956 368/1266/957 382/1267/958
f 391/1239/940 389/1268/959 351/1238/939
f 415/1545/1183 467/1495/1140 421/1592/1223
f 487/1593/1224 450/1472/1119 489/1594/1225
f 331/1269/960 397/1270/961 324/1271/961
f 131/368/290 127/369/291 130/370/292
f 417/1595/1226 412/1596/1227 478/1520/1161
f 388/1597/1228 485/1598/1228 398/1599/1228
f 478/1549/1187 415/1600/1229 417/1601/1230
f 489/1594/1225 450/1472/1119 452/1474/1121
f 5/356/279 129/358/279 137/371/293
f 138/372/294 139/373/294 112/411/294
f 477/1519/1160 478/1520/1161 412/1596/1227
f 484/1559/1197 483/1543/1181 490/1602/1231
f 393/1575/1211 401/1603/1232 488/1576/1211
f 388/1272/962 398/1273/963 399/1274/964
f 140/374/295 111/333/262 114/332/261
f 140/375/296 112/330/259 111/329/259
f 140/423/331 138/424/332 112/425/333
f 28/202/156 9/203/156 16/204/156
f 472/1508/1151 415/1600/1229 478/1549/1187
f 398/1604/1233 485/1605/1234 484/1606/1235
f 454/1607/1236 488/1608/1237 401/1609/1236
f 391/1257/952 285/1256/951 389/1275/965
f 346/1112/859 353/1113/860 354/1114/861
f 339/1276/966 389/1277/966 354/1278/966
f 449/1521/1162 445/1464/1111 428/1567/1203
f 353/1113/860 346/1112/859 348/1109/856
f 490/1610/1238 483/1561/1199 486/1563/1201
f 354/1115/862 353/1116/862 339/1117/862
f 396/1279/967 374/1280/967 390/1281/967
f 354/1118/863 285/1119/863 355/1120/863
f 368/1266/957 339/1265/956 292/1282/968
f 396/1283/969 393/1248/947 387/1247/947
f 353/1284/970 292/1285/970 339/1286/970
f 129/360/282 130/359/281 137/376/297
f 353/1121/864 356/1122/864 292/1123/864
f 412/1591/1222 409/1611/1239 481/1533/1173
f 348/1109/856 356/1124/865 353/1113/860
f 139/1108/855 151/1125/866 347/1106/853
f 486/1612/1240 491/1613/1240 490/1614/1240
f 285/1287/971 354/1288/971 389/1289/971
f 348/1092/845 347/1091/844 157/1126/867
f 142/1127/868 132/1096/849 333/1095/848
f 348/1109/856 357/1128/869 356/1124/865
f 489/1615/1241 452/1475/1122 454/1477/1124
f 491/1616/1242 486/1617/1243 487/1618/1244
f 489/1615/1241 454/1477/1124 400/1619/1245
f 127/369/291 128/377/298 130/370/292
f 484/1620/1246 490/1621/1247 406/1622/1248
f 401/1609/1236 400/1623/1249 454/1607/1236
f 130/359/281 135/366/288 134/365/287
f 492/1624/1250 489/1615/1241 400/1619/1245
f 487/1618/1244 403/1625/1251 491/1616/1242
f 346/1112/859 354/1114/861 355/1129/870
f 357/1130/871 348/1092/845 157/1126/867
f 487/1626/1252 489/1627/1253 403/1628/1254
f 484/1606/1235 406/1629/1255 398/1604/1233
f 474/1512/1153 409/1568/1204 411/1630/1256
f 368/1266/957 292/1282/968 380/1290/972
f 130/412/299 136/378/299 135/379/299
f 358/1131/872 333/1072/835 346/1090/843
f 403/1628/1254 489/1627/1253 493/1631/1257
f 142/1132/873 333/1072/835 358/1131/872
f 449/1521/1162 428/1567/1203 430/1632/1258
f 347/1106/853 151/1125/866 157/1133/874
f 15/28/22 10/29/23 14/30/22
f 345/1255/950 328/1291/973 285/1256/951
f 338/1225/930 380/1227/932 292/1292/974
f 17/31/24 15/28/22 14/30/22
f 292/1293/975 355/1294/975 285/1295/975
f 426/1553/1191 421/1633/1259 467/1528/1169
f 18/32/25 17/33/26 19/34/27
f 14/35/28 19/34/27 17/33/26
f 398/1634/1260 406/1635/1260 284/1636/1260
f 12/20/14 5/5/3 20/36/29
f 393/1296/976 400/1297/977 401/1298/978
f 289/1299/979 402/1300/980 403/1301/981
f 292/1134/875 356/1135/875 355/1136/875
f 358/1137/876 346/1112/859 355/1129/870
f 490/1637/1261 491/1638/1262 418/1639/1262
f 489/1627/1253 492/1640/1263 493/1631/1257
f 490/1621/1247 402/1641/1264 406/1622/1248
f 338/1302/982 396/1303/982 390/1304/982
f 141/380/300 132/381/301 142/382/302
f 21/37/30 19/38/31 14/39/32
f 17/40/33 16/27/21 15/26/20
f 358/1148/885 355/1149/886 356/1124/865
f 16/41/34 17/42/35 22/43/35
f 151/426/334 139/427/335 138/610/475
f 404/1305/983 338/1225/930 292/1292/974
f 409/1364/1018 410/1365/1019 411/1366/1020
f 18/44/36 22/43/35 17/42/35
f 13/45/37 21/46/37 14/47/37
f 23/48/38 13/49/39 24/50/40
f 328/1306/984 324/1307/984 405/1308/984
f 18/51/41 25/52/42 22/53/43
f 493/1642/1265 492/1643/1265 400/1644/1265
f 74/201/155 72/182/145 75/205/157
f 493/1645/1266 400/1646/1266 403/1647/1266
f 12/20/14 20/36/29 23/54/44
f 284/1309/985 406/1310/985 402/1311/985
f 292/1312/986 291/1313/986 404/1314/986
f 405/1315/987 285/1256/951 328/1291/973
f 143/383/303 114/342/267 133/363/285
f 143/384/304 140/374/295 114/332/261
f 12/55/45 26/56/45 13/57/45
f 412/1367/1021 410/1368/1022 409/1369/1023
f 24/58/46 12/20/14 23/54/44
f 27/59/47 21/60/48 13/49/39
f 405/1316/988 397/1317/989 290/1318/990
f 12/20/14 24/58/46 26/61/49
f 397/1270/961 405/1319/991 324/1271/961
f 289/1299/979 403/1301/981 400/1297/977
f 405/1315/987 290/1320/992 285/1256/951
f 396/1321/993 338/1322/993 393/1323/993
f 284/1324/994 407/1325/994 408/1326/995
f 407/1325/994 284/1324/994 283/1327/996
f 402/1328/997 289/1329/997 284/1330/997
f 141/385/305 133/363/285 132/362/284
f 28/62/50 16/155/124 29/63/51
f 399/1331/998 398/1332/998 284/1333/998
f 491/1648/1267 414/1649/1268 419/1650/1269
f 418/1639/1262 491/1638/1262 419/1651/1270
f 403/1652/1271 414/1649/1268 491/1648/1267
f 331/1334/999 399/1274/964 397/1335/1000
f 144/415/325 136/414/324 130/428/336
f 72/182/145 28/180/143 76/206/158
f 289/1299/979 400/1297/977 393/1296/976
f 283/1336/1001 404/1337/1001 407/1338/1001
f 393/1339/1002 338/1340/1003 283/1341/1004
f 283/1341/1004 289/1342/1005 393/1339/1002
f 338/1340/1003 404/1343/1006 283/1341/1004
f 402/1653/1272 414/1654/1272 403/1655/1272
f 412/1596/1227 418/1656/1273 419/1657/1274
f 29/63/51 16/155/124 22/53/43
f 399/1274/964 331/1334/999 388/1272/962
f 137/386/306 20/387/306 5/388/306
f 19/38/31 21/37/30 30/64/52
f 357/1128/869 358/1148/885 356/1124/865
f 290/1344/1007 284/1345/1007 408/1346/1007
f 290/1347/1008 408/1348/1009 407/1349/1008
f 404/1350/1010 291/1351/1010 407/1352/1010
f 413/1370/1024 414/1371/1024 402/1372/1024
f 22/53/43 25/52/42 31/65/53
f 412/1596/1227 417/1595/1226 418/1656/1273
f 397/1317/989 399/1353/1011 290/1318/990
f 290/1318/990 399/1353/1011 284/1354/1012
f 291/1355/1013 290/1347/1008 407/1349/1008
f 32/66/54 18/67/55 30/68/56
f 415/1373/1025 416/1374/1026 417/1375/1027
f 418/1376/1028 413/1377/1028 402/1378/1028
f 417/1379/1029 413/1380/1030 418/1381/1031
f 418/1658/1275 402/1659/1275 490/1660/1275
f 30/68/56 18/67/55 19/69/57
f 412/1382/1032 419/1383/1033 420/1384/1034
f 297/1138/877 357/1130/871 157/1126/867
f 29/63/51 22/53/43 31/65/53
f 144/389/307 130/370/292 128/377/298
f 419/1383/1033 414/1385/1035 420/1384/1034
f 27/59/47 13/49/39 23/48/38
f 145/390/308 141/380/300 142/382/302
f 285/1356/1014 287/1357/1015 292/1358/1015
f 282/952/740 283/953/740 284/954/740
f 33/70/58 30/64/52 21/37/30
f 13/71/59 26/72/59 24/73/59
f 125/351/274 146/391/309 123/349/272
f 415/1386/1036 421/1387/1037 422/1388/1038
f 76/206/158 75/205/157 72/182/145
f 18/67/55 32/66/54 25/74/60
f 422/1388/1038 416/1389/1039 415/1386/1036
f 358/1131/872 295/1139/878 142/1132/873
f 285/955/741 286/956/741 287/957/741
f 357/1128/869 296/1140/879 358/1148/885
f 134/429/337 136/430/337 152/431/337
f 145/392/310 133/363/285 141/385/305
f 410/1365/1019 423/1390/1040 411/1366/1020
f 283/958/742 288/959/743 289/960/744
f 23/54/44 20/36/29 26/75/61
f 27/76/62 23/77/62 26/78/62
f 25/79/63 29/80/63 31/81/63
f 424/1391/1041 422/1392/1042 421/1393/1043
f 413/1380/1030 417/1379/1029 425/1394/1044
f 29/82/64 25/83/65 34/84/65
f 426/1395/1045 427/1396/1046 424/1397/1047
f 25/83/65 32/85/66 34/84/65
f 285/1359/1016 290/1360/1016 286/1361/1016
f 358/1131/872 296/1141/880 295/1139/878
f 33/86/67 21/87/67 27/88/67
f 29/207/159 38/208/160 28/322/254
f 428/1398/1048 411/1399/1049 429/1400/1050
f 34/89/68 35/90/69 29/156/125
f 145/1142/881 142/1150/881 295/1143/881
f 70/209/161 73/200/154 77/210/162
f 27/91/70 26/92/70 33/93/70
f 26/75/61 36/94/71 33/95/72
f 30/64/52 33/70/58 36/96/73
f 416/1374/1026 425/1401/1051 417/1375/1027
f 26/75/61 37/97/74 36/94/71
f 426/1460/1107 424/1391/1041 421/1393/1043
f 36/98/75 32/99/76 30/100/77
f 34/101/78 32/99/76 36/98/75
f 147/393/311 146/391/309 125/351/274
f 147/432/338 125/433/339 153/434/340
f 130/359/281 134/365/287 137/376/297
f 29/156/125 35/90/69 38/102/79
f 420/1402/1052 410/1368/1022 412/1367/1021
f 425/1394/1044 414/1385/1035 413/1380/1030
f 427/1403/1053 430/1404/1054 431/1405/1055
f 420/1384/1034 414/1385/1035 425/1394/1044
f 152/435/341 136/436/341 77/437/341
f 157/1126/867 302/1144/882 297/1138/877
f 297/1145/883 296/1140/879 357/1128/869
f 287/1357/1015 293/1362/1017 292/1358/1015
f 420/1406/1056 425/1407/1057 432/1408/1058
f 128/355/278 123/354/277 148/394/312
f 154/438/342 151/426/334 155/439/343
f 286/961/745 290/962/745 291/963/745
f 151/426/334 138/610/475 155/439/343
f 133/440/344 145/441/345 156/442/345
f 73/200/154 74/201/155 78/211/163
f 289/964/746 288/965/746 284/966/746
f 77/210/162 73/200/154 78/211/163
f 151/443/346 154/444/346 157/445/346
f 74/212/164 79/213/165 80/214/166
f 74/212/164 75/215/167 79/213/165
f 80/216/168 78/217/168 74/218/168
f 427/1396/1046 433/1409/1059 424/1397/1047
f 154/1146/884 302/1147/884 157/1151/884
f 428/1461/1108 431/1410/1060 430/1411/1061
f 76/219/169 28/322/254 38/208/160
f 128/446/347 134/447/347 144/611/347
f 79/220/170 75/221/170 81/222/170
f 38/223/171 82/224/171 76/225/171
f 37/103/80 39/104/80 36/105/80
f 425/1401/1051 416/1374/1026 434/1412/1062
f 153/434/340 125/433/339 109/448/348
f 34/106/81 40/107/82 35/108/83
f 427/1403/1053 431/1405/1055 433/1413/1063
f 140/449/349 143/450/350 158/451/351
f 39/109/84 37/110/84 41/111/84
f 291/967/747 292/968/747 293/969/747
f 36/112/85 40/107/82 34/106/81
f 37/97/74 26/75/61 20/36/29
f 41/113/86 42/114/87 39/115/88
f 434/1414/1064 432/1408/1058 425/1407/1057
f 294/970/748 295/971/749 296/972/750
f 128/413/313 149/395/313 134/396/314
f 39/115/88 42/114/87 43/116/89
f 411/1399/1049 423/1415/1065 429/1400/1050
f 293/973/751 296/974/752 297/975/753
f 287/976/754 296/974/752 293/973/751
f 20/36/29 44/117/90 37/97/74
f 81/226/172 80/227/173 79/228/174
f 296/974/752 287/976/754 294/977/755
f 295/978/756 298/979/757 145/980/758
f 293/973/751 297/975/753 291/981/759
f 83/229/175 78/230/176 80/231/175
f 40/118/91 36/119/92 39/120/91
f 287/976/754 286/982/760 294/977/755
f 410/1368/1022 420/1402/1052 435/1416/1066
f 38/323/255 35/232/177 47/233/178
f 81/234/179 75/205/157 76/206/158
f 144/452/352 152/453/352 77/454/353
f 144/452/352 134/455/354 152/453/352
f 134/397/315 149/398/316 137/399/316
f 137/399/316 149/398/316 20/400/317
f 434/1412/1062 416/1374/1026 436/1417/1067
f 429/1418/1068 431/1410/1060 428/1461/1108
f 138/424/332 140/423/331 159/456/355
f 83/235/180 77/210/162 78/211/163
f 80/231/175 84/236/181 83/229/175
f 282/983/761 284/984/761 299/985/761
f 144/457/356 77/458/356 83/459/356
f 294/970/748 300/986/762 295/971/749
f 82/237/182 85/238/183 76/239/184
f 143/460/357 133/612/476 160/461/358
f 288/959/743 283/958/742 301/987/763
f 297/988/764 302/989/765 303/990/766
f 410/1365/1019 437/1419/1069 423/1390/1040
f 140/462/359 161/463/359 159/464/359
f 40/118/91 39/120/91 43/121/93
f 138/424/332 159/456/355 155/465/360
f 41/122/94 37/123/95 42/124/95
f 47/233/178 82/237/182 38/323/255
f 438/1420/1070 416/1389/1039 422/1388/1038
f 297/991/767 304/992/767 291/993/767
f 35/157/97 45/125/96 46/126/97
f 294/977/755 286/982/760 291/994/768
f 149/395/313 128/413/313 48/401/318
f 81/226/172 84/240/185 80/227/173
f 432/1408/1058 434/1414/1064 299/1421/1071
f 435/1416/1066 420/1402/1052 432/1422/1072
f 288/1423/1073 299/1424/1073 284/1425/1073
f 436/1417/1067 305/1426/1074 434/1412/1062
f 44/127/98 42/124/95 37/123/95
f 429/1400/1050 423/1415/1065 437/1427/1075
f 148/394/312 150/402/319 128/355/278
f 295/978/756 300/995/769 298/979/757
f 299/1421/1071 434/1414/1064 305/1428/1076
f 288/1429/1077 432/1408/1058 299/1421/1071
f 143/450/350 160/466/361 158/451/351
f 82/237/182 47/233/178 85/238/183
f 83/467/362 162/468/363 144/469/364
f 438/1420/1070 436/1430/1078 416/1389/1039
f 81/241/186 85/242/187 86/243/188
f 438/1431/1079 422/1392/1042 424/1391/1041
f 76/206/158 85/244/189 81/234/179
f 298/996/770 169/997/771 145/998/772
f 303/990/766 304/999/773 297/988/764
f 160/461/358 133/612/476 156/470/365
f 424/1397/1047 439/1432/1080 440/1433/1081
f 410/1365/1019 435/1434/1082 437/1419/1069
f 301/1435/1083 432/1408/1058 288/1429/1077
f 159/456/355 163/471/366 164/472/367
f 48/403/320 20/404/320 149/405/320
f 146/473/368 147/474/369 160/475/369
f 123/349/272 146/391/309 148/406/321
f 87/245/190 85/238/183 47/233/178
f 283/1000/774 282/1001/774 301/1002/774
f 87/246/191 88/247/192 85/248/193
f 47/128/99 35/157/97 46/126/97
f 147/474/369 158/476/370 160/475/369
f 44/129/100 43/130/100 42/131/101
f 305/1003/775 282/1004/776 299/1005/777
f 109/421/329 144/420/328 165/477/371
f 301/1435/1083 308/1436/1084 432/1408/1058
f 43/130/100 44/129/100 40/132/102
f 294/970/748 306/1006/778 300/986/762
f 294/977/755 291/994/768 306/1007/779
f 156/470/365 166/478/372 160/461/358
f 158/479/373 147/480/373 167/481/373
f 303/1008/780 302/1009/781 307/1010/782
f 81/241/186 86/243/188 84/249/194
f 302/1009/781 154/1011/783 307/1010/782
f 84/249/194 86/243/188 89/250/195
f 147/482/374 148/483/374 167/484/374
f 153/485/375 168/486/376 161/487/376
f 168/486/376 159/488/377 161/487/376
f 282/1004/776 305/1003/775 306/1007/779
f 156/442/345 145/441/345 169/489/378
f 308/1012/784 309/1013/785 310/1014/786
f 83/251/196 84/249/194 89/250/195
f 291/994/768 304/1015/787 306/1007/779
f 429/1400/1050 437/1427/1075 441/1437/1085
f 432/1422/1072 310/1438/1086 435/1416/1066
f 109/448/348 168/490/379 153/434/340
f 44/117/90 20/36/29 48/133/103
f 304/1015/787 308/1016/788 301/1017/789
f 306/1007/779 301/1017/789 282/1004/776
f 439/1432/1080 424/1397/1047 433/1409/1059
f 170/491/380 148/492/380 146/493/380
f 89/252/197 86/253/198 90/254/199
f 435/1434/1082 310/1439/1087 437/1419/1069
f 304/1015/787 301/1017/789 306/1007/779
f 128/407/322 150/408/322 48/409/322
f 161/494/381 140/449/349 171/495/382
f 153/496/383 161/497/384 172/498/385
f 169/499/386 166/478/372 156/470/365
f 91/255/200 83/256/201 90/254/199
f 92/257/202 88/247/192 87/246/191
f 93/258/203 86/259/203 85/260/204
f 310/1438/1086 432/1422/1072 308/1440/1086
f 163/500/387 168/501/388 173/502/389
f 48/503/390 174/504/390 175/505/390
f 175/506/391 176/507/392 48/508/393
f 438/1431/1079 424/1391/1041 440/1441/1088
f 304/999/773 303/990/766 309/1013/785
f 311/1018/790 298/979/757 300/995/769
f 161/497/384 171/509/394 172/498/385
f 436/1430/1078 438/1420/1070 315/1442/1089
f 172/510/395 177/511/396 153/613/477
f 175/512/397 178/513/398 179/514/399
f 175/512/397 174/515/400 180/516/401
f 83/467/362 91/517/402 162/468/363
f 158/451/351 171/495/382 140/449/349
f 315/1442/1089 313/1443/1090 436/1430/1078
f 433/1413/1063 431/1405/1055 442/1444/1091
f 162/518/403 179/519/404 181/520/405
f 171/495/382 158/451/351 167/521/406
f 49/134/104 44/117/90 48/133/103
f 177/511/396 182/522/407 153/613/477
f 153/613/477 148/523/408 147/614/478
f 162/524/409 91/525/409 181/526/409
f 86/253/198 94/261/205 90/254/199
f 313/1445/1092 305/1426/1074 436/1417/1067
f 150/527/410 176/528/410 48/529/410
f 49/134/104 40/107/82 44/117/90
f 93/258/203 95/262/206 86/259/203
f 85/263/207 88/264/208 96/265/209
f 312/1019/791 300/986/762 306/1006/778
f 176/530/411 174/515/400 48/531/412
f 93/266/210 85/267/210 96/268/210
f 307/1010/782 309/1020/792 303/1008/780
f 300/995/769 312/1021/793 311/1018/790
f 94/269/211 86/270/212 95/271/211
f 92/272/213 87/273/214 97/274/214
f 159/456/355 164/472/367 155/465/360
f 89/252/197 90/254/199 83/256/201
f 154/438/342 155/439/343 164/532/413
f 46/275/215 87/245/190 47/233/178
f 163/500/387 159/533/414 168/501/388
f 46/275/215 98/276/216 87/245/190
f 437/1419/1069 310/1439/1087 316/1446/1093
f 40/107/82 50/135/105 45/136/106
f 166/534/415 170/535/416 160/536/417
f 174/515/400 176/530/411 180/516/401
f 45/136/106 35/108/83 40/107/82
f 170/535/416 146/537/418 160/536/417
f 305/1022/794 313/1023/795 306/1006/778
f 97/277/217 96/265/209 88/264/208
f 308/1012/784 304/999/773 309/1013/785
f 109/448/348 165/538/419 168/490/379
f 183/539/420 144/540/421 162/518/403
f 183/539/420 162/518/403 181/520/405
f 97/277/217 88/264/208 92/278/218
f 171/495/382 167/521/406 163/541/422
f 49/134/104 50/135/105 40/107/82
f 95/279/219 93/280/220 99/281/221
f 93/280/220 96/282/222 99/281/221
f 309/1020/792 307/1010/782 314/1024/796
f 170/542/423 166/543/423 148/544/423
f 313/1023/795 312/1019/791 306/1006/778
f 181/545/424 178/546/425 179/547/426
f 313/1025/797 315/1026/798 312/1021/793
f 309/1020/792 314/1024/796 316/1027/799
f 310/1028/800 309/1020/792 316/1027/799
f 171/548/427 163/549/428 172/550/429
f 97/274/214 87/273/214 98/283/223
f 46/137/107 45/138/108 50/139/109
f 164/1029/801 314/1030/802 307/1031/803
f 175/512/397 184/551/430 185/552/431
f 442/1444/1091 439/1447/1094 433/1413/1063
f 95/271/211 99/284/224 94/269/211
f 186/553/432 163/541/422 167/521/406
f 148/554/433 166/555/433 167/556/433
f 169/997/771 298/996/770 311/1032/804
f 315/1026/798 311/1018/790 312/1021/793
f 164/1029/801 307/1031/803 154/1033/805
f 172/550/429 163/549/428 173/557/434
f 175/558/435 180/559/436 176/560/437
f 185/552/431 178/513/398 175/512/397
f 167/521/406 166/561/438 186/553/432
f 48/508/393 176/507/392 55/562/439
f 98/285/225 46/286/226 100/287/227
f 101/288/228 90/289/229 102/290/230
f 103/291/231 96/292/232 97/293/233
f 173/563/440 168/490/379 165/538/419
f 317/1034/806 311/1032/804 315/1035/807
f 181/564/441 91/565/441 107/566/441
f 94/294/234 99/295/234 103/296/234
f 99/297/235 96/298/235 103/299/235
f 54/300/236 100/287/227 46/286/226
f 49/140/110 51/141/111 52/142/112
f 176/567/442 187/568/442 51/569/442
f 50/139/109 49/140/110 53/143/113
f 54/144/114 46/137/107 50/139/109
f 90/289/229 101/288/228 91/301/237
f 48/133/103 55/145/115 49/134/104
f 431/1410/1060 429/1418/1068 442/1448/1095
f 165/477/371 144/420/328 183/570/443
f 178/546/425 106/571/444 180/559/436
f 57/302/238 58/303/239 104/304/240
f 58/303/239 105/305/241 104/304/240
f 53/143/113 49/140/110 52/142/112
f 90/306/242 103/307/243 102/308/244
f 103/309/245 90/310/245 94/311/245
f 318/1036/808 314/1030/802 319/1037/809
f 100/312/246 97/313/246 98/314/246
f 316/1449/1096 441/1437/1085 437/1427/1075
f 105/315/247 58/316/248 106/317/249
f 107/572/445 183/539/420 181/520/405
f 150/573/446 187/574/446 176/575/446
f 185/576/447 106/577/447 178/578/447
f 180/559/436 179/547/426 178/546/425
f 183/579/448 107/580/449 165/581/450
f 51/582/451 55/562/439 176/507/392
f 441/1450/1097 442/1448/1095 429/1418/1068
f 316/1449/1096 318/1451/1098 441/1437/1085
f 182/522/407 148/523/408 153/613/477
f 102/308/244 103/307/243 104/304/240
f 52/142/112 56/146/116 53/143/113
f 105/324/256 101/288/228 102/290/230
f 180/516/401 184/551/430 175/512/397
f 107/583/452 91/584/452 101/585/452
f 186/586/453 164/472/367 163/471/366
f 54/144/114 50/139/109 53/143/113
f 51/141/111 49/140/110 55/147/117
f 180/559/436 175/558/435 179/547/426
f 104/304/240 105/305/241 102/308/244
f 56/148/118 57/149/118 53/150/119
f 106/587/454 185/588/455 107/589/456
f 105/324/256 107/318/250 101/288/228
f 148/590/457 187/591/458 150/592/459
f 104/319/251 100/287/227 54/300/236
f 107/589/456 105/593/460 106/587/454
f 188/594/461 107/595/462 185/552/431
f 57/320/252 104/319/251 54/300/236
f 103/291/231 97/293/233 100/287/227
f 52/142/112 51/141/111 56/146/116
f 172/615/479 173/563/440 177/616/480
f 58/151/120 57/149/118 56/148/118
f 57/152/121 54/144/114 53/143/113
f 100/287/227 104/319/251 103/291/231
f 180/559/436 106/571/444 59/596/463
f 165/581/450 107/580/449 189/597/464
f 58/316/248 59/321/253 106/317/249
f 177/616/480 173/563/440 165/538/419
f 184/598/465 180/599/465 59/600/465
f 58/153/122 56/146/116 59/154/123
f 187/591/458 59/601/466 51/602/467
f 107/580/449 177/603/468 189/597/464
f 59/154/123 56/146/116 51/141/111
f 177/616/480 165/538/419 189/604/469
f 187/591/458 184/605/470 59/601/466
f 182/606/471 187/591/458 148/590/457
f 177/603/468 107/580/449 188/607/472
f 182/606/471 184/605/470 187/591/458
f 316/1038/810 314/1030/802 318/1036/808
f 177/603/468 188/607/472 182/606/471
f 322/1452/1099 440/1433/1081 439/1432/1080
f 184/551/430 188/594/461 185/552/431
f 164/1039/811 186/1040/812 320/1041/813
f 311/1032/804 317/1034/806 169/997/771
f 182/606/471 188/607/472 184/605/470
f 438/1431/1079 440/1441/1088 317/1453/1100
f 186/553/432 166/561/438 190/608/473
f 440/1433/1081 322/1452/1099 317/1454/1101
f 319/1037/809 314/1030/802 164/1029/801
f 318/1455/1102 323/1456/1103 441/1450/1097
f 169/499/386 190/609/474 166/478/372
f 317/1453/1100 315/1457/1104 438/1431/1079
f 164/1039/811 320/1041/813 319/1042/814
f 321/1043/815 190/1044/816 169/1045/817
f 320/1046/818 186/1047/819 190/1048/820
f 439/1447/1094 323/1458/1105 322/1459/1106
f 323/1456/1103 442/1448/1095 441/1450/1097
f 320/1041/813 318/1049/821 319/1042/814
f 439/1447/1094 442/1444/1091 323/1458/1105
f 322/1050/822 321/1043/815 169/1045/817
f 322/1050/822 169/1045/817 317/1051/823
f 320/1046/818 190/1048/820 321/1052/824
f 320/1041/813 323/1053/825 318/1049/821
f 323/1054/826 320/1046/818 322/1055/827
f 320/1046/818 321/1052/824 322/1055/827
