# Delivery Dash City mesh (NPCStaff_Source); units = studs; +X right, +Y up, -Z forward
mtllib NPCStaff_Source.mtl
o NPCStaff_Source
v 0.07752 0.79655 0.12370
v 0.13911 0.80741 0.07171
v 0.07150 0.82520 0.11363
v 0.05164 0.93811 0.16025
v 0.12951 0.87654 0.15500
v 0.11020 0.92117 0.12806
v 0.06687 0.93496 -0.00731
v 0.05509 0.94204 0.09697
v 0.14041 0.89611 0.01000
v 0.10973 0.92104 0.08465
v 0.16529 0.89541 -0.06528
v 0.13062 0.55670 0.08060
v 0.18325 0.86156 0.09741
v 0.18425 0.82567 0.10968
v 0.15368 0.60548 0.06975
v 0.15524 0.77730 0.06208
v 0.18581 0.81295 0.07169
v 0.19379 0.67939 0.01405
v 0.19374 0.71911 0.02114
v 0.20034 0.82730 0.07782
v 0.19578 0.85874 -0.07691
v 0.20598 0.76647 0.02866
v 0.20922 0.85602 0.01935
v 0.21292 0.79107 -0.08504
v -0.01282 0.79559 -0.26873
v 0.11883 0.82483 -0.22422
v 0.09851 0.65253 -0.23513
v 0.01932 0.85037 -0.25109
v 0.11477 0.87005 -0.18902
v 0.06461 0.91074 -0.13213
v 0.15092 0.84335 -0.17999
v 0.14887 0.65786 -0.19976
v 0.18569 0.78817 -0.15879
v 0.18002 0.66663 -0.14294
v 0.18902 0.74070 -0.08133
v 0.17606 0.67050 -0.12554
v 0.17758 0.59627 -0.11834
v 0.19167 0.73119 -0.05303
v 0.20074 0.69876 -0.03496
v 0.00565 0.42004 0.11986
v 0.02832 0.34897 0.10974
v 0.04679 0.45003 0.11514
v 0.01293 0.46086 0.13165
v -0.00972 0.50683 0.08207
v 0.07727 0.53360 0.10170
v 0.03596 0.56215 0.13537
v 0.00949 0.46036 0.10486
v 0.09188 0.52251 0.07882
v 0.07530 0.49489 0.12058
v 0.04339 0.45470 0.13452
v 0.01714 0.59995 0.14648
v 0.06922 0.59498 0.13360
v 0.13082 0.40981 0.11477
v 0.13377 0.52761 0.04206
v 0.18846 0.50825 0.05873
v 0.18352 0.47469 0.09255
v 0.15792 0.53221 -0.00331
v 0.18439 0.58911 0.00492
v 0.15574 0.53365 -0.10586
v 0.18439 0.56486 -0.02866
v 0.22876 0.48705 0.08634
v 0.22294 0.50273 0.06968
v 0.22943 0.51256 -0.02477
v 0.30999 0.49624 0.06748
v 0.30707 0.48138 0.08353
v 0.11625 0.52925 -0.15921
v 0.01679 0.52403 -0.20059
v 0.09890 0.58219 -0.20855
v 0.15936 0.47872 -0.20441
v 0.13620 0.64797 -0.18210
v 0.01287 0.63541 -0.23871
v -0.02861 0.43017 -0.23874
v 0.13764 0.41502 -0.21798
v 0.14597 0.58987 -0.16958
v 0.18587 0.51025 -0.15396
v 0.17530 0.50032 -0.18092
v 0.22858 0.49861 -0.17958
v 0.22890 0.46340 -0.20271
v 0.30284 0.50013 -0.16764
v 0.31951 0.48049 -0.18017
v 0.34007 0.19626 -0.18390
v 0.33161 0.22891 -0.18303
v 0.60156 0.19634 -0.18164
v 0.59234 0.23087 -0.18699
v 0.58667 0.47969 0.09711
v 0.34424 0.48624 0.09403
v 0.34417 0.23998 0.10220
v 0.59849 0.23140 0.09969
v 0.58668 -0.15757 -0.18285
v 0.34846 0.26032 -0.18427
v 0.58936 0.47967 -0.18216
v 0.58576 0.50043 0.07766
v 0.59931 0.19712 0.09981
v 0.60622 0.48041 0.07724
v 0.59039 0.49734 -0.16755
v 0.58576 -0.15734 0.09786
v 0.61181 0.19848 0.07544
v 0.60665 0.23214 -0.17679
v 0.60687 0.48030 -0.16222
v 0.60653 -0.15410 -0.16507
v 0.18645 0.35874 -0.22270
v 0.24173 0.35508 -0.21928
v 0.23573 0.35786 -0.20254
v 0.26053 0.26082 -0.21005
v 0.29140 0.14258 -0.18580
v 0.32617 0.48189 -0.16435
v 0.32032 0.19842 0.06244
v 0.32371 0.47878 0.07077
v 0.32665 0.36296 -0.16745
v 0.32565 0.48049 0.07781
v 0.32200 0.19804 -0.16016
v 0.34120 0.49856 0.07660
v 0.34433 0.49959 -0.16437
v 0.34587 0.48037 -0.18328
v -0.01351 0.35019 0.14107
v 0.01819 -0.00230 0.15199
v 0.09133 0.23092 0.13904
v 0.18652 0.35947 0.11344
v 0.09037 0.31007 0.13437
v 0.21777 0.22532 0.11655
v 0.22065 0.31242 0.12228
v 0.08840 -0.00339 0.14794
v 0.23978 0.35600 0.10866
v 0.22620 -0.00427 0.11883
v 0.26233 0.24371 0.10490
v 0.26371 0.22962 0.08903
v 0.30643 0.10308 0.08943
v 0.29329 0.13379 0.08008
v 0.32378 0.19688 0.08332
v 0.32230 0.07907 0.05092
v 0.33729 0.22820 0.10096
v 0.34475 0.19354 0.10358
v -0.00536 0.35012 -0.25719
v -0.00761 0.34964 -0.23746
v 0.00946 0.24776 -0.25942
v 0.01724 -0.00499 -0.26251
v 0.22999 -0.00532 -0.22022
v 0.31298 0.09896 -0.19677
v 0.31673 0.01923 0.05107
v 0.32266 0.07660 -0.13944
v 0.31177 0.01214 -0.16922
v 0.32227 0.01097 0.00948
v 0.32281 0.17979 -0.07236
v 0.32171 -0.02639 -0.08209
v 0.32195 0.00599 -0.06424
v 0.32171 -0.03516 -0.09761
v 0.31642 0.07124 -0.04022
v 0.32599 -0.15678 0.07896
v 0.32670 -0.15655 -0.16676
v 0.34085 -0.15665 0.09604
v -0.04449 0.94186 0.12070
v -0.12147 0.91761 0.05315
v -0.11249 0.88604 0.11714
v -0.08942 0.94005 -0.01329
v -0.07596 0.87312 0.16059
v -0.05906 0.91500 0.15980
v -0.02644 0.86051 0.18806
v -0.12983 0.82972 0.09059
v -0.00187 0.84042 0.18404
v -0.01369 0.80473 0.13901
v -0.04288 0.94566 -0.04533
v -0.00135 0.94100 0.16271
v 0.00148 0.86498 0.19547
v 0.02503 0.90319 0.18947
v -0.17716 0.84138 0.07159
v -0.21278 0.80586 0.00783
v -0.18835 0.79684 0.06559
v -0.18450 0.85092 0.04945
v -0.19974 0.72786 0.01687
v -0.14712 0.82120 0.09567
v -0.18098 0.72245 0.02091
v -0.16789 0.60329 0.04976
v -0.15815 0.77246 0.06011
v -0.14075 0.87848 -0.05607
v -0.14120 0.86253 0.05963
v -0.14455 0.80180 0.06913
v -0.13260 0.77487 0.08991
v -0.11431 0.92084 -0.04987
v -0.06070 0.72027 0.13759
v -0.10866 0.59962 0.11361
v -0.20730 0.81443 -0.09512
v -0.21668 0.76173 -0.05892
v -0.20361 0.84192 -0.03184
v -0.20364 0.69005 -0.02375
v -0.19235 0.73961 -0.06453
v -0.18782 0.68288 -0.12227
v -0.18337 0.78122 -0.16354
v -0.19212 0.68004 0.01717
v -0.18599 0.72918 -0.09643
v -0.15705 0.82488 -0.17643
v -0.15660 0.66268 -0.19151
v -0.15441 0.85406 -0.14215
v -0.13445 0.76835 -0.21743
v -0.11611 0.84615 -0.17931
v -0.06076 0.84630 -0.23880
v -0.06637 0.89900 -0.17455
v -0.04218 0.87828 -0.22139
v -0.13214 0.41317 0.11678
v -0.07794 0.49155 0.12201
v -0.17534 0.48088 0.09516
v -0.03669 0.46255 0.13368
v -0.06645 0.43963 0.10932
v -0.18459 0.35956 0.11329
v -0.01126 0.45262 0.10789
v -0.11175 0.52689 0.06778
v -0.04133 0.53553 0.11802
v -0.11454 0.54249 0.08557
v -0.04608 0.57610 0.13801
v -0.02045 0.44602 0.12734
v -0.02281 0.35004 0.11076
v -0.00758 0.37419 0.12162
v -0.30509 0.49802 0.06847
v -0.22907 0.48695 0.08553
v -0.22606 0.50732 0.05518
v -0.22762 0.50843 -0.14657
v -0.17352 0.51747 0.05942
v -0.18343 0.47332 0.09323
v -0.18544 0.56341 -0.03900
v -0.15762 0.53264 -0.10176
v -0.18359 0.50587 -0.16992
v -0.15527 0.52973 0.00875
v -0.17281 0.48576 -0.19092
v -0.22892 0.49840 -0.17805
v -0.18584 0.57383 -0.08009
v -0.16026 0.59555 -0.15298
v -0.13680 0.64784 -0.18357
v -0.13036 0.52978 -0.14599
v -0.04340 0.50920 -0.21075
v -0.12853 0.65096 -0.21445
v -0.13573 0.41602 -0.22640
v -0.10489 0.55081 -0.19170
v -0.07429 0.63934 -0.22465
v -0.08401 0.52570 -0.18286
v -0.05683 0.65114 -0.25104
v -0.04123 0.53764 -0.21124
v 0.00493 0.66158 -0.26074
v -0.00776 0.58269 -0.23666
v -0.33410 0.22952 0.09745
v -0.34635 0.24304 0.10220
v -0.34524 0.22892 0.10399
v -0.34840 0.48243 -0.18249
v -0.32630 0.48154 -0.16504
v -0.34168 0.23044 -0.18326
v -0.34912 0.47667 0.09762
v -0.34209 0.49843 -0.16261
v -0.32707 0.48104 0.07765
v -0.34700 0.50048 0.07734
v -0.32337 0.23049 -0.16307
v -0.32620 0.48316 -0.02256
v -0.31871 0.48093 -0.18149
v -0.32295 0.24127 0.06339
v -0.30990 0.49676 -0.17128
v -0.30404 0.09961 0.07414
v -0.25824 0.22296 0.09122
v -0.23484 0.35493 0.09520
v -0.23386 0.35300 -0.20458
v -0.27476 0.16618 -0.19064
v -0.22812 0.44671 -0.20556
v -0.25077 0.24664 0.12048
v -0.23204 0.35648 0.12020
v -0.23296 0.35585 -0.22409
v -0.18398 0.35886 -0.22292
v -0.60068 0.22939 -0.18517
v -0.60292 0.19845 -0.18400
v -0.60900 0.23154 0.09031
v -0.60700 0.19764 0.09433
v -0.60485 0.48071 -0.16964
v -0.60593 0.48293 0.07941
v -0.58907 0.50049 0.07454
v -0.59269 0.23234 -0.18287
v -0.59299 0.49754 -0.16307
v -0.58573 0.47754 -0.18365
v -0.58705 0.48119 0.09692
v -0.33247 0.19483 0.09721
v -0.33488 0.19629 -0.17779
v -0.29947 0.10943 0.09703
v -0.27495 0.18453 -0.21504
v -0.21918 -0.00349 0.12742
v -0.09802 0.00045 -0.25048
v -0.60700 -0.15782 -0.16557
v -0.58827 -0.15539 0.09852
v -0.32771 -0.16136 0.07790
v -0.32128 0.19833 0.06147
v -0.32481 0.07515 0.05171
v -0.32486 0.07805 -0.15229
v -0.31693 0.08059 0.05020
v -0.31575 0.08608 -0.15625
v -0.58909 -0.15985 -0.18218
v -0.33517 0.22797 -0.18612
v -0.32393 0.19581 -0.15541
v -0.33144 -0.16417 -0.16745
v -0.32049 0.07779 -0.16791
v -0.32359 -0.02430 -0.10470
v -0.29524 0.11444 -0.18293
v -0.30013 0.10886 -0.19932
v -0.22023 -0.00421 -0.23199
v -0.30396 -0.09352 -0.17412
v 0.31460 -0.20911 0.07465
v 0.32352 -0.10401 -0.15470
v 0.32857 -0.22805 0.05276
v 0.32363 -0.12079 0.04933
v 0.32665 -0.16410 0.01467
v 0.32702 -0.16399 -0.11152
v 0.34326 -0.15957 -0.18233
v 0.34374 -0.17816 -0.15977
v 0.34020 -0.17619 0.07834
v 0.33843 -0.32981 -0.13084
v 0.58579 -0.17784 0.07892
v 0.59062 -0.17626 -0.16356
v 0.60633 -0.15649 0.08100
v 0.00042 -0.34687 0.15496
v -0.02074 -0.34534 0.06445
v 0.17194 -0.34712 0.13630
v -0.00902 -0.34435 0.05176
v 0.09180 -0.26953 0.14823
v 0.04792 -0.11049 0.15151
v -0.02584 -0.27075 0.15285
v 0.16848 -0.34717 0.10206
v 0.22319 -0.27265 0.12164
v 0.31863 -0.33959 0.07999
v 0.17547 -0.70046 0.11818
v 0.30167 -0.34382 0.06632
v -0.00287 -0.34912 -0.25914
v 0.01730 -0.34610 -0.16342
v 0.00530 -0.34529 -0.14516
v 0.11665 -0.26994 -0.24961
v -0.12760 -0.26921 -0.24849
v 0.17944 -0.34431 -0.23980
v 0.16368 -0.34715 -0.20553
v 0.22509 -0.26574 -0.22714
v 0.18066 -0.77019 -0.20515
v 0.30198 -0.34023 -0.16638
v 0.26443 -0.77699 -0.18435
v 0.31612 -0.33843 -0.17923
v 0.31633 -0.33890 -0.15035
v 0.31658 -0.77746 0.07301
v 0.33538 -0.82784 -0.14602
v -0.60902 -0.15609 0.07511
v -0.58786 -0.17622 -0.16719
v -0.58401 -0.17607 0.08352
v -0.34542 -0.15666 0.09731
v -0.34714 -0.15503 -0.18309
v -0.34033 -0.17406 0.08225
v -0.34315 -0.17698 -0.15956
v -0.32958 -0.16743 -0.04607
v -0.32508 -0.15213 0.03272
v -0.33656 -0.33626 -0.14629
v -0.32601 -0.15714 -0.13221
v -0.33581 -0.33923 0.04291
v -0.29565 -0.16774 0.08827
v -0.32272 -0.34032 -0.14022
v -0.31412 -0.33653 -0.18448
v -0.31084 -0.34306 -0.16140
v -0.26631 -0.33776 0.11571
v -0.21951 -0.26502 -0.23101
v -0.23198 -0.34620 0.08939
v -0.21825 -0.26517 0.12939
v -0.21733 -0.34530 -0.23200
v -0.16308 -0.34893 -0.20695
v -0.09336 -0.00297 0.14846
v -0.05406 -0.34730 -0.17830
v 0.17969 -0.74345 0.11130
v 0.18427 -0.77244 0.13586
v 0.24606 -0.78787 0.11811
v 0.29073 -0.80215 0.09407
v 0.33362 -0.81540 0.06075
v 0.23608 -0.80327 0.17233
v 0.12967 -0.81971 0.23620
v 0.24690 -0.82168 0.23275
v 0.20773 -0.83607 0.25828
v 0.21102 -0.88272 0.27122
v 0.28085 -0.88366 0.24866
v 0.09175 -0.94455 0.24672
v 0.25434 -0.94676 0.20849
v 0.28835 -0.94487 0.23052
v 0.25445 -0.80133 0.15896
v 0.11535 -0.80016 0.17149
v 0.16634 -0.79345 0.15869
v 0.24698 -0.94193 0.25637
v 0.27175 -0.82925 0.22149
v 0.28516 -0.82422 0.18360
v 0.27323 -0.95117 0.18458
v 0.32554 -0.94545 0.15633
v 0.32025 -0.94233 0.18356
v 0.32558 -0.88298 0.17444
v 0.32394 -0.84321 0.11250
v 0.30308 -0.95061 0.04186
v 0.31870 -0.94489 -0.14093
v 0.32582 -0.94792 0.10876
v 0.32271 -0.81884 0.04440
v 0.34042 -0.94096 0.04063
v 0.33589 -0.91544 0.14366
v 0.34340 -0.88208 0.06484
v 0.34055 -0.91620 0.11043
v 0.34355 -0.91606 0.04530
v 0.33852 -0.92068 -0.00293
v 0.08242 -0.76276 0.09016
v 0.01961 -0.81573 0.06711
v 0.06197 -0.88323 0.22321
v 0.08428 -0.84340 0.22696
v 0.03336 -0.88395 0.15685
v 0.07772 -0.82516 0.18510
v 0.11714 -0.78820 0.12200
v 0.03443 -0.81214 0.08265
v 0.06082 -0.91745 0.22216
v 0.12319 -0.83972 0.25493
v 0.10114 -0.88339 0.26220
v 0.11537 -0.81688 0.21077
v 0.12600 -0.79363 0.13397
v 0.15785 -0.94489 0.25993
v 0.08678 -0.94760 0.17835
v 0.07450 -0.94788 0.21805
v 0.18069 -0.78749 0.10970
v 0.02008 -0.88143 -0.03296
v 0.02984 -0.93962 0.04976
v 0.03302 -0.88154 0.10840
v 0.02960 -0.92200 0.10231
v 0.02881 -0.94384 0.09648
v 0.03103 -0.91992 0.14468
v 0.03569 -0.94000 0.15954
v 0.06309 -0.95147 0.04706
v 0.04890 -0.93899 0.19728
v 0.02788 -0.94034 0.00299
v 0.05780 -0.95066 -0.00427
v 0.28860 -0.93995 -0.18762
v 0.07686 -0.95068 -0.14171
v 0.18304 -0.80550 -0.22649
v 0.16832 -0.94132 -0.22120
v 0.21349 -0.88129 -0.22289
v 0.26186 -0.94134 -0.20458
v 0.09878 -0.94137 -0.20908
v 0.26987 -0.88300 -0.20646
v 0.29513 -0.82461 -0.16914
v 0.31536 -0.82619 -0.17558
v 0.33263 -0.94483 -0.09619
v 0.31822 -0.88196 -0.15620
v 0.31693 -0.91950 -0.15839
v 0.33320 -0.88086 -0.10547
v 0.33750 -0.91967 -0.09991
v 0.34232 -0.91601 -0.05368
v -0.00267 -0.34409 0.02246
v 0.01907 -0.83545 -0.14937
v 0.03571 -0.83048 -0.17524
v 0.08114 -0.79224 -0.18632
v 0.02578 -0.88379 -0.10539
v 0.01840 -0.91387 -0.06111
v 0.02806 -0.94497 -0.09000
v 0.02387 -0.94291 -0.04732
v 0.03189 -0.83323 -0.12130
v 0.03217 -0.94349 -0.11679
v 0.04329 -0.91400 -0.15593
v 0.03954 -0.94122 -0.13919
v 0.09710 -0.88342 -0.21438
v 0.06153 -0.91402 -0.18257
v 0.07465 -0.94595 -0.18714
v 0.10537 -0.81510 -0.20919
v -0.26170 -0.75831 0.09139
v -0.17839 -0.71591 0.11777
v -0.03392 -0.78440 0.07340
v -0.02293 -0.81982 0.06592
v -0.10772 -0.94142 0.25519
v -0.25907 -0.95086 0.20263
v -0.07774 -0.94275 0.23367
v -0.24271 -0.80702 0.18701
v -0.19578 -0.82467 0.25021
v -0.13900 -0.81697 0.23095
v -0.13307 -0.88227 0.26909
v -0.23251 -0.94096 0.26013
v -0.13281 -0.80275 0.17171
v -0.11283 -0.83567 0.24678
v -0.17965 -0.84271 0.26344
v -0.17969 -0.74121 0.11143
v -0.18339 -0.77150 0.13602
v -0.11561 -0.79830 0.16740
v -0.25723 -0.80031 0.16654
v -0.09491 -0.88216 0.25556
v -0.13424 -0.80227 0.15682
v -0.20442 -0.79147 0.14615
v -0.11252 -0.79043 0.12793
v -0.19392 -0.78775 0.11077
v -0.10128 -0.82464 0.21690
v -0.08638 -0.84636 0.22726
v -0.06346 -0.80663 0.08809
v -0.07418 -0.91480 0.23540
v -0.04723 -0.88126 0.18532
v -0.04141 -0.85162 0.11460
v -0.05620 -0.94478 0.19493
v -0.30493 -0.95086 0.04222
v -0.04710 -0.94292 0.14945
v -0.02777 -0.94329 -0.04782
v -0.06197 -0.94997 0.10321
v -0.03181 -0.94581 0.04159
v -0.02677 -0.94210 0.00638
v -0.03161 -0.94086 0.11294
v -0.03378 -0.82068 0.04417
v -0.02781 -0.88228 0.10806
v -0.04069 -0.91841 0.15257
v -0.02393 -0.88142 -0.06386
v -0.33638 -0.81979 0.04924
v -0.32389 -0.81304 0.07678
v -0.34328 -0.88229 0.10536
v -0.30112 -0.88305 0.22821
v -0.27892 -0.83349 0.22349
v -0.31692 -0.94485 0.19490
v -0.29448 -0.94086 0.23181
v -0.28846 -0.79827 0.10199
v -0.25155 -0.88240 0.26509
v -0.28172 -0.94678 0.17621
v -0.26044 -0.83134 0.24043
v -0.25083 -0.79263 0.12854
v -0.23895 -0.80338 0.15682
v -0.34222 -0.88140 0.03096
v -0.34696 -0.91670 -0.00484
v -0.34112 -0.92065 0.05121
v -0.33808 -0.92246 0.10676
v -0.33939 -0.94491 0.05522
v -0.34429 -0.94102 0.00712
v -0.33052 -0.92105 0.15194
v -0.33845 -0.94390 0.09625
v -0.33552 -0.94185 0.14108
v -0.29717 -0.94770 0.13906
v -0.33543 -0.83063 -0.14640
v -0.31589 -0.82566 -0.17723
v -0.18221 -0.78019 -0.20814
v -0.03084 -0.83264 -0.16854
v -0.01913 -0.83552 -0.14294
v -0.26966 -0.81577 -0.20265
v -0.11184 -0.81489 -0.21043
v -0.15059 -0.88230 -0.22610
v -0.22012 -0.94233 -0.21663
v -0.10447 -0.94491 -0.20766
v -0.28202 -0.95132 -0.14054
v -0.09367 -0.94783 -0.16424
v -0.09180 -0.88436 -0.20927
v -0.18443 -0.80514 -0.22710
v -0.07806 -0.95004 -0.14061
v -0.08546 -0.82275 -0.18700
v -0.04002 -0.94676 -0.11216
v -0.07681 -0.94485 -0.18641
v -0.04249 -0.94129 -0.13837
v -0.03956 -0.88232 -0.14015
v -0.04545 -0.91835 -0.14396
v -0.02737 -0.83420 -0.10451
v -0.02773 -0.91621 -0.09868
v -0.02129 -0.91494 -0.06076
v -0.33551 -0.94678 -0.05108
v -0.34037 -0.88315 -0.10027
v -0.33932 -0.92049 -0.05808
v -0.33786 -0.91609 -0.11307
v -0.33735 -0.94258 -0.09717
v -0.30382 -0.95125 -0.06311
v -0.31973 -0.91802 -0.16004
v -0.32266 -0.94492 -0.14108
v -0.30404 -0.88139 -0.17898
v -0.29600 -0.94687 -0.17330
v -0.26979 -0.94588 -0.19869
v -0.26183 -0.80137 -0.20278
v -0.26503 -0.88245 -0.21039
vt 0.924034 0.177699
vt 0.920028 0.149195
vt 0.934414 0.174201
vt 0.084212 0.867181
vt 0.065249 0.837545
vt 0.084212 0.842781
vt 0.388093 0.769505
vt 0.351610 0.747744
vt 0.390305 0.736963
vt 0.339266 0.739919
vt 0.362277 0.723682
vt 0.427195 0.765271
vt 0.835769 0.177334
vt 0.331893 0.706929
vt 0.071849 0.809948
vt 0.905076 0.044023
vt 0.896538 0.023908
vt 0.933490 0.039031
vt 0.661298 0.010856
vt 0.688931 0.005984
vt 0.718593 0.009692
vt 0.997481 0.116710
vt 0.989091 0.057764
vt 0.975814 0.044756
vt 0.988389 0.046720
vt 0.890185 0.036596
vt 0.971576 0.094256
vt 0.058678 0.807322
vt 0.969335 0.078633
vt 0.990998 0.146491
vt 0.976808 0.146491
vt 0.980276 0.139789
vt 0.064987 0.796364
vt 0.329616 0.635646
vt 0.971107 0.033998
vt 0.955234 0.041399
vt 0.933301 0.032895
vt 0.658715 0.010358
vt 0.596857 0.010358
vt 0.625096 0.003015
vt 0.084462 0.783637
vt 0.010022 0.027992
vt 0.010022 0.000240
vt 0.015734 0.005172
vt 0.753805 0.036912
vt 0.697904 0.036912
vt 0.731605 0.029953
vt 0.015438 0.845766
vt 0.032117 0.803007
vt 0.032885 0.844239
vt 0.057866 0.856326
vt 0.995986 0.049657
vt 0.923890 0.009469
vt 0.342249 0.652843
vt 0.056857 0.800435
vt 0.689572 0.648733
vt 0.714035 0.594440
vt 0.761702 0.663677
vt 0.678104 0.582293
vt 0.708661 0.566844
vt 0.694448 0.530991
vt 0.744721 0.509181
vt 0.730366 0.570522
vt 0.784717 0.637781
vt 0.761894 0.527904
vt 0.763123 0.577070
vt 0.811248 0.612267
vt 0.255455 0.017266
vt 0.216446 0.013717
vt 0.211557 0.006735
vt 0.767031 0.171663
vt 0.699528 0.152237
vt 0.712836 0.140373
vt 0.697493 0.166073
vt 0.789981 0.548419
vt 0.277299 0.003041
vt 0.061188 0.355597
vt 0.074656 0.342446
vt 0.671800 0.170477
vt 0.831705 0.006062
vt 0.881025 0.006062
vt 0.864309 0.012263
vt 0.047682 0.334800
vt 0.053372 0.285809
vt 0.016605 0.476102
vt 0.021104 0.499246
vt 0.000689 0.474319
vt 0.008790 0.465093
vt 0.940775 0.154899
vt 0.971802 0.157632
vt 0.958294 0.172124
vt 0.011767 0.431088
vt 0.003337 0.431826
vt 0.013316 0.397793
vt 0.001543 0.409378
vt 0.725213 0.038173
vt 0.722840 0.044046
vt 0.713399 0.041516
vt 0.004635 0.341849
vt 0.014362 0.340890
vt 0.022688 0.355311
vt 0.997995 0.243437
vt 0.987695 0.275137
vt 0.980708 0.243693
vt 0.955540 0.186667
vt 0.970659 0.180105
vt 0.968503 0.150433
vt 0.991114 0.241515
vt 0.754159 0.041826
vt 0.044496 0.332072
vt 0.991612 0.161838
vt 0.977686 0.148356
vt 0.997808 0.147291
vt 0.085854 0.356815
vt 0.069589 0.353947
vt 0.102814 0.330607
vt 0.058267 0.355397
vt 0.101775 0.349485
vt 0.089216 0.324272
vt 0.333262 0.144536
vt 0.269588 0.160932
vt 0.117858 0.347900
vt 0.240613 0.188011
vt 0.247640 0.165263
vt 0.238376 0.140849
vt 0.148341 0.358040
vt 0.237813 0.174968
vt 0.100044 0.314162
vt 0.105252 0.319411
vt 0.016725 0.353613
vt 0.003484 0.380319
vt 0.005517 0.351231
vt 0.118558 0.295519
vt 0.112215 0.292778
vt 0.040101 0.367806
vt 0.268681 0.176044
vt 0.253300 0.194466
vt 0.835110 0.238114
vt 0.878595 0.221203
vt 0.852413 0.259944
vt 0.144702 0.007023
vt 0.202939 0.007758
vt 0.166812 0.029133
vt 0.967155 0.093343
vt 0.979460 0.115542
vt 0.933378 0.089277
vt 0.889993 0.282601
vt 0.836921 0.291086
vt 0.057839 0.668227
vt 0.057839 0.726468
vt 0.014970 0.662833
vt 0.031119 0.726280
vt 0.985689 0.108649
vt 0.824924 0.268338
vt 0.386870 0.534783
vt 0.416577 0.534183
vt 0.141291 0.020479
vt 0.803622 0.243158
vt 0.997776 0.131046
vt 0.805571 0.305006
vt 0.996634 0.138063
vt 0.917824 0.042978
vt 0.944139 0.038338
vt 0.956866 0.043881
vt 0.764800 0.221055
vt 0.764173 0.239443
vt 0.793446 0.271552
vt 0.334327 0.504472
vt 0.799545 0.343581
vt 0.737157 0.255697
vt 0.745408 0.230923
vt 0.721201 0.239077
vt 0.421747 0.559444
vt 0.474061 0.529920
vt 0.038985 0.081624
vt 0.012535 0.077892
vt 0.030541 0.067572
vt 0.496307 0.503867
vt 0.440745 0.587763
vt 0.516590 0.556481
vt 0.054053 0.050125
vt 0.064236 0.054660
vt 0.392654 0.549485
vt 0.410993 0.551208
vt 0.107869 0.275401
vt 0.100713 0.277319
vt 0.107353 0.217976
vt 0.099695 0.220063
vt 0.054944 0.793803
vt 0.001699 0.795249
vt 0.001699 0.741137
vt 0.057553 0.739275
vt 0.185100 0.220570
vt 0.632853 0.085556
vt 0.561303 0.085556
vt 0.758905 0.012979
vt 0.812170 0.012979
vt 0.811793 0.019215
vt 0.057736 0.731745
vt 0.218345 0.035289
vt 0.218345 0.041575
vt 0.164517 0.037284
vt 0.546182 0.066661
vt 0.467907 0.072670
vt 0.468282 0.066661
vt 0.403759 0.023490
vt 0.403422 0.019633
vt 0.458070 0.018881
vt 0.458338 0.024705
vt 0.462474 0.021332
vt 0.003528 0.037566
vt 0.003528 0.031280
vt 0.008854 0.034545
vt 0.395872 0.022081
vt 0.460752 0.066507
vt 0.324395 0.044895
vt 0.269463 0.044895
vt 0.270144 0.038810
vt 0.165765 0.042472
vt 0.865018 0.784554
vt 0.922394 0.839394
vt 0.869806 0.839277
vt 0.870453 0.776831
vt 0.924127 0.699982
vt 0.926958 0.776983
vt 0.925761 0.784905
vt 0.597612 0.044707
vt 0.042427 0.031078
vt 0.010538 0.031078
vt 0.052364 0.009536
vt 0.015913 0.009938
vt 0.985285 0.978094
vt 0.968508 0.972643
vt 0.985429 0.972377
vt 0.298390 0.213904
vt 0.331934 0.216015
vt 0.329579 0.232773
vt 0.976090 0.997774
vt 0.944168 0.997774
vt 0.974367 0.992320
vt 0.296730 0.183785
vt 0.402131 0.206283
vt 0.057465 0.625937
vt 0.061757 0.551293
vt 0.066899 0.625111
vt 0.136067 0.463159
vt 0.136067 0.552303
vt 0.129411 0.553186
vt 0.009384 0.043082
vt 0.002998 0.041007
vt 0.008236 0.036165
vt 0.065410 0.630379
vt 0.334360 0.184556
vt 0.068835 0.550404
vt 0.129671 0.449410
vt 0.129671 0.539198
vt 0.127387 0.538524
vt 0.121000 0.482565
vt 0.113013 0.440396
vt 0.120231 0.430087
vt 0.297070 0.178321
vt 0.067618 0.718342
vt 0.065247 0.794894
vt 0.059154 0.719835
vt 0.060062 0.717632
vt 0.116036 0.520383
vt 0.057196 0.794542
vt 0.124728 0.520189
vt 0.126402 0.918341
vt 0.136220 0.924009
vt 0.056476 0.917077
vt 0.065606 0.711793
vt 0.144412 0.046073
vt 0.221169 0.052788
vt 0.142872 0.053977
vt 0.992440 0.899716
vt 0.984776 0.902206
vt 0.986132 0.893732
vt 0.059009 0.839735
vt 0.138175 0.841163
vt 0.141992 0.123981
vt 0.065407 0.046919
vt 0.141992 0.046257
vt 0.158018 0.046137
vt 0.235742 0.046137
vt 0.234783 0.052922
vt 0.220767 0.061366
vt 0.143422 0.063808
vt 0.142674 0.055259
vt 0.064051 0.125115
vt 0.220873 0.054073
vt 0.138390 0.205788
vt 0.161982 0.137269
vt 0.172406 0.192269
vt 0.145622 0.724427
vt 0.173002 0.683615
vt 0.162481 0.702784
vt 0.138370 0.712120
vt 0.162558 0.206450
vt 0.201952 0.187259
vt 0.812828 0.013070
vt 0.860773 0.013070
vt 0.823648 0.019124
vt 0.184130 0.666064
vt 0.180117 0.134313
vt 0.172021 0.715505
vt 0.180534 0.683792
vt 0.178914 0.715007
vt 0.212268 0.135560
vt 0.214738 0.191680
vt 0.864628 0.987361
vt 0.833400 0.992441
vt 0.803008 0.987082
vt 0.233081 0.161109
vt 0.806262 0.990935
vt 0.066471 0.783355
vt 0.076118 0.722495
vt 0.084286 0.700053
vt 0.779238 0.984776
vt 0.771331 0.987045
vt 0.085089 0.782560
vt 0.060610 0.698726
vt 0.066481 0.631611
vt 0.068167 0.714105
vt 0.154722 0.781464
vt 0.149703 0.781805
vt 0.147224 0.753469
vt 0.159364 0.789299
vt 0.150593 0.848809
vt 0.138310 0.263542
vt 0.140413 0.266019
vt 0.144424 0.323383
vt 0.095934 0.976109
vt 0.090978 0.982931
vt 0.089306 0.973979
vt 0.138763 0.255122
vt 0.198491 0.246206
vt 0.164388 0.636316
vt 0.138897 0.630910
vt 0.189905 0.627727
vt 0.209822 0.661647
vt 0.205276 0.668708
vt 0.661116 0.038249
vt 0.661116 0.042979
vt 0.614763 0.041169
vt 0.418639 0.068641
vt 0.418639 0.129642
vt 0.358446 0.067245
vt 0.441335 0.125976
vt 0.443175 0.066475
vt 0.591163 0.002291
vt 0.544718 0.002291
vt 0.531670 0.000185
vt 0.017278 0.931060
vt 0.004210 0.895157
vt 0.018574 0.884690
vt 0.355736 0.118820
vt 0.379503 0.140571
vt 0.048762 0.617993
vt 0.054952 0.594893
vt 0.049028 0.647655
vt 0.005399 0.288963
vt 0.026738 0.294681
vt 0.002230 0.316279
vt 0.043807 0.658324
vt 0.055747 0.667118
vt 0.987365 0.741303
vt 0.992130 0.725717
vt 0.999757 0.753233
vt 0.357866 0.142044
vt 0.072799 0.963371
vt 0.072799 0.979670
vt 0.067369 0.973448
vt 0.426186 0.042822
vt 0.413721 0.032362
vt 0.465421 0.045399
vt 0.396887 0.044219
vt 0.991747 0.904509
vt 0.997484 0.918183
vt 0.981218 0.923468
vt 0.019380 0.285913
vt 0.001493 0.279561
vt 0.999772 0.826789
vt 0.999772 0.859195
vt 0.971996 0.852579
vt 0.988951 0.944922
vt 0.997481 0.942745
vt 0.002024 0.177212
vt 0.016434 0.151664
vt 0.023168 0.180184
vt 0.058897 0.167528
vt 0.272555 0.997502
vt 0.275178 0.985163
vt 0.299510 0.988513
vt 0.652184 0.029055
vt 0.606855 0.029055
vt 0.630463 0.026913
vt 0.086336 0.852313
vt 0.091265 0.795972
vt 0.094942 0.880105
vt 0.911314 0.995261
vt 0.911314 0.988145
vt 0.995463 0.986793
vt 0.559275 0.066617
vt 0.560489 0.073499
vt 0.476163 0.073552
vt 0.903497 0.989991
vt 0.191771 0.120559
vt 0.260098 0.070917
vt 0.293122 0.121753
vt 0.940571 0.997357
vt 0.331312 0.275069
vt 0.290707 0.270469
vt 0.308884 0.249269
vt 0.281979 0.299107
vt 0.330251 0.241897
vt 0.989923 0.358105
vt 0.997334 0.374000
vt 0.988797 0.391275
vt 0.690019 0.571597
vt 0.677711 0.580390
vt 0.672225 0.551502
vt 0.580079 0.456216
vt 0.650527 0.490231
vt 0.619003 0.481792
vt 0.656653 0.486129
vt 0.635819 0.464494
vt 0.285855 0.320811
vt 0.688835 0.538799
vt 0.997892 0.330060
vt 0.997892 0.353447
vt 0.979820 0.346758
vt 0.657700 0.500629
vt 0.671631 0.516770
vt 0.368505 0.290819
vt 0.351918 0.309063
vt 0.668433 0.539355
vt 0.354695 0.275499
vt 0.326415 0.340965
vt 0.691471 0.522895
vt 0.726508 0.485078
vt 0.136715 0.256719
vt 0.143409 0.336789
vt 0.107706 0.331771
vt 0.139172 0.348036
vt 0.703418 0.448833
vt 0.376763 0.316286
vt 0.337259 0.386632
vt 0.670200 0.457916
vt 0.993198 0.544425
vt 0.966361 0.565449
vt 0.974252 0.540051
vt 0.992715 0.554991
vt 0.025366 0.088812
vt 0.052362 0.112278
vt 0.001625 0.088974
vt 0.136290 0.965228
vt 0.137433 0.915920
vt 0.159930 0.979440
vt 0.993520 0.526180
vt 0.029107 0.726425
vt 0.000115 0.686521
vt 0.017767 0.678726
vt 0.021865 0.104887
vt 0.095851 0.921416
vt 0.095851 0.949312
vt 0.092361 0.939327
vt 0.097080 0.976260
vt 0.119700 0.992584
vt 0.096743 0.995553
vt 0.009543 0.330410
vt 0.035099 0.333527
vt 0.021531 0.337332
vt 0.005515 0.337742
vt 0.115764 0.999965
vt 0.177461 0.975500
vt 0.168734 0.989741
vt 0.173736 0.464321
vt 0.148759 0.474923
vt 0.161448 0.449146
vt 0.136814 0.447199
vt 0.153559 0.400757
vt 0.000056 0.713437
vt 0.003224 0.693436
vt 0.151588 0.499193
vt 0.877632 0.215613
vt 0.902287 0.275765
vt 0.181194 0.997899
vt 0.889703 0.178420
vt 0.811398 0.197663
vt 0.028671 0.728555
vt 0.920000 0.203909
vt 0.934021 0.178669
vt 0.048829 0.173374
vt 0.050681 0.196118
vt 0.022070 0.182264
vt 0.019724 0.204210
vt 0.039649 0.225493
vt 0.104545 0.977262
vt 0.132701 0.986410
vt 0.122441 0.993021
vt 0.013114 0.224264
vt 0.061679 0.224192
vt 0.060849 0.125268
vt 0.022360 0.125268
vt 0.051103 0.117921
vt 0.001224 0.191955
vt 0.471248 0.761349
vt 0.052227 0.237226
vt 0.072714 0.960901
vt 0.066464 0.971726
vt 0.067892 0.942093
vt 0.464491 0.784420
vt 0.076500 0.356282
vt 0.091078 0.366353
vt 0.075233 0.363465
vt 0.456503 0.710779
vt 0.525208 0.788056
vt 0.558454 0.800825
vt 0.524543 0.805808
vt 0.481135 0.797587
vt 0.050576 0.365019
vt 0.443870 0.763002
vt 0.483598 0.810766
vt 0.275124 0.945492
vt 0.279297 0.930718
vt 0.287398 0.954625
vt 0.414170 0.782981
vt 0.331250 0.996819
vt 0.331881 0.974441
vt 0.368819 0.996969
vt 0.282014 0.982224
vt 0.389480 0.775168
vt 0.177168 0.370645
vt 0.190244 0.386792
vt 0.260205 0.988853
vt 0.164439 0.430788
vt 0.214967 0.432710
vt 0.166140 0.451446
vt 0.384193 0.803305
vt 0.341497 0.809735
vt 0.258917 0.425243
vt 0.223722 0.462964
vt 0.508044 0.736488
vt 0.499076 0.769345
vt 0.262595 0.974090
vt 0.163074 0.381277
vt 0.414079 0.797904
vt 0.182609 0.472842
vt 0.012037 0.653542
vt 0.019759 0.617213
vt 0.044003 0.648443
vt 0.000078 0.612927
vt 0.011818 0.103594
vt 0.052867 0.113966
vt 0.025167 0.114796
vt 0.238264 0.057654
vt 0.293615 0.062497
vt 0.217033 0.063693
vt 0.129777 0.192947
vt 0.120846 0.160313
vt 0.136984 0.187110
vt 0.938551 0.712407
vt 0.982942 0.699462
vt 0.958617 0.714162
vt 0.135956 0.151108
vt 0.099705 0.165304
vt 0.931867 0.699409
vt 0.003101 0.115326
vt 0.927929 0.017241
vt 0.924933 0.009010
vt 0.965112 0.009829
vt 0.128799 0.125592
vt 0.184594 0.122556
vt 0.038091 0.332719
vt 0.010038 0.327772
vt 0.047912 0.326023
vt 0.027853 0.859675
vt 0.015874 0.851287
vt 0.004649 0.869041
vt 0.018367 0.876480
vt 0.009673 0.876216
vt 0.011963 0.865058
vt 0.106403 0.131174
vt 0.016903 0.607643
vt 0.034166 0.570624
vt 0.035598 0.621679
vt 0.056883 0.863633
vt 0.018630 0.865967
vt 0.028053 0.626008
vt 0.044360 0.851138
vt 0.016392 0.604016
vt 0.016248 0.573867
vt 0.030089 0.576307
vt 0.671568 0.135727
vt 0.745876 0.114420
vt 0.675292 0.166412
vt 0.664228 0.116513
vt 0.036065 0.556626
vt 0.014455 0.555468
vt 0.832283 0.335132
vt 0.803846 0.343154
vt 0.807186 0.323762
vt 0.808793 0.372983
vt 0.320413 0.622440
vt 0.382628 0.618688
vt 0.407596 0.634902
vt 0.299987 0.629585
vt 0.301030 0.625408
vt 0.869412 0.014122
vt 0.884016 0.005690
vt 0.842844 0.359090
vt 0.340388 0.615442
vt 0.858663 0.316240
vt 0.089247 0.952785
vt 0.089247 0.920915
vt 0.093517 0.921468
vt 0.292255 0.587485
vt 0.838867 0.393790
vt 0.318018 0.598404
vt 0.808973 0.418571
vt 0.744111 0.406447
vt 0.848809 0.388231
vt 0.837684 0.429779
vt 0.836107 0.476231
vt 0.916620 0.012308
vt 0.711233 0.760235
vt 0.699606 0.743657
vt 0.712014 0.660958
vt 0.692916 0.772587
vt 0.697866 0.753758
vt 0.229628 0.488502
vt 0.159420 0.488972
vt 0.208094 0.474517
vt 0.165912 0.504364
vt 0.466712 0.044492
vt 0.426679 0.033765
vt 0.496055 0.034583
vt 0.210893 0.514378
vt 0.178026 0.533570
vt 0.148151 0.516389
vt 0.199883 0.546894
vt 0.746349 0.780388
vt 0.733780 0.784121
vt 0.630285 0.012880
vt 0.601112 0.023277
vt 0.595990 0.014406
vt 0.147640 0.536887
vt 0.710875 0.824926
vt 0.000043 0.500861
vt 0.001017 0.547183
vt 0.662269 0.804725
vt 0.155064 0.557834
vt 0.566347 0.013353
vt 0.141843 0.559550
vt 0.726565 0.803931
vt 0.198031 0.576498
vt 0.014321 0.505500
vt 0.870903 0.697672
vt 0.884875 0.693928
vt 0.905719 0.698840
vt 0.752740 0.070330
vt 0.783297 0.059789
vt 0.793288 0.099859
vt 0.792447 0.179206
vt 0.842503 0.125676
vt 0.842851 0.170319
vt 0.811951 0.124869
vt 0.177714 0.109237
vt 0.162826 0.122614
vt 0.152566 0.114883
vt 0.788084 0.127972
vt 0.152274 0.077183
vt 0.252444 0.034836
vt 0.273858 0.034836
vt 0.245179 0.045402
vt 0.028362 0.356138
vt 0.067230 0.356283
vt 0.187718 0.088092
vt 0.200427 0.112770
vt 0.218960 0.037008
vt 0.187176 0.066589
vt 0.635568 0.038539
vt 0.658185 0.030307
vt 0.694793 0.035665
vt 0.748309 0.177655
vt 0.644460 0.177655
vt 0.684953 0.169547
vt 0.693334 0.003990
vt 0.660648 0.009754
vt 0.634056 0.002629
vt 0.742621 0.048729
vt 0.751503 0.122428
vt 0.229598 0.087917
vt 0.045447 0.366002
vt 0.121050 0.708820
vt 0.125831 0.704180
vt 0.125603 0.709218
vt 0.106872 0.622144
vt 0.116791 0.623012
vt 0.103615 0.711185
vt 0.128552 0.621623
vt 0.009044 0.675918
vt 0.014896 0.667863
vt 0.017207 0.676862
vt 0.476505 0.983775
vt 0.486348 0.983775
vt 0.480931 0.993441
vt 0.113238 0.711684
vt 0.527657 0.095560
vt 0.563140 0.086652
vt 0.612490 0.095354
vt 0.613502 0.087199
vt 0.118105 0.619657
vt 0.129289 0.707572
vt 0.129289 0.618828
vt 0.135693 0.619030
vt 0.527725 0.085718
vt 0.103074 0.801168
vt 0.103074 0.711957
vt 0.115351 0.717150
vt 0.995800 0.454832
vt 0.987144 0.487136
vt 0.995420 0.404468
vt 0.987480 0.402374
vt 0.997007 0.490238
vt 0.993612 0.398321
vt 0.836480 0.845798
vt 0.701410 0.845798
vt 0.786135 0.840185
vt 0.358206 0.254235
vt 0.452451 0.246886
vt 0.411346 0.270482
vt 0.487757 0.216017
vt 0.766245 0.915537
vt 0.712838 0.873811
vt 0.010581 0.662094
vt 0.037447 0.654895
vt 0.045388 0.661517
vt 0.973292 0.151012
vt 0.894025 0.120992
vt 0.974896 0.120409
vt 0.367796 0.287700
vt 0.795404 0.931390
vt 0.814892 0.938364
vt 0.825547 0.911683
vt 0.969668 0.026235
vt 0.930282 0.026235
vt 0.930967 0.017351
vt 0.019992 0.037873
vt 0.052816 0.037873
vt 0.052442 0.044841
vt 0.760296 0.934977
vt 0.765278 0.918359
vt 0.020127 0.132246
vt 0.020127 0.141157
vt 0.003152 0.140669
vt 0.802229 0.954904
vt 0.377856 0.301470
vt 0.416635 0.288679
vt 0.771872 0.958780
vt 0.404862 0.312463
vt 0.036386 0.629869
vt 0.036386 0.572581
vt 0.039394 0.555866
vt 0.854851 0.012227
vt 0.804387 0.012227
vt 0.828918 0.006594
vt 0.820362 0.906473
vt 0.985619 0.125061
vt 0.972129 0.672397
vt 0.972129 0.687075
vt 0.841897 0.676576
vt 0.840650 0.692696
vt 0.960000 0.553960
vt 0.842310 0.557611
vt 0.607656 0.982839
vt 0.605534 0.994378
vt 0.489917 0.984262
vt 0.973010 0.688392
vt 0.974435 0.692309
vt 0.855383 0.693243
vt 0.279454 0.827437
vt 0.293091 0.824308
vt 0.287280 0.834004
vt 0.493179 0.993944
vt 0.951588 0.835424
vt 0.948020 0.823754
vt 0.961149 0.828624
vt 0.607545 0.969877
vt 0.607545 0.982080
vt 0.489038 0.971642
vt 0.479241 0.971919
vt 0.594770 0.982027
vt 0.477047 0.983009
vt 0.853381 0.964176
vt 0.837251 0.963049
vt 0.837251 0.833249
vt 0.293602 0.712084
vt 0.971565 0.955267
vt 0.970836 0.842770
vt 0.721912 0.996881
vt 0.609600 0.879277
vt 0.721912 0.882429
vt 0.989095 0.693047
vt 0.853676 0.839310
vt 0.608450 0.997890
vt 0.988587 0.566292
vt 0.608124 0.855230
vt 0.608124 0.967455
vt 0.860390 0.839959
vt 0.488953 0.968177
vt 0.992544 0.718563
vt 0.978078 0.715344
vt 0.281606 0.708839
vt 0.492293 0.849554
vt 0.075926 0.617287
vt 0.084862 0.625477
vt 0.081534 0.663518
vt 0.809701 0.032709
vt 0.755053 0.037490
vt 0.753945 0.031356
vt 0.085540 0.583139
vt 0.298997 0.626890
vt 0.221062 0.601380
vt 0.289890 0.592902
vt 0.267411 0.943584
vt 0.255227 0.998009
vt 0.182576 0.998009
vt 0.037481 0.373060
vt 0.039837 0.388379
vt 0.034825 0.445662
vt 0.221252 0.713190
vt 0.296313 0.706489
vt 0.177038 0.965814
vt 0.209036 0.886853
vt 0.381321 0.158302
vt 0.365214 0.175615
vt 0.325637 0.152765
vt 0.040955 0.444327
vt 0.209002 0.005539
vt 0.227705 0.032250
vt 0.165559 0.032599
vt 0.172411 0.886092
vt 0.085084 0.696405
vt 0.075391 0.693906
vt 0.075391 0.627738
vt 0.018117 0.204800
vt 0.013125 0.220163
vt 0.008629 0.206531
vt 0.075798 0.710054
vt 0.278907 0.172369
vt 0.294444 0.709292
vt 0.374204 0.767242
vt 0.294449 0.865250
vt 0.354587 0.475131
vt 0.280985 0.576435
vt 0.272456 0.423070
vt 0.912374 0.698674
vt 0.912374 0.694094
vt 0.924674 0.698647
vt 0.371854 0.240432
vt 0.244486 0.233739
vt 0.247061 0.220667
vt 0.229433 0.231377
vt 0.234852 0.219168
vt 0.287578 0.241475
vt 0.279444 0.313274
vt 0.744165 0.023208
vt 0.750701 0.013444
vt 0.785931 0.019656
vt 0.526924 0.091620
vt 0.455375 0.106828
vt 0.443854 0.066525
vt 0.112882 0.528199
vt 0.106506 0.455331
vt 0.116305 0.528504
vt 0.801154 0.019016
vt 0.105851 0.537612
vt 0.103111 0.546155
vt 0.987477 0.784193
vt 0.987477 0.834430
vt 0.965470 0.833284
vt 0.159593 0.042913
vt 0.117415 0.035476
vt 0.164408 0.035343
vt 0.124744 0.417452
vt 0.099625 0.460959
vt 0.099672 0.371632
vt 0.177340 0.306276
vt 0.275360 0.306276
vt 0.211840 0.355437
vt 0.268588 0.037722
vt 0.324713 0.034325
vt 0.326372 0.034623
vt 0.922172 0.694528
vt 0.922084 0.696212
vt 0.916361 0.694081
vt 0.099436 0.969931
vt 0.105432 0.976275
vt 0.098125 0.975610
vt 0.107319 0.971021
vt 0.132491 0.978942
vt 0.182707 0.999820
vt 0.122586 0.924895
vt 0.738649 0.011302
vt 0.693643 0.003367
vt 0.740019 0.008789
vt 0.096955 0.251264
vt 0.099959 0.275729
vt 0.048630 0.256301
vt 0.894876 0.996581
vt 0.893633 0.993165
vt 0.920130 0.997839
vt 0.478209 0.130169
vt 0.451614 0.135457
vt 0.470522 0.128109
vt 0.533810 0.138743
vt 0.747665 0.002566
vt 0.445883 0.127437
vt 0.883873 0.988318
vt 0.883085 0.992272
vt 0.021040 0.277906
vt 0.041093 0.253143
vt 0.030296 0.283659
vt 0.462647 0.141508
vt 0.870529 0.993101
vt 0.865665 0.988293
vt 0.066351 0.269940
vt 0.827765 0.997117
vt 0.002991 0.275512
vt 0.033511 0.226495
vt 0.326756 0.041951
vt 0.494851 0.025455
vt 0.557058 0.025455
vt 0.502287 0.056160
vt 0.005068 0.050559
vt 0.051395 0.050559
vt 0.007652 0.077227
vt 0.993862 0.971270
vt 0.981745 0.941459
vt 0.981230 0.926699
vt 0.564681 0.029838
vt 0.537877 0.041878
vt 0.968000 0.967085
vt 0.971485 0.963674
vt 0.508839 0.065849
vt 0.002874 0.073487
vt 0.002874 0.087979
vt 0.001089 0.083441
vt 0.278785 0.003724
vt 0.325465 0.020714
vt 0.260672 0.015865
vt 0.315273 0.013022
vt 0.220030 0.016851
vt 0.269448 0.020863
vt 0.552464 0.046132
vt 0.326748 0.003060
vt 0.284180 0.019826
vt 0.565575 0.078061
vt 0.049499 0.440443
vt 0.045902 0.445580
vt 0.041947 0.438631
vt 0.047657 0.425308
vt 0.456924 0.158123
vt 0.553665 0.163260
vt 0.456924 0.164314
vt 0.046975 0.390799
vt 0.041635 0.373492
vt 0.048208 0.373142
vt 0.021804 0.148405
vt 0.066662 0.129951
vt 0.450792 0.161921
vt 0.460743 0.149196
vt 0.558078 0.149196
vt 0.225459 0.351759
vt 0.336205 0.387743
vt 0.244635 0.415948
vt 0.395071 0.000088
vt 0.395071 0.065229
vt 0.327899 0.000933
vt 0.209961 0.763184
vt 0.179883 0.855755
vt 0.146651 0.742561
vt 0.327564 0.067272
vt 0.027001 0.864448
vt 0.027029 0.931986
vt 0.019033 0.931986
vt 0.530712 0.000569
vt 0.530865 0.007780
vt 0.463687 0.007780
vt 0.019637 0.865404
vt 0.463722 0.000145
vt 0.975380 0.991723
vt 0.983015 0.991723
vt 0.978345 0.998371
vt 0.459964 0.150122
vt 0.556576 0.157456
vt 0.460605 0.157446
vt 0.453825 0.154300
vt 0.573974 0.140744
vt 0.671093 0.140744
vt 0.573582 0.148013
vt 0.463065 0.016997
vt 0.396082 0.010562
vt 0.462414 0.009552
vt 0.395776 0.018680
vt 0.204864 0.348633
vt 0.150408 0.388197
vt 0.145805 0.271535
vt 0.248300 0.033173
vt 0.021006 0.133179
vt 0.557229 0.155410
vt 0.097309 0.128282
vt 0.102289 0.146867
vt 0.061951 0.133281
vt 0.099946 0.149578
vt 0.849471 0.074009
vt 0.816481 0.065169
vt 0.849531 0.049642
vt 0.794353 0.073682
vt 0.794057 0.059127
vt 0.865341 0.054929
vt 0.865676 0.090638
vt 0.062891 0.140342
vt 0.850293 0.101750
vt 0.794750 0.102831
vt 0.031936 0.145898
vt 0.865401 0.120812
vt 0.888025 0.051183
vt 0.892400 0.130095
vt 0.035586 0.148683
vt 0.864284 0.123216
vt 0.837241 0.123085
vt 0.091799 0.940685
vt 0.095942 0.964177
vt 0.090289 0.967686
vt 0.660390 0.068919
vt 0.644983 0.076834
vt 0.641303 0.075638
vt 0.708899 0.094092
vt 0.667712 0.084757
vt 0.695703 0.043820
vt 0.720253 0.105871
vt 0.705114 0.114675
vt 0.665581 0.100957
vt 0.658974 0.099874
vt 0.739319 0.095029
vt 0.086550 0.995809
vt 0.061593 0.919000
vt 0.088481 0.920911
vt 0.739424 0.049701
vt 0.066927 0.170890
vt 0.081895 0.150287
vt 0.137630 0.204344
vt 0.754774 0.076719
vt 0.658869 0.125340
vt 0.740388 0.106654
vt 0.661739 0.127153
vt 0.030959 0.228050
vt 0.005001 0.263778
vt 0.004703 0.231462
vt 0.656825 0.128562
vt 0.221546 0.057406
vt 0.222228 0.053540
vt 0.299008 0.055018
vt 0.998356 0.983472
vt 0.966974 0.983472
vt 0.967479 0.973933
vt 0.442852 0.111368
vt 0.442852 0.107552
vt 0.529411 0.110045
vt 0.654670 0.133579
vt 0.355082 0.080906
vt 0.355082 0.121669
vt 0.268494 0.081964
vt 0.617728 0.140096
vt 0.996204 0.001113
vt 0.997837 0.032274
vt 0.981859 0.044950
vt 0.967988 0.010096
vt 0.342029 0.866297
vt 0.323117 0.928156
vt 0.230532 0.905962
vt 0.138697 0.916103
vt 0.138697 0.820895
vt 0.147088 0.821457
vt 0.463089 0.007247
vt 0.397788 0.001123
vt 0.462466 0.000126
vt 0.095960 0.965836
vt 0.095960 0.974729
vt 0.089775 0.971534
vt 0.138363 0.814280
vt 0.138363 0.718397
vt 0.144946 0.814540
vt 0.395752 0.009780
vt 0.004114 0.049884
vt 0.004114 0.042736
vt 0.009259 0.046850
vt 0.531112 0.010666
vt 0.532173 0.003786
vt 0.596369 0.009402
vt 0.569926 0.038012
vt 0.634736 0.032043
vt 0.634965 0.038012
vt 0.000074 0.931801
vt 0.065566 0.999848
vt 0.000074 0.999185
vt 0.597665 0.003202
vt 0.065800 0.934853
vt 0.568995 0.029349
vt 0.221928 0.349405
vt 0.274054 0.310125
vt 0.333298 0.383783
vt 0.278689 0.713859
vt 0.278689 0.831461
vt 0.226512 0.752686
vt 0.565630 0.033212
vt 0.139786 0.723820
vt 0.145839 0.726023
vt 0.146494 0.820509
vt 0.528670 0.009155
vt 0.498217 0.013941
vt 0.463698 0.010921
vt 0.477016 0.018086
vt 0.530854 0.013790
vt 0.064223 0.056603
vt 0.062410 0.125665
vt 0.050557 0.107604
vt 0.573035 0.144237
vt 0.569243 0.147418
vt 0.568035 0.140348
vt 0.473523 0.141978
vt 0.521428 0.016349
vt 0.032359 0.092998
vt 0.464825 0.015741
vt 0.532776 0.011639
vt 0.593140 0.022283
vt 0.324301 0.024027
vt 0.261581 0.033534
vt 0.288191 0.018968
vt 0.601296 0.024868
vt 0.635559 0.012397
vt 0.665173 0.025246
vt 0.210933 0.780691
vt 0.208365 0.829504
vt 0.667313 0.025141
vt 0.712711 0.016134
vt 0.172508 0.885480
vt 0.212832 0.879119
vt 0.529197 0.023527
vt 0.326829 0.033462
vt 0.191127 0.827081
vt 0.648854 0.014483
vt 0.834164 0.691106
vt 0.874135 0.736301
vt 0.869394 0.737859
vt 0.060253 0.464044
vt 0.025080 0.512456
vt 0.009088 0.432071
vt 0.584307 0.774917
vt 0.585975 0.852518
vt 0.569195 0.795192
vt 0.876970 0.750137
vt 0.870778 0.745526
vt 0.322366 0.933980
vt 0.369080 0.964316
vt 0.615889 0.745478
vt 0.618794 0.828584
vt 0.545612 0.306405
vt 0.545220 0.270066
vt 0.557635 0.276647
vt 0.427704 0.956832
vt 0.349662 0.927320
vt 0.864796 0.782408
vt 0.620427 0.854139
vt 0.846745 0.788613
vt 0.442054 0.918657
vt 0.648651 0.828937
vt 0.534384 0.193843
vt 0.510715 0.211683
vt 0.369495 0.868757
vt 0.815587 0.806534
vt 0.821916 0.836383
vt 0.655226 0.742691
vt 0.349676 0.852425
vt 0.692210 0.743193
vt 0.425583 0.864491
vt 0.689355 0.853155
vt 0.286166 0.060738
vt 0.250717 0.057637
vt 0.326797 0.058836
vt 0.454634 0.885371
vt 0.794650 0.812181
vt 0.726496 0.826334
vt 0.571851 0.852518
vt 0.311092 0.964029
vt 0.014268 0.563258
vt 0.015742 0.607619
vt 0.004163 0.606606
vt 0.834199 0.909722
vt 0.824399 0.859966
vt 0.836522 0.865397
vt 0.003575 0.586535
vt 0.708798 0.869182
vt 0.003984 0.570536
vt 0.810729 0.614380
vt 0.810729 0.759072
vt 0.804923 0.626200
vt 0.870575 0.125941
vt 0.937866 0.142281
vt 0.876023 0.161330
vt 0.488836 0.464808
vt 0.472559 0.483737
vt 0.432034 0.475417
vt 0.772571 0.365882
vt 0.679587 0.351616
vt 0.666484 0.332902
vt 0.574658 0.525584
vt 0.476174 0.496942
vt 0.604655 0.588750
vt 0.596898 0.535008
vt 0.449625 0.520304
vt 0.859302 0.160574
vt 0.843709 0.141614
vt 0.467481 0.449458
vt 0.479434 0.448923
vt 0.693570 0.328026
vt 0.664581 0.360303
vt 0.423700 0.523986
vt 0.640715 0.496936
vt 0.631095 0.363468
vt 0.639581 0.350235
vt 0.402722 0.448933
vt 0.377356 0.479783
vt 0.389384 0.522993
vt 0.330381 0.457956
vt 0.560940 0.515933
vt 0.581714 0.503101
vt 0.379226 0.446296
vt 0.781394 0.521291
vt 0.766366 0.456198
vt 0.810298 0.600265
vt 0.759021 0.497858
vt 0.749880 0.478039
vt 0.105276 0.545559
vt 0.124464 0.521612
vt 0.128578 0.553678
vt 0.098252 0.569378
vt 0.765610 0.529256
vt 0.046505 0.008843
vt 0.018379 0.008843
vt 0.022264 0.000568
vt 0.154876 0.592341
vt 0.176284 0.595100
vt 0.165987 0.604730
vt 0.006697 0.166190
vt 0.000558 0.147295
vt 0.019254 0.143865
vt 0.160672 0.570851
vt 0.114730 0.590951
vt 0.141298 0.599368
vt 0.147298 0.616216
vt 0.115323 0.619311
vt 0.114473 0.608373
vt 0.098109 0.623510
vt 0.460816 0.413206
vt 0.330998 0.390316
vt 0.475837 0.391789
vt 0.335052 0.446732
vt 0.456864 0.444038
vt 0.443455 0.444041
vt 0.065824 0.209555
vt 0.094908 0.216172
vt 0.057142 0.250490
vt 0.099474 0.244212
vt 0.609862 0.575481
vt 0.647644 0.551002
vt 0.906740 0.983918
vt 0.871872 0.963787
vt 0.926776 0.960113
vt 0.056095 0.169520
vt 0.051603 0.195394
vt 0.601653 0.600394
vt 0.114816 0.195105
vt 0.089625 0.187786
vt 0.596704 0.622960
vt 0.581096 0.640876
vt 0.750992 0.116890
vt 0.751292 0.087278
vt 0.756665 0.109629
vt 0.647096 0.729186
vt 0.609963 0.746978
vt 0.623847 0.690759
vt 0.967652 0.960866
vt 0.965672 0.983023
vt 0.272396 0.440936
vt 0.238882 0.544082
vt 0.252196 0.427687
vt 0.780739 0.096333
vt 0.787447 0.126194
vt 0.564885 0.716528
vt 0.547631 0.686678
vt 0.556879 0.594966
vt 0.032251 0.508745
vt 0.055911 0.539029
vt 0.055826 0.579912
vt 0.518279 0.686341
vt 0.037175 0.549158
vt 0.031843 0.511219
vt 0.053843 0.582888
vt 0.228347 0.529615
vt 0.233294 0.432652
vt 0.086247 0.815232
vt 0.086247 0.734050
vt 0.826026 0.122081
vt 0.567767 0.763511
vt 0.101236 0.470154
vt 0.105757 0.521831
vt 0.622317 0.612205
vt 0.612690 0.637375
vt 0.599344 0.662656
vt 0.092555 0.785077
vt 0.099790 0.560555
vt 0.914315 0.279098
vt 0.944190 0.322264
vt 0.914017 0.352437
vt 0.935010 0.349387
vt 0.946310 0.346415
vt 0.915127 0.377481
vt 0.933784 0.371282
vt 0.944140 0.379176
vt 0.671455 0.607036
vt 0.640276 0.610068
vt 0.658520 0.594101
vt 0.943399 0.400065
vt 0.676326 0.577731
vt 0.914458 0.414810
vt 0.017010 0.501850
vt 0.038414 0.555604
vt 0.026323 0.150098
vt 0.080661 0.150098
vt 0.115572 0.036392
vt 0.150818 0.042607
vt 0.106735 0.043350
vt 0.932146 0.414220
vt 0.087034 0.012051
vt 0.070333 0.017742
vt 0.617678 0.633886
vt 0.606769 0.651437
vt 0.627089 0.660686
vt 0.053135 0.015283
vt 0.607321 0.669073
vt 0.689913 0.587787
vt 0.687532 0.735791
vt 0.000219 0.553529
vt 0.062993 0.167881
vt 0.073050 0.000584
vt 0.120150 0.279371
vt 0.075587 0.340707
vt 0.052212 0.278907
vt 0.142533 0.357729
vt 0.093235 0.366247
vt 0.541924 0.317372
vt 0.541936 0.307841
vt 0.561904 0.307841
vt 0.990987 0.859702
vt 0.974032 0.955861
vt 0.210588 0.537114
vt 0.223668 0.552510
vt 0.205963 0.561305
vt 0.717668 0.039014
vt 0.701980 0.043363
vt 0.216010 0.565674
vt 0.680134 0.041666
vt 0.222432 0.575623
vt 0.574965 0.317852
vt 0.203975 0.569551
vt 0.878639 0.694667
vt 0.845775 0.698119
vt 0.849268 0.694667
vt 0.074126 0.035176
vt 0.105746 0.035176
vt 0.212210 0.581023
vt 0.203332 0.581470
vt 0.560370 0.206665
vt 0.195833 0.581579
vt 0.222765 0.584962
vt 0.838548 0.694154
vt 0.105511 0.044072
vt 0.216947 0.594088
vt 0.203149 0.598742
vt 0.722717 0.982065
vt 0.723436 0.973854
vt 0.835480 0.978495
vt 0.189229 0.592558
vt 0.946156 0.371545
vt 0.989455 0.351354
vt 0.982346 0.475293
vt 0.195250 0.594772
vt 0.560808 0.026431
vt 0.608583 0.026431
vt 0.604793 0.029042
vt 0.190771 0.606058
vt 0.163008 0.608150
vt 0.215424 0.639626
vt 0.199104 0.640201
vt 0.182494 0.625679
vt 0.189595 0.618860
vt 0.148964 0.368868
vt 0.971866 0.853946
vt 0.673614 0.038361
vt 0.238676 0.545850
vt 0.063645 0.037810
vt 0.913093 0.290340
vt 0.913093 0.429818
vt 0.849165 0.290574
vt 0.810641 0.424697
vt 0.810641 0.567291
vt 0.804230 0.424192
vt 0.801544 0.568379
vt 0.810470 0.785971
vt 0.815009 0.643450
vt 0.825022 0.775782
vt 0.855206 0.771502
vt 0.821570 0.007123
vt 0.798607 0.011172
vt 0.768821 0.006163
vt 0.752605 0.204401
vt 0.739669 0.231436
vt 0.719546 0.233196
vt 0.783926 0.202718
vt 0.624319 0.166487
vt 0.637639 0.179731
vt 0.618538 0.193106
vt 0.800734 0.179887
vt 0.642842 0.166657
vt 0.664647 0.166208
vt 0.988207 0.812095
vt 0.988207 0.783745
vt 0.998916 0.791717
vt 0.691589 0.209735
vt 0.699900 0.178889
vt 0.612639 0.167400
vt 0.557106 0.148366
vt 0.456267 0.148366
vt 0.463499 0.142372
vt 0.680542 0.313673
vt 0.670370 0.304038
vt 0.687788 0.290913
vt 0.595279 0.180390
vt 0.113982 0.028329
vt 0.100744 0.030663
vt 0.118845 0.015895
vt 0.602480 0.168520
vt 0.212951 0.999933
vt 0.194427 0.999933
vt 0.182790 0.998581
vt 0.562461 0.196893
vt 0.663352 0.327835
vt 0.612773 0.215393
vt 0.714774 0.277376
vt 0.724553 0.274405
vt 0.734510 0.287750
vt 0.581352 0.180003
vt 0.581383 0.181394
vt 0.576914 0.165644
vt 0.068872 0.018572
vt 0.564007 0.226629
vt 0.750240 0.275837
vt 0.559722 0.191423
vt 0.035216 0.446754
vt 0.061278 0.446452
vt 0.064904 0.463507
vt 0.562731 0.166483
vt 0.791923 0.374926
vt 0.031937 0.507285
vt 0.045738 0.486295
vt 0.057184 0.524325
vt 0.764084 0.279033
vt 0.095597 0.479449
vt 0.087880 0.513873
vt 0.802720 0.351850
vt 0.102784 0.463130
vt 0.420783 0.628886
vt 0.301356 0.590081
vt 0.323196 0.570223
vt 0.973649 0.216665
vt 0.960893 0.362334
vt 0.912578 0.237857
vt 0.799467 0.765192
vt 0.799467 0.631079
vt 0.804297 0.620643
vt 0.997774 0.327943
vt 0.737539 0.982207
vt 0.826997 0.997981
vt 0.722780 0.997003
vt 0.502156 0.660025
vt 0.455932 0.662791
vt 0.446784 0.620727
vt 0.263514 0.814518
vt 0.226720 0.820415
vt 0.225576 0.754871
vt 0.476187 0.583369
vt 0.424874 0.617914
vt 0.449429 0.671070
vt 0.356017 0.134251
vt 0.270946 0.159360
vt 0.264092 0.138265
vt 0.465340 0.580806
vt 0.549130 0.543204
vt 0.417183 0.647817
vt 0.064821 0.638165
vt 0.058734 0.707738
vt 0.058508 0.627577
vt 0.013631 0.431239
vt 0.034058 0.382304
vt 0.034544 0.429409
vt 0.302954 0.122958
vt 0.435824 0.597783
vt 0.014196 0.390601
vt 0.013101 0.804142
vt 0.030980 0.801947
vt 0.014031 0.845899
vt 0.011519 0.378568
vt 0.239744 0.839265
vt 0.998012 0.753351
vt 0.963355 0.834999
vt 0.986567 0.744000
vt 0.411395 0.597003
vt 0.394276 0.610196
vt 0.098946 0.447675
vt 0.073911 0.420529
vt 0.077879 0.398029
vt 0.276536 0.830863
vt 0.264352 0.841201
vt 0.367940 0.571155
vt 0.365284 0.541062
vt 0.293493 0.849389
vt 0.764145 0.006535
vt 0.793955 0.011791
vt 0.739973 0.011535
vt 0.334476 0.575360
vt 0.426094 0.675877
vt 0.096459 0.371047
vt 0.579647 0.224082
vt 0.718520 0.224381
vt 0.593970 0.263434
vt 0.646596 0.340058
vt 0.613333 0.275720
vt 0.620154 0.307104
vt 0.628588 0.321530
vt 0.583453 0.244464
vt 0.203740 0.197787
vt 0.278668 0.194034
vt 0.213580 0.229258
vt 0.139960 0.018292
vt 0.087899 0.009906
vt 0.118277 0.012482
vt 0.166287 0.031203
vt 0.113555 0.031203
vt 0.123863 0.016840
vt 0.598890 0.281325
vt 0.143403 0.007464
vt 0.172546 0.193761
vt 0.208848 0.274224
vt 0.200156 0.245882
vt 0.194031 0.277369
vt 0.197077 0.305001
vt 0.186115 0.288936
vt 0.184810 0.266383
vt 0.926847 0.089359
vt 0.976676 0.118749
vt 0.893557 0.092272
vt 0.896329 0.119655
vt 0.809690 0.791880
vt 0.800513 0.790262
vt 0.804827 0.647446
vt 0.811987 0.514696
vt 0.830021 0.656676
vt 0.811987 0.638938
vt 0.846260 0.514721
vt 0.073445 0.988600
vt 0.080097 0.984428
vt 0.073445 0.959395
vt 0.357218 0.857225
vt 0.419644 0.831464
vt 0.431621 0.857148
vt 0.396116 0.802372
vt 0.418637 0.801167
vt 0.897316 0.438042
vt 0.877795 0.416718
vt 0.926984 0.436356
vt 0.912539 0.495719
vt 0.451404 0.826619
vt 0.447535 0.987647
vt 0.476781 0.978969
vt 0.464050 0.995348
vt 0.458466 0.965809
vt 0.444621 0.855685
vt 0.423049 0.965029
vt 0.869179 0.449605
vt 0.866369 0.464396
vt 0.914185 0.076410
vt 0.905505 0.086755
vt 0.897108 0.051669
vt 0.453442 0.794565
vt 0.127161 0.359097
vt 0.091632 0.365362
vt 0.083835 0.357768
vt 0.908122 0.044610
vt 0.942299 0.045278
vt 0.488105 0.848469
vt 0.364229 0.992551
vt 0.846998 0.472856
vt 0.848026 0.397203
vt 0.840151 0.461414
vt 0.513015 0.828520
vt 0.811501 0.506555
vt 0.471099 0.023597
vt 0.461235 0.018998
vt 0.525392 0.019475
vt 0.852748 0.372098
vt 0.970153 0.090605
vt 0.960975 0.714146
vt 0.989162 0.701002
vt 0.997915 0.715046
vt 0.459150 0.433022
vt 0.613658 0.435838
vt 0.478620 0.859224
vt 0.530209 0.482778
vt 0.631988 0.454528
vt 0.609363 0.429139
vt 0.643745 0.427702
vt 0.678799 0.449151
vt 0.678290 0.422267
vt 0.645766 0.411434
vt 0.616101 0.409324
vt 0.706349 0.422347
vt 0.671198 0.408402
vt 0.991993 0.525391
vt 0.698534 0.407774
vt 0.993508 0.503807
vt 0.757155 0.445390
vt 0.732782 0.407285
vt 0.964788 0.715625
vt 0.965629 0.752064
vt 0.941643 0.745636
vt 0.958341 0.779872
vt 0.950720 0.804977
vt 0.944580 0.835366
vt 0.926892 0.805988
vt 0.954924 0.415222
vt 0.939665 0.719997
vt 0.930514 0.699552
vt 0.957496 0.550107
vt 0.944085 0.504169
vt 0.747008 0.840807
vt 0.747008 0.690644
vt 0.796825 0.821412
vt 0.617937 0.363717
vt 0.760098 0.367480
vt 0.630290 0.408047
vt 0.489789 0.413329
vt 0.489789 0.368274
vt 0.615480 0.368653
vt 0.487983 0.335500
vt 0.628892 0.322513
vt 0.486600 0.315745
vt 0.340413 0.215679
vt 0.468898 0.215679
vt 0.468238 0.220676
vt 0.488218 0.379449
vt 0.487273 0.387636
vt 0.345362 0.375221
vt 0.346795 0.326381
vt 0.485791 0.318505
vt 0.347233 0.317663
vt 0.747006 0.664273
vt 0.795837 0.665978
vt 0.793292 0.808734
vt 0.943441 0.415738
vt 0.943441 0.553312
vt 0.617317 0.370805
vt 0.934716 0.553554
vt 0.334378 0.639094
vt 0.399936 0.677060
vt 0.383225 0.693429
vt 0.361930 0.717237
vt 0.408794 0.715416
vt 0.165182 0.716508
vt 0.266831 0.715744
vt 0.203678 0.748811
vt 0.412244 0.696261
vt 0.743211 0.025711
vt 0.715145 0.016712
vt 0.743211 0.013913
vt 0.565783 0.041458
vt 0.576287 0.039606
vt 0.615990 0.039275
vt 0.418394 0.678069
vt 0.213175 0.762710
vt 0.178008 0.737433
vt 0.165066 0.716487
vt 0.195200 0.742340
vt 0.509971 0.210351
vt 0.517246 0.189628
vt 0.526326 0.179543
vt 0.681257 0.024965
vt 0.200654 0.758885
vt 0.663323 0.029925
vt 0.701792 0.034958
vt 0.432055 0.709132
vt 0.182113 0.746657
vt 0.459128 0.690869
vt 0.457044 0.702743
vt 0.462045 0.710415
vt 0.455288 0.672739
vt 0.500280 0.214711
vt 0.485906 0.211338
vt 0.483868 0.704864
vt 0.474158 0.715866
vt 0.500257 0.692500
vt 0.501403 0.726021
vt 0.499312 0.710382
vt 0.041786 0.641256
vt 0.041786 0.568254
vt 0.055292 0.586802
vt 0.519969 0.746823
vt 0.429882 0.208349
vt 0.530614 0.764076
vt 0.544722 0.647991
vt 0.579441 0.640447
vt 0.421668 0.212333
vt 0.721520 0.029925
vt 0.423314 0.199222
vt 0.396640 0.199960
vt 0.402024 0.186968
vt 0.447244 0.168524
vt 0.384461 0.174534
vt 0.427523 0.187349
vt 0.451859 0.186725
vt 0.445852 0.200529
vt 0.379463 0.141395
vt 0.458341 0.140200
vt 0.514750 0.256402
vt 0.524226 0.244028
vt 0.536337 0.261324
vt 0.473147 0.191380
vt 0.465943 0.203117
vt 0.482350 0.182524
vt 0.513793 0.219170
vt 0.541135 0.281909
vt 0.525069 0.291591
vt 0.481475 0.210468
vt 0.489612 0.215485
vt 0.538579 0.300825
vt 0.534740 0.317018
vt 0.404382 0.317452
vt 0.223879 0.594663
vt 0.260933 0.480622
vt 0.269435 0.594351
vt 0.013277 0.845370
vt 0.000096 0.835793
vt 0.011884 0.825259
vt 0.836374 0.964837
vt 0.724416 0.973251
vt 0.891228 0.694141
vt 0.911645 0.694141
vt 0.903455 0.696646
vt 0.044069 0.321855
vt 0.034840 0.324745
vt 0.026179 0.314622
vt 0.011551 0.324785
vt 0.014387 0.307341
vt 0.072923 0.043935
vt 0.075628 0.041250
vt 0.087920 0.043418
vt 0.200066 0.006380
vt 0.185288 0.003775
vt 0.218872 0.002535
vt 0.044471 0.311743
vt 0.029565 0.300770
vt 0.052123 0.017886
vt 0.064429 0.017886
vt 0.044787 0.029662
vt 0.055249 0.037288
vt 0.050856 0.300265
vt 0.047643 0.278484
vt 0.025533 0.287517
vt 0.053734 0.044436
vt 0.016549 0.115993
vt 0.053287 0.115993
vt 0.033204 0.121254
vt 0.088942 0.029151
vt 0.722814 0.964837
vn 0.63960 0.04650 0.76730
vn 0.55760 0.37720 0.73940
vn 0.51240 0.59530 0.61890
vn 0.64850 0.49900 0.57480
vn 0.60070 0.58730 0.54240
vn 0.45630 0.88810 0.05460
vn 0.41340 0.90910 -0.05200
vn 0.43070 0.90250 0.00690
vn 0.53180 0.84680 -0.00830
vn 0.55450 0.83180 0.02560
vn 0.43750 0.88880 0.13630
vn 0.64450 0.00530 0.76460
vn 0.66980 0.73980 0.06470
vn 0.78990 0.38380 0.47820
vn 0.04430 -0.92000 0.38950
vn 0.03740 -0.79760 0.60210
vn 0.02560 -0.76770 0.64020
vn -0.92490 -0.22900 -0.30360
vn 0.75010 0.02270 0.66100
vn 0.63470 -0.09790 0.76660
vn 0.18430 -0.40000 0.89780
vn 0.03440 -0.28740 0.95720
vn 0.11160 -0.94090 0.31970
vn 0.77610 -0.00390 0.63070
vn 0.78470 0.22010 0.57950
vn 0.38640 -0.34590 0.85500
vn 0.61570 -0.73930 0.27280
vn 0.90520 0.25870 0.33720
vn 0.77510 0.63020 0.04550
vn 0.71140 -0.28580 0.64210
vn 0.20570 0.97860 -0.00110
vn 0.91310 0.29360 0.28300
vn 0.26310 -0.59150 0.76220
vn 0.83870 -0.52840 -0.13200
vn 0.96800 -0.25100 0.00480
vn 0.99740 0.06310 0.03350
vn 0.99560 -0.08310 0.04280
vn 0.98680 0.15650 0.04150
vn 0.55550 0.03200 0.83090
vn 0.02940 -0.64710 0.76180
vn 0.67630 0.73260 0.07770
vn 0.96980 0.24310 0.02090
vn 0.31570 0.02280 -0.94860
vn 0.51470 0.11220 -0.85000
vn 0.40010 0.01080 -0.91640
vn 0.34830 0.59510 -0.72420
vn 0.48460 0.74060 -0.46550
vn 0.34820 0.88020 -0.32260
vn 0.47030 0.80690 -0.35740
vn 0.73970 0.45910 -0.49210
vn 0.71840 -0.02040 -0.69540
vn 0.76990 0.50160 -0.39450
vn 0.85040 0.07760 -0.52030
vn 0.91190 -0.09460 -0.39940
vn 0.86920 -0.37430 0.32310
vn 0.89680 -0.34220 0.28050
vn 0.97200 0.01210 -0.23480
vn 0.97010 -0.05370 -0.23660
vn 0.93590 0.06940 -0.34530
vn 0.97780 -0.15300 -0.14300
vn 0.93670 0.04260 -0.34750
vn 0.86040 -0.38360 0.33560
vn 0.99100 -0.02230 0.13170
vn 0.98910 -0.04540 0.13990
vn 0.87340 -0.43110 -0.22660
vn 0.03080 -0.47970 -0.87690
vn 0.98840 -0.05310 0.14260
vn 0.22490 -0.15730 0.96160
vn 0.17400 -0.08430 0.98110
vn 0.22500 -0.15740 0.96160
vn 0.33220 -0.31590 0.88870
vn 0.09390 -0.76910 0.63210
vn 0.33150 -0.61300 0.71720
vn 0.20280 -0.53890 0.81760
vn -0.58880 0.80600 0.06070
vn -0.49500 0.83620 0.23600
vn -0.49500 0.83620 0.23610
vn -0.38360 0.83300 0.39870
vn -0.37380 -0.91450 0.15490
vn -0.21180 -0.95790 0.19390
vn -0.01950 0.34160 0.93960
vn 0.21030 0.16720 0.96320
vn 0.24310 0.13510 0.96050
vn -0.03710 0.42750 0.90320
vn 0.24060 0.00570 0.97060
vn 0.48830 -0.06590 0.87020
vn 0.14730 -0.84990 0.50590
vn 0.50800 0.02140 0.86110
vn -0.42700 -0.89330 0.14050
vn 0.27060 0.11130 0.95620
vn 0.62790 -0.14430 0.76480
vn 0.60830 -0.48880 0.62530
vn 0.53070 -0.63080 0.56610
vn 0.22900 0.82610 0.51480
vn 0.27220 0.70850 0.65120
vn 0.31040 0.82770 0.46760
vn 0.26840 0.10980 0.95700
vn 0.23600 0.92460 0.29900
vn 0.16570 0.68680 0.70770
vn 0.39180 0.01940 0.91980
vn 0.86600 -0.19640 0.45990
vn 0.47160 0.87540 0.10580
vn 0.81920 -0.43410 0.37480
vn 0.85360 -0.30000 0.42580
vn 0.85370 -0.29990 0.42580
vn 0.88130 -0.13750 0.45220
vn 0.61970 0.78480 -0.00210
vn 0.84190 -0.43740 0.31600
vn 0.03470 0.72840 0.68420
vn -0.03070 0.72520 0.68780
vn 0.09000 0.98990 0.10910
vn 0.12270 0.98620 0.11100
vn 0.07430 0.73220 0.67700
vn 0.07700 0.72470 0.68470
vn 0.07670 0.99120 0.10830
vn 0.82260 -0.38420 0.41910
vn 0.81480 -0.42880 0.39020
vn 0.53520 -0.51300 -0.67110
vn 0.33880 -0.57970 -0.74110
vn 0.48720 -0.22410 -0.84400
vn 0.19070 0.73980 -0.64520
vn 0.22110 0.74820 -0.62560
vn 0.19080 0.73980 -0.64520
vn 0.22480 -0.94410 -0.24100
vn 0.26980 -0.94790 -0.16970
vn 0.20000 -0.95380 -0.22430
vn 0.40170 0.13630 -0.90560
vn 0.58180 0.06220 -0.81090
vn 0.08320 0.34040 -0.93660
vn 0.10530 0.26940 -0.95730
vn 0.13680 0.16170 -0.97730
vn 0.39710 -0.89230 -0.21470
vn 0.77280 -0.22460 -0.59350
vn 0.51770 0.85090 -0.08960
vn 0.24820 0.96350 -0.10060
vn 0.08540 0.70370 -0.70530
vn 0.83680 -0.46120 -0.29500
vn 0.37650 -0.92620 0.01980
vn 0.88290 -0.00960 -0.46950
vn 0.17920 -0.95090 0.25250
vn 0.88890 -0.21710 -0.40340
vn 0.76670 -0.64150 -0.02530
vn 0.96060 -0.26410 -0.08650
vn 0.94790 -0.17770 -0.26460
vn 0.61330 0.78990 -0.00010
vn 0.96240 -0.00670 -0.27160
vn 0.99220 -0.12160 -0.02750
vn 0.98930 -0.11470 0.09010
vn 0.98900 -0.11260 0.09580
vn 0.07280 0.99120 -0.11100
vn 0.09020 0.99550 -0.02970
vn 0.07960 0.54770 -0.83290
vn 0.03860 0.54880 -0.83500
vn 0.08800 0.56080 -0.82330
vn -0.08350 0.99650 0.01040
vn 0.11370 0.99310 -0.02800
vn 0.18690 0.98230 0.01060
vn 0.11480 0.60190 -0.79020
vn 0.10730 0.56510 -0.81800
vn 0.27160 0.90390 -0.33060
vn 0.17310 0.90030 -0.39950
vn 0.00860 0.00530 -0.99990
vn -0.00300 -0.06740 -0.99770
vn 0.00680 -0.00820 -0.99990
vn -0.01380 -0.15680 -0.98750
vn -0.00060 0.02180 0.99980
vn -0.01180 0.03320 0.99940
vn 0.00020 0.02050 0.99980
vn 0.01020 0.01000 0.99990
vn 0.00860 0.00310 -1.00000
vn -0.00880 0.01930 -0.99980
vn 0.00920 0.68430 0.72910
vn 0.01000 0.00360 0.99990
vn 0.69950 0.71460 0.00420
vn 0.70810 0.70610 0.00310
vn 0.89000 -0.03650 0.45450
vn 0.89000 -0.03130 0.45480
vn 0.68080 0.03200 -0.73180
vn 0.57900 0.02350 -0.81500
vn 0.68810 0.05160 -0.72370
vn 0.74850 0.06890 -0.65960
vn 0.66230 0.45410 -0.59600
vn 0.57350 0.57370 0.58470
vn 0.57870 0.02820 -0.81510
vn 0.88900 0.02290 0.45730
vn 0.71160 0.04110 0.70130
vn 0.71850 0.69550 0.00160
vn 0.99980 0.01070 0.01800
vn 0.99970 -0.01580 0.01700
vn 0.99950 -0.03080 0.00280
vn 0.99900 0.03070 -0.03390
vn 0.99910 0.01230 -0.03990
vn 0.99920 -0.00150 -0.03980
vn 0.99950 0.02350 0.02240
vn 0.24760 0.29210 -0.92380
vn 0.01010 0.28370 -0.95890
vn -0.20280 0.26240 -0.94340
vn 0.07380 0.98770 -0.13780
vn 0.29000 0.01730 -0.95690
vn 0.27530 0.00270 -0.96140
vn 0.37870 0.02310 -0.92520
vn 0.93020 0.21470 0.29780
vn 0.36490 -0.00700 -0.93100
vn 0.36070 -0.01450 -0.93260
vn 0.61790 0.78580 -0.02630
vn 0.69340 0.72050 0.00380
vn 0.69170 0.72210 -0.00870
vn 0.60530 -0.03090 0.79540
vn 0.55910 0.55530 0.61560
vn 0.61090 0.72370 -0.32120
vn 0.72380 -0.03060 -0.68940
vn 0.78470 0.61970 0.01640
vn -0.96440 0.00380 0.26440
vn -0.81420 0.02580 -0.58000
vn -0.85200 0.02920 -0.52270
vn -0.92630 0.00950 -0.37660
vn 0.92100 0.01390 -0.38920
vn -0.74730 0.66380 0.03030
vn -0.72430 0.68940 -0.00250
vn -0.72480 0.68900 -0.00180
vn -0.67990 0.61220 0.40370
vn -0.74760 0.03290 -0.66340
vn -0.69800 0.71610 0.00220
vn -0.69220 0.01600 -0.72150
vn -0.00280 0.00000 -1.00000
vn -0.03580 -0.02050 -0.99910
vn -0.00100 0.00450 -1.00000
vn -0.63090 0.57760 0.51810
vn -0.66160 0.02500 0.74940
vn -0.54960 0.56320 -0.61700
vn 0.00460 0.00460 -1.00000
vn -0.01500 -0.03170 -0.99940
vn 0.00080 1.00000 -0.00420
vn 0.00070 1.00000 -0.00420
vn -0.00770 1.00000 0.00420
vn -0.00870 0.81590 0.57820
vn 0.00090 0.67250 -0.74010
vn 0.00530 0.70160 -0.71250
vn 0.00900 0.99990 -0.01240
vn -0.00410 0.63740 -0.77060
vn 0.06590 0.04100 0.99700
vn 0.10400 0.03620 0.99390
vn 0.11220 0.02360 0.99340
vn -0.01980 -0.04930 0.99860
vn 0.07140 0.11960 0.99030
vn 0.13920 0.12810 0.98190
vn -0.02010 -0.04970 0.99860
vn 0.08720 0.05970 0.99440
vn 0.17430 0.02720 0.98430
vn -0.06290 0.99050 -0.12260
vn 0.16420 0.07510 0.98360
vn 0.15770 0.04620 0.98640
vn 0.14050 0.18020 0.97350
vn 0.20530 0.16340 0.96500
vn 0.09320 0.17720 0.97970
vn 0.25210 0.01360 0.96760
vn 0.30410 0.00920 0.95260
vn 0.94330 0.13130 0.30480
vn 0.96530 0.14950 0.21420
vn 0.97280 0.17820 0.14800
vn 0.34020 0.00330 0.94030
vn 0.94460 0.27400 -0.18070
vn 0.11070 0.00260 0.99380
vn 0.51330 0.07860 0.85460
vn 0.11080 0.00260 0.99380
vn 0.92330 0.31090 -0.22540
vn 0.91510 0.31470 -0.25230
vn 0.03500 -0.01130 0.99930
vn 0.59810 -0.03170 0.80080
vn -0.98510 0.04320 0.16650
vn -0.93470 0.00580 0.35530
vn -0.98640 -0.03190 0.16120
vn -0.91890 0.01370 0.39430
vn -0.91370 -0.00490 0.40640
vn -0.28710 0.06670 0.95560
vn -0.03490 0.03610 0.99870
vn -0.29810 0.07360 0.95170
vn -0.69970 -0.09690 0.70780
vn 0.00790 0.02990 0.99950
vn 0.01440 0.02990 0.99940
vn 0.09110 0.06320 0.99380
vn 0.11010 0.19830 0.97390
vn 0.13340 -0.00780 0.99100
vn 0.20040 -0.07080 0.97720
vn 0.37480 -0.00720 0.92710
vn -0.04830 0.99870 0.01890
vn 0.18360 0.00770 -0.98300
vn 0.20220 0.00460 -0.97930
vn 0.19350 0.01650 -0.98100
vn 0.17280 -0.00550 -0.98490
vn 0.15070 0.04340 -0.98760
vn 0.09010 0.72550 -0.68230
vn 0.06850 0.14200 -0.98750
vn 0.25020 -0.01540 -0.96810
vn 0.36100 -0.07820 -0.92930
vn 0.93930 0.28450 0.19180
vn 0.96830 0.24890 -0.01870
vn 0.93110 0.33910 0.13430
vn 0.75660 -0.21390 0.61790
vn 0.68700 -0.23080 0.68910
vn 0.62090 -0.26170 0.73890
vn 0.89500 0.38690 0.22200
vn 0.89810 0.43940 0.01960
vn 0.64610 -0.06270 0.76070
vn 0.55030 -0.25940 -0.79360
vn 0.90120 0.41910 0.11020
vn 0.71910 -0.07760 -0.69050
vn 0.69440 -0.05130 -0.71770
vn 0.74620 -0.10800 -0.65700
vn 0.97800 -0.07530 -0.19460
vn 0.98940 -0.06810 -0.12830
vn 0.98160 -0.08720 -0.17010
vn 0.95290 -0.08800 0.29020
vn 0.98460 -0.09130 0.14910
vn 0.99980 0.01500 0.01640
vn 0.99290 -0.06490 -0.10010
vn 1.00000 -0.00840 0.00150
vn -1.00000 -0.00400 0.00840
vn -1.00000 0.00030 0.00170
vn -1.00000 0.00040 0.00160
vn -1.00000 0.00270 -0.00190
vn -1.00000 0.00760 -0.00230
vn -0.73950 0.67310 -0.01010
vn -0.99740 -0.00710 0.07150
vn -0.79410 -0.12360 -0.59510
vn -0.92120 -0.01490 -0.38870
vn -0.94850 0.02060 -0.31600
vn -0.69560 -0.00770 0.71840
vn -0.78820 -0.18850 -0.58580
vn 0.01490 -0.00610 0.99990
vn -0.92630 -0.00520 -0.37680
vn -0.20170 0.96770 0.15130
vn -0.48920 0.83300 0.25840
vn -0.56210 0.65240 0.50830
vn -0.25390 0.96450 0.07210
vn -0.51980 0.59420 0.61380
vn -0.92420 0.37130 -0.08920
vn -0.29440 0.29520 0.90900
vn -0.43800 0.19320 0.87800
vn -0.30720 0.32300 0.89510
vn -0.43910 -0.61390 0.65600
vn -0.44520 -0.56100 0.69790
vn -0.51480 -0.49250 0.70170
vn 0.04040 -0.74370 0.66730
vn -0.40540 -0.66160 0.63090
vn 0.05950 0.99550 -0.07310
vn -0.18860 0.42840 0.88370
vn -0.39050 0.82030 0.41790
vn 0.27480 -0.23110 0.93330
vn 0.13330 0.32100 0.93760
vn 0.11460 0.99220 0.04900
vn 0.07120 0.99740 0.01060
vn -0.29050 0.32050 0.90160
vn 0.05270 0.99800 -0.03370
vn 0.15510 0.97240 -0.17410
vn 0.28450 0.47830 0.83080
vn 0.38680 -0.34580 0.85490
vn 0.17050 0.06160 0.98340
vn 0.17350 0.10110 0.97960
vn 0.17350 0.10100 0.97960
vn 0.18570 0.36050 0.91410
vn 0.33580 -0.78550 0.51980
vn 0.31540 0.94590 0.07590
vn 0.19600 0.93250 -0.30340
vn 0.34370 -0.77780 0.52630
vn -0.83220 0.14520 0.53510
vn -0.89820 0.18340 0.39950
vn -0.80510 0.12410 0.58010
vn -0.89870 0.20690 0.38660
vn -0.27860 -0.52300 0.80550
vn -0.27670 -0.52400 0.80550
vn -0.27700 -0.52390 0.80550
vn -0.87530 0.02080 0.48310
vn -0.82320 0.01270 0.56760
vn -0.81890 0.02360 0.57350
vn -0.60610 0.04520 0.79410
vn -0.28520 0.94960 0.12980
vn -0.27390 -0.52550 0.80550
vn 0.39330 0.88460 0.25060
vn -0.33460 0.64610 0.68590
vn -0.27650 0.65380 0.70430
vn -0.27660 0.65380 0.70430
vn 0.65050 -0.58170 0.48830
vn 0.76220 -0.48510 0.42850
vn 0.49390 -0.67840 0.54390
vn -0.10820 0.66220 0.74150
vn -0.77370 0.02750 0.63290
vn -0.80830 0.09010 0.58180
vn -0.84000 0.00290 0.54260
vn -0.87620 0.13450 0.46280
vn -0.93460 0.29380 0.20040
vn -0.92750 0.34820 0.13610
vn -0.93890 0.34140 0.04340
vn -0.59590 0.80290 -0.01620
vn -0.77270 -0.05990 0.63190
vn -0.35610 0.07390 0.93150
vn -0.52970 0.04220 0.84710
vn -0.84530 0.03600 0.53300
vn -0.21130 0.10130 0.97220
vn -0.07510 0.02510 0.99690
vn -0.53350 0.03550 0.84510
vn -0.40640 0.13160 0.90420
vn -0.98610 0.16550 -0.01440
vn -0.99730 0.01450 0.07210
vn -0.96880 0.24660 0.02300
vn -0.98420 0.05090 0.16950
vn -0.96470 -0.12300 0.23280
vn -0.56430 -0.44410 -0.69590
vn -0.92150 -0.11090 0.37230
vn -0.97440 -0.11020 0.19620
vn -0.45430 -0.65310 0.60580
vn -0.89690 0.41010 0.16550
vn -0.88180 0.00340 -0.47160
vn -0.96050 -0.15160 0.23340
vn 0.95270 -0.17610 0.24780
vn -0.71230 0.43380 -0.55180
vn -0.28590 -0.31540 0.90490
vn -0.21850 -0.02870 0.97540
vn -0.88250 -0.09030 -0.46160
vn -0.61710 0.76890 -0.16730
vn -0.49670 0.86770 0.02070
vn -0.42490 0.89780 -0.11550
vn -0.53390 0.80940 -0.24460
vn -0.31640 -0.49160 0.81130
vn -0.60070 0.16270 -0.78280
vn -0.05730 0.96280 -0.26400
vn -0.43100 0.76470 -0.47900
vn -0.40920 0.71010 -0.57290
vn -0.59930 0.68080 -0.42110
vn -0.38920 0.30810 -0.86810
vn -0.80750 0.53910 -0.23940
vn -0.75380 0.59820 -0.27210
vn -0.84480 0.53340 -0.04200
vn -0.67480 0.61360 -0.41010
vn -0.12070 0.20920 -0.97040
vn -0.29990 0.91330 -0.27560
vn 0.00690 0.96830 -0.24960
vn -0.54810 0.62260 -0.55850
vn -0.06420 0.93910 -0.33770
vn 0.12250 0.93220 -0.34070
vn 0.10410 0.88810 -0.44760
vn 0.05200 0.31480 -0.94770
vn 0.29040 0.13470 -0.94740
vn 0.22290 0.96820 -0.11360
vn 0.14160 0.86000 -0.49030
vn -0.94080 -0.11090 -0.32020
vn -0.85400 0.36460 -0.37120
vn -0.54280 0.66450 -0.51350
vn -0.29990 0.91330 -0.27540
vn -0.15440 0.54020 -0.82720
vn 0.14640 0.85860 -0.49140
vn -0.25250 0.11040 0.96130
vn -0.27660 0.12770 0.95250
vn -0.21590 0.08440 0.97280
vn 0.30900 -0.85140 0.42370
vn 0.38440 -0.85880 0.33860
vn 0.30910 -0.85140 0.42370
vn 0.02180 0.01740 0.99960
vn -0.26210 -0.82030 0.50830
vn -0.14610 -0.63390 0.75950
vn -0.38140 -0.55070 0.74240
vn 0.52560 0.82520 0.20690
vn 0.52550 0.82520 0.20700
vn 0.52020 0.82670 0.21450
vn -0.16380 -0.19370 0.96730
vn -0.07310 -0.80980 0.58220
vn 0.52830 0.82440 0.20310
vn 0.20800 -0.82630 0.52350
vn -0.91190 0.09150 -0.40000
vn -0.09200 -0.16330 0.98230
vn -0.12900 -0.01020 0.99160
vn -0.41130 -0.14530 0.89980
vn 0.19940 -0.10390 0.97440
vn 0.13590 -0.14560 0.98000
vn -0.38560 0.91970 0.07350
vn -0.38560 0.91970 0.07340
vn -0.32420 0.93180 0.16300
vn -0.00080 -0.27730 0.96080
vn 0.10110 -0.73230 0.67340
vn -0.09880 -0.32570 0.94030
vn -0.03940 0.43050 0.90170
vn -0.04170 0.43050 0.90160
vn -0.03950 0.43050 0.90170
vn 0.28500 -0.04550 0.95740
vn -0.40990 0.91140 0.03580
vn -0.02880 0.43040 0.90220
vn 0.26750 -0.04020 0.96270
vn -0.00400 0.83040 0.55710
vn -0.03880 0.75970 0.64910
vn -0.08510 0.83110 0.54950
vn -0.14580 0.98930 0.00660
vn -0.11580 0.99330 0.00640
vn -0.19020 0.98170 0.00690
vn -0.06020 0.70980 0.70180
vn 0.04480 0.60100 0.79800
vn -0.92090 -0.31770 0.22580
vn -0.95100 -0.17670 0.25390
vn -0.95910 -0.16550 0.22960
vn -0.82900 -0.18770 0.52680
vn -0.45440 0.82820 0.32810
vn -0.66280 0.74880 0.00510
vn -0.71230 0.70180 -0.00420
vn -0.64180 0.55190 0.53250
vn -0.30050 0.67400 0.67490
vn -0.65980 0.10760 0.74370
vn -0.81650 -0.48410 0.31450
vn -0.31110 0.94330 0.11610
vn -0.74360 -0.66870 -0.00180
vn -0.31700 0.09890 0.94320
vn -0.23570 0.71640 0.65660
vn -0.68330 -0.37180 0.62840
vn -0.19260 0.88250 0.42900
vn -0.61310 -0.10070 0.78360
vn -0.73330 -0.00820 0.67980
vn -0.64380 -0.62260 0.44480
vn -0.40530 -0.14150 0.90320
vn -0.37450 -0.03530 0.92660
vn -0.12720 0.92150 -0.36700
vn 0.01390 0.99640 -0.08330
vn 0.03070 0.99820 -0.05190
vn -0.19480 0.46500 -0.86360
vn -0.05150 0.86200 -0.50430
vn -0.99080 -0.05280 -0.12460
vn -0.97610 -0.13270 -0.17190
vn -0.92670 -0.08930 -0.36490
vn -0.97170 -0.15480 -0.17850
vn -0.91210 -0.00450 -0.40990
vn -0.94520 -0.07810 -0.31690
vn -0.77150 -0.20740 -0.60150
vn -0.83180 -0.41820 -0.36500
vn -0.68860 -0.11040 -0.71670
vn -0.30300 0.92060 -0.24620
vn -0.26550 0.90990 -0.31890
vn -0.59130 -0.80590 -0.03140
vn -0.52260 -0.82080 -0.23040
vn -0.52260 -0.82080 -0.23050
vn -0.71380 -0.44800 -0.53830
vn -0.21640 0.48130 -0.84940
vn -0.64480 -0.05180 -0.76260
vn -0.20420 0.35540 -0.91210
vn -0.64910 -0.25030 -0.71830
vn -0.40820 -0.78980 -0.45790
vn -0.51560 -0.63220 -0.57830
vn -0.23120 0.79370 -0.56270
vn -0.59530 -0.12930 -0.79300
vn -0.14450 -0.94160 0.30420
vn -0.06800 0.32170 -0.94440
vn -0.06810 0.32170 -0.94440
vn -0.14870 0.30530 -0.94060
vn -0.19510 -0.02760 -0.98040
vn -0.41240 -0.01190 -0.91090
vn -0.38020 -0.04260 -0.92390
vn -0.32650 -0.01630 -0.94510
vn -0.25760 -0.40630 -0.87670
vn -0.21040 -0.74640 -0.63130
vn -0.33600 -0.29960 -0.89290
vn 0.10220 -0.04570 -0.99370
vn -0.29530 -0.16150 -0.94170
vn -0.17870 -0.84890 -0.49750
vn -0.27190 -0.79870 -0.53680
vn -0.09310 0.79170 -0.60380
vn 0.02010 -0.27320 -0.96180
vn 0.11730 -0.55250 -0.82520
vn -0.11500 -0.87640 -0.46770
vn 0.07060 -0.06630 -0.99530
vn 0.06130 -0.84960 -0.52390
vn 0.01830 -0.73210 -0.68090
vn 0.09980 -0.30120 -0.94830
vn 0.07290 0.34510 -0.93570
vn 0.26190 -0.02280 -0.96480
vn 0.24120 -0.30660 -0.92080
vn 0.58900 0.03730 0.80730
vn 0.38980 0.02970 0.92040
vn 0.49480 0.14740 0.85640
vn 0.62010 0.01890 -0.78430
vn 0.68170 0.01130 -0.73160
vn 0.59060 0.03530 0.80620
vn 0.52040 0.57700 -0.62950
vn 0.50840 0.53160 0.67750
vn 0.74070 0.00340 -0.67180
vn 0.67210 0.74030 0.01160
vn 0.68840 0.72530 0.00620
vn 0.68550 0.72810 0.00160
vn 0.73000 0.68340 -0.00830
vn 0.66640 0.04000 0.74450
vn -0.90810 -0.01390 -0.41860
vn 0.69800 0.71580 0.02120
vn 0.95060 -0.00210 0.31050
vn -0.57540 0.81780 -0.00010
vn -0.62400 0.78140 0.00440
vn -0.63360 0.77360 -0.01140
vn -0.68280 0.73050 -0.01280
vn -0.60840 0.79350 0.01150
vn -0.70540 0.61720 -0.34850
vn -0.75750 -0.05170 0.65080
vn -0.20250 0.00980 0.97920
vn -0.24360 -0.01400 0.96980
vn -0.17160 0.06290 0.98320
vn -0.28670 -0.02610 0.95770
vn -0.27110 -0.00610 -0.96250
vn -0.27780 -0.01090 -0.96060
vn -0.10000 0.57000 0.81560
vn -0.12910 0.99090 -0.03840
vn -0.13980 0.99020 -0.00240
vn -0.10350 0.07710 0.99160
vn -0.08000 0.23340 -0.96910
vn -0.07370 0.48410 -0.87190
vn -0.07980 0.57100 -0.81700
vn -0.98080 0.16750 0.09980
vn -0.99750 0.06060 -0.03710
vn -0.09430 0.23950 -0.96630
vn 0.01130 0.19920 -0.97990
vn -0.07240 0.99590 -0.05360
vn -0.12520 0.29870 -0.94610
vn -0.24410 0.13920 0.95970
vn -0.29350 0.16890 0.94090
vn -0.36960 0.25760 -0.89280
vn -0.23830 0.17100 0.95600
vn 0.05330 0.72350 0.68830
vn 0.21630 -0.27270 0.93750
vn -0.23880 0.08600 -0.96720
vn -0.04450 0.95240 -0.30160
vn -0.99950 -0.00530 -0.03010
vn -0.99970 0.00210 -0.02240
vn -0.99980 -0.00150 -0.01840
vn -0.99810 -0.06050 -0.01480
vn -0.99980 -0.00210 -0.01800
vn -0.99990 0.01200 -0.00440
vn -0.72270 0.69110 -0.00930
vn -0.76750 0.64100 -0.00230
vn 0.07190 0.03140 -0.99690
vn 0.25910 0.05080 -0.96450
vn 0.25440 0.06380 -0.96500
vn -0.02220 0.74320 -0.66870
vn -0.04000 0.70950 -0.70350
vn -0.42090 0.57180 -0.70420
vn -0.81860 0.57440 0.00640
vn -0.49200 0.63680 0.59360
vn -0.01840 0.70430 0.70960
vn -0.04600 0.75450 0.65460
vn -0.67760 0.04010 0.73440
vn -0.58920 0.01420 -0.80790
vn -0.02650 -0.00560 0.99960
vn -0.00920 0.11730 0.99310
vn -0.03120 -0.04720 0.99840
vn -0.00660 0.74700 -0.66470
vn -0.00340 -0.02620 0.99970
vn -0.02510 -0.00320 0.99970
vn -0.00180 0.99990 -0.01040
vn -0.00170 0.99990 -0.01050
vn 0.00020 0.99990 -0.01240
vn 0.03070 0.02400 -0.99920
vn -0.05260 -0.11770 0.99170
vn -0.00350 1.00000 -0.00860
vn 0.02340 0.02630 -0.99940
vn 0.00490 -0.00330 -1.00000
vn 0.00170 -0.00010 -1.00000
vn -0.04630 0.02500 0.99860
vn -0.00150 0.00300 -1.00000
vn 0.00150 0.70340 0.71080
vn 0.01010 0.64780 0.76170
vn -0.00160 0.77930 -0.62660
vn 0.00160 0.00000 -1.00000
vn -0.96620 0.25460 0.04050
vn -0.93990 0.33960 -0.03490
vn -0.97130 0.23760 -0.01010
vn -0.97900 0.17020 0.11210
vn -0.09830 0.01900 0.99500
vn -0.09560 0.02130 0.99520
vn -0.09450 0.01870 0.99530
vn -0.15480 0.01140 -0.98790
vn -0.14430 -0.01690 -0.98940
vn -0.14850 -0.00990 -0.98890
vn -0.04380 0.88950 -0.45480
vn 0.01780 0.98710 -0.15900
vn -0.09890 0.01900 0.99490
vn -0.10300 0.01460 0.99460
vn -0.14610 0.01990 -0.98910
vn -0.14350 0.02660 -0.98930
vn -0.08170 0.00830 -0.99660
vn -0.01020 0.14520 -0.98940
vn -0.01020 0.14520 -0.98930
vn 0.05470 0.99800 0.03070
vn 0.01720 0.02610 0.99950
vn -0.10340 0.00890 -0.99460
vn 0.02830 0.99950 -0.01340
vn 0.03010 0.99940 -0.01400
vn 0.00950 -0.41520 0.90970
vn 0.02080 0.99970 -0.01110
vn 0.03080 0.22180 -0.97460
vn -0.99980 0.01070 -0.01460
vn -0.01040 0.01130 0.99990
vn 0.50540 0.01790 0.86270
vn 0.98200 -0.00890 0.18880
vn 0.99590 -0.01880 0.08840
vn 0.95370 0.00280 0.30080
vn 0.94990 0.03170 0.31100
vn 0.94510 0.04220 0.32400
vn 0.99950 -0.02740 -0.01620
vn 0.99960 -0.02860 -0.00060
vn -0.84930 -0.08130 0.52170
vn -0.83540 -0.07600 0.54440
vn -0.99930 -0.03630 -0.00670
vn -0.57040 0.82120 -0.01930
vn -0.56540 0.82460 0.01870
vn -0.58950 0.80630 -0.04930
vn -0.78550 -0.05810 0.61620
vn -0.63550 0.74040 -0.21900
vn -0.66260 0.72710 -0.17940
vn -0.69880 -0.32550 0.63700
vn -0.93850 0.34290 0.04050
vn -0.38150 -0.02260 0.92410
vn 0.02310 -0.00420 -0.99970
vn -0.00270 -0.15880 -0.98730
vn -0.01520 -0.16120 -0.98680
vn -0.46270 -0.22940 -0.85630
vn 0.25390 0.93880 -0.23260
vn 0.89060 -0.11000 -0.44130
vn 0.91750 -0.01960 -0.39720
vn 0.88960 -0.10860 -0.44370
vn 0.99760 -0.01250 -0.06830
vn 0.99120 -0.00770 -0.13180
vn 0.92780 -0.00180 -0.37310
vn 0.99990 -0.00820 -0.01210
vn -0.64920 0.75920 0.04530
vn -0.65840 0.75260 0.01090
vn -0.99710 -0.07450 0.01310
vn -0.96130 0.19670 -0.19280
vn -0.96280 -0.02160 -0.26930
vn -0.95470 -0.13510 -0.26510
vn -0.70870 -0.05140 -0.70360
vn -0.59090 -0.03990 -0.80570
vn -0.78730 -0.07050 -0.61250
vn -0.52300 -0.03010 -0.85180
vn -0.47810 0.75990 0.44050
vn -0.76420 -0.05210 -0.64280
vn -0.89290 0.43470 0.11700
vn -0.85190 0.51800 0.07750
vn -0.53650 -0.13870 -0.83240
vn -0.39690 -0.02880 -0.91740
vn -0.58710 -0.08910 -0.80460
vn -0.31560 -0.01650 -0.94870
vn -0.94070 0.27750 0.19520
vn -0.94380 0.26060 0.20330
vn -0.55170 -0.02300 -0.83370
vn -0.95890 0.22300 0.17530
vn -0.23580 0.01890 -0.97160
vn -0.15110 0.04490 -0.98750
vn 0.58430 0.07800 0.80780
vn 0.65890 0.07220 0.74880
vn 0.72300 0.07180 0.68710
vn 0.52370 0.03390 -0.85120
vn 0.99230 0.09240 -0.08300
vn 0.99230 0.08960 -0.08580
vn 0.98990 0.08590 -0.11320
vn 0.99340 0.04120 0.10660
vn 0.96670 0.04740 0.25140
vn 0.99160 0.11250 -0.06330
vn 0.99270 0.09400 -0.07570
vn 0.99140 0.04730 0.12240
vn -0.99990 0.01120 -0.00670
vn -0.99930 -0.00690 0.03680
vn -0.99940 -0.01610 0.03090
vn -0.99970 -0.01300 0.02220
vn -0.99840 -0.02350 0.05110
vn -0.99720 0.00160 -0.07470
vn 0.99930 0.03670 0.01120
vn -0.99770 -0.06750 -0.00250
vn -0.93290 0.02590 -0.35920
vn 0.99950 0.03180 0.00300
vn -0.73400 -0.64630 -0.20870
vn -0.59030 -0.62910 -0.50580
vn -0.68020 -0.73030 -0.06320
vn -0.67540 -0.73730 -0.01630
vn -0.75370 -0.04200 0.65590
vn -0.75440 -0.01280 0.65630
vn -0.72170 -0.69180 0.02230
vn -0.68320 -0.73020 0.00770
vn -0.80460 -0.59080 0.05910
vn 0.99770 0.06830 0.00340
vn -0.65320 -0.49620 0.57190
vn -0.68580 -0.00940 -0.72780
vn -0.00750 -0.02150 0.99970
vn -0.00670 -0.99990 0.00810
vn 0.00040 -1.00000 0.00090
vn 0.00060 -1.00000 0.00070
vn -0.00210 -0.00440 -1.00000
vn 0.00760 -1.00000 -0.00640
vn 0.00010 -0.74670 -0.66510
vn -0.00380 -0.77180 -0.63580
vn 0.00010 -0.74680 -0.66510
vn -0.00680 -0.67500 0.73780
vn -0.00620 -0.67110 0.74140
vn 0.00440 -0.71780 -0.69620
vn -0.00740 -0.67860 0.73440
vn 0.53320 -0.57360 0.62180
vn 0.67170 -0.05560 -0.73870
vn 0.66960 -0.02560 -0.74230
vn 0.62730 -0.49150 -0.60410
vn 0.63370 0.00230 0.77350
vn 0.76660 -0.64220 0.00270
vn 0.76650 -0.64220 0.00270
vn 0.81260 -0.58270 0.01240
vn 0.72100 -0.69290 -0.00610
vn 0.99990 -0.01540 0.00070
vn -0.99960 -0.00230 -0.02880
vn -0.00320 -0.99990 -0.01610
vn -0.00010 -0.99970 -0.02430
vn 0.00520 -0.99990 -0.01540
vn -0.00550 -0.99980 -0.02090
vn 0.14320 0.01110 0.98960
vn 0.13170 0.00090 0.99130
vn 0.03920 0.00670 0.99920
vn 0.15710 -0.02650 0.98720
vn 0.05760 0.01150 0.99830
vn 0.08030 -0.00810 0.99670
vn 0.21820 -0.02090 0.97570
vn 0.02640 -0.99900 0.03740
vn 0.32280 0.00930 0.94640
vn 0.25430 0.00510 0.96710
vn 0.05960 -0.99620 0.06360
vn 0.25770 0.04910 0.96500
vn 0.07920 -0.97580 0.20360
vn 0.39860 -0.00240 0.91710
vn 0.44640 0.01940 0.89460
vn 0.86020 0.04730 0.50780
vn 0.02030 -0.99940 0.02720
vn 0.00970 -0.99990 0.00310
vn -0.01530 -0.99930 0.03470
vn 0.11540 -0.00800 -0.99330
vn -0.00470 -0.05040 -0.99870
vn 0.08970 -0.01480 -0.99590
vn 0.14270 -0.01010 -0.98970
vn 0.10650 -0.04110 -0.99350
vn 0.02650 -0.99950 -0.01450
vn 0.01980 -0.99710 -0.07370
vn 0.36740 -0.00110 -0.93010
vn -0.27660 -0.01200 -0.96090
vn 0.27810 0.02180 -0.96030
vn 0.27160 0.01620 -0.96230
vn 0.53500 -0.03100 -0.84430
vn 0.06880 -0.99620 -0.05400
vn 0.70940 -0.31010 -0.63290
vn 0.13580 -0.98950 -0.04920
vn 0.40350 0.03920 -0.91410
vn 0.37010 -0.92900 -0.00850
vn -0.62600 -0.00950 0.77970
vn 0.90950 -0.02450 -0.41500
vn 0.74400 0.02310 -0.66770
vn 0.38650 -0.92230 -0.00780
vn 0.99920 0.03880 -0.00980
vn 0.38560 -0.92260 -0.00660
vn 0.99760 0.06670 0.01660
vn 0.99870 0.00670 0.05000
vn 0.99370 -0.06650 0.09030
vn 0.99870 0.00680 0.04990
vn -0.99990 0.00620 -0.00840
vn -0.74770 -0.03180 0.66330
vn -0.65650 -0.75430 0.00530
vn -0.65640 -0.75440 0.00530
vn -0.69280 -0.72110 -0.00060
vn -0.62200 -0.53980 0.56720
vn -0.68150 -0.03000 -0.73120
vn -0.62620 -0.77960 0.01010
vn -0.59350 -0.56760 -0.57060
vn 0.00100 -0.58730 0.80940
vn 0.00500 -0.61900 0.78540
vn 0.00500 -0.61900 0.78530
vn 0.02450 -0.70770 -0.70610
vn 0.01560 -0.70780 -0.70620
vn 0.01070 -0.67520 -0.73760
vn 0.00240 -1.00000 0.00630
vn 0.00250 -1.00000 0.00620
vn 0.00830 -1.00000 0.00050
vn 0.00930 -0.65290 0.75740
vn -0.00350 -0.99990 0.01210
vn 0.03350 -0.72790 -0.68490
vn 0.00500 0.00010 1.00000
vn -0.00410 0.01520 -0.99990
vn 0.28270 -0.67700 -0.67960
vn 0.70170 -0.01370 -0.71230
vn 0.62340 -0.78180 -0.00880
vn 0.73520 -0.67780 0.00580
vn 0.71070 -0.70340 0.00910
vn 0.83570 -0.54910 0.01430
vn 0.77570 -0.63040 -0.02880
vn -0.99920 0.03870 0.00450
vn -0.99840 0.00840 0.05550
vn -0.99920 0.03860 0.00450
vn 0.62880 -0.39550 0.66950
vn 0.73280 -0.04320 0.67910
vn 0.73520 -0.02690 0.67730
vn 0.85240 -0.52210 -0.02710
vn -0.99750 0.06140 -0.03400
vn 0.68680 -0.71890 -0.10670
vn 0.99840 -0.00590 0.05710
vn 0.99530 -0.01300 -0.09550
vn 0.99890 -0.00880 -0.04550
vn -0.99970 0.02130 -0.01480
vn -0.87210 0.07640 0.48340
vn -0.73400 0.03810 0.67810
vn -0.84160 -0.06180 -0.53660
vn -0.68700 0.02680 0.72610
vn -0.55220 0.05890 0.83160
vn 0.98870 -0.01750 -0.14880
vn -0.88200 0.01340 0.47100
vn -0.27560 -0.96120 -0.01400
vn -0.26620 -0.96320 -0.03680
vn -0.29200 -0.95510 -0.05120
vn -0.99830 0.05760 0.00480
vn -0.75560 0.06540 -0.65170
vn -0.57300 0.02770 -0.81910
vn -0.92830 0.08320 -0.36230
vn -0.24260 -0.94680 -0.21160
vn -0.11400 -0.98860 -0.09880
vn -0.35560 -0.02130 0.93440
vn -0.54200 0.01590 0.84020
vn -0.34080 0.01430 -0.94000
vn -0.32370 -0.00270 -0.94620
vn -0.13050 -0.98090 0.14450
vn -0.03420 -0.99700 0.06900
vn -0.08820 -0.97620 0.19820
vn -0.28980 0.00620 0.95710
vn -0.21560 -0.00750 0.97650
vn -0.03650 -0.99840 -0.04320
vn -0.22470 -0.03240 -0.97390
vn -0.02270 -0.99520 -0.09520
vn -0.09810 -0.00200 0.99520
vn -0.12380 0.01310 -0.99220
vn -0.01890 -0.99820 0.05700
vn 0.00200 -0.99980 -0.01740
vn -0.09740 -0.01970 0.99510
vn -0.00050 -1.00000 -0.00330
vn -0.00700 -0.99980 0.01810
vn -0.12740 0.00670 -0.99180
vn -0.14630 -0.02320 0.98900
vn -0.10360 0.00400 -0.99460
vn -0.01700 0.00610 0.99980
vn -0.06110 0.03760 -0.99740
vn -0.00650 0.99990 0.01440
vn -0.03150 -0.01300 0.99940
vn 0.01570 -0.99930 0.03250
vn -0.00420 0.12570 -0.99210
vn -0.89440 0.06950 -0.44190
vn -0.72300 -0.01330 0.69070
vn 0.38760 0.56160 0.73100
vn 0.35030 0.63710 0.68660
vn 0.35200 0.63170 0.69060
vn 0.31080 0.01210 0.95040
vn 0.23670 -0.13090 0.96270
vn 0.43240 0.45150 0.78050
vn 0.31740 0.02550 0.94800
vn 0.51040 0.18220 0.84040
vn 0.56050 -0.01580 0.82800
vn 0.14030 0.95280 0.26930
vn 0.02450 0.95750 0.28730
vn 0.09270 0.95700 0.27500
vn 0.36990 0.37080 0.85190
vn 0.30730 0.09680 0.94670
vn 0.65820 0.18220 0.73040
vn 0.00670 -0.99480 0.10140
vn -0.00460 -0.99570 0.09250
vn 0.03320 -0.99430 0.10140
vn 0.16170 0.94630 0.28010
vn 0.02420 0.98400 0.17630
vn 0.08410 0.95140 0.29610
vn 0.29500 0.91950 0.25990
vn 0.39370 -0.10800 0.91290
vn 0.35050 0.90890 0.22590
vn 0.33420 0.91170 0.23920
vn 0.41420 0.43230 0.80090
vn 0.46190 0.25170 0.85050
vn 0.00880 -0.99190 0.12710
vn 0.12720 -0.98530 0.11400
vn 0.69920 -0.12300 0.70430
vn 0.41130 0.87870 0.24220
vn 0.18580 -0.97150 0.14750
vn 0.18590 -0.97740 0.10080
vn 0.87780 0.32320 0.35350
vn 0.83160 0.33350 0.44410
vn 0.84520 -0.02470 0.53390
vn 0.80630 0.50720 0.30430
vn 0.11350 0.94910 0.29390
vn 0.40440 0.87460 0.26750
vn 0.80330 0.45390 0.38560
vn 0.03230 -0.99930 -0.01940
vn 0.00440 -1.00000 0.00330
vn -0.21630 -0.97510 -0.04900
vn 0.13650 -0.99060 0.00770
vn 0.13620 -0.98930 0.05210
vn 0.70890 0.67100 0.21720
vn 0.71210 0.67010 0.20950
vn 0.85080 0.49470 0.17710
vn 0.85020 0.50040 0.16370
vn 0.24870 -0.96750 -0.04550
vn -0.09190 -0.96030 0.26350
vn 0.96740 -0.07100 0.24310
vn 0.94640 -0.09040 0.31000
vn 0.93660 -0.33380 0.10680
vn 0.61780 0.02350 0.78600
vn 0.96690 0.16540 0.19410
vn 0.97390 0.20160 0.10460
vn 0.98900 -0.11140 0.09740
vn 0.93530 -0.34360 0.08470
vn 0.98720 -0.13890 0.07830
vn 0.98840 -0.14890 0.02880
vn 0.99460 -0.00810 -0.10300
vn -0.29640 0.02050 0.95480
vn -0.29620 0.02290 0.95480
vn -0.35140 0.00910 0.93620
vn -0.28430 0.03140 0.95820
vn -0.17630 -0.17260 0.96910
vn -0.29680 0.01390 0.95480
vn -0.75630 0.18790 0.62670
vn -0.75940 0.42090 0.49620
vn -0.82650 0.44780 0.34120
vn -0.82300 0.46210 0.33040
vn -0.41070 0.87510 0.25600
vn -0.38570 0.88070 0.27480
vn -0.35900 0.50530 0.78470
vn -0.48290 0.34700 0.80400
vn -0.40230 0.44930 0.79770
vn -0.68160 -0.05110 0.72990
vn -0.62340 -0.00290 0.78190
vn -0.19580 0.91700 0.34750
vn -0.55900 0.40290 0.72470
vn -0.67010 0.17850 0.72050
vn -0.17580 0.92680 0.33190
vn -0.13440 0.87980 0.45600
vn 0.12970 0.93540 0.32890
vn -0.01860 0.98590 0.16610
vn -0.01930 0.98790 0.15360
vn -0.19250 -0.21280 0.95790
vn -0.06730 -0.17300 0.98260
vn -0.11220 -0.04210 0.99280
vn -0.28620 0.58210 0.76110
vn -0.28170 0.59400 0.75350
vn -0.01870 -0.99970 -0.01290
vn -0.00610 -0.99810 0.06170
vn -0.00040 -0.99710 0.07640
vn -0.05790 0.99450 0.08720
vn 0.00530 0.96650 0.25660
vn -0.04310 0.00590 0.99910
vn -0.02590 0.60020 0.79940
vn -0.01470 0.95620 0.29220
vn 0.02290 -0.71360 0.70020
vn 0.02970 0.85060 0.52490
vn 0.00090 -0.99860 -0.05250
vn 0.01390 -0.98920 0.14600
vn 0.01200 -0.99400 0.10840
vn 0.06530 0.75320 0.65460
vn -0.03300 0.99320 0.11120
vn 0.04620 -0.21660 0.97520
vn 0.02650 -0.98710 -0.15760
vn -0.41960 0.85980 0.29090
vn -0.47160 0.76020 0.44690
vn -0.11250 0.37840 0.91880
vn -0.99510 -0.03740 0.09110
vn -0.99830 -0.00750 0.05860
vn -0.99830 0.00300 0.05750
vn -0.99920 0.03450 0.01880
vn -0.99830 0.02180 0.05320
vn -0.96920 0.02880 0.24460
vn -0.98060 -0.03140 0.19370
vn -0.98760 -0.04780 0.14960
vn -0.06530 -0.99640 0.05380
vn -0.20680 -0.97840 0.00760
vn -0.33790 -0.94060 -0.03180
vn -0.93000 0.00840 0.36740
vn -0.33360 -0.94230 0.02860
vn -0.91610 0.02880 0.39990
vn -0.90040 0.16730 0.40160
vn -0.80580 0.59110 0.03500
vn -0.65860 0.56430 0.49780
vn -0.90770 0.01780 0.41930
vn -0.65870 -0.38340 0.64740
vn -0.71470 -0.39870 0.57460
vn -0.06200 -0.99710 0.04360
vn -0.21610 -0.97630 0.01180
vn -0.10690 -0.97580 -0.19070
vn -0.75980 -0.40960 0.50490
vn -0.26250 -0.96090 -0.08800
vn 0.01270 -0.99980 -0.01710
vn -0.03530 -0.99910 0.02480
vn 0.01290 -0.99980 -0.01750
vn 0.02410 -0.99240 -0.12060
vn 0.33490 0.34180 -0.87810
vn 0.24590 0.51340 -0.82220
vn 0.23520 0.11460 -0.96520
vn 0.24170 0.00880 -0.97030
vn 0.17270 -0.15730 -0.97230
vn 0.23560 -0.06260 -0.96980
vn 0.26880 -0.12160 -0.95550
vn 0.00480 -0.99970 0.02360
vn -0.00100 -0.99900 0.04440
vn 0.51120 0.12460 -0.85040
vn -0.02020 -0.99340 0.11290
vn 0.55060 0.21930 -0.80550
vn 0.23120 0.06630 -0.97060
vn 0.70040 -0.06670 -0.71070
vn -0.11210 -0.98760 -0.11000
vn -0.10300 -0.99140 -0.08030
vn -0.10300 -0.99140 -0.08040
vn -0.10550 -0.99380 0.03420
vn 0.18710 -0.98230 -0.00110
vn 0.78110 -0.00900 -0.62440
vn 0.90840 -0.08540 -0.40930
vn 0.19200 0.02390 -0.98110
vn 0.87060 -0.23600 -0.43180
vn 0.49830 0.00510 -0.86700
vn -0.07860 -0.99690 -0.00240
vn 0.25010 -0.96820 -0.00890
vn 0.99890 -0.04690 -0.00770
vn 0.99370 0.09100 -0.06530
vn 0.82840 0.03340 -0.55910
vn 0.96320 -0.22440 -0.14810
vn 0.99950 0.03120 0.00660
vn 0.97130 -0.04270 -0.23410
vn 0.21690 -0.97430 0.06050
vn 0.99960 -0.01580 -0.02530
vn 0.96600 -0.25420 -0.04780
vn 0.98730 0.15900 0.00330
vn 0.98210 0.17910 -0.05750
vn 0.94860 0.30080 0.09870
vn 0.99620 0.08610 -0.01520
vn 0.41420 0.23690 -0.87880
vn -0.99890 -0.04660 0.00670
vn -0.83590 -0.01840 -0.54860
vn -0.83780 -0.01870 -0.54560
vn -0.83920 -0.01890 -0.54360
vn -0.24820 0.01420 -0.96860
vn -0.21010 0.02010 -0.97750
vn -0.19080 0.02310 -0.98140
vn -0.59770 0.70590 0.38000
vn -0.99960 -0.02540 0.00810
vn -0.98870 -0.14740 -0.02710
vn -0.99350 -0.10500 0.04330
vn -0.98010 -0.18550 -0.07100
vn -0.97830 -0.12020 -0.16880
vn -0.98480 -0.14280 -0.09840
vn -0.90010 0.04490 -0.43340
vn -0.99740 0.05020 0.05090
vn -0.98330 -0.18210 0.00720
vn -0.98570 -0.14510 0.08590
vn 0.89180 -0.23040 -0.38930
vn -0.99360 0.08930 0.06980
vn -0.99720 0.04310 0.06170
vn -0.96450 -0.05680 -0.25780
vn 0.14460 -0.98540 0.08940
vn -0.04000 -0.99920 0.00190
vn -0.31570 -0.94780 0.04530
vn -0.24280 -0.96990 0.01680
vn -0.87010 0.18220 -0.45790
vn 0.23890 -0.97050 -0.03270
vn 0.20620 -0.97790 -0.03540
vn 0.20590 -0.97790 -0.03540
vn -0.82980 -0.21070 -0.51680
vn 0.87690 -0.46830 0.10860
vn -0.80690 0.13860 -0.57420
vn -0.32190 -0.94660 0.01820
vn -0.80680 0.04440 -0.58920
vn -0.18850 -0.98140 -0.03580
vn -0.25130 -0.96070 -0.11820
vn -0.00810 -0.99920 -0.03920
vn -0.72410 -0.19830 -0.66060
vn -0.77340 0.34830 -0.52970
vn -0.69040 -0.15670 -0.70620
vn 0.19860 -0.97940 -0.03600
vn -0.77370 0.14050 -0.61780
vn -0.11690 -0.98840 -0.09710
vn -0.62870 -0.10970 -0.76990
vn -0.47130 0.32200 -0.82110
vn -0.31630 0.46220 -0.82850
vn -0.29650 0.26660 -0.91710
vn -0.66110 -0.08730 -0.74520
vn 0.02390 -0.99970 0.00350
vn -0.17090 -0.09470 -0.98070
vn -0.12200 -0.01320 -0.99240
vn -0.11010 -0.01830 -0.99380
vn 0.02750 -0.99140 -0.12800
vn -0.17840 0.16290 -0.97040
vn -0.07230 -0.03090 -0.99690
vn 0.02210 -0.99130 -0.12980
vn -0.26520 0.48550 -0.83300
vn -0.31440 0.02730 0.94890
vn 0.20100 0.05520 0.97800
vn 0.20110 0.05520 0.97800
vn 0.11720 0.01670 0.99300
vn 0.57890 0.00730 0.81530
vn 0.34350 0.12130 0.93130
vn 0.02740 -0.99460 0.09990
vn -0.01610 0.96630 0.25680
vn 0.03700 0.87200 0.48810
vn 0.06710 0.94450 0.32160
vn 0.19940 -0.17590 0.96400
vn 0.11040 -0.18240 0.97700
vn 0.03790 -0.21330 0.97630
vn 0.04710 0.95140 0.30450
vn 0.30680 0.55330 0.77440
vn 0.21170 0.41980 0.88260
vn 0.33370 0.67560 0.65740
vn 0.36060 0.56090 0.74520
vn -0.06270 0.80870 0.58490
vn -0.01440 0.72380 0.68980
vn 0.23970 0.33270 0.91210
vn -0.01140 0.94270 -0.33350
vn 0.03940 0.96650 0.25360
vn -0.00370 0.96980 0.24380
vn 0.01000 0.99420 0.10730
vn 0.27670 0.82640 0.49040
vn 0.47550 0.80720 0.34980
vn -0.01670 0.92950 0.36840
vn -0.14820 -0.80240 0.57810
vn -0.29420 0.94140 0.16480
vn 0.47510 -0.10710 0.87340
vn 0.17520 -0.24770 0.95290
vn 0.76900 0.49320 0.40680
vn 0.80400 0.11750 0.58280
vn 0.51260 0.82110 0.25100
vn 0.45500 0.86580 0.20830
vn 0.67220 -0.13400 0.72810
vn 0.76480 -0.13670 0.62960
vn 0.84190 0.24520 0.48070
vn 0.76760 0.57680 0.27950
vn 0.86220 -0.14030 0.48680
vn 0.83190 0.55350 -0.04050
vn 0.82710 -0.03190 0.56110
vn 0.29450 0.46590 0.83440
vn 0.53740 0.79910 0.26960
vn 0.01900 -0.99980 0.00890
vn 0.01070 -0.99990 0.00520
vn 0.01210 -0.99850 0.05380
vn 0.01400 -0.99910 -0.04110
vn 0.01930 -0.99980 0.00460
vn 0.17550 -0.98430 0.01950
vn -0.10740 -0.98700 -0.11920
vn -0.25230 -0.96350 -0.08990
vn 0.76710 0.56020 0.31260
vn 0.77200 0.55790 0.30470
vn 0.82110 0.49230 0.28890
vn -0.25320 -0.96120 0.10910
vn -0.30140 -0.95340 0.01630
vn -0.25330 -0.96120 0.10910
vn 0.56980 0.00310 0.82180
vn 0.26800 -0.96130 0.06380
vn -0.22950 -0.96130 0.15260
vn 0.83140 0.47000 0.29650
vn 0.96350 0.07080 0.25800
vn 0.95720 0.15270 0.24600
vn 0.95930 -0.10550 0.26210
vn 0.95490 -0.14780 0.25760
vn 0.92440 -0.27530 0.26410
vn 0.95320 -0.11120 0.28130
vn 0.99670 -0.07990 0.01650
vn 0.99610 -0.08570 0.02210
vn 0.99790 -0.06460 0.00180
vn 0.99670 -0.07980 0.01650
vn -0.91130 0.00650 0.41170
vn -0.35630 0.04500 0.93330
vn -0.35630 0.04490 0.93330
vn -0.24740 0.02250 0.96870
vn -0.40480 0.05510 0.91270
vn -0.18560 -0.22990 0.95540
vn -0.86030 0.41370 0.29780
vn -0.78020 0.24110 0.57730
vn -0.83830 0.40980 0.35960
vn -0.84960 -0.06490 0.52350
vn -0.60140 -0.10900 0.79150
vn -0.43790 0.81190 0.38620
vn -0.40190 0.61610 0.67740
vn -0.56250 0.74800 0.35240
vn -0.36950 0.88430 0.28540
vn -0.27150 0.06180 0.96050
vn -0.04730 -0.98660 0.15640
vn -0.11350 -0.99040 0.07900
vn -0.09340 -0.99290 -0.07340
vn -0.10990 -0.97350 0.20030
vn -0.38000 0.37370 0.84610
vn -0.02560 -0.98310 0.18110
vn -0.31650 0.77750 0.54340
vn -0.20890 0.88860 0.40830
vn -0.15390 0.90860 0.38820
vn -0.07020 0.93210 0.35530
vn -0.20800 0.90720 0.36560
vn -0.17460 -0.13930 0.97470
vn -0.42190 -0.70420 -0.57110
vn -0.10000 0.99480 -0.01740
vn -0.20860 0.91430 0.34710
vn -0.12550 0.28250 0.95100
vn 0.00310 -0.98570 0.16830
vn -0.07600 0.90420 0.42030
vn -0.29470 0.64290 0.70700
vn -0.03370 -0.01550 0.99930
vn -0.00720 0.67880 0.73430
vn -0.01000 0.94820 -0.31760
vn -0.30580 0.62230 0.72060
vn 0.00590 0.95150 0.30760
vn 0.21800 -0.85960 0.46220
vn 0.04700 -0.99880 -0.01340
vn -0.17930 0.47280 0.86270
vn -0.99930 -0.00920 0.03620
vn -0.99470 -0.01870 0.10160
vn -0.99750 -0.04900 0.05020
vn -0.98540 -0.01830 0.16930
vn -0.99450 -0.05600 0.08900
vn -0.99630 -0.04730 0.07120
vn -0.99350 -0.06170 0.09610
vn -0.95490 0.04820 0.29310
vn -0.99900 -0.00530 0.04520
vn -0.97570 0.19580 0.09810
vn -0.97790 0.06390 0.19920
vn -0.87130 0.37470 0.31680
vn -0.94210 0.07160 0.32750
vn -0.94160 0.06030 0.33140
vn -0.10100 -0.99480 0.01510
vn -0.14970 -0.98850 0.02320
vn -0.14160 -0.98900 0.04210
vn -0.14380 -0.98870 0.04300
vn -0.17750 -0.98390 -0.02020
vn -0.19170 -0.97960 -0.05980
vn -0.15570 -0.98750 0.02370
vn -0.87020 0.37530 0.31910
vn -0.11260 -0.99110 0.07140
vn -0.18470 -0.98080 0.06190
vn -0.99510 0.09810 -0.01310
vn -0.92090 0.30970 0.23680
vn -0.99750 0.00020 -0.07130
vn -0.87020 0.02880 -0.49180
vn -0.26540 0.02500 -0.96380
vn -0.29320 0.03440 -0.95540
vn -0.01700 0.00950 -0.99980
vn 0.03050 0.00140 -0.99950
vn 0.34460 -0.00240 -0.93880
vn 0.30350 -0.00510 -0.95280
vn 0.48740 0.00570 -0.87320
vn 0.73480 -0.00820 0.67820
vn 0.99900 -0.04510 0.00120
vn 0.90630 -0.04710 -0.42000
vn 0.99860 -0.04980 -0.01980
vn 0.99800 -0.04300 0.04620
vn 0.99820 -0.03840 0.04500
vn 0.97710 -0.02230 0.21150
vn -0.99850 -0.02760 -0.04730
vn -0.97510 -0.06610 -0.21180
vn -0.04900 0.25280 -0.96630
vn 0.13350 0.20680 -0.96920
vn 0.08480 0.03990 -0.99560
vn 0.07000 -0.23400 -0.96970
vn 0.21810 -0.18130 -0.95890
vn 0.02180 -0.99940 0.02670
vn 0.01860 -0.99980 0.00120
vn 0.03100 -0.99950 -0.00850
vn 0.61410 0.02960 -0.78870
vn 0.34960 0.74630 -0.56650
vn 0.34960 0.74630 -0.56640
vn 0.25580 0.57030 -0.78060
vn -0.73290 -0.52280 0.43530
vn 0.78240 0.17070 -0.59900
vn 0.01550 -0.99740 -0.07100
vn 0.11580 -0.99240 -0.04070
vn 0.05310 -0.99760 0.04380
vn 0.14530 -0.98550 -0.08720
vn -0.14280 -0.98420 -0.10470
vn -0.16850 -0.98460 -0.04580
vn -0.10620 -0.97260 -0.20680
vn 0.39260 0.82320 -0.41020
vn 0.11200 -0.99250 -0.04840
vn 0.26020 -0.96540 0.01620
vn 0.77070 -0.06230 -0.63420
vn 0.19830 -0.97020 -0.13910
vn 0.86990 0.15090 -0.46950
vn 0.87920 -0.05790 -0.47300
vn 0.91020 -0.09040 -0.40430
vn 0.81420 0.19800 -0.54580
vn -0.07910 -0.99640 0.02920
vn -0.05840 -0.99810 0.02200
vn 0.96890 -0.09940 -0.22670
vn 0.93830 -0.30710 -0.15920
vn 0.98070 0.19170 -0.03930
vn 0.95480 -0.27610 -0.11020
vn 0.99730 -0.06880 -0.02610
vn 0.95410 -0.29180 0.06770
vn 0.99540 0.01490 0.09430
vn 0.04790 -0.99540 0.08270
vn 0.97910 0.13250 0.15410
vn 0.96990 0.23910 -0.04590
vn 0.99250 0.12000 0.02310
vn -0.06830 -0.99490 0.07360
vn -0.98300 -0.16320 -0.08450
vn -0.97660 -0.17120 -0.13040
vn -0.99680 -0.02130 -0.07650
vn -0.99360 0.08050 -0.07930
vn -0.99300 0.11700 -0.01550
vn -0.99060 -0.11970 -0.06620
vn -0.97510 -0.06950 -0.21080
vn -0.98690 -0.12320 -0.10380
vn -0.99580 0.09100 -0.01200
vn -0.99630 0.08530 -0.00960
vn -0.16350 -0.98650 -0.01190
vn -0.13740 -0.99050 0.00570
vn -0.18000 -0.98260 -0.04610
vn -0.90390 0.00600 -0.42770
vn -0.88120 -0.22610 -0.41530
vn -0.89590 0.17200 -0.40960
vn -0.20500 -0.97850 0.02440
vn -0.15490 -0.98750 -0.02850
vn 0.00390 -1.00000 -0.00300
vn -0.73580 -0.33470 -0.58870
vn 0.00720 -1.00000 0.00570
vn -0.11220 -0.98990 -0.08650
vn -0.06580 -0.99210 -0.10650
vn 0.02930 -0.99960 0.00610
vn -0.99960 0.02600 -0.00630
vn -0.87020 -0.27630 -0.40780
vn -0.84630 0.02630 -0.53210
vn 0.18890 -0.98120 -0.03840
vn -0.65480 -0.14470 -0.74180
vn -0.60910 -0.14250 -0.78020
vn -0.64680 -0.02350 -0.76230
vn -0.65780 0.07430 -0.74950
vn -0.64530 0.06350 -0.76130
vn -0.28980 0.43900 -0.85050
vn -0.37450 0.19580 -0.90630
vn -0.50770 0.26900 -0.81850
vn -0.20980 0.89080 0.40310
vn -0.53940 -0.13110 -0.83180
vn -0.30150 0.00740 -0.95340
vn 0.04070 -0.99560 -0.08450
vn -0.00050 -0.99300 -0.11770
vn -0.24400 0.46870 -0.84900
vn -0.19960 -0.04780 -0.97870
vn -0.13580 0.05610 -0.98910
vn -0.13530 0.10500 -0.98520
vn -0.21230 0.60310 -0.76890
vn -0.01710 -0.89390 -0.44800
vn -0.01230 -0.99180 -0.12710
usemtl Material
f 263/771/623 264/772/624 265/773/625
f 266/774/626 265/773/625 264/772/624
f 265/773/625 267/775/627 263/771/623
f 280/1082/857 338/1083/857 266/1084/857
f 266/853/691 264/854/691 280/855/691
f 265/773/625 268/776/628 267/775/627
f 266/1085/858 338/1086/858 281/1087/858
f 268/777/629 269/778/630 267/779/630
f 339/1088/859 338/1089/860 280/1090/861
f 338/1091/862 340/1092/862 281/1093/862
f 270/780/631 263/781/632 267/782/633
f 271/783/634 272/784/635 267/785/636
f 267/779/630 269/778/630 271/786/637
f 280/1094/863 264/1095/863 288/1096/863
f 338/1089/860 339/1088/859 340/1097/864
f 268/787/638 273/788/639 269/789/640
f 339/1098/865 280/1099/865 288/1100/865
f 273/790/641 268/791/641 265/792/641
f 272/793/642 270/794/642 267/795/642
f 265/796/643 266/797/644 274/798/645
f 281/1101/866 340/1102/867 341/1103/868
f 272/784/635 271/783/634 241/799/646
f 342/1104/869 339/1105/870 288/1106/871
f 339/1107/872 343/1108/873 340/1109/874
f 273/800/647 265/796/643 244/801/648
f 247/802/649 271/803/650 269/804/651
f 270/780/631 264/805/652 263/781/632
f 340/1102/867 343/1110/875 341/1103/868
f 266/856/692 281/857/692 274/858/692
f 343/1108/873 339/1107/872 344/1111/876
f 344/1112/877 339/1105/870 342/1104/869
f 265/796/643 274/798/645 240/806/653
f 271/803/650 247/802/649 245/807/654
f 281/1113/878 341/1114/878 274/1115/878
f 270/780/631 275/808/655 264/805/652
f 275/890/713 288/891/713 264/892/713
f 272/809/656 241/810/657 270/816/663
f 239/811/658 265/796/643 240/806/653
f 288/1116/879 275/1117/879 342/1118/879
f 275/933/715 270/893/714 243/894/715
f 241/810/657 243/812/659 270/816/663
f 273/788/639 247/813/660 269/789/640
f 244/814/661 247/813/660 273/788/639
f 244/801/648 265/796/643 239/811/658
f 271/783/634 245/815/662 241/799/646
f 238/696/572 239/697/573 240/698/574
f 512/1633/1301 513/1634/1302 514/1635/1303
f 501/1636/1304 514/1635/1303 515/1637/1305
f 501/1636/1304 512/1633/1301 514/1635/1303
f 516/1638/1306 514/1635/1303 513/1634/1302
f 546/1737/1389 517/1738/1390 513/1739/1391
f 516/1638/1306 513/1634/1302 517/1639/1307
f 547/1740/1392 513/1739/1391 512/1741/1393
f 546/1737/1389 513/1739/1391 548/1742/1394
f 516/1638/1306 515/1637/1305 514/1635/1303
f 547/1740/1392 548/1742/1394 513/1739/1391
f 548/1742/1394 549/1743/1395 550/1744/1396
f 501/1636/1304 515/1637/1305 518/1640/1308
f 546/1737/1389 548/1742/1394 550/1744/1396
f 241/699/575 242/700/576 243/701/576
f 519/1641/1309 515/1637/1305 516/1638/1306
f 344/1112/877 342/1104/869 291/1119/880
f 512/1657/1325 501/1658/1326 499/1642/1310
f 512/1741/1393 499/1745/1397 547/1740/1392
f 238/859/693 240/860/693 274/861/693
f 547/1740/1392 499/1745/1397 522/1746/1398
f 243/894/715 289/895/716 275/933/715
f 244/702/577 239/697/573 238/696/572
f 515/1637/1305 519/1641/1309 520/1643/1311
f 291/1120/881 342/1121/881 275/1122/881
f 548/1742/1394 547/1740/1392 549/1743/1395
f 242/703/578 241/704/578 245/705/578
f 518/1640/1308 515/1637/1305 520/1643/1311
f 246/706/579 247/707/579 244/708/579
f 551/1747/1399 546/1748/1400 550/1749/1401
f 499/1642/1310 501/1658/1326 500/1644/1312
f 243/701/576 242/700/576 248/709/580
f 247/710/581 249/711/582 245/712/583
f 289/896/717 243/897/717 248/898/717
f 499/1761/1413 351/1762/1413 522/1763/1413
f 344/1123/882 345/1124/883 343/1125/884
f 345/1124/883 346/1126/885 343/1125/884
f 547/1740/1392 552/1750/1402 549/1743/1395
f 345/1124/883 344/1123/882 291/1127/886
f 550/1744/1396 549/1743/1395 553/1751/1403
f 499/1577/1258 500/1578/1258 349/1579/1258
f 349/1156/907 347/1157/908 351/1158/909
f 349/1159/910 346/1160/910 347/1161/910
f 553/1751/1403 549/1743/1395 552/1750/1402
f 351/1659/1327 499/1660/1327 349/1661/1327
f 518/1640/1308 502/1645/1313 501/1636/1304
f 547/1764/1414 522/1765/1414 554/1766/1414
f 347/1128/887 346/1129/888 345/1130/889
f 245/712/583 249/711/582 242/713/584
f 518/1640/1308 504/1646/1314 502/1645/1313
f 343/1131/890 282/1132/891 341/1133/891
f 282/1132/891 274/1134/892 341/1133/891
f 347/1197/944 297/1162/911 352/1163/912
f 244/702/577 238/696/572 246/714/585
f 518/1640/1308 520/1643/1311 504/1646/1314
f 291/1127/886 348/1135/893 345/1124/883
f 351/1685/1328 353/1662/1328 522/1663/1328
f 248/899/718 275/900/719 289/901/720
f 347/1128/887 345/1130/889 348/1136/894
f 290/902/721 285/903/722 275/900/719
f 282/1137/895 343/1125/884 346/1126/885
f 285/903/722 291/904/723 275/900/719
f 248/715/586 242/716/586 250/717/586
f 522/1797/1415 353/1767/1415 523/1768/1415
f 249/711/582 247/710/581 246/718/587
f 282/862/694 283/863/695 274/864/696
f 554/1752/1404 552/1750/1402 547/1740/1392
f 274/864/696 251/865/697 238/866/698
f 297/1162/911 347/1197/944 348/1164/913
f 246/719/588 238/720/588 251/721/588
f 248/899/718 290/902/721 275/900/719
f 346/1138/896 284/1139/896 282/1152/896
f 284/867/699 283/863/695 282/862/694
f 290/902/721 283/905/724 285/903/722
f 285/868/700 283/863/695 284/867/699
f 348/1140/897 291/1153/905 285/1141/897
f 348/1140/897 285/1141/897 293/1142/898
f 249/722/589 212/723/590 242/724/591
f 283/863/695 251/865/697 274/864/696
f 504/1647/1315 520/1648/1316 521/1649/1317
f 285/906/725 284/907/726 287/908/725
f 212/723/590 252/725/592 242/724/591
f 348/1143/899 293/1144/899 292/1145/899
f 290/909/727 287/910/727 283/911/727
f 285/912/728 292/913/729 293/914/730
f 248/915/731 294/916/732 290/917/733
f 286/869/701 253/870/702 283/871/702
f 248/915/731 250/918/734 294/916/732
f 517/1753/1405 546/1748/1400 551/1747/1399
f 347/1157/908 352/1165/914 351/1158/909
f 287/872/703 286/873/703 283/874/703
f 212/723/590 249/722/589 246/726/593
f 349/1146/900 350/1147/901 346/1154/906
f 521/1649/1317 520/1648/1316 519/1650/1318
f 527/1769/1416 522/1770/1416 523/1771/1416
f 286/875/704 287/876/705 284/877/706
f 553/1754/1406 532/1755/1407 550/1749/1401
f 253/870/702 251/878/707 283/871/702
f 555/1756/1408 553/1751/1403 552/1750/1402
f 287/908/725 294/919/735 285/906/725
f 290/917/733 294/916/732 287/920/736
f 516/1651/1319 517/1652/1320 488/1653/1321
f 555/1772/1417 552/1773/1418 554/1774/1419
f 352/1165/914 353/1166/915 351/1158/909
f 297/1148/902 348/1155/902 292/1149/902
f 250/727/594 242/724/591 252/725/592
f 501/1587/1264 502/1588/1265 503/1589/1266
f 292/913/729 285/912/728 295/921/737
f 285/912/728 294/922/738 295/921/737
f 554/1774/1419 522/1775/1420 527/1776/1421
f 504/1590/1267 505/1591/1268 502/1588/1265
f 354/1167/916 350/1168/917 349/1198/945
f 253/728/595 246/729/595 251/730/595
f 350/1147/901 284/1150/903 346/1154/906
f 284/877/706 253/879/708 286/875/704
f 284/877/706 276/880/709 253/879/708
f 356/1580/1259 500/1581/1260 457/1582/1261
f 506/1592/1269 457/1593/1270 500/1594/1271
f 557/1777/1422 527/1778/1423 523/1779/1424
f 519/1650/1318 516/1651/1319 488/1653/1321
f 500/1594/1271 503/1595/1272 506/1592/1269
f 350/1147/901 278/1151/904 284/1150/903
f 278/881/710 276/882/710 284/883/710
f 295/923/739 296/924/740 292/925/741
f 517/1753/1405 551/1747/1399 488/1757/1409
f 356/1580/1259 349/1583/1262 500/1581/1260
f 246/731/596 254/732/597 255/733/598
f 500/1644/1312 501/1658/1326 503/1654/1322
f 250/918/734 257/926/742 294/916/732
f 253/734/599 254/732/597 246/731/596
f 550/1749/1401 532/1755/1407 551/1747/1399
f 532/1755/1407 553/1754/1406 555/1758/1410
f 250/769/621 256/735/600 257/736/601
f 557/1780/1425 523/1781/1425 524/1782/1425
f 276/884/711 254/885/711 253/886/711
f 555/1772/1417 554/1774/1419 556/1783/1426
f 502/1588/1265 505/1591/1268 507/1596/1273
f 462/1597/1274 504/1598/1275 508/1599/1276
f 296/1169/918 355/1170/919 352/1163/912
f 294/922/738 257/927/743 295/921/737
f 521/1649/1317 508/1655/1323 504/1647/1315
f 349/1171/920 356/1172/921 354/1173/922
f 277/928/744 295/921/737 257/927/743
f 504/1598/1275 462/1597/1274 505/1600/1277
f 556/1783/1426 554/1774/1419 558/1784/1427
f 297/1162/911 296/1169/918 352/1163/912
f 212/592/488 213/593/489 214/594/490
f 214/595/491 215/596/491 212/597/492
f 292/925/741 296/924/740 297/929/745
f 509/1601/1278 503/1589/1266 502/1588/1265
f 213/737/602 212/738/602 246/739/602
f 259/817/664 254/818/664 276/819/665
f 252/740/603 212/741/604 215/742/603
f 468/1602/1279 505/1600/1277 462/1597/1274
f 510/1603/1280 457/1593/1270 506/1592/1269
f 213/743/605 246/731/596 255/733/598
f 511/1604/1281 510/1603/1280 506/1592/1269
f 502/1588/1265 507/1596/1273 509/1601/1278
f 464/1605/1282 475/1606/1283 503/1607/1284
f 461/1496/1191 462/1497/1191 463/1498/1191
f 278/1174/923 350/1168/917 357/1175/924
f 276/887/712 278/888/712 259/889/712
f 468/1608/1285 507/1596/1273 505/1591/1268
f 532/1755/1407 555/1758/1410 556/1759/1411
f 506/1592/1269 503/1595/1272 511/1604/1281
f 277/928/744 257/927/743 256/930/746
f 258/744/606 250/769/621 223/745/607
f 503/1609/1286 475/1610/1286 511/1611/1286
f 277/820/666 256/821/666 261/822/666
f 554/1774/1419 527/1776/1421 558/1784/1427
f 358/1176/925 353/1166/915 352/1165/914
f 259/817/664 255/823/667 254/818/664
f 223/770/622 252/740/603 215/742/603
f 519/1650/1318 488/1653/1321 521/1649/1317
f 462/1656/1324 508/1655/1323 521/1649/1317
f 509/1612/1287 465/1613/1288 503/1607/1284
f 503/1607/1284 465/1613/1288 464/1605/1282
f 223/745/607 250/769/621 252/746/608
f 471/1614/1289 509/1601/1278 507/1596/1273
f 556/1785/1428 530/1786/1429 532/1787/1429
f 527/1778/1423 557/1777/1422 535/1788/1430
f 259/747/609 260/748/609 255/749/609
f 350/1168/917 354/1167/916 357/1175/924
f 462/1597/1274 461/1615/1290 468/1602/1279
f 530/1789/1431 556/1783/1426 558/1784/1427
f 258/744/606 256/735/600 250/769/621
f 523/1664/1329 353/1665/1330 359/1666/1331
f 510/1603/1280 511/1604/1281 478/1616/1291
f 277/931/747 296/924/740 295/923/739
f 258/750/610 261/751/610 256/752/610
f 529/1790/1432 558/1784/1427 527/1791/1433
f 358/1177/926 352/1163/912 355/1170/919
f 464/1499/1192 465/1500/1193 466/1501/1194
f 521/1649/1317 488/1653/1321 462/1656/1324
f 458/1584/1263 457/1586/1263 472/1585/1263
f 488/1757/1409 551/1747/1399 532/1755/1407
f 216/598/493 215/596/491 214/595/491
f 473/1617/1292 457/1593/1270 510/1603/1280
f 220/627/518 215/628/519 216/629/520
f 213/593/489 216/599/494 214/594/490
f 181/494/403 182/495/404 183/496/405
f 480/1618/1041 510/1603/1280 478/1616/1291
f 258/744/606 262/753/611 261/754/612
f 183/496/405 182/495/404 166/497/406
f 467/1619/1293 471/1614/1289 507/1596/1273
f 509/1601/1278 471/1614/1289 465/1631/1300
f 255/755/613 260/756/613 203/757/613
f 182/495/404 169/498/407 166/497/406
f 258/744/606 222/758/614 262/753/611
f 258/744/606 223/745/607 222/758/614
f 217/759/615 213/743/605 255/733/598
f 184/499/408 182/500/408 185/501/408
f 169/498/407 167/502/409 166/497/406
f 255/733/598 203/760/616 217/759/615
f 165/450/366 166/451/367 167/452/368
f 222/630/521 223/631/522 220/627/518
f 535/1788/1430 557/1777/1422 524/1792/1434
f 511/1604/1281 477/1620/1294 478/1616/1291
f 511/1621/1295 475/1622/1295 477/1623/1295
f 215/628/519 220/627/518 223/631/522
f 182/495/404 184/503/410 169/498/407
f 182/504/411 186/505/411 185/506/411
f 166/497/406 168/507/412 183/496/405
f 461/1502/1195 467/1503/1196 468/1504/1197
f 182/544/446 181/545/447 187/508/413
f 507/1596/1273 468/1608/1285 467/1619/1293
f 188/509/414 169/498/407 184/503/410
f 532/1755/1407 490/1760/1412 488/1757/1409
f 353/1166/915 358/1176/925 359/1178/927
f 189/510/415 185/511/415 186/512/415
f 278/1174/923 357/1175/924 360/1179/928
f 166/451/367 165/450/366 168/453/369
f 472/1624/1296 457/1593/1270 473/1617/1292
f 529/1790/1432 530/1789/1431 558/1784/1427
f 213/593/489 217/600/495 216/599/494
f 259/824/668 115/825/669 260/826/670
f 185/632/523 218/633/524 184/634/525
f 218/633/524 185/632/523 224/635/526
f 218/601/496 188/602/497 184/603/498
f 186/636/527 182/637/527 191/638/527
f 181/545/447 190/513/416 187/508/413
f 475/1606/1283 464/1605/1282 469/1625/1297
f 169/514/417 188/515/418 171/516/417
f 186/639/528 224/635/526 185/632/523
f 182/544/446 187/508/413 191/517/419
f 188/602/497 218/601/496 172/604/499
f 527/1687/1345 528/1688/1346 529/1689/1347
f 183/518/420 168/519/421 174/520/422
f 190/513/416 181/545/447 183/518/420
f 510/1626/1298 480/1627/1298 473/1628/1298
f 224/635/526 186/639/528 225/640/529
f 167/454/370 169/455/371 170/456/372
f 469/1505/1198 464/1499/1192 466/1501/1194
f 190/513/416 183/518/420 192/521/423
f 355/1170/919 327/1180/929 358/1177/926
f 528/1793/1435 527/1794/1435 535/1795/1435
f 311/1181/930 354/1173/922 356/1172/921
f 279/932/748 296/924/740 277/931/747
f 216/605/500 219/606/501 220/607/502
f 217/608/503 200/609/504 216/605/500
f 355/1170/919 296/1169/918 327/1180/929
f 277/827/671 261/828/672 133/829/673
f 171/457/373 172/458/374 173/459/375
f 171/610/505 188/611/505 172/626/505
f 165/450/366 167/452/368 170/460/376
f 470/1506/1199 465/1500/1193 471/1507/1200
f 261/830/674 262/831/675 133/832/675
f 262/753/611 222/758/614 230/761/617
f 174/520/422 192/521/423 183/518/420
f 531/1796/1436 532/1787/1429 530/1786/1429
f 225/640/529 219/641/530 224/635/526
f 459/1508/1201 472/1509/1202 473/1510/1201
f 226/642/531 225/640/529 186/639/528
f 169/514/417 171/516/417 173/522/424
f 224/635/526 219/641/530 218/633/524
f 187/508/413 193/523/425 191/517/419
f 359/1666/1331 524/1667/1332 523/1664/1329
f 356/1486/1185 457/1487/1185 458/1488/1185
f 221/612/506 172/604/499 218/601/496
f 356/1489/1186 458/1495/1190 459/1490/1187
f 530/1690/1348 529/1689/1347 531/1691/1349
f 187/508/413 190/513/416 193/523/425
f 462/1632/1299 488/1629/1299 463/1630/1299
f 359/1666/1331 361/1668/1333 525/1669/1334
f 174/461/377 168/462/377 175/463/377
f 219/643/532 227/644/533 220/627/518
f 186/645/534 191/646/535 226/647/536
f 225/640/529 227/648/537 219/641/530
f 173/464/378 170/456/372 169/455/371
f 219/606/501 216/605/500 221/613/507
f 221/612/506 218/601/496 219/614/508
f 217/759/615 203/760/616 198/762/618
f 198/615/509 200/616/509 217/617/509
f 200/609/504 199/618/510 216/605/500
f 474/1511/1203 475/1512/1204 469/1505/1198
f 170/465/379 168/466/379 165/467/379
f 116/833/676 259/824/668 278/834/677
f 463/1547/1230 488/1548/1231 489/1549/1232
f 168/468/380 170/469/381 175/470/382
f 174/520/422 194/524/426 192/521/423
f 467/1545/1228 476/1513/1205 471/1507/1200
f 356/1172/921 312/1182/931 311/1181/930
f 490/1550/1233 491/1551/1234 488/1548/1231
f 170/471/383 173/472/384 176/473/383
f 465/1500/1193 470/1506/1199 466/1501/1194
f 135/835/678 279/836/679 277/827/671
f 221/612/506 207/619/511 172/604/499
f 470/1506/1199 471/1507/1200 476/1513/1205
f 477/1514/1206 475/1515/1206 474/1516/1206
f 478/1517/1207 479/1518/1208 480/1519/1209
f 317/1183/932 357/1175/924 354/1167/916
f 479/1520/1210 459/1508/1201 473/1510/1201
f 459/1490/1187 312/1491/1188 356/1489/1186
f 228/649/538 222/630/521 220/627/518
f 190/525/427 192/526/428 194/527/429
f 176/473/383 158/474/385 170/471/383
f 466/1501/1194 481/1521/1211 469/1505/1198
f 175/470/382 170/469/381 158/475/386
f 172/458/374 177/476/387 173/459/375
f 173/459/375 177/476/387 176/477/388
f 229/650/539 191/658/539 193/651/539
f 478/1517/1207 477/1522/1212 479/1518/1208
f 259/824/668 116/833/676 115/825/669
f 230/652/540 222/630/521 228/649/538
f 193/523/425 190/513/416 195/528/430
f 490/1692/1350 532/1693/1351 533/1694/1352
f 529/1689/1347 528/1688/1346 534/1695/1353
f 473/1523/1213 480/1524/1213 479/1525/1213
f 198/550/452 199/551/452 200/552/453
f 534/1695/1353 531/1691/1349 529/1689/1347
f 158/478/389 153/479/390 175/480/391
f 152/481/392 174/482/393 175/480/391
f 175/480/391 153/479/390 152/481/392
f 191/659/546 229/660/546 232/661/546
f 228/662/547 72/663/548 230/664/549
f 231/653/541 227/648/537 225/640/529
f 178/529/431 174/530/432 152/531/433
f 216/605/500 199/618/510 205/620/512
f 479/1518/1208 477/1522/1212 474/1526/1214
f 361/1184/933 358/1176/925 323/1185/934
f 216/605/500 205/620/512 221/613/507
f 524/1696/1354 528/1697/1355 535/1698/1356
f 133/829/673 135/835/678 277/827/671
f 180/621/513 177/622/514 172/604/499
f 360/1179/928 357/1175/924 317/1183/932
f 191/646/535 232/654/542 226/647/536
f 296/1169/918 279/1186/935 327/1180/929
f 227/648/537 231/653/541 233/655/543
f 533/1699/1357 536/1700/1357 490/1701/1357
f 469/1505/1198 481/1521/1211 474/1511/1203
f 207/619/511 221/612/506 205/623/515
f 476/1527/1215 467/1503/1196 461/1502/1195
f 180/621/513 172/604/499 207/619/511
f 525/1669/1334 524/1667/1332 359/1666/1331
f 210/763/619 203/764/619 260/765/619
f 317/1183/932 354/1167/916 311/1187/936
f 528/1688/1346 537/1702/1358 534/1695/1353
f 531/1703/1359 533/1694/1352 532/1693/1351
f 154/483/394 178/484/394 152/491/394
f 227/644/533 233/656/544 220/627/518
f 232/657/545 225/640/529 226/642/531
f 196/532/434 194/527/429 174/530/432
f 481/1521/1211 466/1501/1194 470/1506/1199
f 538/1704/1360 490/1705/1361 536/1706/1362
f 196/532/434 174/530/432 178/529/431
f 225/640/529 232/657/545 231/653/541
f 155/485/395 153/479/390 158/478/389
f 151/412/332 152/413/333 153/414/334
f 525/1707/1363 537/1708/1364 528/1709/1365
f 179/486/396 177/492/401 180/487/397
f 190/525/427 194/527/429 195/546/448
f 472/1528/1216 459/1529/1216 458/1530/1216
f 203/766/620 202/767/620 198/768/620
f 154/415/335 152/413/333 151/412/332
f 201/553/454 199/551/452 198/550/452
f 492/1552/1235 491/1551/1234 493/1553/1236
f 25/665/550 229/666/551 193/667/552
f 525/1710/1366 528/1697/1355 524/1696/1354
f 470/1506/1199 482/1531/1217 481/1521/1211
f 136/1188/937 327/1180/929 279/1186/935
f 482/1531/1217 470/1506/1199 476/1532/1218
f 201/554/455 198/555/456 202/556/457
f 489/1549/1232 488/1548/1231 491/1551/1234
f 176/477/388 177/476/387 158/488/398
f 487/1554/1237 463/1547/1230 489/1549/1232
f 228/649/538 220/627/518 233/656/544
f 483/1533/1219 479/1534/1220 474/1535/1219
f 481/1546/1229 483/1533/1219 474/1535/1219
f 531/1703/1359 539/1711/1367 533/1694/1352
f 151/412/332 153/414/334 155/416/336
f 229/666/551 25/665/550 234/668/553
f 361/1184/933 359/1178/927 358/1176/925
f 491/1712/1368 490/1736/1368 493/1713/1368
f 316/1189/938 360/1179/928 317/1183/932
f 461/1502/1195 463/1536/1221 476/1527/1215
f 531/1691/1349 534/1695/1353 539/1714/1369
f 327/1180/929 323/1190/939 358/1177/926
f 25/533/435 193/523/425 195/528/430
f 195/546/448 194/527/429 196/532/434
f 536/1706/1362 533/1694/1352 540/1715/1370
f 476/1527/1215 463/1536/1221 484/1537/1222
f 155/417/337 156/418/337 151/419/337
f 235/669/554 233/670/555 231/671/556
f 360/1191/940 116/1192/940 278/1193/940
f 180/621/513 207/619/511 208/624/516
f 202/557/458 203/558/458 204/559/458
f 483/1555/1238 481/1556/1239 486/1557/1240
f 234/668/553 25/665/550 236/672/557
f 232/673/558 235/669/554 231/671/556
f 205/560/459 206/561/460 207/562/461
f 232/674/559 229/675/560 234/676/559
f 262/837/680 230/838/681 134/839/682
f 476/1532/1218 485/1538/1223 482/1531/1217
f 481/1521/1211 482/1531/1217 486/1539/1224
f 534/1695/1353 537/1702/1358 541/1716/1371
f 540/1715/1370 533/1694/1352 539/1711/1367
f 460/1558/1241 479/1559/1242 483/1560/1243
f 311/1014/807 312/1015/808 313/1016/809
f 178/547/449 154/534/436 161/535/437
f 179/486/396 160/489/399 158/493/402
f 180/621/513 208/624/516 179/625/517
f 179/486/396 158/493/402 177/492/401
f 228/695/561 233/677/561 67/678/561
f 197/536/438 195/546/448 196/532/434
f 156/420/338 155/421/339 157/422/340
f 479/1561/1244 460/1562/1244 459/1563/1244
f 463/1536/1221 487/1540/1225 484/1537/1222
f 541/1716/1371 539/1714/1369 534/1695/1353
f 484/1541/1226 487/1542/1226 476/1543/1226
f 536/1706/1362 540/1715/1370 538/1704/1360
f 133/832/675 262/831/675 134/840/683
f 196/537/439 178/547/449 161/535/437
f 201/563/462 205/564/463 199/565/464
f 207/562/461 206/561/460 208/566/465
f 235/669/554 232/673/558 237/679/562
f 210/841/684 204/842/684 203/843/684
f 491/1551/1234 494/1564/1245 489/1549/1232
f 492/1552/1235 494/1564/1245 491/1551/1234
f 206/561/460 205/560/459 44/567/466
f 485/1538/1223 486/1539/1224 482/1531/1217
f 487/1544/1227 485/1538/1223 476/1532/1218
f 542/1717/1372 539/1714/1369 541/1716/1371
f 540/1718/1373 539/1714/1369 542/1717/1372
f 135/835/678 136/844/685 279/836/679
f 460/1558/1241 483/1560/1243 495/1565/1246
f 235/669/554 67/680/563 233/670/555
f 316/1189/938 116/1194/941 360/1179/928
f 486/1557/1240 495/1566/1247 483/1555/1238
f 158/423/341 157/424/342 155/425/343
f 543/1719/1374 541/1716/1371 537/1702/1358
f 485/1567/1248 496/1568/1249 486/1557/1240
f 232/674/559 234/676/559 71/681/564
f 497/1569/1250 487/1570/1251 489/1571/1252
f 526/1720/1375 543/1721/1376 537/1708/1364
f 544/1722/1377 540/1718/1373 542/1717/1372
f 159/426/344 158/423/341 160/427/345
f 485/1567/1248 487/1570/1251 497/1569/1250
f 541/1716/1371 544/1722/1377 542/1717/1372
f 526/1720/1375 537/1708/1364 525/1707/1363
f 489/1571/1252 494/1572/1253 497/1569/1250
f 151/412/332 161/428/346 154/415/335
f 237/679/562 232/673/558 71/682/565
f 196/537/439 161/535/437 30/538/440
f 205/564/463 201/563/462 204/568/467
f 540/1718/1373 544/1722/1377 538/1723/1378
f 497/1569/1250 494/1572/1253 496/1568/1249
f 541/1716/1371 498/1724/1379 544/1722/1377
f 202/556/457 204/569/468 201/554/455
f 179/486/396 51/490/400 160/489/399
f 486/1557/1240 496/1568/1249 495/1566/1247
f 497/1569/1250 496/1568/1249 485/1567/1248
f 538/1723/1378 544/1722/1377 490/1725/1380
f 30/538/440 197/539/441 196/537/439
f 209/570/469 204/571/469 210/572/469
f 544/1722/1377 498/1724/1379 545/1726/1381
f 325/1670/1335 525/1669/1334 361/1668/1333
f 495/1727/1382 541/1728/1382 543/1729/1382
f 493/1730/1383 490/1725/1380 545/1726/1381
f 162/429/347 156/420/338 157/422/340
f 545/1726/1381 490/1725/1380 544/1722/1377
f 526/1720/1375 495/1731/1384 543/1721/1376
f 162/430/348 151/431/348 156/432/348
f 493/1730/1383 498/1724/1379 492/1732/1385
f 494/1575/1256 492/1573/1254 496/1576/1257
f 498/1574/1255 496/1576/1257 492/1573/1254
f 498/1724/1379 495/1733/1386 496/1734/1387
f 541/1716/1371 495/1733/1386 498/1724/1379
f 51/573/470 179/574/471 208/566/465
f 498/1724/1379 493/1730/1383 545/1726/1381
f 460/1735/1388 495/1731/1384 526/1720/1375
f 314/1492/1189 459/1493/1189 460/1494/1189
f 459/1671/1336 314/1672/1336 312/1673/1336
f 115/845/686 210/846/686 260/847/687
f 163/433/349 157/424/342 159/426/344
f 211/575/472 209/576/472 210/577/472
f 237/679/562 67/680/563 235/669/554
f 25/533/435 195/528/430 28/540/442
f 197/548/450 28/540/442 195/528/430
f 323/1185/934 325/1195/942 361/1184/933
f 159/426/344 157/424/342 158/423/341
f 211/591/487 40/578/473 209/579/474
f 526/1674/1337 525/1675/1338 325/1676/1339
f 526/1674/1337 441/1677/1340 460/1678/1341
f 208/566/465 206/561/460 51/573/470
f 209/580/475 47/581/476 204/582/477
f 162/429/347 157/422/340 164/434/350
f 441/1677/1340 314/1679/1342 460/1678/1341
f 325/1676/1339 441/1677/1340 526/1674/1337
f 323/1038/827 324/1039/828 325/1040/829
f 209/579/474 40/578/473 43/583/478
f 327/1180/929 326/1196/943 323/1190/939
f 210/848/688 41/849/688 211/850/688
f 44/567/466 46/584/479 206/561/460
f 4/435/351 8/436/352 151/412/332
f 44/585/481 205/586/482 204/587/483
f 163/437/353 164/434/350 157/422/340
f 8/436/352 161/428/346 151/412/332
f 441/1680/1343 325/1681/1343 442/1682/1343
f 30/538/440 28/549/451 197/539/441
f 40/578/473 211/591/487 41/588/484
f 206/561/460 46/584/480 51/573/470
f 234/683/566 236/684/566 27/685/566
f 398/1416/1127 441/1417/1127 442/1418/1127
f 4/435/351 151/412/332 162/438/354
f 324/1419/1128 443/1420/1129 325/1421/1129
f 398/1683/1344 314/1684/1344 441/1686/1344
f 41/851/689 210/846/686 115/845/686
f 73/686/567 230/687/567 72/688/567
f 47/581/476 209/580/475 43/589/485
f 443/1420/1129 442/1422/1130 325/1421/1129
f 313/1016/809 312/1015/808 314/1017/810
f 115/292/241 116/293/242 117/294/243
f 445/1427/1134 446/1428/1134 423/1429/1134
f 414/1430/1135 423/1431/1136 415/1432/1137
f 414/1326/1058 415/1327/1059 416/1328/1060
f 445/1433/1138 423/1431/1136 414/1430/1135
f 447/1434/1139 446/1435/1140 445/1436/1141
f 442/1437/1142 445/1433/1138 414/1430/1135
f 47/590/486 44/585/481 204/587/483
f 27/689/568 71/690/568 234/691/568
f 8/436/352 7/439/355 161/428/346
f 448/1438/1143 423/1439/1144 446/1435/1140
f 448/1438/1143 446/1435/1140 447/1434/1139
f 417/1329/1061 416/1328/1060 415/1327/1059
f 40/85/68 41/86/69 42/87/70
f 417/1329/1061 415/1327/1059 418/1330/1062
f 445/1440/1145 442/1441/1145 449/1442/1145
f 414/1430/1135 416/1443/1146 442/1437/1142
f 315/1018/811 316/1019/812 317/1020/813
f 401/1331/1063 417/1329/1061 419/1332/1064
f 404/1444/1147 442/1437/1142 416/1443/1146
f 43/88/71 40/85/68 42/87/70
f 4/440/356 162/429/347 164/434/350
f 447/1434/1139 445/1436/1141 450/1445/1148
f 420/1333/1065 417/1329/1061 418/1330/1062
f 442/1446/1149 404/1447/1149 398/1448/1149
f 326/1041/830 327/1042/831 136/1043/832
f 67/692/569 72/663/548 228/662/547
f 159/426/344 5/441/357 163/433/349
f 424/1449/1150 423/1450/1151 448/1451/1152
f 164/434/350 163/433/349 5/441/357
f 401/1331/1063 416/1328/1060 417/1329/1061
f 419/1332/1064 417/1329/1061 420/1333/1065
f 326/1041/830 328/1044/833 323/1045/834
f 44/89/72 45/90/73 46/91/74
f 397/1268/1008 314/1269/1009 398/1270/1010
f 236/672/557 25/665/550 27/693/570
f 451/1452/1153 450/1445/1148 445/1436/1141
f 442/1453/1154 443/1454/1155 449/1455/1156
f 122/1021/814 116/1022/815 316/1019/812
f 73/852/690 134/839/682 230/838/681
f 68/694/571 67/680/563 237/679/562
f 47/92/75 43/93/76 48/94/77
f 451/1452/1153 452/1456/1157 450/1445/1148
f 421/1334/1066 418/1335/1067 415/1336/1068
f 448/1457/1158 447/1458/1158 450/1459/1158
f 420/1333/1065 422/1337/1069 419/1332/1064
f 71/682/565 68/694/571 237/679/562
f 415/1336/1068 423/1338/1070 421/1334/1066
f 422/1337/1069 399/1339/1071 401/1331/1063
f 416/1357/1072 402/1340/1072 404/1341/1072
f 419/1332/1064 422/1337/1069 401/1331/1063
f 51/442/358 1/443/359 160/444/360
f 48/94/77 43/93/76 49/95/78
f 42/96/79 50/97/79 43/98/80
f 43/99/81 50/100/82 49/101/83
f 451/1452/1153 445/1436/1141 453/1460/1159
f 402/1342/1073 416/1343/1073 401/1358/1073
f 421/1461/1160 423/1450/1151 424/1449/1150
f 47/102/84 48/103/84 44/104/84
f 51/105/85 46/91/74 52/106/86
f 443/1423/1131 324/1424/1132 444/1425/1132
f 317/1020/813 311/1023/816 315/1018/811
f 164/434/350 5/441/357 4/440/356
f 449/1462/1161 453/1460/1159 445/1436/1141
f 28/540/442 26/541/443 25/533/435
f 160/444/360 1/443/359 3/445/361
f 450/1463/1162 452/1464/1163 426/1465/1164
f 42/295/244 118/296/245 53/297/246
f 451/1452/1153 454/1466/1165 452/1456/1157
f 454/1467/1166 451/1452/1153 453/1460/1159
f 404/1344/1074 397/1345/1074 398/1346/1074
f 422/1337/1069 405/1347/1075 399/1339/1071
f 42/295/244 41/298/247 118/296/245
f 454/1466/1165 455/1468/1167 452/1456/1157
f 44/89/72 48/107/87 45/90/73
f 450/1463/1162 424/1449/1150 448/1451/1152
f 117/294/243 119/299/248 115/292/241
f 399/1274/1014 400/1275/1015 401/1276/1016
f 3/446/362 5/441/357 159/426/344
f 456/1469/1168 449/1455/1156 443/1454/1155
f 401/1276/1016 400/1275/1015 402/1277/1017
f 405/1359/1077 422/1348/1076 412/1349/1077
f 449/1462/1161 456/1470/1169 453/1460/1159
f 117/294/243 116/293/242 120/300/249
f 418/1335/1067 421/1334/1066 420/1350/1078
f 422/1351/1079 420/1350/1078 411/1352/1080
f 51/105/85 52/106/86 1/108/88
f 25/56/43 26/57/44 27/58/45
f 45/90/73 52/106/86 46/91/74
f 50/97/79 42/96/79 53/109/89
f 314/1269/1009 397/1268/1008 318/1271/1011
f 403/1278/1018 404/1279/1019 402/1321/1055
f 8/436/352 4/435/351 6/447/363
f 424/1449/1150 450/1463/1162 426/1465/1164
f 426/1465/1164 452/1464/1163 455/1471/1170
f 1/1/1 2/2/1 3/3/2
f 454/1466/1165 453/1472/1171 455/1468/1167
f 313/1024/817 315/1018/811 311/1023/816
f 405/1359/1077 412/1349/1077 373/1353/1081
f 66/138/118 67/139/119 68/140/120
f 11/542/444 30/538/440 161/535/437
f 422/1351/1079 411/1352/1080 412/1354/1082
f 7/439/355 11/448/364 161/428/346
f 69/141/121 67/142/122 66/143/123
f 4/4/3 5/5/4 6/6/5
f 314/1017/810 318/1025/818 313/1016/809
f 397/1280/1020 404/1281/1021 403/1282/1022
f 115/301/250 118/302/250 41/303/250
f 373/1283/1023 399/1274/1014 405/1284/1024
f 377/1285/1025 403/1278/1018 402/1321/1055
f 3/446/362 159/426/344 160/449/365
f 29/543/445 28/549/451 30/538/440
f 7/7/6 8/8/7 9/9/8
f 8/8/7 6/10/9 10/11/10
f 53/110/90 49/101/83 50/100/82
f 28/59/46 29/60/47 26/57/44
f 443/1473/1172 444/1474/1173 456/1475/1174
f 27/144/124 70/145/125 71/146/126
f 406/1286/1026 400/1275/1015 407/1287/1027
f 407/1287/1027 400/1275/1015 399/1274/1014
f 68/140/120 71/147/127 70/148/128
f 399/1274/1014 373/1283/1023 407/1287/1027
f 29/60/47 30/61/48 11/62/49
f 402/1321/1055 400/1322/1056 408/1288/1028
f 455/1468/1167 453/1472/1171 431/1476/1175
f 52/106/86 45/90/73 12/111/91
f 67/149/129 69/150/130 72/151/130
f 119/338/281 121/304/251 115/339/282
f 368/1289/1029 400/1322/1056 406/1323/1057
f 72/151/130 69/150/130 73/152/131
f 424/1355/1083 382/1356/1084 421/1334/1066
f 1/108/88 52/106/86 12/111/91
f 421/1334/1066 382/1356/1084 420/1350/1078
f 403/1290/1030 377/1291/1031 409/1292/1032
f 377/1285/1025 402/1321/1055 408/1288/1028
f 400/1322/1056 368/1289/1029 408/1288/1028
f 373/1293/1033 410/1294/1034 407/1295/1035
f 9/9/8 11/12/11 7/7/6
f 48/112/92 54/113/93 45/90/73
f 424/1449/1150 426/1465/1164 388/1477/1176
f 133/343/286 134/344/286 101/345/286
f 70/145/125 27/144/124 32/153/132
f 397/1280/1020 403/1282/1022 363/1296/1036
f 363/1296/1036 362/1297/1037 397/1280/1020
f 135/346/287 104/347/288 136/348/289
f 328/1046/835 324/1039/828 323/1038/827
f 48/114/94 49/115/95 55/116/96
f 12/111/91 45/90/73 54/113/93
f 329/1047/836 324/1039/828 328/1046/835
f 49/101/83 53/110/90 56/117/97
f 431/1478/1177 453/1479/1178 428/1480/1179
f 431/1481/1180 426/1465/1164 455/1471/1170
f 9/9/8 8/8/7 10/11/10
f 55/116/96 54/118/98 48/114/94
f 388/1360/1085 382/1361/1085 424/1362/1085
f 411/1298/1038 382/1299/1039 412/1300/1040
f 427/1482/1181 453/1479/1178 456/1475/1174
f 74/154/133 66/138/118 68/140/120
f 12/13/12 2/2/1 1/1/1
f 324/1424/1132 331/1426/1133 444/1425/1132
f 102/349/290 135/346/287 133/350/291
f 55/116/96 49/115/95 56/119/99
f 70/148/128 74/154/133 68/140/120
f 456/1475/1174 444/1474/1173 427/1482/1181
f 31/63/50 26/57/44 29/60/47
f 6/10/9 13/14/13 10/11/10
f 120/300/249 116/293/242 122/305/252
f 397/1268/1008 362/1272/1012 321/1273/1013
f 382/1356/1084 411/1352/1080 420/1350/1078
f 32/64/51 27/58/45 26/57/44
f 397/1268/1008 321/1273/1013 318/1271/1011
f 133/351/292 101/352/292 102/353/292
f 134/354/293 73/355/293 101/356/293
f 6/6/5 5/5/4 13/15/14
f 429/1483/1182 428/1480/1179 453/1479/1178
f 378/1301/1041 409/1292/1032 377/1291/1031
f 66/183/160 59/155/134 75/156/135
f 2/120/100 12/136/100 15/121/100
f 69/141/121 66/143/123 76/157/136
f 75/156/135 76/184/161 66/183/160
f 29/60/47 21/65/52 31/63/50
f 2/16/15 14/17/16 3/18/17
f 11/19/18 9/20/18 10/21/18
f 54/118/98 55/116/96 57/122/102
f 74/154/133 59/158/137 66/138/118
f 57/123/103 12/136/116 54/137/117
f 431/1481/1180 425/1484/1183 426/1465/1164
f 2/52/39 15/22/19 16/23/20
f 315/1018/811 313/1024/817 319/1026/819
f 14/17/16 5/53/40 3/18/17
f 403/1290/1030 409/1292/1032 413/1302/1042
f 124/1027/820 122/1021/814 316/1019/812
f 16/23/20 17/24/21 2/25/22
f 70/145/125 32/153/132 34/159/138
f 74/154/133 70/148/128 36/160/139
f 407/1295/1035 410/1294/1034 371/1303/1043
f 407/1295/1035 371/1303/1043 406/1323/1057
f 11/54/41 10/11/10 13/14/13
f 73/228/195 76/229/196 101/230/196
f 121/304/251 118/296/245 115/339/282
f 70/145/125 34/159/138 36/161/140
f 328/1044/833 326/1041/830 330/1048/837
f 370/1304/1044 368/1289/1029 406/1323/1057
f 53/297/246 118/296/245 56/306/253
f 17/26/23 14/17/16 2/16/15
f 12/136/116 58/124/104 15/121/101
f 29/60/47 11/62/49 21/65/52
f 137/357/294 136/348/289 104/347/288
f 331/1049/838 324/1050/838 329/1051/838
f 57/123/103 58/124/104 12/136/116
f 26/57/44 33/66/53 32/64/51
f 367/1305/1045 408/1288/1028 368/1289/1029
f 117/340/283 120/341/284 121/304/251
f 137/1052/839 326/1041/830 136/1043/832
f 73/162/141 69/163/141 76/164/141
f 57/165/142 59/158/137 60/166/143
f 36/160/139 37/167/144 74/154/133
f 74/154/133 37/167/144 59/158/137
f 16/23/20 15/22/19 18/27/24
f 371/1303/1043 370/1304/1044 406/1323/1057
f 316/1019/812 315/1018/811 124/1027/820
f 364/1306/1046 363/1307/1046 403/1308/1046
f 5/5/4 14/28/25 13/15/14
f 19/29/26 16/23/20 18/27/24
f 377/1285/1025 408/1288/1028 367/1305/1045
f 33/66/53 34/67/54 32/64/51
f 33/66/53 26/57/44 31/63/50
f 16/23/20 19/29/26 17/24/21
f 369/1309/1047 368/1289/1029 370/1304/1044
f 367/1211/955 368/1212/956 369/1213/957
f 444/1474/1173 331/1485/1184 427/1482/1181
f 413/1310/1048 364/1311/1048 403/1312/1048
f 58/124/105 18/125/106 15/121/101
f 37/167/144 60/166/143 59/158/137
f 374/1313/1049 373/1314/1050 412/1300/1040
f 429/1483/1182 453/1479/1178 427/1482/1181
f 55/116/96 59/126/107 57/122/102
f 121/304/251 123/307/254 118/296/245
f 60/127/108 58/124/104 57/123/103
f 59/155/134 55/168/145 75/156/135
f 14/30/27 17/31/27 20/32/27
f 119/338/281 117/340/283 121/304/251
f 37/167/144 36/160/139 35/169/146
f 13/15/14 14/28/25 20/33/28
f 21/65/52 33/66/53 31/63/50
f 326/1041/830 137/1052/839 330/1048/837
f 13/14/13 21/34/29 11/54/41
f 60/166/143 39/170/147 58/171/148
f 19/35/30 22/36/30 17/37/30
f 21/38/31 13/39/31 23/40/31
f 60/166/143 37/167/144 39/170/147
f 58/171/148 39/170/147 18/172/149
f 35/68/55 36/69/56 34/70/55
f 37/71/57 38/72/58 39/73/59
f 35/74/60 38/72/58 37/71/57
f 377/1315/1051 376/1316/1051 378/1324/1051
f 34/67/54 33/66/53 24/75/61
f 56/119/99 61/128/109 62/129/110
f 55/116/96 56/119/99 62/129/110
f 336/1199/946 362/1200/947 363/1201/948
f 78/231/197 101/230/196 76/229/196
f 20/33/28 23/41/32 13/15/14
f 425/1363/1086 388/1411/1086 426/1364/1086
f 24/76/62 35/68/55 34/70/55
f 427/1365/1087 331/1366/1088 333/1367/1089
f 22/42/33 20/43/33 17/44/33
f 409/1292/1032 364/1317/1052 413/1302/1042
f 77/173/150 76/184/161 75/156/135
f 18/77/63 39/83/64 19/78/64
f 20/45/34 21/46/34 23/47/34
f 382/1299/1039 374/1313/1049 412/1300/1040
f 378/1301/1041 364/1317/1052 409/1292/1032
f 102/232/198 101/233/198 103/234/198
f 62/130/111 63/131/111 55/132/112
f 63/174/151 77/173/150 75/156/135
f 24/84/67 19/78/64 39/83/64
f 318/1025/818 320/1028/821 313/1016/809
f 319/1026/819 124/1027/820 315/1018/811
f 331/1368/1090 329/1369/1090 333/1412/1090
f 19/48/35 24/49/36 22/50/37
f 38/72/58 35/74/60 24/79/65
f 24/80/66 39/81/66 38/82/66
f 61/308/255 56/306/253 118/296/245
f 33/66/53 21/65/52 24/75/61
f 379/1318/1053 371/1303/1043 410/1294/1034
f 120/300/249 124/309/256 125/310/257
f 329/1053/840 332/1054/840 333/1055/840
f 24/49/36 20/51/38 22/50/37
f 21/55/42 20/51/38 24/49/36
f 428/1370/1091 429/1371/1092 430/1372/1093
f 318/1029/822 321/1030/822 322/1031/822
f 370/1214/958 371/1215/959 372/1216/960
f 78/235/199 103/236/200 101/237/201
f 336/1202/949 321/1203/949 362/1204/950
f 104/347/288 135/346/287 102/349/290
f 78/175/152 76/176/153 77/177/154
f 61/308/255 118/296/245 123/307/254
f 122/305/252 124/309/256 120/300/249
f 75/156/135 55/178/155 63/174/151
f 373/1217/961 374/1218/962 375/1219/963
f 367/1239/983 376/1220/964 377/1221/965
f 320/1028/821 318/1025/818 322/1032/823
f 364/1205/951 336/1199/946 363/1201/948
f 149/1056/841 330/1048/837 137/1052/839
f 378/1222/966 376/1220/964 364/1223/967
f 431/1373/1094 428/1374/1095 425/1413/1095
f 379/1319/1054 410/1320/1054 373/1325/1054
f 379/1224/968 372/1216/960 371/1215/959
f 120/341/284 125/342/285 121/304/251
f 61/311/258 123/312/259 126/313/260
f 125/310/257 124/309/256 127/314/261
f 367/1211/955 380/1225/969 381/1226/970
f 137/357/294 104/347/288 138/358/295
f 370/1214/958 380/1227/971 369/1228/972
f 370/1214/958 372/1216/960 380/1227/971
f 126/313/260 123/312/259 125/315/262
f 123/307/254 121/304/251 125/342/285
f 429/1371/1092 432/1375/1096 430/1372/1093
f 367/1211/955 369/1213/957 380/1225/969
f 77/173/150 63/174/151 79/179/156
f 63/174/151 64/180/157 79/179/156
f 373/1217/961 375/1219/963 379/1229/973
f 425/1413/1095 428/1374/1095 430/1376/1097
f 322/1206/952 321/1203/949 336/1202/949
f 328/1046/835 332/1057/842 329/1047/836
f 382/1230/974 375/1219/963 374/1218/962
f 103/238/202 104/239/202 102/240/202
f 80/241/203 105/242/204 103/236/200
f 77/177/154 79/181/158 80/182/159
f 104/359/296 103/360/297 105/361/298
f 429/1371/1092 427/1414/1126 432/1375/1096
f 381/1240/984 376/1220/964 367/1239/983
f 328/1058/843 330/1048/837 149/1056/841
f 319/1026/819 313/1024/817 320/1033/824
f 372/1216/960 379/1224/968 375/1231/975
f 77/177/154 80/182/159 78/175/152
f 376/1220/964 381/1240/984 364/1223/967
f 61/316/263 126/317/264 128/318/265
f 62/129/110 61/128/109 64/133/113
f 433/1377/1098 432/1375/1096 427/1414/1126
f 333/1367/1089 434/1378/1099 427/1365/1087
f 298/1034/825 319/1026/819 320/1033/824
f 425/1379/1100 430/1372/1093 432/1375/1096
f 381/1240/984 365/1232/976 364/1223/967
f 427/1380/1101 434/1381/1102 433/1382/1103
f 126/313/260 125/315/262 128/319/266
f 334/1059/844 332/1057/842 328/1046/835
f 65/134/114 64/133/113 61/128/109
f 336/1199/946 364/1205/951 365/1207/953
f 124/934/749 298/935/750 139/936/751
f 319/1026/819 298/1034/825 124/1027/820
f 139/362/299 127/363/300 124/364/301
f 382/1230/974 383/1233/977 384/1234/978
f 128/319/266 125/315/262 127/320/267
f 138/365/302 104/359/296 105/361/298
f 380/1235/979 372/1216/960 381/1241/985
f 388/1415/1105 435/1383/1104 391/1384/1105
f 387/1242/986 382/1243/987 388/1244/988
f 141/937/752 149/938/752 137/939/752
f 80/241/203 103/236/200 78/235/199
f 328/1060/845 149/1061/845 334/1062/845
f 432/1375/1096 433/1377/1098 436/1385/1106
f 65/321/268 61/316/263 128/318/265
f 389/1245/989 383/1246/990 382/1243/987
f 64/135/115 63/131/111 62/130/111
f 387/1242/986 389/1245/989 382/1243/987
f 385/1236/980 381/1241/985 372/1216/960
f 382/1230/974 384/1234/978 375/1219/963
f 332/1057/842 334/1059/844 335/1063/846
f 436/1385/1106 425/1379/1100 432/1375/1096
f 105/361/298 140/366/303 138/365/302
f 436/1385/1106 437/1386/1107 425/1379/1100
f 128/367/304 130/368/304 107/369/304
f 375/1231/975 384/1237/981 372/1216/960
f 434/1378/1099 333/1367/1089 332/1387/1108
f 381/1241/985 385/1236/980 386/1238/982
f 372/1216/960 384/1237/981 385/1236/980
f 138/358/295 141/370/305 137/357/294
f 130/371/306 128/372/306 127/373/306
f 79/243/205 64/244/206 106/245/207
f 425/1379/1100 437/1386/1107 388/1388/1109
f 107/322/269 65/323/269 128/324/269
f 107/246/208 108/247/208 65/248/208
f 365/1247/991 381/1248/992 386/1249/993
f 320/1064/847 322/1065/847 336/1066/847
f 436/1385/1106 433/1377/1098 337/1389/1110
f 65/249/209 108/250/209 64/251/209
f 111/374/307 105/375/307 109/376/308
f 320/1035/826 300/1036/826 298/1037/826
f 337/1390/1111 433/1382/1103 434/1381/1102
f 140/377/309 105/375/307 111/374/307
f 138/378/310 140/379/311 141/380/312
f 387/1391/1112 388/1415/1105 391/1384/1105
f 141/940/753 299/941/754 149/942/755
f 106/245/207 80/252/210 79/243/205
f 149/1067/848 307/1068/848 334/1069/848
f 298/935/750 300/943/756 301/944/757
f 301/944/757 139/936/751 298/935/750
f 130/381/313 139/362/299 142/382/314
f 127/363/300 139/362/299 130/381/313
f 337/1392/1113 438/1393/1114 436/1385/1106
f 141/940/753 144/945/758 146/946/759
f 365/1247/991 386/1249/993 390/1250/994
f 139/936/751 301/944/757 142/947/760
f 105/242/204 80/241/203 109/253/211
f 143/383/315 107/384/315 130/385/315
f 140/379/311 144/386/316 141/380/312
f 145/387/317 144/386/316 140/379/311
f 64/244/206 108/254/212 106/245/207
f 332/1070/849 335/1071/849 337/1072/849
f 335/1063/846 334/1059/844 307/1073/850
f 299/941/754 141/940/753 146/946/759
f 145/948/761 146/949/761 144/950/761
f 142/951/762 148/952/763 130/953/764
f 129/325/270 107/326/271 130/327/272
f 301/954/765 148/952/763 142/951/762
f 391/1251/995 389/1245/989 387/1242/986
f 111/388/318 140/389/319 143/390/320
f 146/1011/806 140/955/766 299/956/766
f 140/389/319 130/391/321 143/390/320
f 146/392/322 145/393/322 140/394/322
f 130/395/323 140/396/323 147/397/323
f 366/1208/954 320/1209/954 336/1210/954
f 302/957/767 301/944/757 300/943/756
f 107/255/213 110/256/213 108/257/213
f 130/398/324 148/399/324 129/400/324
f 337/1394/1115 434/1395/1115 332/1396/1115
f 301/954/765 302/958/768 148/952/763
f 140/411/331 111/401/325 81/402/326
f 365/1252/996 390/1253/996 366/1254/996
f 109/258/214 82/259/215 111/260/216
f 392/1255/997 384/1256/998 383/1257/999
f 109/253/211 80/241/203 106/261/217
f 140/955/766 149/959/769 299/956/766
f 335/1074/851 320/1075/851 337/1076/851
f 435/1397/1116 388/1388/1109 437/1386/1107
f 366/1258/1000 336/1259/1000 365/1260/1000
f 112/262/218 113/263/219 108/264/220
f 149/403/327 140/411/331 81/402/326
f 302/957/767 300/943/756 303/960/770
f 437/1386/1107 436/1385/1106 438/1393/1114
f 131/328/273 107/326/271 129/325/270
f 110/329/274 107/326/271 131/328/273
f 149/961/771 304/962/772 305/963/773
f 108/264/220 110/265/221 112/262/218
f 114/266/222 82/259/215 109/258/214
f 385/1261/1001 393/1262/1002 386/1249/993
f 305/963/773 303/964/774 149/961/771
f 106/267/223 108/264/220 113/263/219
f 132/404/328 129/405/328 150/406/328
f 150/965/775 129/966/776 148/967/775
f 307/1073/850 320/1077/852 335/1063/846
f 307/1081/856 303/1078/853 300/1079/854
f 390/1250/994 386/1249/993 393/1262/1002
f 131/330/275 87/331/276 110/332/277
f 392/1255/997 385/1261/1001 384/1256/998
f 366/1398/1117 337/1399/1117 320/1400/1117
f 300/1079/854 320/1080/855 307/1081/856
f 435/1397/1116 437/1386/1107 439/1401/1118
f 302/968/777 306/969/778 148/970/779
f 149/971/780 303/1012/780 307/972/780
f 439/1401/1118 437/1386/1107 438/1393/1114
f 114/266/222 109/258/214 106/268/224
f 90/269/225 82/270/226 114/271/227
f 302/968/777 303/964/774 306/969/778
f 394/1263/1003 392/1255/997 383/1257/999
f 337/1402/1119 366/1403/1119 390/1404/1119
f 81/402/326 111/401/325 82/407/329
f 392/1255/997 394/1263/1003 385/1261/1001
f 86/272/228 112/262/218 110/265/221
f 440/1405/1120 391/1406/1121 435/1397/1116
f 150/965/775 148/967/775 306/973/781
f 110/273/229 87/274/229 86/275/229
f 132/333/278 131/334/278 129/335/278
f 337/1392/1113 390/1407/1122 438/1393/1114
f 390/1407/1122 393/1408/1123 438/1393/1114
f 81/974/782 304/975/782 149/1013/782
f 394/1263/1003 383/1257/999 389/1264/1004
f 440/1405/1120 439/1401/1118 438/1393/1114
f 439/1401/1118 440/1405/1120 435/1397/1116
f 391/1409/1124 440/1405/1120 396/1410/1125
f 389/1264/1004 391/1265/1005 395/1266/1006
f 305/963/773 306/969/778 303/964/774
f 394/1263/1003 389/1264/1004 395/1266/1006
f 391/1265/1005 396/1267/1007 395/1266/1006
f 106/276/230 113/277/230 114/278/230
f 393/1262/1002 385/1261/1001 394/1263/1003
f 438/1393/1114 396/1410/1125 440/1405/1120
f 394/1263/1003 395/1266/1006 393/1262/1002
f 393/1262/1002 395/1266/1006 396/1267/1007
f 396/1410/1125 438/1393/1114 393/1408/1123
f 81/185/162 82/186/163 83/187/164
f 114/271/227 91/279/231 90/269/225
f 96/976/783 132/977/783 150/978/783
f 82/186/163 84/188/165 83/187/164
f 132/336/279 87/331/276 131/330/275
f 90/269/225 84/280/232 82/270/226
f 85/189/166 86/190/167 87/191/168
f 88/192/169 85/189/166 87/191/168
f 306/979/784 305/980/785 308/981/786
f 89/193/170 81/185/162 83/187/164
f 92/281/233 113/282/234 112/283/235
f 304/982/787 81/983/787 89/984/787
f 90/194/171 91/195/171 84/227/171
f 87/331/276 132/336/279 93/337/280
f 305/980/785 309/985/788 308/981/786
f 309/986/789 305/987/790 304/988/791
f 96/408/330 93/409/330 132/410/330
f 86/196/172 85/197/172 92/198/172
f 92/284/236 112/285/236 86/286/236
f 91/287/237 114/288/238 113/289/237
f 88/192/169 87/191/168 93/199/173
f 150/989/792 306/990/793 308/991/792
f 92/281/233 95/290/239 113/282/234
f 309/986/789 304/988/791 89/992/794
f 113/289/237 95/291/240 91/287/237
f 150/989/792 308/991/792 96/993/795
f 92/200/174 94/201/175 95/202/175
f 96/203/176 97/204/177 93/205/177
f 98/206/178 84/207/179 91/208/180
f 96/994/796 308/995/796 310/996/796
f 91/208/180 99/209/181 98/206/178
f 99/209/181 91/208/180 95/210/182
f 94/211/183 92/212/183 85/213/183
f 89/997/797 83/998/798 100/999/797
f 309/1000/799 89/997/797 100/999/797
f 310/1001/800 97/1002/800 96/1003/800
f 98/206/178 83/214/184 84/207/179
f 88/215/185 93/205/177 97/204/177
f 88/216/186 94/217/186 85/218/186
f 100/1004/801 308/1005/802 309/1006/803
f 94/201/175 99/219/187 95/202/175
f 100/1004/801 310/1007/804 308/1005/802
f 88/220/188 99/221/189 94/222/190
f 310/1008/805 100/1009/805 97/1010/805
f 97/223/191 100/224/192 83/225/193
f 99/221/189 88/220/188 98/226/194
f 97/223/191 83/225/193 98/226/194
f 97/223/191 98/226/194 88/220/188
