# Delivery Dash City mesh (NPCPedestrianA_Body); units = studs; +X right, +Y up, -Z forward
mtllib NPCPedestrianA_Source.mtl
o NPCPedestrianA_Body
v -0.19431 4.20310 -0.57467
v -0.13655 4.97571 -0.59468
v 0.09272 4.17706 -0.59594
v -0.25210 4.98786 -0.55296
v -0.38033 4.18832 -0.46689
v -0.46416 4.99984 -0.38547
v -0.47463 4.20584 -0.37377
v -0.53825 4.98029 -0.27621
v -0.41183 4.03681 -0.31546
v -0.55796 4.15266 -0.19342
v -0.52515 4.05310 -0.08021
v -0.60857 4.14534 -0.40403
v -0.47611 4.10973 -0.45269
v -0.56301 4.10030 -0.45521
v -0.51879 4.03120 -0.33358
v -0.58093 4.10872 -0.28081
v -0.60284 4.07859 -0.23994
v -0.58606 4.19874 -0.13566
v -0.21907 3.97588 -0.48076
v -0.69947 4.21839 -0.17837
v -0.74752 3.99948 -0.33218
v -0.74083 4.17664 -0.20567
v -0.65341 3.95140 -0.39641
v -0.95533 3.94221 -0.39504
v -0.95070 3.99509 -0.33251
v 0.20295 3.96719 -0.47941
v -0.16254 4.00573 -0.43528
v -0.10476 3.89822 -0.49090
v -0.00226 3.77072 -0.45866
v -0.13524 3.90814 -0.52804
v -0.19258 3.82185 -0.52149
v -0.02504 3.73188 -0.46376
v -0.20191 4.10962 -0.54084
v -0.05933 4.08281 -0.56009
v -0.18272 3.88865 -0.54657
v -0.24837 3.99800 -0.52023
v -0.36276 4.07774 -0.42188
v -0.22030 3.85345 -0.57083
v -0.43110 3.88385 -0.49375
v -0.32000 3.98383 -0.54487
v -0.40917 3.88007 -0.43065
v -0.49352 3.94276 -0.51129
v -0.40478 4.06113 0.36075
v -0.54064 4.20025 0.26138
v -0.50339 4.06077 0.19635
v -0.56786 4.07536 0.25351
v -0.53192 4.05576 0.08786
v -0.58475 4.22113 0.14767
v -0.66238 4.23522 0.14087
v -0.51421 4.25247 0.38024
v -0.63368 4.17728 0.11913
v -0.59258 5.01151 -0.08380
v -0.64357 4.08701 -0.12174
v -0.65138 4.12031 0.12229
v -0.68853 4.26398 0.29139
v -0.84681 4.10121 0.10400
v -0.79867 4.00502 -0.14704
v -0.94582 3.99959 0.28596
v -0.60506 4.26488 0.46908
v -0.81391 4.11831 0.32319
v -0.85199 3.99827 0.29076
v -0.78247 4.00543 0.06552
v -0.83847 4.04808 0.35411
v -0.82022 3.95606 0.39679
v -0.94914 3.93353 0.35828
v -0.81191 3.93561 0.35831
v -0.99006 3.94956 0.30090
v -1.05500 3.99693 0.28851
v -0.99149 3.94846 -0.32925
v -1.04050 3.93265 0.35894
v -0.01693 3.56642 0.66916
v -0.19892 3.89241 0.72911
v -0.31306 3.70359 0.66212
v -0.62329 3.63117 0.50641
v -0.38431 4.00469 0.69257
v -0.42142 4.21919 0.42991
v -0.44875 4.08122 0.42516
v -0.72098 4.06828 0.48657
v -0.44154 4.17547 0.64589
v -0.71780 3.77793 0.36637
v 0.01421 5.13331 0.53575
v -0.20868 5.13059 0.49490
v -0.10961 5.04131 0.57802
v -0.16638 5.18728 0.42081
v -0.13483 5.19931 -0.39257
v -0.44768 5.18695 -0.07911
v -0.11501 5.12840 -0.53476
v -0.27293 5.10562 -0.49106
v -0.32850 5.08983 0.45987
v -0.40958 5.15636 -0.31077
v -0.39944 4.97980 0.45093
v -0.25333 4.96001 0.54836
v -0.40001 5.17497 0.26483
v -0.45015 5.11206 0.31796
v -0.48510 5.15049 -0.18775
v -0.56323 4.98224 0.21338
v -0.52852 5.13978 -0.04663
v -0.55843 5.08772 0.09940
v -0.08258 4.29317 0.59997
v -0.27784 4.32155 0.62119
v -0.00772 4.32075 0.69254
v -0.23675 4.09786 0.73712
v 0.03751 4.06716 0.76752
v -0.14453 4.29350 0.70162
v 0.01583 4.11774 0.57522
v -0.17219 4.08366 0.55910
v -0.26805 4.14764 0.52135
v -0.17359 4.06001 0.50954
v -0.24766 4.30252 0.58988
v -0.23091 4.19742 0.55370
v -0.41183 4.29712 0.61184
v -0.43091 4.18780 0.44523
v -0.46027 4.31107 0.52571
v -0.91986 2.99200 0.37152
v -0.98573 3.35847 0.30746
v -0.98869 3.50718 -0.34030
v -1.06942 2.42588 0.35570
v -1.07400 2.43361 -0.38728
v -1.03869 3.93246 -0.38851
v -1.04760 3.99712 -0.30929
v -1.23222 2.96497 -0.39866
v -1.77652 2.44057 -0.38838
v -1.75944 3.94200 0.35617
v -1.75673 3.99964 0.28062
v -1.76177 3.93550 -0.38854
v -1.77433 2.43676 0.36020
v -1.75500 4.00167 -0.29693
v -1.83379 3.93821 0.27621
v -1.83543 3.93051 -0.30768
v -1.84546 2.42859 -0.29986
v -1.84566 2.43015 0.27149
v -0.46493 2.78215 -0.45414
v -0.13628 3.40806 -0.47462
v 0.17334 2.79748 -0.45027
v -0.18699 3.07149 -0.54660
v -0.20385 3.07445 -0.52519
v -0.22263 3.07654 -0.57574
v -0.89500 2.17352 -0.39685
v 0.39971 2.76118 -0.46228
v -0.24286 2.46371 -0.47810
v -0.39848 2.75853 -0.46288
v -0.22833 3.06264 -0.53925
v -0.24544 3.17717 -0.55285
v -0.68540 2.41118 -0.40510
v -0.51487 2.64507 -0.42601
v -0.97542 2.96354 -0.03583
v -0.95399 2.18268 0.31828
v -0.95525 2.18229 -0.33879
v -0.99642 2.43136 -0.30318
v -0.99239 2.45858 0.28328
v -0.89519 2.17103 0.36401
v 0.12885 3.35529 0.37854
v -0.09404 3.34666 0.37936
v -0.02830 3.21848 0.45751
v -0.26520 3.39232 0.37703
v -0.02112 3.22059 0.54323
v -0.21758 3.24879 0.49375
v -0.18581 3.27418 0.56686
v 0.23455 3.27736 0.55685
v -0.36035 3.39836 0.57607
v -0.37452 3.34838 0.53446
v -0.45259 3.48098 0.38188
v -0.53565 3.48703 0.47889
v -0.61051 3.63638 0.37399
v -0.74280 3.77840 0.40770
v 0.69146 4.19216 -0.27895
v 0.77636 4.02985 -0.27623
v 0.62762 4.16541 -0.36499
v 0.65629 3.98566 -0.42330
v 0.63532 3.94666 -0.40156
v 0.53348 3.97401 -0.49553
v 0.54629 4.10471 -0.31848
v 0.59352 4.07399 -0.25000
v 0.64426 4.08788 -0.10482
v 0.50577 4.03114 -0.33819
v 0.60725 4.21028 -0.05022
v 0.52156 4.19400 -0.31107
v 0.53414 5.01573 -0.28331
v 0.48165 4.13103 -0.33939
v 0.55859 4.09405 -0.11510
v 0.45141 4.98909 -0.41080
v 0.45352 4.04378 -0.27281
v 0.43809 4.21524 -0.42495
v 0.26079 4.20622 -0.55082
v 0.28310 4.99342 -0.53997
v 0.10191 4.98106 -0.60219
v 0.43888 3.89745 -0.51201
v 0.23984 3.85970 -0.53594
v 0.20297 3.89644 -0.55090
v 0.33729 4.08248 -0.45285
v 0.22318 4.00748 -0.41763
v 0.13261 4.09973 -0.55885
v 0.15336 3.92505 -0.53021
v 0.28661 4.01796 -0.52111
v 0.23192 3.80896 -0.57056
v 0.19631 3.84537 -0.57048
v 0.18008 3.84575 -0.53448
v 0.10462 3.89931 -0.48969
v 0.34867 3.85907 -0.43613
v 0.06331 3.82336 -0.50907
v 0.43686 4.04581 -0.51124
v 0.53305 4.05469 -0.08095
v 0.94478 3.99707 0.28884
v 0.82592 4.00535 0.00000
v 0.85292 4.00233 0.28322
v 0.85574 4.08002 0.10617
v 0.85286 4.03709 0.00746
v 0.80991 3.93572 0.35820
v 0.83812 4.07034 0.33416
v 0.80791 3.99005 0.41587
v 0.77740 4.08961 0.42442
v 0.94300 3.99783 -0.33232
v 0.71441 4.24389 0.28827
v 0.67682 4.23163 0.07083
v 0.63178 4.24844 0.45022
v 0.62334 4.28377 0.34646
v 0.65278 4.11606 0.11414
v 0.58173 4.21110 0.17599
v 0.52337 4.06269 0.16154
v 0.50618 4.22029 0.36664
v 0.45651 4.08388 0.41680
v 0.39354 4.06220 0.38073
v 0.52345 4.21987 0.30888
v 0.27680 4.06105 0.46499
v 0.52104 3.89252 0.61234
v 0.15826 3.87971 0.73396
v 0.23612 3.67796 0.67637
v 0.60188 4.99877 -0.08958
v 0.59960 4.96436 0.11757
v 0.51649 5.05422 0.28232
v 0.54067 4.96288 0.28279
v 0.52148 5.14175 0.11870
v 0.44585 5.17925 -0.17851
v 0.44593 5.00263 0.40754
v 0.38083 5.20000 0.15315
v 0.44053 5.13533 -0.31672
v 0.35149 5.14359 0.39660
v 0.34903 5.15123 -0.39337
v 0.18612 5.17473 -0.45247
v 0.20221 5.18531 0.41412
v 0.20602 5.09482 0.52667
v 0.15182 5.12760 -0.52747
v 0.24231 4.98928 0.55378
v 0.12485 4.98344 0.59134
v 0.01547 5.14844 -0.52815
v 0.50813 4.17294 0.61118
v 0.41177 4.30762 0.59816
v 0.41210 4.21804 0.44553
v 0.30393 4.30746 0.58243
v 0.30018 4.14498 0.51110
v 0.24135 4.19989 0.55299
v 0.25473 4.27571 0.68416
v 0.28420 4.07240 0.51691
v 0.23721 4.08380 0.73819
v 0.11249 4.07950 0.56902
v 1.82693 3.94504 0.27664
v 1.75204 4.00156 0.27440
v 1.76874 3.93550 0.35554
v 1.76786 3.94060 -0.38339
v 1.03277 3.93311 -0.38638
v 1.05371 4.00052 -0.30685
v 1.05410 3.99956 0.28374
v 1.75281 3.99940 -0.31151
v 1.04067 3.93772 0.35833
v 1.05868 2.43851 0.35636
v 1.04500 3.18542 -0.39016
v 0.98823 3.94161 0.31080
v 0.98872 3.94794 -0.33369
v 0.99237 3.57733 -0.34561
v 0.95445 3.93550 0.35578
v 0.97345 3.09704 -0.31061
v 0.89815 2.95551 -0.41875
v 0.95229 3.93506 -0.39929
v 0.74053 3.82089 0.46001
v 0.70985 3.76535 0.36815
v 0.57488 3.59509 0.37766
v 1.84566 2.43596 0.27459
v 1.83790 2.42629 -0.31069
v 1.83420 3.92974 -0.30600
v 1.77970 2.43054 -0.38358
v 1.78170 2.44260 0.35844
v 1.06035 2.42769 -0.37859
v 0.99757 2.43657 -0.31384
v 0.99516 2.43065 0.28194
v 0.95204 2.17675 -0.34559
v 0.95234 2.17623 0.30959
v 0.66879 2.41741 -0.41817
v 0.56065 2.53882 -0.43687
v 0.46890 2.79359 -0.44147
v 0.23085 3.07692 -0.56771
v 0.22932 3.07818 -0.53018
v 0.18633 3.08265 -0.53777
v 0.88455 2.17144 0.36656
v 0.59678 3.55874 0.46343
v 0.42606 3.46286 0.38169
v 0.52904 3.51606 0.53432
v 0.30467 3.30556 0.46425
v 0.35207 3.33873 0.54397
v 0.10599 3.21573 0.51902
v -1.25835 2.40853 -0.36719
v -1.09108 2.00524 -0.34586
v -1.80503 2.21384 -0.34043
v -1.07987 2.21938 -0.35666
v -1.08971 1.96488 -0.29981
v -1.77518 2.01340 -0.34581
v -1.54204 2.22637 -0.37015
v -1.78014 1.96521 -0.29811
v -1.60328 2.41053 -0.36705
v -1.78052 1.96746 0.27374
v -1.82416 2.01064 -0.30055
v -1.83411 2.21785 -0.18380
v -1.82924 2.40628 -0.16760
v -1.83178 2.22155 0.02251
v -1.51451 2.41020 0.34035
v -1.09067 1.96765 0.28013
v -1.78359 2.01711 0.31604
v -1.25777 2.21809 0.33810
v -1.81328 2.21960 0.31028
v -1.67118 2.21757 0.33983
v -1.78494 2.41124 0.33259
v -1.82405 2.00515 0.26502
v -1.83439 2.22053 0.20436
v -1.83066 2.40817 0.16338
v -1.01926 2.40236 0.10576
v -1.02488 2.22459 -0.14232
v -1.02627 2.22009 -0.28089
v -1.04500 2.00518 -0.29992
v -1.04083 2.01524 0.27113
v -1.23546 2.22456 -0.37086
v -0.92614 1.94860 0.26521
v -0.86166 1.93961 0.32870
v -0.90643 1.97810 0.31283
v -0.91331 1.97100 0.26922
v -0.88099 2.14498 0.33646
v -0.92748 2.13213 0.28794
v -0.92140 1.97659 0.12138
v -0.92973 2.13383 0.03150
v -1.01871 2.40732 0.27399
v -1.02855 2.22152 0.28043
v -1.02340 2.22297 0.15132
v -1.02699 2.22075 0.04910
v -1.08050 2.21946 0.33435
v -1.08787 2.00502 0.31796
v -1.15484 2.41036 0.34529
v -0.00914 2.21387 -0.42357
v -0.24171 2.25156 -0.43399
v 0.17633 2.38226 -0.47865
v -0.13354 2.20132 -0.39534
v -0.14423 2.13443 -0.37582
v -0.46632 2.52516 -0.44726
v -0.65843 2.22692 -0.41351
v -0.14058 1.94158 -0.37278
v -0.12005 1.82725 -0.38810
v -0.74387 1.95107 -0.37810
v -0.15429 1.98917 -0.37574
v -0.54568 1.97346 -0.35896
v -0.07573 1.78046 -0.38331
v -0.09505 1.97053 -0.34827
v -0.88085 2.14306 -0.36749
v -0.87181 1.73103 -0.37300
v -0.86424 1.97179 -0.35260
v -0.90629 1.97662 -0.34411
v -0.92765 2.13235 -0.32388
v -0.92978 1.98396 -0.25874
v -0.92806 2.12626 -0.12218
v -0.17419 1.98522 0.33972
v -0.00234 1.97766 0.33802
v -0.07893 1.77744 0.33706
v -0.09949 1.82294 0.35318
v -0.10125 1.92267 0.35425
v -0.09297 1.20833 0.34071
v -0.38971 2.13591 0.34213
v -0.52172 1.99734 0.34167
v -0.57000 0.72234 -0.39356
v -0.71712 1.99205 0.34076
v -0.94020 0.40726 -0.37289
v -0.92597 0.39249 0.36160
v -0.92214 1.97791 0.02769
v -1.00550 0.21826 -0.29877
v -0.90374 0.21033 0.35126
v -0.61797 0.28262 0.36826
v -0.92729 0.24137 0.36634
v -0.60010 0.40313 -0.39279
v -0.92219 0.26782 -0.36697
v -0.70648 0.33887 -0.37434
v -0.84555 0.27900 -0.49973
v -0.85695 0.24674 -0.63531
v -0.78521 0.20293 -0.73125
v -0.90613 0.19742 -0.67231
v -0.98579 0.00740 0.28098
v -0.99141 0.00299 -0.48240
v -0.82556 0.00546 -0.73934
v -0.89453 0.00543 0.37182
v -0.96597 0.20411 0.29537
v -1.00481 0.21987 0.29109
v -0.95939 0.00789 -0.61025
v 0.89999 1.97840 -0.35077
v 0.92956 1.98942 -0.25965
v 0.87729 1.72873 -0.36982
v 0.87992 2.14433 -0.36721
v 0.74692 1.98136 -0.36938
v 0.65360 2.22344 -0.41434
v 0.88995 2.17056 -0.39638
v 0.53047 0.40576 -0.39249
v 0.07754 1.73243 -0.35981
v 0.54653 2.41187 -0.44490
v 0.16070 2.20403 -0.39619
v 0.37460 2.21823 -0.42108
v 0.05788 1.99191 -0.37670
v 0.02987 1.96815 -0.34263
v 0.02063 1.78021 -0.36179
v 0.09513 1.20477 -0.36705
v -0.00495 1.70411 -0.27484
v 0.01860 1.82412 -0.38070
v 0.01646 1.94507 -0.37262
v -0.04023 1.73273 -0.34553
v 1.00021 0.20885 0.28396
v 0.92307 1.94762 0.27026
v 0.93354 0.37977 0.35858
v 0.99958 0.20403 0.19570
v 0.92666 0.30403 -0.37887
v 0.88677 1.37020 0.34515
v 0.86509 1.95603 0.32371
v 0.61446 1.97577 0.32355
v 0.87644 2.14411 0.33723
v 0.54738 2.13506 0.34252
v 0.72055 1.99794 0.34139
v 0.09574 1.19624 0.33964
v 0.04848 1.79507 0.32440
v 0.07211 1.93953 0.33936
v -0.00284 1.70768 0.24194
v 0.01495 1.94627 0.36094
v 1.09420 1.96368 0.27272
v 1.09036 1.96494 -0.30419
v 1.77918 1.96502 -0.29504
v 1.77214 2.01360 -0.34597
v 1.08828 2.00899 -0.34833
v 1.10454 2.21760 -0.36428
v 1.27197 2.41083 -0.37086
v 1.04020 2.00831 -0.29756
v 1.04456 2.21875 -0.33509
v 1.04269 2.00543 0.27283
v 1.02625 2.22015 -0.17234
v 1.02230 2.22429 0.00414
v 1.01621 2.40587 0.00184
v 0.92655 2.12974 0.02769
v 0.92685 2.13152 -0.15154
v 0.92507 2.13240 -0.32374
v 0.93022 1.99304 -0.01658
v 1.04302 2.21461 0.31028
v 1.50032 2.22130 0.34180
v 1.36610 2.23103 0.34370
v 1.21591 2.22144 0.33964
v 1.24947 2.40817 0.34095
v 1.09025 2.00444 0.31856
v 1.77677 1.96760 0.27533
v 1.01970 2.40493 0.27621
v 0.92745 2.13566 0.28681
v 0.91967 1.97327 0.19041
v 0.92290 1.98399 0.28824
v 0.91865 1.97448 0.05713
v 1.82688 2.40228 0.16157
v 1.83011 2.22133 0.02234
v 1.83274 2.21965 -0.19531
v 1.83159 2.22401 0.23783
v 1.82255 2.01096 0.26965
v 1.82227 2.01502 -0.30115
v 1.82559 2.21264 -0.29038
v 1.78538 2.21669 0.32903
v 1.77666 2.00811 0.31549
v 1.78411 2.22437 -0.35751
v 1.70034 2.40981 -0.36971
v 1.70851 2.40809 0.34235
v 1.54856 2.41393 0.34221
v -0.17501 0.00578 -0.68564
v -0.24722 0.00282 -0.73117
v -0.13694 0.47941 -0.37747
v -0.27381 0.21691 -0.70968
v -0.36547 0.14803 -0.76231
v -0.33285 0.25981 -0.55718
v -0.74160 0.31096 -0.45970
v -0.38014 0.31872 -0.45447
v -0.63008 0.28662 -0.52242
v -0.73559 0.28939 -0.54438
v -0.41720 0.34158 -0.36949
v -0.07189 0.21839 -0.29348
v -0.07597 0.20636 0.28448
v -0.07564 0.01414 -0.32283
v -0.17792 0.21176 -0.62947
v -0.10204 0.23029 -0.33706
v -0.14360 0.29501 -0.38333
v -0.16717 0.00241 0.36395
v -0.19629 0.19814 -0.67777
v -0.26358 0.28369 -0.49342
v -0.23784 0.24603 -0.63701
v -0.34955 0.37541 -0.38599
v 0.06410 0.25853 -0.30962
v -0.07852 0.00556 0.21231
v -0.14415 0.23712 0.36434
v -0.15465 0.20488 0.33794
v 0.30495 0.00266 -0.74729
v 0.87022 0.01025 -0.72264
v 0.14086 0.00359 -0.62484
v 0.95519 0.00743 -0.61930
v 0.11693 0.00000 0.31763
v 0.37839 0.14783 -0.76436
v 0.26594 0.21154 -0.71521
v 0.70774 0.14863 -0.76406
v 0.66317 0.28125 -0.52774
v 0.27485 0.26705 -0.58791
v 0.36893 0.31264 -0.45951
v 0.41265 0.33871 -0.36853
v 0.71564 0.32654 -0.36406
v 0.56802 0.01297 -0.76752
v 0.19933 0.31283 -0.38882
v 0.14363 0.24117 -0.35905
v 0.27460 0.28934 -0.49326
v 0.11260 0.27728 -0.36667
v 0.19475 0.01288 -0.70535
v 0.19291 0.19268 -0.67892
v 0.08195 0.15573 -0.33591
v 0.08011 0.22229 -0.31206
v 0.07414 0.01066 -0.31428
v 0.99456 0.21190 -0.28372
v 1.00314 0.25990 -0.31379
v 1.00563 0.00296 -0.34819
v 0.93557 0.24896 -0.35354
v 0.90944 0.22481 -0.61077
v 0.89360 0.21203 -0.67519
v 0.99237 0.00269 0.24860
v 0.83242 0.20011 -0.72045
v 0.85424 0.27182 -0.50784
v 0.82038 0.24679 -0.60299
v 0.74130 0.31228 -0.45954
v 0.93080 0.24115 0.36365
v 0.89445 0.00567 0.37166
v 0.88181 0.15022 0.36620
v 0.77874 0.26680 0.36357
v 0.16934 0.20768 0.34846
v 0.53310 0.28588 0.36245
v 0.35914 0.27459 0.36480
v 0.19374 0.01461 0.37536
v 0.12299 0.47996 0.35359
v 0.13771 0.23514 0.36390
v 0.07666 0.20916 0.29405
vt 0.071358 0.844891
vt 0.182604 0.874699
vt 0.059665 0.886212
vt 0.187699 0.857076
vt 0.074975 0.813069
vt 0.196719 0.817901
vt 0.081113 0.794175
vt 0.197429 0.798082
vt 0.054165 0.785997
vt 0.078664 0.763710
vt 0.062037 0.747922
vt 0.815807 0.039014
vt 0.815807 0.017386
vt 0.822251 0.028672
vt 0.993719 0.666555
vt 0.994897 0.683228
vt 0.986957 0.685356
vt 0.087121 0.755557
vt 0.376938 0.069441
vt 0.312652 0.063817
vt 0.404366 0.061996
vt 0.998296 0.336717
vt 0.987482 0.317986
vt 0.997967 0.281724
vt 0.132668 0.000531
vt 0.107183 0.019527
vt 0.992805 0.711571
vt 0.140715 0.031881
vt 0.995388 0.742541
vt 0.983575 0.756620
vt 0.982542 0.711747
vt 0.138120 0.041156
vt 0.994718 0.712349
vt 0.098128 0.011373
vt 0.702794 0.196796
vt 0.653090 0.223818
vt 0.656173 0.213765
vt 0.482412 0.882443
vt 0.472968 0.862191
vt 0.488661 0.884484
vt 0.096475 0.227040
vt 0.121001 0.211362
vt 0.122488 0.217060
vt 0.087525 0.034216
vt 0.075998 0.042259
vt 0.075566 0.018161
vt 0.092784 0.219665
vt 0.097492 0.211934
vt 0.100584 0.018614
vt 0.494240 0.903058
vt 0.077765 0.215860
vt 0.102119 0.057539
vt 0.487564 0.900285
vt 0.618943 0.216128
vt 0.115040 0.044169
vt 0.687537 0.019747
vt 0.682429 0.026778
vt 0.680290 0.017361
vt 0.116749 0.233608
vt 0.062354 0.242981
vt 0.068747 0.222235
vt 0.129436 0.036598
vt 0.709915 0.535317
vt 0.714741 0.480166
vt 0.722219 0.608113
vt 0.039572 0.210608
vt 0.579247 0.064138
vt 0.576926 0.055476
vt 0.634606 0.063611
vt 0.607752 0.225441
vt 0.050356 0.239146
vt 0.125478 0.053351
vt 0.113797 0.069627
vt 0.497116 0.938124
vt 0.983523 0.226502
vt 0.983523 0.168300
vt 0.990483 0.181672
vt 0.028616 0.221364
vt 0.589997 0.196334
vt 0.043977 0.270511
vt 0.017740 0.234294
vt 0.544894 0.066152
vt 0.473703 0.981850
vt 0.004044 0.221800
vt 0.709366 0.569725
vt 0.507359 0.496010
vt 0.501403 0.529248
vt 0.483077 0.513012
vt 0.160700 0.986671
vt 0.144920 0.960853
vt 0.169915 0.976788
vt 0.186594 0.981613
vt 0.467519 0.520721
vt 0.212608 0.981778
vt 0.443378 0.530414
vt 0.433789 0.552261
vt 0.486776 0.541584
vt 0.475457 0.069812
vt 0.527596 0.069812
vt 0.566720 0.073886
vt 0.445346 0.556242
vt 0.562517 0.059074
vt 0.487182 0.045791
vt 0.578536 0.045823
vt 0.804268 0.143240
vt 0.763286 0.128324
vt 0.808865 0.133744
vt 0.503798 0.667796
vt 0.543671 0.063577
vt 0.908715 0.705313
vt 0.917485 0.754114
vt 0.908715 0.751213
vt 0.505575 0.062779
vt 0.930197 0.732544
vt 0.907959 0.791009
vt 0.994411 0.182980
vt 0.994411 0.240758
vt 0.988424 0.201407
vt 0.853589 0.149857
vt 0.865944 0.124787
vt 0.958155 0.474289
vt 0.958155 0.547291
vt 0.953076 0.523791
vt 0.915438 0.342648
vt 0.934210 0.391654
vt 0.893647 0.412321
vt 0.925228 0.340498
vt 0.644407 0.090291
vt 0.664379 0.121578
vt 0.634697 0.120177
vt 0.935911 0.866485
vt 0.926438 0.838320
vt 0.735092 0.120676
vt 0.927104 0.796095
vt 0.955858 0.839348
vt 0.464565 0.053099
vt 0.520322 0.068039
vt 0.428672 0.067000
vt 0.371779 0.046282
vt 0.463435 0.046282
vt 0.425358 0.067499
vt 0.595061 0.055479
vt 0.681545 0.055479
vt 0.640569 0.063697
vt 0.892387 0.235757
vt 0.878094 0.275028
vt 0.873184 0.185492
vt 0.787399 0.676708
vt 0.801665 0.683492
vt 0.794096 0.726419
vt 0.770183 0.666122
vt 0.776518 0.688467
vt 0.192701 0.019417
vt 0.165808 0.018632
vt 0.174003 0.000719
vt 0.891163 0.189529
vt 0.771109 0.774781
vt 0.192423 0.000201
vt 0.819807 0.967831
vt 0.819807 0.987049
vt 0.809913 0.977983
vt 0.750163 0.801048
vt 0.739594 0.921856
vt 0.737330 0.797124
vt 0.705889 0.822045
vt 0.721772 0.820655
vt 0.713574 0.943936
vt 0.325039 0.019438
vt 0.309096 0.019438
vt 0.320808 0.004593
vt 0.727542 0.199328
vt 0.786938 0.176166
vt 0.780448 0.214498
vt 0.813600 0.264246
vt 0.823218 0.183736
vt 0.630291 0.012663
vt 0.658086 0.003632
vt 0.656475 0.038545
vt 0.007924 0.016864
vt 0.021502 0.016864
vt 0.020350 0.049836
vt 0.026138 0.020283
vt 0.051886 0.001575
vt 0.060670 0.035698
vt 0.882585 0.858580
vt 0.925603 0.896222
vt 0.856496 0.843679
vt 0.877392 0.896817
vt 0.869531 0.832186
vt 0.991032 0.618602
vt 0.983012 0.588669
vt 0.849929 0.855570
vt 0.983951 0.633989
vt 0.999585 0.099038
vt 0.986489 0.070953
vt 0.999779 0.052016
vt 0.925942 0.796660
vt 0.998351 0.620151
vt 0.193320 0.416530
vt 0.211796 0.442068
vt 0.190516 0.435937
vt 0.221937 0.431480
vt 0.329941 0.408162
vt 0.293554 0.455257
vt 0.243427 0.584975
vt 0.260397 0.588442
vt 0.244747 0.600737
vt 0.267687 0.603284
vt 0.217555 0.460073
vt 0.359263 0.416988
vt 0.325837 0.450618
vt 0.214291 0.480518
vt 0.192455 0.458775
vt 0.357314 0.441370
vt 0.246452 0.458872
vt 0.297846 0.595282
vt 0.239123 0.469931
vt 0.308369 0.459747
vt 0.296817 0.617674
vt 0.254284 0.491744
vt 0.190983 0.577615
vt 0.290852 0.469256
vt 0.314508 0.627425
vt 0.316598 0.599792
vt 0.271387 0.479457
vt 0.344403 0.606634
vt 0.110767 0.193888
vt 0.455935 0.580314
vt 0.334480 0.632261
vt 0.352717 0.642835
vt 0.001052 0.218227
vt 0.001052 0.190306
vt 0.373135 0.640919
vt 0.985296 0.362653
vt 0.999010 0.346309
vt 0.989938 0.374942
vt 0.104349 0.146811
vt 0.121502 0.180696
vt 0.088403 0.161469
vt 0.119171 0.157865
vt 0.773144 0.559301
vt 0.789614 0.566658
vt 0.776727 0.639745
vt 0.030147 0.122613
vt 0.016527 0.132799
vt 0.001535 0.131751
vt 0.991055 0.881894
vt 0.996391 0.901809
vt 0.989877 0.913103
vt 0.793501 0.665809
vt 0.771074 0.665380
vt 0.799951 0.653484
vt 0.105313 0.190693
vt 0.993970 0.347098
vt 0.794264 0.648550
vt 0.913300 0.183062
vt 0.905737 0.186032
vt 0.893701 0.170367
vt 0.159642 0.018888
vt 0.162218 0.048336
vt 0.154314 0.016343
vt 0.150228 0.189875
vt 0.822845 0.662239
vt 0.130932 0.201226
vt 0.924724 0.188261
vt 0.044807 0.121869
vt 0.924313 0.208604
vt 0.808245 0.562933
vt 0.818402 0.644140
vt 0.153623 0.049376
vt 0.934200 0.174872
vt 0.150688 0.175367
vt 0.944455 0.205147
vt 0.987030 0.320006
vt 0.049807 0.112377
vt 0.933153 0.216065
vt 0.919148 0.241599
vt 0.989077 0.905490
vt 0.981496 0.926319
vt 0.981652 0.889277
vt 0.132029 0.261723
vt 0.884503 0.410960
vt 0.897075 0.327638
vt 0.066552 0.107505
vt 0.988154 0.561170
vt 0.985511 0.591378
vt 0.983401 0.543983
vt 0.177822 0.166330
vt 0.190655 0.175678
vt 0.883821 0.328799
vt 0.076444 0.088861
vt 0.075043 0.072204
vt 0.919023 0.331508
vt 0.477213 0.070864
vt 0.558041 0.075100
vt 0.565946 0.101770
vt 0.914756 0.986681
vt 0.917873 0.890710
vt 0.921300 0.949570
vt 0.910971 0.892796
vt 0.311649 0.031494
vt 0.311110 0.037658
vt 0.304309 0.033109
vt 0.983000 0.757418
vt 0.990516 0.757418
vt 0.987754 0.801190
vt 0.374456 0.033838
vt 0.542328 0.648975
vt 0.547683 0.742336
vt 0.537653 0.799216
vt 0.545238 0.801245
vt 0.410402 0.355306
vt 0.303296 0.345935
vt 0.452813 0.348327
vt 0.454428 0.355880
vt 0.007335 0.227076
vt 0.013251 0.232041
vt 0.003116 0.233482
vt 0.689269 0.471286
vt 0.672227 0.418669
vt 0.689316 0.321750
vt 0.951043 0.435173
vt 0.956241 0.375769
vt 0.958226 0.437865
vt 0.619205 0.472266
vt 0.955632 0.569481
vt 0.943338 0.639200
vt 0.946210 0.567546
vt 0.236347 0.079879
vt 0.166353 0.020170
vt 0.236347 0.020247
vt 0.617206 0.323132
vt 0.516066 0.226725
vt 0.666376 0.225792
vt 0.666376 0.297504
vt 0.516239 0.297043
vt 0.165811 0.077771
vt 0.005699 0.304002
vt 0.016992 0.304067
vt 0.952820 0.639418
vt 0.344651 0.361372
vt 0.195117 0.348290
vt 0.345238 0.350490
vt 0.365686 0.237114
vt 0.514453 0.229975
vt 0.515434 0.241187
vt 0.365390 0.226199
vt 0.884727 0.077792
vt 0.876230 0.082004
vt 0.875372 0.072202
vt 0.817160 0.074081
vt 0.818691 0.084737
vt 0.808260 0.080409
vt 0.194242 0.359628
vt 0.316279 0.344716
vt 0.166475 0.344716
vt 0.316747 0.286475
vt 0.166333 0.287730
vt 0.382170 0.432974
vt 0.437109 0.463494
vt 0.382170 0.489710
vt 0.951201 0.509820
vt 0.954635 0.443191
vt 0.953629 0.509607
vt 0.938733 0.630209
vt 0.940956 0.557628
vt 0.945034 0.558184
vt 0.952342 0.437213
vt 0.942790 0.627189
vt 0.022104 0.032568
vt 0.024488 0.032062
vt 0.022936 0.036599
vt 0.329170 0.392940
vt 0.870373 0.728699
vt 0.851894 0.668535
vt 0.879760 0.658393
vt 0.024914 0.031147
vt 0.022229 0.030722
vt 0.022168 0.027215
vt 0.962126 0.900358
vt 0.958914 0.891532
vt 0.959323 0.831374
vt 0.486426 0.391605
vt 0.465678 0.474006
vt 0.297159 0.035065
vt 0.306357 0.039354
vt 0.239966 0.041443
vt 0.307368 0.036831
vt 0.909332 0.960061
vt 0.909004 0.950674
vt 0.912477 0.950189
vt 0.237017 0.036494
vt 0.853375 0.627848
vt 0.999841 0.720526
vt 0.999841 0.759121
vt 0.997216 0.733467
vt 0.296568 0.161924
vt 0.365642 0.194133
vt 0.261136 0.192051
vt 0.472549 0.863872
vt 0.472549 0.981641
vt 0.376960 0.112204
vt 0.327188 0.136490
vt 0.281327 0.110012
vt 0.590218 0.764014
vt 0.546488 0.653437
vt 0.553826 0.652009
vt 0.280715 0.162180
vt 0.596229 0.802625
vt 0.152062 0.111754
vt 0.152062 0.101586
vt 0.247644 0.107902
vt 0.882780 0.652847
vt 0.445548 0.912225
vt 0.006479 0.637601
vt 0.090548 0.746857
vt 0.070998 0.744979
vt 0.898919 0.715003
vt 0.904566 0.688780
vt 0.908194 0.703950
vt 0.775022 0.901366
vt 0.783625 0.885544
vt 0.782484 0.902682
vt 0.774846 0.885965
vt 0.750788 0.914109
vt 0.776380 0.867149
vt 0.744049 0.879607
vt 0.752478 0.852128
vt 0.776275 0.886027
vt 0.891582 0.699473
vt 0.781982 0.868870
vt 0.055722 0.748133
vt 0.902237 0.670671
vt 0.779050 0.835737
vt 0.887784 0.683155
vt 0.892834 0.664481
vt 0.038801 0.754988
vt 0.000182 0.709649
vt 0.784642 0.849709
vt 0.904070 0.651236
vt 0.024119 0.767854
vt 0.902713 0.633944
vt 0.013957 0.779760
vt 0.784145 0.817618
vt 0.906551 0.635781
vt 0.907412 0.617512
vt 0.780377 0.800948
vt 0.659382 0.128113
vt 0.691514 0.136723
vt 0.588034 0.132419
vt 0.892218 0.170773
vt 0.922397 0.213873
vt 0.893815 0.250022
vt 0.766860 0.046716
vt 0.845824 0.053624
vt 0.763298 0.055786
vt 0.780827 0.003505
vt 0.783175 0.030335
vt 0.764597 0.003871
vt 0.754521 0.030101
vt 0.804341 0.017211
vt 0.811156 0.019691
vt 0.804351 0.047527
vt 0.734236 0.024601
vt 0.564336 0.017405
vt 0.554349 0.025786
vt 0.555399 0.003640
vt 0.987244 0.846753
vt 0.981368 0.824826
vt 0.985893 0.806018
vt 0.489820 0.008850
vt 0.501190 0.024500
vt 0.488511 0.021465
vt 0.615213 0.671470
vt 0.576064 0.661349
vt 0.617411 0.547750
vt 0.566610 0.668284
vt 0.596541 0.686968
vt 0.594942 0.544607
vt 0.567793 0.684901
vt 0.557274 0.651999
vt 0.526449 0.643423
vt 0.565462 0.534404
vt 0.538101 0.527476
vt 0.500784 0.639647
vt 0.504454 0.517545
vt 0.987541 0.208081
vt 0.996003 0.256072
vt 0.986831 0.265190
vt 0.144805 0.959704
vt 0.172961 0.941205
vt 0.195831 0.980816
vt 0.064632 0.153450
vt 0.102820 0.146248
vt 0.525774 0.143630
vt 0.501898 0.134939
vt 0.540507 0.130524
vt 0.705311 0.000671
vt 0.715809 0.006813
vt 0.716956 0.019927
vt 0.704819 0.015460
vt 0.038583 0.826915
vt 0.019016 0.838212
vt 0.475450 0.023996
vt 0.479729 0.010825
vt 0.484825 0.022963
vt 0.554126 0.139549
vt 0.246077 0.105348
vt 0.151667 0.100587
vt 0.221134 0.080404
vt 0.206474 0.080037
vt 0.061156 0.173516
vt 0.033624 0.164267
vt 0.002624 0.173153
vt 0.573347 0.130676
vt 0.011442 0.792812
vt 0.930718 0.500670
vt 0.958284 0.570827
vt 0.938543 0.550072
vt 0.594750 0.140182
vt 0.605017 0.136755
vt 0.317779 0.045181
vt 0.404861 0.060536
vt 0.312648 0.062715
vt 0.903413 0.529663
vt 0.265200 0.941519
vt 0.037104 0.757898
vt 0.945102 0.470860
vt 0.072558 0.165655
vt 0.011446 0.892911
vt 0.241728 0.977363
vt 0.513862 0.356529
vt 0.587986 0.345952
vt 0.530789 0.385847
vt 0.976853 0.782938
vt 0.976853 0.847263
vt 0.963821 0.778534
vt 0.271269 0.285463
vt 0.329452 0.242311
vt 0.325767 0.265627
vt 0.958899 0.818097
vt 0.132135 0.916717
vt 0.264629 0.940064
vt 0.152146 0.940566
vt 0.418285 0.275620
vt 0.793413 0.434093
vt 0.801681 0.528604
vt 0.785371 0.546290
vt 0.282518 0.974356
vt 0.356255 0.961354
vt 0.394775 0.979794
vt 0.244513 0.918264
vt 0.344475 0.936670
vt 0.428553 0.933433
vt 0.404921 0.958671
vt 0.436536 0.368017
vt 0.497679 0.394607
vt 0.717697 0.271741
vt 0.674565 0.290734
vt 0.667162 0.255904
vt 0.677638 0.226092
vt 0.750399 0.249888
vt 0.472414 0.346242
vt 0.399590 0.285889
vt 0.727975 0.319560
vt 0.461803 0.957731
vt 0.775703 0.331534
vt 0.152714 0.098959
vt 0.152714 0.056019
vt 0.164108 0.093425
vt 0.969433 0.132884
vt 0.943056 0.129646
vt 0.980726 0.123327
vt 0.929014 0.124386
vt 0.938986 0.140778
vt 0.540940 0.144128
vt 0.555480 0.141400
vt 0.594497 0.151855
vt 0.559197 0.987856
vt 0.598286 0.988867
vt 0.596813 0.994489
vt 0.924130 0.134121
vt 0.636978 0.990197
vt 0.925839 0.148375
vt 0.982976 0.701786
vt 0.982976 0.656723
vt 0.988579 0.670836
vt 0.608162 0.026192
vt 0.628414 0.012300
vt 0.512665 0.170802
vt 0.495934 0.146416
vt 0.590776 0.176754
vt 0.542363 0.177168
vt 0.995344 0.789859
vt 0.990434 0.776368
vt 0.993250 0.746678
vt 0.602643 0.186211
vt 0.503690 0.183841
vt 0.596548 0.043865
vt 0.609869 0.027990
vt 0.657498 0.044595
vt 0.983976 0.479120
vt 0.983976 0.428678
vt 0.991502 0.448519
vt 0.800735 0.003945
vt 0.800735 0.034309
vt 0.783866 0.030563
vt 0.882069 0.389340
vt 0.860147 0.387422
vt 0.883166 0.358075
vt 0.002570 0.049127
vt 0.003939 0.009906
vt 0.020481 0.053851
vt 0.293768 0.951620
vt 0.341298 0.936858
vt 0.369832 0.947244
vt 0.556200 0.026554
vt 0.603070 0.029380
vt 0.594812 0.044559
vt 0.330064 0.954069
vt 0.865794 0.349273
vt 0.877083 0.320770
vt 0.859414 0.354062
vt 0.362526 0.961798
vt 0.395548 0.975353
vt 0.545042 0.044472
vt 0.853281 0.421751
vt 0.851017 0.326744
vt 0.880282 0.409240
vt 0.295920 0.961800
vt 0.279783 0.973257
vt 0.191329 0.183255
vt 0.233994 0.152471
vt 0.241122 0.182386
vt 0.278509 0.175512
vt 0.273847 0.123758
vt 0.654221 0.041158
vt 0.803493 0.277659
vt 0.831672 0.379951
vt 0.803493 0.381488
vt 0.525955 0.468164
vt 0.570543 0.450823
vt 0.859087 0.376171
vt 0.573746 0.463539
vt 0.617413 0.546136
vt 0.548671 0.441468
vt 0.509303 0.440131
vt 0.297131 0.699279
vt 0.327877 0.728173
vt 0.335126 0.706010
vt 0.491464 0.445033
vt 0.418079 0.711590
vt 0.295074 0.720553
vt 0.406469 0.731258
vt 0.436715 0.730846
vt 0.413089 0.751783
vt 0.399336 0.800087
vt 0.284880 0.753049
vt 0.272521 0.705922
vt 0.425478 0.755588
vt 0.283857 0.802677
vt 0.273382 0.689302
vt 0.447043 0.757405
vt 0.263366 0.686482
vt 0.277314 0.737191
vt 0.269190 0.771799
vt 0.263950 0.752600
vt 0.424097 0.777278
vt 0.243386 0.665690
vt 0.439154 0.784420
vt 0.459900 0.782689
vt 0.422611 0.799665
vt 0.552127 0.477881
vt 0.498739 0.462739
vt 0.311197 0.698393
vt 0.304654 0.688847
vt 0.375462 0.716172
vt 0.396009 0.716261
vt 0.406327 0.698005
vt 0.250430 0.691749
vt 0.497382 0.036697
vt 0.473857 0.054812
vt 0.475213 0.025402
vt 0.979773 0.004915
vt 0.980843 0.047940
vt 0.951502 0.052064
vt 0.490813 0.023167
vt 0.504541 0.180957
vt 0.398843 0.180957
vt 0.497674 0.150578
vt 0.534480 0.034461
vt 0.682772 0.698822
vt 0.698556 0.799334
vt 0.997536 0.622372
vt 0.997536 0.667476
vt 0.983337 0.655710
vt 0.722542 0.796841
vt 0.932350 0.018774
vt 0.954882 0.074536
vt 0.703446 0.690981
vt 0.719865 0.819916
vt 0.074382 0.044600
vt 0.061469 0.037144
vt 0.072033 0.002482
vt 0.338408 0.024657
vt 0.368431 0.004917
vt 0.380571 0.025946
vt 0.342108 0.003971
vt 0.750247 0.796105
vt 0.737726 0.688834
vt 0.754578 0.687686
vt 0.001488 0.137848
vt 0.103956 0.137848
vt 0.678968 0.802788
vt 0.010610 0.169655
vt 0.787716 0.969299
vt 0.806929 0.978258
vt 0.786186 0.993428
vt 0.799159 0.541705
vt 0.805862 0.516689
vt 0.818823 0.554850
vt 0.816561 0.969647
vt 0.806661 0.992294
vt 0.968054 0.650167
vt 0.967150 0.621756
vt 0.977430 0.624406
vt 0.834136 0.513112
vt 0.858588 0.558924
vt 0.864144 0.504692
vt 0.836464 0.484365
vt 0.144277 0.072757
vt 0.151456 0.070144
vt 0.151094 0.098566
vt 0.658310 0.044514
vt 0.667417 0.028742
vt 0.968727 0.596233
vt 0.713441 0.043925
vt 0.237011 0.034293
vt 0.307374 0.031305
vt 0.292144 0.034293
vt 0.237907 0.029771
vt 0.239016 0.019213
vt 0.246645 0.018783
vt 0.967862 0.212686
vt 0.976719 0.188350
vt 0.976585 0.249609
vt 0.974983 0.582790
vt 0.865616 0.833901
vt 0.832624 0.736704
vt 0.165270 0.090697
vt 0.153023 0.053004
vt 0.162886 0.049078
vt 0.798575 0.479456
vt 0.967069 0.362446
vt 0.975815 0.338416
vt 0.966314 0.403005
vt 0.974111 0.403614
vt 0.116317 0.106400
vt 0.118391 0.066821
vt 0.138710 0.045145
vt 0.865966 0.453827
vt 0.247139 0.020146
vt 0.982487 0.875216
vt 0.987558 0.861283
vt 0.988577 0.901836
vt 0.658660 0.019243
vt 0.819524 0.848877
vt 0.247646 0.017959
vt 0.238377 0.017959
vt 0.243816 0.009016
vt 0.000701 0.966257
vt 0.025177 0.897902
vt 0.034120 0.903406
vt 0.921760 0.969916
vt 0.922774 0.900984
vt 0.980643 0.900984
vt 0.144324 0.458306
vt 0.212714 0.480527
vt 0.164834 0.620654
vt 0.009820 0.968038
vt 0.801381 0.072802
vt 0.730919 0.083157
vt 0.732441 0.072802
vt 0.873566 0.050751
vt 0.947425 0.050751
vt 0.946979 0.123354
vt 0.980092 0.970031
vt 0.802824 0.082355
vt 0.808561 0.078342
vt 0.515245 0.248943
vt 0.366560 0.248943
vt 0.514478 0.241984
vt 0.031538 0.895130
vt 0.054940 0.183333
vt 0.018319 0.183911
vt 0.019885 0.177151
vt 0.515067 0.255362
vt 0.366858 0.255362
vt 0.515438 0.249787
vt 0.093744 0.177101
vt 0.102329 0.187783
vt 0.976407 0.281167
vt 0.965722 0.341767
vt 0.967856 0.278145
vt 0.974077 0.339453
vt 0.949682 0.640059
vt 0.952214 0.703667
vt 0.942833 0.642552
vt 0.905146 0.808080
vt 0.901953 0.771593
vt 0.907757 0.709330
vt 0.951047 0.711094
vt 0.945530 0.703844
vt 0.824487 0.027930
vt 0.819178 0.020623
vt 0.824765 0.020646
vt 0.896592 0.811530
vt 0.896592 0.712746
vt 0.903800 0.809392
vt 0.665715 0.006202
vt 0.674102 0.002642
vt 0.664688 0.023823
vt 0.267015 0.019793
vt 0.267937 0.010808
vt 0.277005 0.010015
vt 0.965223 0.282269
vt 0.965223 0.220918
vt 0.976905 0.253706
vt 0.281292 0.019902
vt 0.874914 0.014132
vt 0.874778 0.021959
vt 0.858288 0.013556
vt 0.859166 0.002563
vt 0.983457 0.501286
vt 0.988515 0.482411
vt 0.993492 0.511442
vt 0.683032 0.032670
vt 0.991141 0.461094
vt 0.882952 0.007983
vt 0.911555 0.029290
vt 0.959338 0.732159
vt 0.959338 0.671961
vt 0.964645 0.701284
vt 0.910120 0.010839
vt 0.467871 0.347607
vt 0.317318 0.344937
vt 0.317318 0.286527
vt 0.467295 0.289453
vt 0.976904 0.528102
vt 0.967541 0.469929
vt 0.976904 0.469945
vt 0.285618 0.362009
vt 0.436285 0.362009
vt 0.628603 0.509250
vt 0.628603 0.658204
vt 0.618819 0.508332
vt 0.966205 0.528372
vt 0.970990 0.536447
vt 0.435151 0.372174
vt 0.618086 0.658907
vt 0.666411 0.622075
vt 0.664302 0.772726
vt 0.592658 0.695828
vt 0.615230 0.479226
vt 0.687370 0.479226
vt 0.686915 0.628180
vt 0.592540 0.771453
vt 0.285148 0.371313
vt 0.977185 0.644172
vt 0.977873 0.711885
vt 0.967689 0.652140
vt 0.969812 0.711148
vt 0.138491 0.419165
vt 0.143190 0.284595
vt 0.191573 0.423105
vt 0.616247 0.546643
vt 0.593431 0.540101
vt 0.475465 0.452866
vt 0.769849 0.331233
vt 0.769849 0.456408
vt 0.766689 0.413471
vt 0.765272 0.415415
vt 0.771377 0.485192
vt 0.759276 0.540446
vt 0.528973 0.771976
vt 0.473969 0.791996
vt 0.478974 0.622914
vt 0.496594 0.801712
vt 0.489504 0.814499
vt 0.444462 0.798105
vt 0.436448 0.898780
vt 0.360121 0.822009
vt 0.470668 0.829685
vt 0.475557 0.834795
vt 0.478968 0.854765
vt 0.405843 0.898791
vt 0.272411 0.023860
vt 0.267878 0.020686
vt 0.337811 0.023633
vt 0.337706 0.020279
vt 0.384168 0.870863
vt 0.306186 0.026186
vt 0.376011 0.026865
vt 0.374641 0.032176
vt 0.980672 0.831505
vt 0.980672 0.900226
vt 0.977641 0.896835
vt 0.972584 0.780375
vt 0.972584 0.712168
vt 0.977391 0.780720
vt 0.381678 0.027912
vt 0.381678 0.023093
vt 0.384384 0.025077
vt 0.306496 0.030094
vt 0.968321 0.779076
vt 0.968321 0.710870
vt 0.971846 0.778955
vt 0.499123 0.908124
vt 0.770416 0.546071
vt 0.770416 0.665307
vt 0.762688 0.664532
vt 0.137149 0.377555
vt 0.137149 0.516779
vt 0.130139 0.377287
vt 0.163782 0.619806
vt 0.080826 0.732168
vt 0.074207 0.692342
vt 0.871236 0.144852
vt 0.846919 0.163025
vt 0.864848 0.142229
vt 0.847203 0.156265
vt 0.828555 0.152265
vt 0.843870 0.171113
vt 0.874275 0.164461
vt 0.071563 0.676814
vt 0.812458 0.160851
vt 0.820112 0.170831
vt 0.871531 0.195803
vt 0.058545 0.655463
vt 0.851455 0.207312
vt 0.846311 0.195394
vt 0.556836 0.025971
vt 0.569590 0.014701
vt 0.581822 0.024965
vt 0.806208 0.164006
vt 0.596807 0.015679
vt 0.053972 0.531687
vt 0.873089 0.223147
vt 0.792719 0.159288
vt 0.599123 0.028435
vt 0.586692 0.009819
vt 0.990658 0.876887
vt 0.994772 0.890089
vt 0.989750 0.866683
vt 0.061631 0.031816
vt 0.058465 0.022073
vt 0.065125 0.020661
vt 0.996028 0.856846
vt 0.612554 0.345545
vt 0.469460 0.342361
vt 0.507103 0.336319
vt 0.146206 0.776281
vt 0.193667 0.632364
vt 0.189779 0.780093
vt 0.033091 0.517841
vt 0.049793 0.378525
vt 0.045570 0.517841
vt 0.472120 0.240997
vt 0.418344 0.245702
vt 0.324349 0.239339
vt 0.507125 0.335404
vt 0.471698 0.295946
vt 0.565832 0.299745
vt 0.036006 0.377206
vt 0.577362 0.337569
vt 0.152634 0.637050
vt 0.619800 0.298532
vt 0.631108 0.886143
vt 0.497328 0.842675
vt 0.667458 0.775456
vt 0.986438 0.424820
vt 0.999830 0.422459
vt 0.997037 0.464737
vt 0.992062 0.412164
vt 0.917136 0.559141
vt 0.939121 0.552420
vt 0.936797 0.599931
vt 0.905044 0.606703
vt 0.652040 0.864660
vt 0.652040 0.982324
vt 0.639279 0.980461
vt 0.937999 0.642284
vt 0.892027 0.570419
vt 0.864214 0.616716
vt 0.127495 0.418166
vt 0.118214 0.365953
vt 0.118214 0.275720
vt 0.022140 0.518190
vt 0.022140 0.377347
vt 0.035241 0.379120
vt 0.771723 0.255306
vt 0.663240 0.220058
vt 0.775701 0.214041
vt 0.801441 0.280594
vt 0.761861 0.258142
vt 0.786349 0.458959
vt 0.786349 0.346338
vt 0.790895 0.429918
vt 0.120003 0.420700
vt 0.800732 0.251208
vt 0.646860 0.902776
vt 0.633768 0.899888
vt 0.641272 0.890794
vt 0.832327 0.020320
vt 0.825620 0.024511
vt 0.832464 0.002463
vt 0.640704 0.943773
vt 0.871781 0.021861
vt 0.618862 0.942719
vt 0.140082 0.236528
vt 0.140082 0.353468
vt 0.128677 0.350479
vt 0.582094 0.940665
vt 0.629301 0.986107
vt 0.540441 0.937389
vt 0.519398 0.894026
vt 0.607612 0.979955
vt 0.541060 0.975268
vt 0.000054 0.717538
vt 0.005831 0.744278
vt 0.005831 0.811293
vt 0.000599 0.833222
vt 0.762931 0.312907
vt 0.802631 0.364289
vt 0.141729 0.971446
vt 0.009816 0.971446
vt 0.047246 0.875048
vt 0.310013 0.109765
vt 0.280522 0.071844
vt 0.312293 0.045185
vt 0.278889 0.050082
vt 0.244843 0.048510
vt 0.250232 0.138238
vt 0.768818 0.031074
vt 0.768818 0.045676
vt 0.735057 0.030966
vt 0.734904 0.048975
vt 0.802614 0.035480
vt 0.802607 0.045721
vt 0.095606 0.017521
vt 0.085365 0.017521
vt 0.090330 0.009453
vt 0.579425 0.054761
vt 0.579425 0.045288
vt 0.670698 0.054744
vt 0.418743 0.029717
vt 0.385082 0.024428
vt 0.389354 0.000200
vt 0.418538 0.000266
vt 0.910582 0.030831
vt 0.881403 0.030322
vt 0.878040 0.005951
vt 0.144711 0.978739
vt 0.144711 0.965351
vt 0.150532 0.972215
vt 0.148926 0.064877
vt 0.143865 0.072007
vt 0.145139 0.065545
vt 0.997540 0.931540
vt 0.997540 0.956641
vt 0.988237 0.952778
vt 0.758816 0.541497
vt 0.769875 0.540530
vt 0.759484 0.661040
vt 0.077172 0.007563
vt 0.083044 0.006527
vt 0.075182 0.017437
vt 0.144554 0.043736
vt 0.097582 0.105997
vt 0.093556 0.128831
vt 0.091075 0.104980
vt 0.055788 0.128699
vt 0.084700 0.017504
vt 0.097910 0.137295
vt 0.001158 0.136038
vt 0.664608 0.127073
vt 0.738729 0.129984
vt 0.720111 0.144473
vt 0.748387 0.133892
vt 0.770252 0.156693
vt 0.745763 0.163535
vt 0.747611 0.125242
vt 0.757329 0.122139
vt 0.735605 0.175685
vt 0.721675 0.200568
vt 0.768718 0.179935
vt 0.775760 0.145985
vt 0.798045 0.153673
vt 0.805720 0.147143
vt 0.143280 0.021554
vt 0.149294 0.013276
vt 0.150982 0.023017
vt 0.650057 0.068340
vt 0.735917 0.068340
vt 0.652400 0.078301
vt 0.835663 0.966255
vt 0.804003 0.967532
vt 0.804003 0.941421
vt 0.773459 0.969438
vt 0.775773 0.956773
vt 0.775458 0.903800
vt 0.866607 0.326107
vt 0.866607 0.223673
vt 0.874443 0.223938
vt 0.833316 0.863814
vt 0.246937 0.108906
vt 0.196739 0.177999
vt 0.115005 0.117663
vt 0.069269 0.105653
vt 0.815482 0.291994
vt 0.840683 0.266854
vt 0.836783 0.325959
vt 0.866073 0.288577
vt 0.819918 0.279328
vt 0.801901 0.276684
vt 0.815532 0.269896
vt 0.363195 0.144885
vt 0.851143 0.209107
vt 0.478212 0.120252
vt 0.488757 0.140448
vt 0.410613 0.138651
vt 0.252024 0.606213
vt 0.309745 0.631214
vt 0.495194 0.145422
vt 0.319370 0.167537
vt 0.384771 0.122797
vt 0.965112 0.774250
vt 0.960342 0.782512
vt 0.962628 0.719204
vt 0.429627 0.122838
vt 0.483184 0.114509
vt 0.864920 0.520560
vt 0.863040 0.625591
vt 0.857493 0.605458
vt 0.341259 0.682937
vt 0.382458 0.663206
vt 0.327797 0.140806
vt 0.396420 0.144254
vt 0.353415 0.653100
vt 0.858847 0.564695
vt 0.335598 0.687736
vt 0.289395 0.158781
vt 0.355375 0.661732
vt 0.341331 0.693794
vt 0.988821 0.957478
vt 0.997937 0.957478
vt 0.989276 0.979746
vt 0.815209 0.041844
vt 0.829322 0.023970
vt 0.826940 0.046114
vt 0.879249 0.022685
vt 0.857680 0.024219
vt 0.335778 0.705214
vt 0.855045 0.055785
vt 0.388388 0.167008
vt 0.369894 0.194025
vt 0.243313 0.623791
vt 0.373886 0.641641
vt 0.472234 0.615742
vt 0.303037 0.686196
vt 0.588557 0.987280
vt 0.648515 0.987280
vt 0.662056 0.990160
vt 0.865881 0.590755
vt 0.899747 0.536050
vt 0.901495 0.539893
vt 0.907202 0.545540
vt 0.865726 0.505357
vt 0.932287 0.013717
vt 0.912396 0.006477
vt 0.972351 0.005901
vt 0.996330 0.183787
vt 0.983782 0.166740
vt 0.994674 0.155847
vt 0.476880 0.074134
vt 0.566279 0.103182
vt 0.488669 0.137244
vt 0.999883 0.104661
vt 0.998002 0.163608
vt 0.997174 0.135631
vt 0.865755 0.595673
vt 0.997387 0.119900
vt 0.994718 0.140115
vt 0.999760 0.645113
vt 0.999760 0.685932
vt 0.996807 0.684551
vt 0.982091 0.127227
vt 0.995575 0.124697
vt 0.756827 0.454059
vt 0.756827 0.327697
vt 0.761680 0.455967
vt 0.761680 0.331310
vt 0.768972 0.330694
vt 0.219127 0.411403
vt 0.222266 0.430410
vt 0.219522 0.418935
vt 0.218084 0.381470
vt 0.206585 0.412183
vt 0.359870 0.379791
vt 0.906832 0.553353
vt 0.760584 0.347439
vt 0.925267 0.419988
vt 0.925267 0.504484
vt 0.832458 0.423249
vt 0.241417 0.980246
vt 0.254905 0.960984
vt 0.243321 0.982972
vt 0.413854 0.173988
vt 0.388947 0.144305
vt 0.494330 0.150403
vt 0.997458 0.026158
vt 0.997458 0.053292
vt 0.986358 0.027698
vt 0.004113 0.985201
vt 0.001472 0.967300
vt 0.013488 0.977334
vt 0.789891 0.018721
vt 0.783920 0.026938
vt 0.784129 0.016220
vt 0.028844 0.981645
vt 0.024619 0.976998
vt 0.642415 0.076918
vt 0.581719 0.080390
vt 0.560628 0.068213
vt 0.649279 0.069299
vt 0.784341 0.986129
vt 0.777665 0.985976
vt 0.774923 0.970428
vt 0.785155 0.969732
vt 0.005004 0.624400
vt 0.013633 0.638015
vt 0.005004 0.636441
vt 0.032505 0.522426
vt 0.041060 0.518437
vt 0.909777 0.965207
vt 0.913102 0.965207
vt 0.910594 0.971835
vt 0.545669 0.377097
vt 0.570372 0.394394
vt 0.539611 0.392379
vt 0.000583 0.993956
vt 0.008452 0.500288
vt 0.035173 0.658611
vt 0.556171 0.376865
vt 0.913175 0.973979
vt 0.982904 0.970079
vt 0.988160 0.953903
vt 0.986222 0.969571
vt 0.617328 0.395667
vt 0.611922 0.533386
vt 0.616939 0.378664
vt 0.254658 0.987030
vt 0.033405 0.533597
vt 0.150235 0.041314
vt 0.143941 0.042652
vt 0.150321 0.024538
vt 0.773254 0.983273
vt 0.762361 0.985906
vt 0.761464 0.975654
vt 0.745584 0.986032
vt 0.987622 0.506789
vt 0.982902 0.522395
vt 0.984962 0.506320
vt 0.886957 0.980598
vt 0.884926 0.967772
vt 0.903162 0.980369
vt 0.655387 0.972061
vt 0.740373 0.932917
vt 0.876877 0.970029
vt 0.875959 0.961538
vt 0.987672 0.554984
vt 0.868984 0.985482
vt 0.771910 0.935096
vt 0.986602 0.422140
vt 0.987358 0.389212
vt 0.988226 0.403586
vt 0.862016 0.949541
vt 0.757013 0.929884
vt 0.958873 0.611177
vt 0.961677 0.658983
vt 0.958873 0.657162
vt 0.853125 0.977535
vt 0.755726 0.928111
vt 0.844133 0.992097
vt 0.990107 0.378046
vt 0.764901 0.915390
vt 0.743123 0.928790
vt 0.009528 0.972144
vt 0.128285 0.972144
vt 0.068715 0.985188
vt 0.813526 0.014856
vt 0.813526 0.049391
vt 0.805405 0.049141
vt 0.998957 0.970646
vt 0.994181 0.977219
vt 0.994177 0.969323
vt 0.911318 0.937158
vt 0.909785 0.934356
vt 0.911516 0.924539
vt 0.909475 0.926273
vt 0.824646 0.978473
vt 0.982331 0.976884
vt 0.981940 0.971292
vt 0.987163 0.970639
vt 0.909406 0.946199
vt 0.909595 0.937856
vt 0.912075 0.938865
vt 0.060289 0.013455
vt 0.063252 0.014649
vt 0.064614 0.019733
vt 0.961423 0.667325
vt 0.332880 0.008426
vt 0.325814 0.018869
vt 0.326360 0.010799
vt 0.336275 0.019529
vt 0.059957 0.020385
vt 0.959278 0.671315
vt 0.755196 0.915843
vt 0.335643 0.011735
vt 0.683239 0.029318
vt 0.687531 0.034179
vt 0.984881 0.368444
vt 0.911801 0.949344
vt 0.687053 0.022712
vt 0.049381 0.514596
vt 0.047106 0.653624
vt 0.041470 0.528299
vt 0.291245 0.236479
vt 0.280254 0.277499
vt 0.144263 0.246177
vt 0.127791 0.391668
vt 0.119389 0.278093
vt 0.040369 0.607510
vt 0.884006 0.262294
vt 0.930369 0.255468
vt 0.935566 0.274867
vt 0.307090 0.004440
vt 0.308392 0.019476
vt 0.282094 0.019476
vt 0.150396 0.042330
vt 0.150396 0.069489
vt 0.147299 0.043374
vt 0.295534 0.008044
vt 0.306784 0.003575
vt 0.286907 0.006447
vt 0.881875 0.326965
vt 0.220151 0.019498
vt 0.193287 0.019498
vt 0.196581 0.006005
vt 0.947453 0.250776
vt 0.944785 0.323287
vt 0.929615 0.321956
vt 0.940686 0.318006
vt 0.989283 0.560539
vt 0.989283 0.512536
vt 0.997475 0.519005
vt 0.985753 0.028536
vt 0.985753 0.035221
vt 0.983350 0.032819
vt 0.942310 0.322641
vt 0.934142 0.333334
vt 0.675298 0.976744
vt 0.669228 0.985098
vt 0.665065 0.974686
vt 0.930089 0.332272
vt 0.988297 0.566890
vt 0.998461 0.562151
vt 0.995587 0.607540
vt 0.942019 0.332124
vt 0.912638 0.964522
vt 0.127791 0.256690
vt 0.909334 0.963733
vt 0.912156 0.955047
vt 0.455900 0.070138
vt 0.408873 0.134865
vt 0.332722 0.077185
vt 0.734956 0.118503
vt 0.644642 0.089158
vt 0.647804 0.081105
vt 0.719648 0.110673
vt 0.728642 0.082994
vt 0.811985 0.132307
vt 0.602942 0.028357
vt 0.593125 0.000579
vt 0.976707 0.984399
vt 0.947807 0.971266
vt 0.976707 0.974701
vt 0.918100 0.974053
vt 0.916868 0.986556
vt 0.219545 0.007902
vt 0.219545 0.017600
vt 0.212039 0.013297
vt 0.947314 0.980509
vt 0.726946 0.073183
vt 0.728551 0.082286
vt 0.648104 0.079613
vt 0.956694 0.082855
vt 0.972843 0.057989
vt 0.977551 0.091843
vt 0.999914 0.101815
vt 0.948100 0.112682
vt 0.989921 0.124944
vt 0.301756 0.991777
vt 0.345650 0.987936
vt 0.384365 0.993427
vt 0.697167 0.658538
vt 0.690769 0.694821
vt 0.691263 0.567072
vt 0.021516 0.413329
vt 0.010362 0.413329
vt 0.017657 0.304670
vt 0.999286 0.464576
vt 0.996353 0.516788
vt 0.994450 0.492003
vt 0.992377 0.468215
vt 0.699382 0.015471
vt 0.722093 0.022850
vt 0.701823 0.037074
vt 0.734086 0.046840
vt 0.688670 0.034646
vt 0.253682 0.020273
vt 0.256199 0.012881
vt 0.264345 0.016338
vt 0.264710 0.021940
vt 0.691464 0.011522
vt 0.259401 0.187981
vt 0.226830 0.220552
vt 0.150604 0.192809
vt 0.627081 0.010819
vt 0.978473 0.855791
vt 0.978473 0.789133
vt 0.980820 0.808560
vt 0.999862 0.476356
vt 0.999862 0.523644
vt 0.998176 0.501816
vt 0.502761 0.022914
vt 0.525580 0.002163
vt 0.523582 0.029679
vt 0.087767 0.052852
vt 0.021110 0.052852
vt 0.027595 0.022185
vt 0.894347 0.815567
vt 0.885447 0.814788
vt 0.888393 0.715576
vt 0.553640 0.004749
vt 0.547850 0.037563
vt 0.119020 0.975643
vt 0.116259 0.984141
vt 0.109524 0.977311
vt 0.982481 0.967141
vt 0.982481 0.936243
vt 0.992017 0.937281
vt 0.597093 0.045204
vt 0.680984 0.045204
vt 0.680940 0.054845
vt 0.917607 0.120665
vt 0.925822 0.152957
vt 0.912689 0.148555
vt 0.148957 0.023869
vt 0.144677 0.037042
vt 0.143834 0.022791
vt 0.873002 0.122475
vt 0.828960 0.091204
vt 0.911899 0.090300
vt 0.872793 0.148892
vt 0.982032 0.806180
vt 0.982032 0.765179
vt 0.987070 0.804757
vt 0.863448 0.714135
vt 0.840371 0.672462
vt 0.838929 0.626407
vt 0.789797 0.393369
vt 0.801287 0.392364
vt 0.799469 0.477642
vt 0.855015 0.708856
vt 0.332910 0.987960
vt 0.297699 0.991040
vt 0.255614 0.987381
vt 0.836255 0.723079
vt 0.845222 0.724545
vt 0.801584 0.677946
vt 0.841353 0.726908
vt 0.823667 0.739949
vt 0.817251 0.701738
vt 0.999871 0.764343
vt 0.998182 0.783650
vt 0.997677 0.753379
vt 0.140638 0.972219
vt 0.140638 0.985113
vt 0.133025 0.973179
vt 0.791656 0.387770
vt 0.792178 0.365711
vt 0.802650 0.364928
vt 0.134911 0.983509
vt 0.808955 0.693768
vt 0.395498 0.490219
vt 0.375108 0.498776
vt 0.287624 0.495203
vt 0.352334 0.535794
vt 0.305653 0.538641
vt 0.397280 0.533066
vt 0.407024 0.579259
vt 0.288483 0.582658
vt 0.283458 0.535352
vt 0.372189 0.207951
vt 0.483707 0.195768
vt 0.484797 0.208224
vt 0.416682 0.539160
vt 0.419550 0.583821
vt 0.371015 0.194915
vt 0.274311 0.529214
vt 0.451196 0.524691
vt 0.434126 0.510507
vt 0.416102 0.588931
vt 0.132411 0.972271
vt 0.128096 0.985551
vt 0.119674 0.975284
vt 0.259104 0.489539
vt 0.243262 0.544287
vt 0.250280 0.553834
vt 0.335636 0.849508
vt 0.444662 0.928720
vt 0.269414 0.940585
vt 0.131095 0.512517
vt 0.136711 0.527947
vt 0.095872 0.531986
vt 0.022639 0.376564
vt 0.029272 0.361684
vt 0.067614 0.375639
vt 0.054069 0.530728
vt 0.087758 0.397041
vt 0.108783 0.372316
vt 0.104202 0.236877
vt 0.127634 0.428017
vt 0.026320 0.330220
vt 0.676341 0.763930
vt 0.676341 0.627929
vt 0.687563 0.628879
vt 0.039365 0.891084
vt 0.039365 0.755891
vt 0.053328 0.755802
vt 0.064227 0.319401
vt 0.060145 0.292047
vt 0.023817 0.271212
vt 0.129425 0.386111
vt 0.014807 0.234030
vt 0.477954 0.620518
vt 0.399927 0.661287
vt 0.466434 0.620518
vt 0.566892 0.994448
vt 0.458120 0.994448
vt 0.511665 0.956509
vt 0.472158 0.792920
vt 0.373271 0.036674
vt 0.386306 0.025736
vt 0.442325 0.037530
vt 0.856334 0.950473
vt 0.836722 0.966930
vt 0.835291 0.888935
vt 0.239815 0.769097
vt 0.272358 0.808575
vt 0.232846 0.778502
vt 0.999314 0.403899
vt 0.995782 0.363535
vt 0.999238 0.349411
vt 0.229661 0.786348
vt 0.291113 0.810151
vt 0.975901 0.877571
vt 0.962795 0.900271
vt 0.969584 0.861847
vt 0.302637 0.802895
vt 0.372105 0.808714
vt 0.308880 0.853267
vt 0.359563 0.988936
vt 0.468294 0.985970
vt 0.862109 0.893518
vt 0.266048 0.811522
vt 0.965605 0.831460
vt 0.281163 0.823424
vt 0.287661 0.836315
vt 0.861488 0.875374
vt 0.836136 0.863870
vt 0.987885 0.826120
vt 0.993969 0.842836
vt 0.405341 0.992941
vt 0.988709 0.867357
vt 0.703375 0.634320
vt 0.703375 0.556691
vt 0.730882 0.637688
vt 0.770187 0.791169
vt 0.817677 0.810179
vt 0.822421 0.818892
vt 0.994449 0.050892
vt 0.983972 0.073361
vt 0.984069 0.035516
vt 0.705202 0.681607
vt 0.990071 0.039664
vt 0.733114 0.688165
vt 0.272087 0.740725
vt 0.195205 0.622590
vt 0.232761 0.656390
vt 0.707109 0.688527
vt 0.796935 0.772153
vt 0.760101 0.793436
vt 0.768229 0.783676
vt 0.722183 0.002015
vt 0.748190 0.002015
vt 0.718706 0.013017
vt 0.126128 0.111089
vt 0.115389 0.116560
vt 0.130305 0.074004
vt 0.747819 0.013480
vt 0.809897 0.768019
vt 0.751382 0.788914
vt 0.796181 0.751878
vt 0.808115 0.755974
vt 0.150918 0.110825
vt 0.135607 0.082950
vt 0.824391 0.776240
vt 0.726799 0.027902
vt 0.138446 0.049207
vt 0.794755 0.743008
vt 0.817802 0.703913
vt 0.190394 0.794281
vt 0.732692 0.513016
vt 0.732692 0.640981
vt 0.722924 0.596286
vt 0.637991 0.893046
vt 0.500802 0.893046
vt 0.517322 0.850456
vt 0.123107 0.908145
vt 0.167618 0.897806
vt 0.256000 0.905538
vt 0.704037 0.806757
vt 0.704037 0.939676
vt 0.658366 0.805788
vt 0.653000 0.937152
vt 0.292230 0.907490
vt 0.269605 0.917915
vt 0.160760 0.908392
vt 0.158481 0.915461
vt 0.998025 0.273967
vt 0.985780 0.319666
vt 0.253596 0.896171
vt 0.225662 0.001189
vt 0.236306 0.019246
vt 0.220780 0.019409
vt 0.234071 0.001307
vt 0.951637 0.383985
vt 0.951637 0.322734
vt 0.957632 0.369663
vt 0.000068 0.048279
vt 0.006654 0.055362
vt 0.002944 0.056181
vt 0.254447 0.238176
vt 0.143297 0.238176
vt 0.161719 0.198312
vt 0.939441 0.049806
vt 0.873212 0.049806
vt 0.938425 0.031758
vt 0.633362 0.128290
vt 0.635493 0.122436
vt 0.736427 0.122323
vt 0.002109 0.122405
vt 0.009417 0.097349
vt 0.018354 0.124845
vt 0.092624 0.053363
vt 0.874126 0.031606
vt 0.982358 0.263463
vt 0.975845 0.550506
vt 0.966931 0.601061
vt 0.966774 0.534299
vt 0.256133 0.192889
vt 0.370155 0.195737
vt 0.987087 0.858920
vt 0.981786 0.870290
vt 0.981525 0.829563
vt 0.919115 0.158683
vt 0.953838 0.150506
vt 0.946247 0.163467
vt 0.942812 0.172280
vt 0.915355 0.174037
vt 0.735645 0.050139
vt 0.765383 0.047241
vt 0.753930 0.060696
vt 0.730195 0.063942
vt 0.580123 0.089620
vt 0.578757 0.109152
vt 0.575164 0.078158
vt 0.585034 0.115125
vt 0.968667 0.169802
vt 0.954591 0.159296
vt 0.690287 0.321418
vt 0.730017 0.321418
vt 0.706837 0.402321
vt 0.694344 0.448567
vt 0.719459 0.064071
vt 0.724008 0.045453
vt 0.973488 0.540031
vt 0.961059 0.139698
vt 0.581359 0.117495
vt 0.716788 0.047802
vt 0.710706 0.065226
vt 0.997697 0.726310
vt 0.997697 0.695108
vt 0.999851 0.686638
vt 0.684084 0.051177
vt 0.681968 0.045122
vt 0.975278 0.173061
vt 0.498875 0.134201
vt 0.584298 0.123852
vt 0.329037 0.235883
vt 0.587441 0.122091
vt 0.681895 0.064323
vt 0.303622 0.249484
vt 0.953687 0.137881
vt 0.838360 0.730834
vt 0.848656 0.767906
vt 0.845581 0.771321
vt 0.866221 0.768099
vt 0.109158 0.412236
vt 0.115432 0.411260
vt 0.116230 0.415785
vt 0.472246 0.048533
vt 0.450792 0.040838
vt 0.468202 0.041586
vt 0.871844 0.789503
vt 0.857037 0.799241
vt 0.309232 0.040256
vt 0.287438 0.044099
vt 0.239567 0.042555
vt 0.854670 0.794366
vt 0.107409 0.407641
vt 0.115154 0.272297
vt 0.873754 0.800069
vt 0.486076 0.193733
vt 0.595827 0.193733
vt 0.486261 0.226571
vt 0.859053 0.805082
vt 0.447595 0.037695
vt 0.457981 0.033693
vt 0.450581 0.031020
vt 0.454498 0.015872
vt 0.441138 0.036054
vt 0.467798 0.022329
vt 0.460159 0.022224
vt 0.994386 0.790115
vt 0.992092 0.808705
vt 0.989766 0.791796
vt 0.864682 0.814967
vt 0.877186 0.824340
vt 0.988417 0.824606
vt 0.996295 0.541939
vt 0.998431 0.517519
vt 0.999291 0.562912
vt 0.421831 0.002019
vt 0.428894 0.033207
vt 0.472726 0.000510
vt 0.966839 0.403819
vt 0.995890 0.832740
vt 0.975290 0.462256
vt 0.967064 0.469158
vt 0.528920 0.786034
vt 0.532342 0.802132
vt 0.485237 0.799843
vt 0.554283 0.800848
vt 0.548455 0.664144
vt 0.986699 0.918480
vt 0.996826 0.906552
vt 0.995365 0.917416
vt 0.541247 0.648579
vt 0.535903 0.785982
vt 0.981591 0.934209
vt 0.993800 0.936509
vt 0.909738 0.883897
vt 0.907439 0.983195
vt 0.860681 0.932954
vt 0.996830 0.925444
vt 0.860247 0.920537
vt 0.679246 0.200891
vt 0.687335 0.188086
vt 0.690167 0.199935
vt 0.697075 0.195592
vt 0.688737 0.139721
vt 0.708545 0.195824
vt 0.684521 0.168827
vt 0.684497 0.155052
vt 0.902067 0.884256
vt 0.610410 0.139201
vt 0.600921 0.202484
vt 0.667026 0.137532
vt 0.704232 0.140628
vt 0.686420 0.137388
vt 0.988397 0.009565
vt 0.996073 0.009320
vt 0.996073 0.024842
vt 0.761688 0.665555
vt 0.769143 0.667083
vt 0.769143 0.686476
vt 0.998410 0.969423
vt 0.995214 0.967933
vt 0.998206 0.960935
vt 0.770926 0.743088
vt 0.987743 0.026481
vt 0.762889 0.784175
vt 0.302588 0.878550
vt 0.254004 0.890152
vt 0.299149 0.874149
vt 0.304558 0.889987
vt 0.257402 0.906737
vt 0.297971 0.871241
vt 0.220209 0.776441
vt 0.594752 0.802262
vn -0.28030 -0.01380 -0.95980
vn -0.15580 -0.01390 -0.98770
vn -0.07560 -0.02010 -0.99690
vn -0.52610 0.00240 -0.85040
vn -0.59900 0.00190 -0.80070
vn -0.69620 0.00790 -0.71780
vn -0.83440 -0.04860 -0.54900
vn -0.88260 -0.01330 -0.47000
vn -0.75100 -0.52390 -0.40190
vn -0.89070 -0.14760 -0.43000
vn -0.73680 -0.59910 -0.31350
vn -0.05830 0.72310 -0.68820
vn 0.77910 0.22660 0.58450
vn 0.76610 0.24760 0.59310
vn 0.76600 0.24780 0.59320
vn -0.90550 -0.02080 -0.42390
vn 0.29010 -0.46690 0.83540
vn 0.16830 0.95570 -0.24150
vn -0.70110 0.36660 -0.61170
vn -0.66800 0.45680 -0.58750
vn 0.75790 0.26040 0.59810
vn -0.67090 0.51930 -0.52930
vn -0.02210 0.77430 -0.63240
vn -0.02660 0.78110 -0.62380
vn -0.47790 0.76100 -0.43880
vn -0.01550 0.76410 -0.64490
vn -0.62230 0.22330 -0.75020
vn 0.01880 0.82480 -0.56510
vn -0.02370 0.88980 -0.45570
vn -0.03980 0.85720 -0.51350
vn 0.65600 0.71230 -0.24950
vn 0.73900 0.47270 -0.48010
vn 0.67590 0.62710 -0.38710
vn -0.10510 -0.43410 -0.89470
vn 0.28820 -0.20250 -0.93590
vn 0.30060 -0.05100 -0.95240
vn -0.35720 -0.53780 -0.76370
vn -0.35400 -0.29260 -0.88830
vn -0.21560 -0.58630 -0.78090
vn 0.16780 -0.07590 -0.98290
vn 0.32660 0.09900 -0.94000
vn -0.29050 -0.76640 -0.57290
vn 0.52910 0.84840 0.01710
vn 0.17780 0.51880 -0.83620
vn -0.54210 -0.34620 -0.76570
vn 0.47180 0.88060 0.04390
vn -0.04360 0.95990 -0.27690
vn -0.50030 -0.60340 -0.62100
vn -0.71250 0.33680 0.61550
vn -0.27200 -0.82470 -0.49590
vn -0.32540 -0.71040 -0.62400
vn -0.10180 0.16640 -0.98080
vn -0.32680 -0.82170 -0.46690
vn -0.04420 0.17530 -0.98350
vn -0.05620 0.07690 -0.99550
vn 0.04110 0.62290 -0.78120
vn -0.32390 -0.94440 0.05580
vn -0.35410 -0.93280 0.06700
vn -0.01730 0.97920 -0.20200
vn -0.34120 -0.13750 -0.92990
vn -0.73330 -0.44860 -0.51090
vn -0.71560 -0.41360 -0.56280
vn 0.46520 0.88410 0.04390
vn 0.37650 -0.29560 0.87800
vn -0.40070 0.17920 -0.89850
vn -0.03760 0.99550 -0.08700
vn -0.45990 -0.66320 -0.59050
vn -0.57250 0.02400 -0.81950
vn -0.27520 -0.96060 0.03790
vn 0.46400 0.88540 0.02710
vn -0.55950 0.01240 -0.82880
vn -0.01600 0.38780 -0.92160
vn -0.77600 -0.42470 0.46630
vn -0.84690 -0.39700 0.35370
vn -0.82620 -0.40380 0.39290
vn 0.21330 0.97440 -0.07070
vn 0.14420 0.98560 -0.08860
vn 0.14550 0.98550 -0.08710
vn 0.29220 0.95510 -0.04950
vn -0.92880 -0.36250 0.07730
vn 0.50130 0.86530 0.00640
vn -0.93780 -0.34560 -0.03230
vn -0.91370 -0.40270 -0.05420
vn -0.99580 -0.08660 0.02980
vn -0.18750 0.97820 -0.08920
vn -0.99600 -0.08960 0.00370
vn 0.37870 0.92530 -0.02080
vn 0.43390 0.90010 -0.03960
vn 0.46770 0.88350 -0.02740
vn 0.80610 0.51090 -0.29850
vn 0.70520 0.52700 -0.47440
vn 0.80670 0.56270 -0.18040
vn -1.00000 -0.00840 0.00540
vn 0.39870 0.91560 -0.05200
vn 0.88870 -0.02930 -0.45760
vn 0.93300 -0.09240 -0.34780
vn 0.94280 -0.30090 -0.14370
vn 0.57990 0.80950 -0.09190
vn 0.85480 0.10480 -0.50830
vn 0.95370 -0.29240 0.07040
vn 0.59720 -0.75880 0.25990
vn 0.81990 0.56310 -0.10340
vn 0.79900 0.59380 -0.09460
vn 0.42820 0.89840 -0.09720
vn -0.68460 0.72680 -0.05560
vn -0.68360 0.72780 -0.05470
vn -0.68900 0.72230 -0.05980
vn -0.04670 0.99880 -0.01510
vn -0.02160 0.99910 -0.03570
vn -0.93750 0.22500 -0.26560
vn -0.93740 0.22490 -0.26580
vn -0.05680 0.99840 -0.00680
vn -0.93740 0.22490 -0.26600
vn -0.93740 0.22500 -0.26580
vn -0.84300 0.36600 0.39410
vn -0.58560 0.81020 0.02460
vn 0.08750 -0.99620 -0.00470
vn -0.01800 0.99980 0.01320
vn -0.03490 0.99940 0.00070
vn -0.96920 0.21150 0.12630
vn -0.92240 0.37050 0.10940
vn -0.99930 0.02050 -0.03220
vn -0.96290 -0.07020 0.26050
vn -0.99630 -0.08000 -0.03190
vn -0.01670 0.73350 0.67950
vn -0.01110 0.72970 0.68370
vn -0.01640 0.73330 0.67970
vn 0.01220 0.99930 0.03550
vn -0.97760 -0.17180 -0.12170
vn -0.02420 0.73870 0.67360
vn -0.53200 0.63720 0.55770
vn -0.74890 0.66270 0.00110
vn 0.58970 0.80760 -0.00270
vn 0.41250 0.71360 0.56620
vn -0.14070 -0.25450 0.95680
vn -0.29790 -0.20460 0.93240
vn -0.27250 -0.17120 0.94680
vn -0.36830 -0.17940 0.91220
vn -0.32810 -0.24480 0.91240
vn -0.75330 -0.32860 0.56980
vn 0.19490 0.96630 -0.16830
vn 0.80840 0.16040 -0.56640
vn -0.57210 0.01190 0.82010
vn -0.47490 -0.06630 0.87750
vn -0.71870 0.39810 0.57010
vn -0.69980 0.46650 0.54100
vn -0.63880 -0.04920 0.76780
vn -0.86320 -0.49860 0.07900
vn -0.85740 -0.50750 0.08500
vn -0.70310 0.47760 0.52680
vn -0.87270 -0.48340 0.06890
vn -0.00090 0.05060 0.99870
vn -0.51650 -0.07670 0.85280
vn -0.13690 0.70080 0.70010
vn -0.28860 0.72150 0.62940
vn -0.35330 0.40510 0.84320
vn -0.06810 0.99370 0.08850
vn -0.08880 0.99300 -0.07830
vn -0.12030 0.99270 -0.00870
vn -0.27740 0.38460 -0.88040
vn -0.42150 0.35580 -0.83410
vn -0.28800 0.39400 -0.87280
vn -0.53880 0.41560 -0.73280
vn -0.48900 0.50610 0.71050
vn -0.26010 0.85500 -0.44870
vn -0.24720 0.92010 -0.30400
vn -0.77030 0.11290 0.62770
vn -0.43490 0.49410 0.75280
vn -0.24420 0.86930 -0.42970
vn -0.37880 0.89670 0.22890
vn -0.65090 0.43250 -0.62390
vn -0.73520 0.48030 0.47840
vn -0.44340 0.88470 -0.14420
vn -0.70370 0.48880 -0.51570
vn -0.83050 0.08700 0.55020
vn -0.82320 0.00810 0.56770
vn -0.53970 0.83650 0.09520
vn -0.82930 0.43880 -0.34600
vn -0.81190 0.46240 -0.35650
vn -0.70620 0.66020 0.25570
vn -0.99210 0.11250 0.05530
vn -0.96190 0.00970 -0.27320
vn -0.99480 0.01950 0.10020
vn -0.86750 0.45350 -0.20430
vn -0.95290 0.29840 0.05370
vn -0.99420 0.03590 0.10180
vn 0.09250 0.92050 -0.37960
vn 0.04290 0.89670 -0.44060
vn 0.09650 0.92980 -0.35520
vn -0.04820 0.24320 0.96880
vn -0.17500 0.13920 0.97470
vn -0.09530 0.12680 0.98730
vn -0.22470 0.28190 0.93280
vn -0.21350 0.02100 0.97670
vn -0.37040 0.00190 0.92890
vn -0.25690 0.00910 0.96640
vn -0.16930 0.86940 0.46420
vn -0.15730 0.82210 0.54720
vn -0.13410 0.84550 0.51680
vn 0.14100 -0.33780 -0.93060
vn -0.34590 -0.48130 0.80540
vn -0.21000 -0.34930 0.91320
vn -0.46300 -0.40580 0.78800
vn -0.16470 -0.06860 0.98400
vn -0.01930 0.84620 -0.53250
vn -0.48440 -0.01030 0.87480
vn 0.12730 0.34100 -0.93140
vn 0.32450 0.32640 -0.88780
vn 0.07650 0.33550 -0.93890
vn 0.27500 0.86450 -0.42070
vn 0.16430 0.93990 -0.29940
vn 0.16430 0.93980 -0.29950
vn -0.49010 0.23480 0.83950
vn -0.52960 -0.47170 0.70500
vn -0.48170 0.01370 0.87620
vn 0.44310 0.28750 -0.84910
vn -0.26510 0.87200 0.41150
vn 0.53640 0.16990 -0.82670
vn -0.54990 -0.00880 0.83520
vn -0.55890 -0.06930 0.82630
vn 0.10340 0.96740 -0.23110
vn 0.43630 0.10710 -0.89340
vn -0.44060 0.34000 0.83080
vn 0.49290 0.08070 -0.86630
vn -0.06840 0.82210 -0.56520
vn -0.18520 0.98190 0.03880
vn 0.66820 0.12330 -0.73370
vn 0.68140 0.15980 -0.71430
vn 0.16970 0.89070 -0.42170
vn -0.62070 0.00630 0.78400
vn -0.86550 0.00570 0.50080
vn -0.86550 0.00570 0.50090
vn -0.37720 0.89640 0.23300
vn 0.70450 0.52820 -0.47410
vn -0.57510 0.38040 0.72430
vn -0.56480 0.39730 0.72330
vn -0.93260 -0.00480 0.36080
vn -0.13690 0.98840 -0.06540
vn -0.00860 0.98190 -0.18900
vn -0.81700 0.01180 0.57660
vn -0.02600 0.01320 0.99960
vn -0.76370 -0.00840 0.64550
vn -0.76380 -0.00840 0.64540
vn -0.68840 0.00300 0.72540
vn -0.81620 -0.01730 0.57760
vn -0.75340 0.65610 -0.04460
vn -0.69250 0.57530 -0.43530
vn -0.87610 0.00650 -0.48210
vn -0.75260 0.65850 0.00060
vn 0.60690 -0.01340 0.79470
vn 0.64850 -0.00640 0.76120
vn 0.75300 0.01280 0.65790
vn 0.66140 -0.00730 -0.75000
vn 0.62350 -0.01530 -0.78170
vn 0.77940 0.02060 -0.62610
vn 0.43370 0.72130 -0.54000
vn 0.01510 0.79400 -0.60770
vn 0.02740 0.77580 -0.63030
vn 0.02690 -0.01340 -0.99950
vn 0.00160 -0.00090 -1.00000
vn 0.00070 0.00390 -1.00000
vn 0.65680 0.75400 0.00840
vn -0.00780 -0.00020 -1.00000
vn 0.00170 0.76760 0.64090
vn 0.00700 0.73940 0.67330
vn 0.00500 1.00000 0.00180
vn 0.00530 1.00000 0.00210
vn 0.00390 1.00000 0.00040
vn 0.00010 -0.00010 -1.00000
vn 0.00120 0.00020 1.00000
vn -0.00390 -0.00210 1.00000
vn 0.00640 0.00260 1.00000
vn 0.00650 1.00000 0.00350
vn -0.00100 0.79390 -0.60810
vn 0.00340 0.81050 -0.58570
vn -0.00370 0.79510 0.60650
vn -0.75700 0.00660 0.65340
vn -0.73250 0.00910 0.68070
vn -0.76530 0.00460 -0.64370
vn -0.78900 0.00210 -0.61430
vn -0.73960 0.00720 -0.67300
vn -0.56040 0.66800 0.48960
vn -0.64350 0.76490 0.03010
vn -0.62430 0.77910 0.05800
vn -0.64250 0.76520 -0.04110
vn -0.65620 0.75160 -0.06710
vn -0.55300 0.69440 -0.46050
vn -0.77950 0.00420 0.62640
vn -1.00000 0.00670 0.00270
vn -1.00000 0.00730 0.00120
vn -1.00000 0.00790 -0.00040
vn -0.04460 -0.00930 -0.99900
vn -0.08150 0.00460 -0.99670
vn 0.00690 -0.03640 -0.99930
vn 0.87250 -0.00980 0.48850
vn 0.78430 -0.01490 0.62030
vn 0.58910 0.00010 -0.80800
vn 0.63270 -0.00330 -0.77440
vn 0.58920 0.00010 -0.80800
vn 0.93480 -0.00490 0.35510
vn 0.53980 0.00370 -0.84180
vn -0.15270 -0.98810 0.01590
vn -0.10920 0.00450 -0.99400
vn 0.00050 0.07540 -0.99720
vn 0.00060 0.05190 -0.99870
vn -0.01500 0.06290 -0.99790
vn 0.52670 -0.81860 -0.22930
vn -0.69380 0.00660 -0.72010
vn -0.09140 0.00820 -0.99580
vn -0.06130 0.05450 -0.99660
vn -0.71240 0.02550 0.70130
vn -0.54370 0.00600 0.83930
vn -0.72090 0.02540 0.69260
vn -0.50760 0.02650 0.86120
vn -0.96190 -0.16910 -0.21460
vn -0.85840 0.04550 0.51090
vn -0.14590 -0.04400 -0.98830
vn -0.28920 0.29230 0.91150
vn -0.99960 -0.02700 0.00100
vn -0.99970 -0.02520 -0.00150
vn 0.99820 -0.00930 -0.06000
vn 0.99920 -0.02300 -0.03270
vn 0.99920 -0.02300 -0.03280
vn -0.72710 -0.02200 -0.68620
vn -0.72700 -0.02200 -0.68630
vn -0.69520 -0.01840 -0.71860
vn 0.99930 -0.03690 -0.00520
vn -0.75310 -0.02500 -0.65750
vn 0.73440 -0.02870 -0.67810
vn -0.08930 0.11530 -0.98930
vn -0.00200 -0.01200 0.99990
vn 0.00440 -0.01600 0.99990
vn -0.00470 -0.00980 0.99990
vn -0.20280 -0.62510 -0.75380
vn -0.24910 -0.63910 -0.72770
vn -0.14020 -0.56680 -0.81190
vn -0.19120 -0.95820 0.21280
vn -0.26380 -0.91740 0.29780
vn -0.15120 -0.98780 0.03720
vn 0.02400 -0.04040 0.99890
vn -0.03300 -0.31320 0.94910
vn -0.20340 -0.29980 0.93210
vn -0.08630 -0.34200 0.93570
vn -0.27480 -0.22120 0.93570
vn -0.33250 -0.76770 0.54780
vn -0.41770 -0.71940 -0.55500
vn -0.45650 -0.61050 0.64720
vn 0.00250 -0.01200 0.99990
vn -0.49090 -0.69770 -0.52180
vn -0.56850 -0.31490 0.76000
vn -0.56530 -0.77270 -0.28890
vn -0.60500 -0.69480 -0.38890
vn -0.00670 -0.00870 0.99990
vn -0.02360 0.00060 0.99970
vn -0.69650 -0.50220 0.51250
vn -0.67750 -0.61280 -0.40670
vn -0.04080 0.01570 0.99900
vn -0.74320 -0.54950 -0.38170
vn -0.04650 0.01850 0.99870
vn -0.82850 -0.44260 0.34320
vn -0.75950 -0.46570 -0.45420
vn -0.79480 -0.37560 -0.47670
vn -0.80590 -0.32050 0.49790
vn -0.73480 -0.01360 0.67810
vn 0.99920 -0.00850 0.03980
vn 0.69040 -0.02450 0.72310
vn 0.69530 0.35330 -0.62590
vn 0.68820 0.33320 -0.64450
vn 0.61640 0.33870 -0.71090
vn 0.58860 0.33290 -0.73670
vn 0.70050 -0.59570 -0.39290
vn 0.45260 0.33970 -0.82450
vn -0.27750 0.79040 0.54610
vn -0.51470 0.85170 0.09850
vn -0.74410 0.24300 0.62230
vn 0.95010 -0.00400 -0.31190
vn 0.89380 -0.01980 -0.44800
vn 0.91740 -0.00060 -0.39790
vn 0.81310 -0.41370 -0.40960
vn 0.81430 -0.45920 -0.35500
vn 0.69750 0.00020 -0.71660
vn 0.77810 -0.51990 -0.35260
vn 0.68100 -0.00590 -0.73230
vn 0.46120 -0.00180 -0.88730
vn 0.48030 -0.00150 -0.87710
vn 0.16680 -0.00490 -0.98600
vn 0.09290 -0.00880 -0.99560
vn -0.03130 -0.00740 -0.99950
vn 0.15920 -0.23130 -0.95980
vn 0.27250 -0.71620 -0.64250
vn 0.09740 -0.82040 -0.56340
vn 0.16460 -0.77420 -0.61120
vn -0.25540 0.23510 -0.93780
vn -0.18130 0.35000 -0.91900
vn -0.55740 0.81920 -0.13500
vn -0.56110 0.81750 -0.13000
vn -0.61170 0.75140 -0.24740
vn 0.51080 0.34600 -0.78700
vn 0.30990 0.30500 -0.90050
vn 0.63790 0.36370 -0.67880
vn 0.08310 -0.27190 -0.95870
vn 0.24770 -0.31190 -0.91720
vn -0.87720 0.26760 -0.39870
vn -0.68500 0.62610 -0.37260
vn 0.32440 -0.87510 -0.35920
vn 0.30500 -0.86140 -0.40610
vn 0.14620 -0.69850 -0.70050
vn -0.14940 -0.29300 -0.94440
vn -0.21890 -0.15780 -0.96290
vn -0.14080 -0.32690 -0.93450
vn -0.72620 0.50810 -0.46310
vn -0.04560 -0.29020 -0.95590
vn 0.00620 -0.00210 -1.00000
vn 0.00570 0.13970 -0.99020
vn 0.00630 -0.11150 -0.99370
vn -0.74290 0.50770 -0.43630
vn -0.74330 0.49480 -0.45020
vn 0.02140 0.83420 -0.55110
vn 0.00690 -0.23990 -0.97080
vn 0.02720 -0.86040 -0.50890
vn -0.09200 -0.22110 -0.97090
vn 0.00600 0.13830 -0.99040
vn -0.23770 0.12090 -0.96380
vn 0.43810 -0.19470 -0.87760
vn 0.04470 -0.84380 -0.53480
vn 0.23580 0.19640 -0.95170
vn 0.40920 0.36820 -0.83490
vn 0.26300 0.14740 -0.95350
vn 0.49870 -0.61080 -0.61500
vn 0.49550 -0.52690 -0.69060
vn 0.49550 -0.52690 -0.69050
vn 0.11110 0.98850 -0.10220
vn -0.01590 0.97930 -0.20190
vn 0.05140 0.95060 -0.30600
vn 0.48620 -0.43790 -0.75620
vn -0.46100 0.85890 0.22310
vn -0.46680 0.83930 0.27870
vn 0.02880 0.92540 -0.37790
vn -0.42060 -0.01140 0.90720
vn -0.12080 0.83980 -0.52920
vn -0.45260 0.87720 0.16030
vn 0.30310 -0.94560 -0.11790
vn 0.26500 -0.95000 -0.16540
vn 0.26500 -0.95000 -0.16530
vn 0.12960 0.06110 -0.98970
vn 0.16260 0.01160 -0.98660
vn 0.51330 -0.52710 -0.67730
vn 0.60320 -0.30290 -0.73790
vn 0.63630 -0.47920 -0.60460
vn 0.49240 -0.72950 -0.47470
vn 0.39880 -0.80920 -0.43140
vn 0.02270 0.22320 -0.97450
vn 0.24580 0.77310 -0.58470
vn 0.44470 -0.37060 -0.81540
vn 0.20820 -0.94990 -0.23290
vn 0.30410 -0.46860 -0.82940
vn 0.05670 0.99840 0.00530
vn 0.99780 0.05390 0.03950
vn 0.99160 0.01520 0.12850
vn 0.99860 -0.05160 -0.00680
vn 0.94120 -0.14250 0.30630
vn 0.95800 0.04650 0.28290
vn 0.80070 0.59410 -0.07710
vn 0.83740 0.49180 -0.23840
vn 0.85850 0.45430 -0.23780
vn 0.76930 -0.63380 -0.08010
vn 0.77100 -0.62210 -0.13610
vn 0.92610 0.03400 0.37570
vn 0.77020 -0.60820 -0.19220
vn 0.83140 0.21060 0.51430
vn 0.39380 0.91660 0.06930
vn 0.20470 0.97750 0.05000
vn 0.68980 0.72380 -0.01820
vn 0.83830 0.51070 0.19100
vn 0.66930 0.72720 -0.15230
vn 0.10030 0.98830 -0.11480
vn 0.12410 -0.04730 0.99110
vn -0.24350 0.96260 -0.11880
vn 0.33820 0.93450 -0.11120
vn -0.91700 0.39650 0.04320
vn -0.91690 -0.20840 0.34050
vn -0.97810 0.20760 0.01140
vn 0.85530 -0.40300 0.32580
vn 0.89030 -0.40310 0.21210
vn 0.93580 -0.35160 -0.02670
vn -0.49420 0.83170 -0.25320
vn -0.36350 0.91840 -0.15630
vn -0.32160 0.94060 -0.10850
vn -0.36350 0.92620 -0.10040
vn -0.85300 0.05690 -0.51890
vn -0.86600 -0.00740 -0.49990
vn -0.39200 0.91090 -0.12880
vn 0.90820 -0.40670 -0.09920
vn 0.92940 -0.22660 -0.29120
vn 0.79230 -0.60170 -0.10120
vn -0.29540 0.95410 -0.04980
vn -0.29650 0.95340 -0.05580
vn -0.83920 0.10960 -0.53260
vn 0.80030 -0.41030 0.43720
vn 0.69800 -0.67060 -0.25120
vn 0.79160 -0.47960 0.37870
vn -0.22690 0.95730 -0.17920
vn -0.18670 0.95120 -0.24570
vn 0.31910 -0.14420 0.93670
vn 0.10970 -0.19200 0.97520
vn 0.21630 -0.18980 0.95770
vn 0.01480 -0.21040 0.97750
vn -0.02010 -0.19170 0.98120
vn 0.98690 -0.00130 -0.16130
vn 0.99990 0.00740 0.01220
vn 0.84930 0.52660 -0.03720
vn 0.91060 0.37070 0.18260
vn 0.94370 -0.01010 -0.33080
vn 0.94130 0.03050 0.33610
vn 0.94180 0.00370 0.33600
vn 0.87140 0.49060 -0.00040
vn 0.78710 0.59260 -0.17110
vn 0.60660 0.39880 0.68780
vn 0.05950 0.99810 0.01410
vn 0.48470 0.84970 0.20740
vn 0.79750 0.56540 -0.21030
vn 0.61510 0.45850 -0.64150
vn 0.51960 0.73020 0.44370
vn 0.42970 0.70360 -0.56600
vn 0.47380 0.44590 -0.75940
vn 0.07690 0.98790 -0.13460
vn 0.00600 0.99910 -0.04160
vn 0.09320 0.96190 0.25700
vn 0.39440 0.40170 0.82650
vn 0.29150 0.52840 -0.79740
vn -0.01030 0.99840 0.05470
vn 0.44640 0.36350 0.81770
vn 0.06890 0.38930 -0.91850
vn 0.11850 0.38600 0.91480
vn 0.22660 0.76280 0.60560
vn 0.12400 0.84690 0.51700
vn 0.19120 0.82940 0.52490
vn 0.00700 0.74940 -0.66200
vn 0.03940 0.37300 0.92700
vn -0.02840 0.38100 -0.92410
vn -0.03750 0.36960 -0.92840
vn -0.11240 0.88290 -0.45600
vn 0.94440 0.12320 0.30490
vn 0.79230 0.56900 -0.22030
vn 0.68640 0.54360 0.48310
vn 0.80950 0.21700 0.54550
vn 0.18100 0.98010 -0.08130
vn 0.39580 0.87070 -0.29190
vn 0.62110 0.43310 -0.65320
vn 0.72320 0.41090 -0.55510
vn 0.08100 0.39870 0.91350
vn 0.58460 0.75130 0.30630
vn 0.71830 0.60160 0.34950
vn 0.67310 0.66440 0.32470
vn 0.60710 0.16510 0.77730
vn 0.62740 0.39860 0.66900
vn 0.60640 0.22300 0.76330
vn 0.44340 0.85890 0.25640
vn 0.99360 -0.01490 0.11220
vn 0.41180 0.87230 0.26350
vn 0.82960 -0.00230 0.55840
vn 0.83910 -0.03770 0.54260
vn -0.48110 0.73730 -0.47420
vn 0.70340 -0.01600 0.71060
vn 0.55810 0.02910 0.82930
vn 0.57530 0.47590 0.66530
vn 0.62810 0.00410 0.77810
vn 0.73290 -0.33370 0.59280
vn 0.04770 0.94090 -0.33540
vn -0.60580 0.16340 -0.77860
vn -0.61990 0.32740 -0.71320
vn -0.54410 -0.10790 -0.83200
vn 0.50900 0.00540 0.86070
vn 0.49690 -0.00150 0.86780
vn 0.30460 -0.00130 0.95250
vn -0.04990 0.02750 0.99840
vn 0.91560 -0.00710 0.40200
vn 0.60950 -0.26220 0.74820
vn 0.58410 -0.33840 0.73780
vn 0.58870 -0.42190 0.68950
vn 0.39040 0.36110 0.84690
vn 0.25630 0.27110 0.92780
vn 0.39560 0.14750 0.90650
vn 0.53650 -0.06680 0.84120
vn 0.50340 -0.51950 0.69040
vn -0.50400 0.04200 -0.86270
vn -0.40480 0.01600 -0.91430
vn -0.33310 -0.09780 -0.93780
vn 0.26940 0.08510 0.95930
vn 0.37250 -0.05670 0.92630
vn 0.16240 -0.14740 0.97570
vn 0.06970 0.00360 0.99760
vn -0.17300 0.96700 -0.18700
vn -0.09730 0.31490 -0.94410
vn -0.23640 -0.16890 -0.95690
vn -0.05420 0.29270 -0.95470
vn -0.02940 0.97910 -0.20120
vn -0.02810 0.98270 0.18280
vn 0.97110 -0.22120 -0.09010
vn 0.15560 0.79910 0.58070
vn -0.18120 -0.30710 -0.93430
vn 0.13550 -0.02830 0.99040
vn 0.21710 0.03030 0.97570
vn 0.09520 0.28230 0.95460
vn 0.01730 0.99680 -0.07830
vn -0.00370 0.95550 -0.29510
vn -0.00370 0.95540 -0.29520
vn -0.01750 0.90240 -0.43050
vn 0.01040 -0.76550 0.64330
vn -0.02000 -0.18870 0.98180
vn -0.02910 0.96410 -0.26380
vn 0.03750 0.25060 -0.96740
vn -0.26100 0.39310 -0.88170
vn 0.52220 0.71080 0.47130
vn -0.00410 0.76820 -0.64020
vn -0.03370 0.76690 -0.64090
vn -0.02010 0.77000 -0.63780
vn -0.00060 1.00000 -0.00100
vn -0.00290 1.00000 -0.00370
vn -0.00090 1.00000 -0.00130
vn 0.00380 -0.00130 1.00000
vn -0.00300 0.77360 -0.63360
vn -0.01240 0.77420 0.63280
vn 0.00550 0.77280 0.63460
vn 0.00620 0.77610 0.63060
vn 0.00400 0.00510 -1.00000
vn 0.00160 1.00000 0.00160
vn -0.03030 0.77220 0.63470
vn -0.42660 0.73260 0.53040
vn -0.67190 -0.00910 0.74060
vn -0.38690 0.75130 -0.53470
vn -0.71840 -0.00840 -0.69560
vn -0.76530 0.01320 -0.64350
vn -0.70940 -0.00020 -0.70480
vn 0.79470 0.05560 0.60450
vn -0.70530 -0.01420 -0.70880
vn -0.73170 -0.02090 -0.68130
vn -0.64520 0.76400 0.00440
vn -0.65890 0.75220 0.00690
vn -0.62940 0.77710 0.00170
vn 0.78600 0.61820 0.00670
vn 0.76120 0.64810 -0.02350
vn 0.76300 0.64640 0.00290
vn 0.46780 0.03300 -0.88320
vn 0.64210 0.60180 -0.47500
vn 0.73540 0.67560 -0.05290
vn 0.56580 0.64590 0.51250
vn 0.87660 -0.03890 -0.47960
vn -0.09310 0.71990 -0.68780
vn 0.00430 0.79510 -0.60650
vn 0.00810 0.74110 0.67130
vn 0.00060 0.73600 0.67700
vn 0.06700 0.99780 0.00100
vn 0.01240 0.74400 0.66800
vn 0.89690 -0.42050 0.13700
vn 0.91060 -0.28460 0.29960
vn 0.89690 -0.42050 0.13690
vn 0.86260 -0.50550 0.01760
vn 0.01680 0.04840 0.99870
vn 0.02090 0.04260 0.99890
vn 0.03400 0.81460 -0.57900
vn 0.02620 0.03500 0.99900
vn 0.56760 -0.01130 0.82320
vn 0.01840 0.31430 -0.94920
vn 1.00000 0.00740 -0.00060
vn 0.99980 0.01240 -0.01340
vn 0.99990 0.00240 0.01240
vn 0.63060 0.77520 -0.03660
vn 0.62840 0.77790 -0.00730
vn 0.60260 0.79790 -0.01340
vn 0.78150 0.00620 -0.62390
vn 0.77010 0.00500 -0.63790
vn 0.80430 0.00810 0.59420
vn 0.79970 0.00860 0.60030
vn 0.65140 0.75680 -0.05450
vn 0.60520 0.67350 -0.42440
vn 0.75940 0.00390 -0.65060
vn 0.79550 0.00900 0.60590
vn 0.00910 0.00020 -1.00000
vn 0.00380 -0.00500 -1.00000
vn 0.00370 -0.00510 -1.00000
vn -0.00290 0.00190 1.00000
vn -0.00690 -0.01540 -0.99990
vn -0.72910 -0.02520 -0.68390
vn -0.72500 -0.02420 -0.68830
vn -0.71930 -0.02290 -0.69430
vn -0.99960 -0.02680 -0.00430
vn 0.82790 -0.20880 0.52060
vn 0.98920 -0.02850 0.14360
vn 0.69190 -0.01990 -0.72180
vn 1.00000 -0.00120 -0.00050
vn 0.11510 -0.05010 -0.99210
vn 0.09470 -0.01140 -0.99540
vn 0.06160 0.00770 -0.99810
vn 0.05700 0.00830 -0.99830
vn 0.06130 0.01700 -0.99800
vn 0.05310 0.00330 -0.99860
vn 0.09700 0.26330 -0.95980
vn 0.00820 0.35980 -0.93300
vn 0.02940 -0.02490 -0.99930
vn 0.06200 0.01850 -0.99790
vn 0.97550 -0.00230 -0.21990
vn 0.99650 -0.00810 -0.08260
vn 0.99660 -0.00810 -0.08260
vn 0.99910 -0.01320 0.04100
vn 0.05320 0.06030 -0.99680
vn -0.05980 0.00180 0.99820
vn 0.02230 0.00700 0.99970
vn -0.00610 -0.00390 -1.00000
vn -0.56040 -0.02820 -0.82780
vn -0.10880 -0.99360 0.02870
vn -0.17410 -0.00560 0.98470
vn -0.91150 -0.00570 -0.41120
vn -0.00160 0.30500 -0.95230
vn -0.75680 -0.05240 0.65150
vn 0.64390 -0.02080 0.76480
vn 0.01060 -0.00790 0.99990
vn 0.05400 0.00400 0.99850
vn 0.04680 0.00240 0.99890
vn 0.68130 -0.28260 0.67520
vn 0.74470 -0.65770 -0.11310
vn 0.82340 -0.53620 -0.18570
vn 0.64820 -0.62740 -0.43140
vn 0.59020 -0.68060 -0.43410
vn 0.42290 -0.24950 0.87120
vn 0.42950 -0.17450 0.88600
vn 0.00700 -0.00930 0.99990
vn 0.58490 -0.79210 -0.17460
vn 0.63950 -0.76690 0.05320
vn 0.25340 -0.24860 0.93490
vn -0.00220 -0.01150 0.99990
vn 0.20420 -0.27360 0.93990
vn 0.16610 -0.11230 0.97970
vn 0.21830 -0.58040 -0.78450
vn 0.20780 -0.66200 -0.72010
vn 0.14920 -0.58640 -0.79610
vn 0.44120 -0.89530 0.06140
vn 0.13920 -0.65200 -0.74530
vn -0.00140 -0.01100 0.99990
vn 0.09840 -0.28480 0.95350
vn 0.42150 -0.90580 0.04330
vn 0.01670 -0.51410 -0.85750
vn 0.22500 -0.81920 -0.52760
vn 0.05400 -0.45670 0.88800
vn 0.02490 -0.33830 0.94070
vn 0.11210 -0.67910 0.72550
vn -0.03300 -0.99910 0.02760
vn 0.05410 -0.45680 0.88790
vn 0.04280 -0.40500 -0.91330
vn -0.00470 -0.60390 -0.79710
vn -0.00440 -0.60030 -0.79980
vn -0.01160 -0.01360 -0.99980
vn -0.02200 -0.04910 -0.99860
vn -0.00540 -0.72670 -0.68700
vn -0.00910 -0.75200 -0.65910
vn -0.00210 -0.91490 -0.40370
vn 0.01640 -0.00930 -0.99980
vn 0.02880 -0.02850 -0.99920
vn -0.01530 -0.01210 -0.99980
vn -0.00210 -0.70310 -0.71110
vn -0.01330 -0.09930 -0.99500
vn 0.00020 0.02680 -0.99960
vn -0.02350 -0.11030 -0.99360
vn -0.00050 -1.00000 0.00390
vn -0.66020 -0.18980 -0.72670
vn -0.67370 -0.08070 -0.73460
vn -0.54420 -0.56090 -0.62390
vn -0.97170 -0.06890 -0.22610
vn -0.78640 -0.03150 -0.61690
vn -0.95090 -0.04580 -0.30610
vn -0.99780 -0.01510 -0.06530
vn -0.71810 -0.69590 0.00230
vn -0.98140 0.05630 -0.18360
vn -0.99820 0.02100 0.05580
vn -0.99960 0.02490 0.01080
vn -0.01060 -0.66310 0.74840
vn -0.00470 -0.62800 0.77820
vn -0.00690 -0.64900 0.76070
vn -0.05000 0.02110 0.99850
vn -0.04310 -0.01100 0.99900
vn -0.09010 -0.01580 0.99580
vn 0.00090 -0.99730 -0.07310
vn -0.02240 -0.72960 0.68350
vn -0.20390 -0.08340 0.97540
vn -0.74720 -0.18950 0.63700
vn -0.99680 -0.04900 0.06320
vn -0.59060 -0.54430 0.59580
vn -0.71400 -0.03270 0.69930
vn -0.71600 -0.35340 0.60210
vn -0.95170 -0.06370 0.30050
vn -0.70580 0.02190 0.70810
vn -0.99890 -0.02940 0.03590
vn -0.65380 -0.75660 -0.00720
vn -0.99990 -0.01070 -0.00440
vn -0.99730 -0.06470 0.03480
vn -0.99920 -0.04080 0.00300
vn -0.99890 -0.04780 -0.00030
vn -0.99950 0.00800 -0.03120
vn -0.99990 0.00940 -0.00430
vn -0.81750 -0.57600 0.00070
vn -0.80840 -0.58860 -0.00010
vn -0.82300 -0.56800 0.00130
vn -0.00880 0.00450 1.00000
vn 0.00410 -0.00610 1.00000
vn -0.99960 -0.02650 0.00200
vn 0.99390 -0.09900 0.04840
vn 0.99410 -0.10590 0.02480
vn 0.99330 -0.11030 0.03390
vn 0.99540 -0.09570 -0.00600
vn 0.99630 -0.08620 -0.00570
vn 0.99620 -0.08680 -0.00600
vn 0.81300 -0.09710 -0.57410
vn 0.76920 -0.09900 -0.63130
vn 0.76450 -0.14240 -0.62870
vn 0.72850 -0.11650 -0.67510
vn 0.77310 -0.04170 -0.63290
vn 0.70410 -0.07240 -0.70640
vn 0.55510 -0.61710 -0.55770
vn 0.66970 -0.74260 0.00470
vn -0.01330 -0.06810 -0.99760
vn 0.08530 -0.14330 -0.98600
vn -0.10920 0.00630 -0.99400
vn -0.09200 -0.03140 0.99530
vn -0.64010 -0.50590 0.57820
vn -0.87120 0.48670 0.06440
vn -0.87100 0.48770 0.05840
vn -0.72360 0.01260 0.69010
vn -0.61690 -0.02570 0.78660
vn -0.35280 -0.76390 0.54040
vn -0.48690 -0.67650 0.55260
vn -0.48700 -0.67640 0.55260
vn -0.87120 0.48650 0.06610
vn -0.97940 -0.10600 0.17210
vn -0.98970 -0.13890 0.03350
vn -0.99230 -0.09630 0.07840
vn -0.95920 -0.28270 0.00540
vn -0.55370 -0.62240 0.55320
vn -0.88910 -0.45780 0.00280
vn -0.89090 -0.45410 0.00200
vn 0.88200 -0.47100 0.01580
vn 0.88360 -0.46810 0.01460
vn 0.98320 -0.18250 0.00210
vn 0.98020 -0.11300 0.16280
vn 0.93470 -0.06570 0.34940
vn 0.99860 -0.05280 0.00470
vn 0.70410 -0.45960 0.54120
vn 0.78730 -0.12410 0.60390
vn 0.99830 -0.05790 -0.00530
vn 0.99860 -0.05130 0.01010
vn 0.99760 -0.06940 0.00830
vn 0.71660 -0.08740 0.69190
vn 0.71580 -0.07580 0.69410
vn 0.71180 -0.07780 0.69810
vn 0.63810 -0.57100 0.51650
vn 0.69110 -0.72270 0.00770
vn 0.00100 -0.09350 0.99560
vn -0.00280 -0.07030 0.99750
vn -0.00010 -0.07290 0.99730
vn -0.08010 -0.21290 0.97380
vn -0.01670 -0.06930 0.99750
vn -0.01370 -0.07200 0.99730
vn -0.01430 -0.71080 0.70330
vn -0.00440 -0.09770 0.99520
vn 0.00020 -1.00000 0.00480
vn -0.99760 -0.06480 0.02430
vn -0.02150 -0.38740 -0.92170
vn -0.02850 -0.33650 -0.94120
vn -0.02890 -0.23890 -0.97060
vn -0.04080 -0.20360 -0.97820
vn -0.02300 -0.46000 -0.88760
vn -0.19070 -0.24700 -0.95010
vn -0.02050 -0.27720 -0.96060
vn -0.12600 -0.06790 -0.98970
vn 0.00970 -0.43830 -0.89880
vn 0.01410 0.29810 -0.95440
vn -0.00340 0.06370 -0.99800
vn -0.00160 0.20290 -0.97920
vn -0.04290 0.00240 -0.99910
vn -0.02130 -0.05900 -0.99800
vn -0.04440 -0.14380 -0.98860
vn -0.08390 -0.03770 -0.99580
vn -0.16050 -0.01940 -0.98680
vn 0.00820 -0.81900 -0.57370
vn 0.01120 0.62620 -0.77960
vn 0.02260 0.62520 -0.78020
vn 0.30070 -0.29850 -0.90580
vn 0.29490 -0.29390 -0.90920
vn -0.01950 -0.21260 -0.97690
vn -0.04640 0.00400 -0.99890
vn -0.15220 0.01260 -0.98830
vn -0.01740 0.73420 -0.67870
vn -0.10100 -0.02020 -0.99470
vn 0.32000 -0.31320 -0.89420
vn -0.17330 -0.67790 -0.71440
vn -0.07790 0.03410 -0.99640
vn -0.19700 0.00880 -0.98040
vn -0.54330 -0.60360 -0.58350
vn -0.68210 0.00150 -0.73130
vn -0.96160 -0.09850 -0.25600
vn -0.97280 -0.23160 0.00090
vn -0.97280 -0.23140 -0.00470
vn -0.63060 -0.52050 -0.57570
vn -0.89450 -0.44710 -0.00340
vn -0.16470 -0.10680 -0.98050
vn -0.08610 -0.11870 -0.98920
vn -0.02040 -0.16660 -0.98580
vn -0.03900 -0.00040 -0.99920
vn -0.01190 -0.01620 -0.99980
vn -0.00040 -0.48020 -0.87720
vn -0.99070 -0.13630 -0.00520
vn -0.97280 -0.23130 -0.00900
vn 0.00490 -0.11070 0.99380
vn -0.01940 0.01420 0.99970
vn -0.01490 -0.02040 0.99970
vn -0.05100 -0.12530 0.99080
vn -0.03200 0.06790 0.99720
vn -0.00930 0.00670 0.99990
vn -0.04670 -0.05070 -0.99760
vn 0.00530 -0.00850 0.99990
vn -0.00460 0.00530 1.00000
vn 0.00180 -0.00520 1.00000
vn -0.01390 0.01620 -0.99980
vn -0.00850 -0.77540 0.63140
vn -0.01990 -0.68830 0.72510
vn -0.00860 -0.77540 0.63140
vn -0.03780 0.34300 0.93860
vn 0.02430 -0.95030 0.31030
vn -0.04020 -0.01940 0.99900
vn -0.02140 -0.73190 0.68110
vn -0.04920 -0.02460 0.99850
vn -0.13640 -0.11850 0.98350
vn -0.52250 0.02690 -0.85220
vn -0.69790 0.04420 0.71490
vn -0.99770 -0.06020 -0.03240
vn -0.99810 0.05330 -0.03000
vn -0.99990 -0.00980 0.00760
vn -0.99840 0.04770 -0.03070
vn -0.99830 -0.04780 -0.03240
vn -0.99800 0.05550 -0.02990
vn -0.03230 0.25340 0.96680
vn 0.00440 0.02110 0.99980
vn 0.04860 -0.40680 0.91220
vn 0.00140 -0.05640 0.99840
vn 0.00140 -0.05650 0.99840
vn -0.05820 0.00290 -0.99830
vn -0.05890 -0.04990 -0.99700
vn -0.48780 0.85480 -0.17710
vn -0.31440 0.94380 -0.10200
vn -0.43950 0.88510 -0.15340
vn -0.31680 0.75080 -0.57960
vn -0.58080 0.78870 -0.20160
vn -0.65560 0.74520 -0.12210
vn 0.00350 -1.00000 0.00250
vn 0.02350 -0.99970 0.00560
vn -0.02040 -0.99980 -0.00130
vn -0.69120 0.02930 0.72210
vn -0.66900 0.01310 0.74310
vn -0.70450 0.03940 0.70860
vn -0.71530 0.04180 0.69750
vn -0.70040 0.02860 0.71320
vn -0.58960 -0.11010 -0.80020
vn -0.76980 0.01570 -0.63810
vn -0.47180 -0.64860 0.59730
vn -0.41660 -0.69180 0.58980
vn -0.95210 0.16880 -0.25490
vn -0.99940 0.02920 -0.01730
vn -0.94790 0.18060 -0.26230
vn -0.61990 0.75690 -0.20710
vn -0.71670 0.04300 0.69610
vn -0.78480 0.02830 -0.61910
vn -0.99880 -0.04010 -0.02960
vn -0.36050 -0.73070 0.57970
vn -0.13310 -0.05900 0.98930
vn -0.99950 0.03070 0.00050
vn -0.99900 0.04550 0.00100
vn -0.99680 -0.07940 0.00500
vn -0.01040 0.03160 0.99940
vn -0.76980 0.01570 -0.63800
vn 0.95150 -0.06350 -0.30110
vn 0.05230 -0.02950 -0.99820
vn 0.12080 0.00540 -0.99270
vn 0.00690 -0.00850 -0.99990
vn -0.00840 0.01780 -0.99980
vn -0.02620 -0.56580 -0.82410
vn -0.10900 -0.72000 -0.68540
vn 0.07980 -0.07940 -0.99360
vn 0.13670 -0.01680 -0.99050
vn 0.07010 -0.02530 -0.99720
vn -0.01240 0.02040 -0.99970
vn -0.01450 0.02270 -0.99960
vn 0.04900 -0.06650 -0.99660
vn 0.20920 0.03860 -0.97710
vn -0.01020 -0.53300 -0.84600
vn 0.06730 -0.14170 -0.98760
vn 0.00980 -0.06150 -0.99810
vn 0.02540 -0.94670 -0.32100
vn 0.05520 -0.80550 -0.59000
vn 0.01860 -0.92890 -0.37000
vn 0.06390 -0.02040 -0.99770
vn -0.00750 -0.07630 -0.99710
vn -0.00640 -0.81750 -0.57590
vn -0.00390 -0.81850 -0.57450
vn -0.00180 -0.81870 -0.57430
vn 0.07420 -0.06830 -0.99490
vn -0.02900 0.06680 -0.99730
vn 0.00980 -0.32050 -0.94720
vn 0.06320 -0.74800 -0.66060
vn -0.03510 -0.04360 -0.99840
vn 0.11410 0.09520 -0.98890
vn -0.00140 -0.13950 0.99020
vn -0.71510 -0.01430 -0.69890
vn -0.47230 -0.58980 -0.65510
vn 0.98390 -0.03040 -0.17630
vn 0.95420 0.00440 -0.29910
vn 0.95420 0.00440 -0.29920
vn 0.89870 0.04500 -0.43620
vn 0.00640 0.03940 -0.99920
vn 0.43690 -0.73660 -0.51620
vn 0.01160 0.71690 -0.69710
vn 0.04300 0.78210 -0.62160
vn 0.19250 -0.45790 -0.86790
vn 0.06100 -0.39250 -0.91770
vn 0.00890 -0.82110 -0.57070
vn 0.02950 0.07770 -0.99650
vn -0.00140 0.06550 -0.99790
vn -0.00350 0.06670 -0.99780
vn 0.04220 0.08200 -0.99570
vn 0.24620 -0.48200 -0.84090
vn 0.00810 -0.81920 -0.57350
vn -0.00450 -0.00020 -1.00000
vn 0.29020 0.17810 -0.94030
vn 0.02050 0.24910 0.96830
vn 0.08960 -0.62070 -0.77890
vn -0.01370 0.65870 -0.75230
vn 0.78860 0.03980 0.61360
vn 0.76700 0.04120 0.64030
vn 0.76700 0.04120 0.64040
vn 0.99890 0.04320 0.01560
vn 0.87020 0.03330 -0.49150
vn 0.72510 0.04350 0.68730
vn -0.01000 0.03110 0.99950
vn 0.00220 0.03660 0.99930
vn -0.00230 -0.00600 1.00000
vn 0.04690 -0.02160 0.99870
vn 0.01800 -0.07270 0.99720
vn 0.01160 -0.05180 0.99860
vn 0.03110 -0.73580 0.67650
vn -0.01030 -0.12240 0.99240
vn -0.04020 -0.50250 0.86360
vn -0.10180 -0.28070 0.95440
vn -0.01060 0.02770 0.99960
vn 0.05530 0.14090 -0.98850
vn 0.02200 -0.24350 0.96970
vn 0.02240 -0.19350 0.98080
vn 0.01690 -0.01610 0.99970
vn 0.05830 -0.07250 0.99570
vn -0.82290 -0.05050 0.56590
vn 0.33040 0.66850 0.66620
vn 0.13500 -0.14060 0.98080
vn 0.08910 -0.15970 0.98310
vn 0.16680 -0.72670 0.66640
vn 0.13290 -0.27700 0.95160
vn 0.77540 -0.01510 0.63130
vn -0.05480 -0.01200 0.99840
vn -0.15480 0.52540 0.83670
vn 0.00020 -1.00000 -0.00220
vn 0.00720 -0.70760 -0.70650
vn 0.00400 -0.07650 -0.99710
vn 0.03160 -0.06130 -0.99760
vn -0.59340 -0.07310 -0.80160
vn -0.60220 -0.09680 -0.79240
vn -0.72610 0.00400 -0.68760
vn -0.71730 -0.19640 -0.66850
vn -0.60950 -0.11720 -0.78410
vn -0.58300 -0.58870 -0.55990
vn -0.43740 -0.07760 -0.89590
vn -0.65400 -0.75650 -0.00100
vn -0.98860 -0.10260 -0.11030
vn -0.99750 -0.02740 -0.06490
vn -0.99620 -0.08210 -0.03000
vn -0.99880 -0.04430 -0.02120
vn -0.99070 -0.13620 -0.00770
vn -0.99660 -0.07780 0.02550
vn -0.81060 -0.58550 -0.00910
vn 0.48420 0.02200 -0.87470
vn 0.63470 -0.02860 -0.77220
vn 0.85970 -0.51070 -0.00750
vn 0.86740 -0.49770 -0.00350
vn 0.85190 -0.52360 -0.01160
vn 0.96770 -0.01490 -0.25160
vn 0.99970 0.02380 -0.00620
vn 0.99800 -0.00140 -0.06380
vn 0.99980 0.02130 -0.00300
vn 0.87280 -0.05700 -0.48480
vn 0.47250 -0.66550 -0.57780
vn 0.46540 -0.60270 -0.64820
vn 0.47550 -0.72910 -0.49230
vn 0.69550 0.01290 -0.71840
vn 0.06590 -0.02910 -0.99740
vn -0.03990 -0.68850 0.72420
vn 0.06740 -0.98360 -0.16740
vn -0.02680 -0.00220 0.99960
vn 0.03250 -0.01290 0.99940
vn -0.04030 -0.08060 0.99590
vn -0.06910 0.02370 0.99730
vn 0.00170 -0.74730 0.66450
vn -0.04520 -0.10920 0.99300
vn -0.15720 -0.18850 0.96940
vn -0.53020 -0.65580 0.53740
vn -0.68870 -0.12660 0.71390
vn -0.62970 -0.77680 0.00250
vn -0.99170 -0.05470 0.11620
vn -0.89400 -0.02950 0.44710
vn -0.99250 -0.06910 0.10040
vn -0.54780 -0.64260 0.53570
vn -0.99730 -0.06640 0.03090
vn -0.99610 -0.08800 0.00390
vn -0.99780 -0.06150 0.02550
vn -0.99940 -0.03340 0.01260
vn -0.72230 -0.69150 0.00690
vn 0.86990 -0.49330 0.00180
vn 0.98300 -0.18340 0.01070
vn 0.87650 -0.48130 -0.00080
vn 0.67960 0.02790 0.73310
vn 0.66270 0.00040 0.74890
vn 0.68080 0.05190 0.73060
vn 0.99140 -0.13100 -0.00640
vn 0.98760 -0.15730 -0.00030
vn 0.99970 -0.02180 -0.00580
vn 0.99930 -0.02060 -0.03080
vn 0.99970 0.02610 0.00190
vn 0.97430 0.22310 0.03000
vn 0.92030 0.38210 0.08340
vn 0.99800 -0.04180 0.04690
vn -0.82820 0.56030 0.01120
vn 0.52110 -0.63820 0.56670
vn 0.48710 -0.66850 0.56190
vn 0.55100 -0.08590 0.83010
vn 0.62470 -0.05700 0.77880
vn 0.69180 -0.09310 0.71610
vn 0.42510 -0.71820 0.55090
vn 0.99880 0.01130 0.04770
vn 0.96290 -0.25650 -0.08360
vn 0.99870 -0.05110 -0.00580
vn 0.98790 -0.09370 -0.12350
vn 0.99960 -0.02680 0.00130
vn 0.99970 -0.02270 0.00160
vn 0.99410 -0.02940 0.10480
vn 0.99350 -0.04360 0.10560
vn 0.99920 -0.03930 -0.00500
vn 0.92660 -0.05010 -0.37270
vn 0.72450 -0.68930 0.00040
vn 0.72450 -0.68930 0.00050
vn 0.68830 -0.72540 0.00620
vn 0.83790 -0.06150 0.54230
vn 0.70120 -0.17330 0.69160
vn 0.75720 -0.65310 -0.00500
vn 0.81900 -0.07890 -0.56840
vn 0.79090 -0.06640 0.60840
vn 0.84220 -0.10010 0.52980
vn 0.60210 -0.56100 0.56810
vn 0.56170 -0.55860 -0.61020
vn 0.77800 -0.06230 -0.62520
vn 0.77230 -0.03010 -0.63460
vn 0.66580 0.02950 -0.74560
vn 0.00570 -1.00000 0.00450
vn -0.02000 -0.12580 -0.99190
vn -0.05790 -0.36060 -0.93090
vn 0.00200 -0.05620 -0.99840
vn -0.04700 -0.36850 0.92840
vn -0.05290 -0.12980 0.99010
vn 0.01000 -0.08480 0.99630
vn 0.01050 -0.05530 -0.99840
vn 0.01040 -0.04950 -0.99870
vn 0.00480 -0.06500 0.99790
vn 0.01610 -0.10190 0.99470
vn -0.00210 -0.50360 -0.86390
vn 0.00740 -0.05110 -0.99870
vn 0.01360 -0.05310 0.99850
vn 0.00690 -0.70380 0.71030
vn 0.00930 -0.72310 -0.69070
vn 0.03760 -0.08740 0.99550
vn 0.00150 0.00650 1.00000
vn -0.00450 0.01250 0.99990
vn 0.00170 -0.47330 0.88090
vn -0.00430 -0.46110 -0.88730
vn -0.00000 -0.45270 0.89170
vn 0.00030 -1.00000 0.00250
vn 0.00030 -1.00000 0.00260
vn -0.00560 -0.99720 0.07390
vn 0.00020 -0.06570 -0.99780
vn 0.00050 -1.00000 0.00000
vn 0.01780 0.59190 -0.80580
vn -0.02710 -0.07320 -0.99690
vn 0.01290 -0.19950 -0.97980
vn -0.18420 -0.04710 -0.98180
vn 0.02240 0.92090 -0.38920
vn -0.01550 0.94220 -0.33470
vn -0.01380 0.91440 -0.40460
vn -0.06580 -0.97890 0.19330
vn -0.01100 0.95830 -0.28570
vn -0.01870 0.95930 -0.28170
vn 0.04570 -0.34500 -0.93750
vn 0.01880 -0.30470 -0.95230
vn 0.04580 -0.34500 -0.93750
vn 0.00780 0.92350 -0.38360
vn -0.01000 0.93070 -0.36560
vn 0.00000 0.92820 -0.37200
vn -0.04630 0.45930 -0.88710
vn -0.15730 0.07250 -0.98490
vn -0.05100 0.95530 -0.29130
vn 0.11790 -0.44960 -0.88540
vn -0.18860 0.95510 -0.22860
vn -0.00970 0.92730 -0.37410
vn -0.59380 0.03150 -0.80400
vn -0.69400 -0.04020 -0.71880
vn -0.07270 -0.99580 -0.05650
vn 0.99380 -0.00240 -0.11090
vn 0.99980 -0.01940 0.00670
vn 0.98740 0.02340 -0.15630
vn 0.48510 0.85470 -0.18460
vn 0.39610 0.91190 -0.10760
vn 0.60080 0.77270 -0.20480
vn 0.78560 0.00970 -0.61870
vn 0.77820 -0.00810 -0.62790
vn 0.95540 0.06070 -0.28900
vn 0.83160 0.15190 -0.53410
vn 0.95620 0.08950 -0.27860
vn 0.00790 -1.00000 -0.00330
vn 0.09820 -0.99520 -0.00390
vn 0.91700 0.11690 -0.38140
vn 0.32480 0.93080 -0.16770
vn 0.43190 0.77190 -0.46660
vn 0.47730 0.82710 -0.29670
vn 0.39590 0.08110 -0.91470
vn 0.46600 0.11820 -0.87690
vn 0.44360 0.12780 -0.88710
vn -0.04840 -0.22790 -0.97250
vn -0.14650 -0.63580 -0.75780
vn -0.10190 -0.48320 -0.86950
vn 0.46090 0.14520 -0.87550
vn 0.28910 0.95010 -0.11710
vn 0.39350 0.76950 -0.50300
vn -0.10470 0.95160 -0.28890
vn 0.01990 0.95610 -0.29230
vn 0.02710 0.02670 -0.99930
vn 0.00470 -0.06740 -0.99770
vn 0.34060 0.93460 -0.10280
vn 0.41080 0.14150 -0.90070
vn 0.01680 -0.09180 -0.99560
vn 0.02330 0.96470 -0.26230
vn 0.05810 0.96670 -0.24930
vn -0.00420 -1.00000 -0.00320
vn -0.72470 -0.01800 -0.68890
vn -0.99880 -0.04780 0.00440
vn 0.78920 -0.02110 0.61370
vn 0.77640 -0.02220 0.62980
vn 0.99880 -0.04880 -0.00370
vn 0.99890 -0.04680 0.00140
vn 0.99890 -0.04680 0.00150
vn 0.99900 -0.04510 0.00610
vn 0.75040 -0.02550 -0.66050
vn 0.80510 -0.03720 -0.59190
vn 0.80520 -0.03720 -0.59190
vn 0.88400 -0.05640 -0.46400
vn 0.99990 -0.01460 0.00510
vn 0.75580 -0.02390 0.65440
vn 0.77200 -0.10060 0.62760
vn 0.77200 -0.10070 0.62760
vn 0.84970 -0.18790 0.49270
vn 0.55960 0.07150 0.82570
vn 0.00810 -0.99980 -0.01600
vn 0.43490 -0.65110 0.62200
vn 0.00380 -0.01000 0.99990
vn 0.05850 -0.64380 0.76300
vn 0.04930 0.02160 -0.99860
vn 0.01860 0.12630 0.99180
vn 0.01490 0.11340 0.99340
vn 0.01490 0.11350 0.99340
vn 0.53510 -0.24210 -0.80930
vn -0.00260 -0.37700 0.92620
vn 0.00290 -0.05620 0.99840
vn 0.00220 0.02850 0.99960
vn 0.00130 0.02420 0.99970
vn 0.01120 0.10030 0.99490
vn -0.00380 -1.00000 0.00260
vn 0.01240 -0.99960 0.02430
vn 0.00470 -1.00000 -0.00370
vn -0.00500 -1.00000 -0.00390
vn -0.00080 0.60990 -0.79250
vn 0.02440 0.92630 -0.37600
vn -0.06580 0.93210 -0.35610
vn -0.10430 0.96920 -0.22290
vn -0.14610 0.96740 -0.20690
vn 0.04270 0.95480 -0.29400
vn -0.15250 0.01310 -0.98820
vn 0.00090 0.02460 -0.99970
vn -0.03320 -0.02330 -0.99920
vn -0.16420 -0.03300 -0.98590
vn 0.14240 -0.50740 -0.84990
vn 0.10890 -0.48360 -0.86850
vn 0.14490 -0.54880 -0.82330
vn 0.00610 -0.45720 -0.88940
vn -0.41660 0.89950 -0.13210
vn -0.42790 0.89220 -0.14450
vn -0.05200 0.00340 -0.99860
vn -0.06120 -0.00160 -0.99810
vn -0.05200 0.00350 -0.99860
vn -0.03540 0.01250 -0.99930
vn -0.49820 0.08720 -0.86270
vn -0.39700 0.09690 -0.91270
vn -0.17560 -0.95770 -0.22800
vn -0.47720 0.85020 -0.22220
vn -0.72210 -0.06450 -0.68870
vn -0.90070 0.14150 -0.41070
vn -0.94850 0.10900 -0.29750
vn -0.23610 0.85900 0.45430
vn -0.95850 0.10810 -0.26370
vn -0.95080 0.08110 -0.29890
vn -0.41150 0.88960 -0.19830
vn -0.75960 -0.01460 -0.65020
vn -0.75770 -0.02490 -0.65210
vn -0.13870 -0.99030 -0.00730
vn -0.54470 -0.40660 -0.73350
vn -0.97740 0.02120 -0.21050
vn -0.00510 -1.00000 -0.00400
vn -0.04520 0.91690 -0.39660
vn 0.99990 0.01110 -0.01030
vn 0.98730 0.09810 -0.12530
vn 0.98290 -0.18380 -0.01330
vn 0.99460 0.07500 -0.07230
vn 0.51120 -0.40550 -0.75780
vn 0.66020 0.02870 -0.75050
vn 0.49330 -0.52340 -0.69480
vn 0.63740 0.75840 -0.13600
vn 0.53080 0.83400 -0.15080
vn 0.45560 0.88590 -0.08730
vn 0.94430 0.15740 -0.28900
vn 0.89900 0.17430 -0.40170
vn -0.07640 -0.99710 -0.00220
vn 0.96680 0.05650 -0.24940
vn 0.66160 0.04260 -0.74870
vn 0.66420 0.05160 -0.74570
vn 0.41430 0.00160 -0.91010
vn 0.03630 0.00760 -0.99930
vn 0.40420 0.09100 -0.91010
vn 0.16440 0.93560 -0.31260
vn 0.32790 0.93410 -0.14120
vn 0.07880 0.92940 -0.36050
vn 0.01300 0.92270 -0.38540
vn 0.01810 0.88270 -0.46960
vn 0.18690 0.97830 -0.08940
vn 0.05670 0.95790 -0.28140
vn -0.10870 -0.43000 -0.89630
vn -0.06270 -0.43280 -0.89930
vn -0.11400 -0.50680 -0.85450
vn 0.20790 -0.04820 -0.97700
vn 0.14460 -0.12400 -0.98170
vn -0.04730 -0.43350 -0.89990
vn 0.02220 -0.97770 -0.20870
vn 0.01310 0.87300 -0.48750
vn 0.00580 0.63820 -0.76980
vn 0.00090 0.96370 -0.26690
vn 0.00490 -0.99950 -0.03150
vn 0.00030 -0.33700 -0.94150
vn 1.00000 0.00860 0.00380
vn 0.99930 -0.03100 0.01860
vn 0.99930 -0.03000 0.02220
vn 0.99900 0.04210 0.01160
vn 0.70290 -0.08040 0.70670
vn 0.75580 0.00900 0.65480
vn 0.71800 -0.13910 0.68200
vn 0.99900 0.04420 -0.00960
vn 0.99930 0.03570 -0.00910
vn 0.77370 -0.13560 0.61880
vn 0.69440 -0.05170 0.71770
vn 0.00230 -0.99990 0.01060
vn 0.00260 -1.00000 -0.00560
vn 0.00290 -1.00000 -0.00160
vn 0.59040 -0.06370 0.80460
vn 0.00050 -0.99530 0.09690
vn -0.00500 0.01870 0.99980
vn -0.00990 -0.02070 0.99970
vn 0.00480 0.03220 0.99950
vn -0.02110 0.02110 0.99960
vn -0.00760 0.03450 0.99940
vn -0.00540 0.09480 0.99550
vn -0.00250 0.02730 0.99960
vn 0.00220 -0.03670 0.99930
vn -0.01090 -0.96590 0.25880
vn -0.00680 0.01790 0.99980
vn -0.00980 0.01310 0.99990
vn -0.01030 0.02680 0.99960
vn 0.00700 0.13890 0.99030
vn -0.00070 -0.01900 0.99980
vn -0.55260 0.01570 0.83330
vn -0.60470 0.03440 0.79570
vn -0.74770 -0.01630 0.66380
vn -0.74960 -0.01720 0.66170
vn -0.75200 -0.01620 0.65900
vn -0.35290 -0.73300 0.58150
vn -0.74750 -0.01620 0.66400
vn -0.50630 -0.00030 0.86240
vn -0.74540 -0.01640 0.66640
vn -0.99950 0.02840 -0.01080
vn -0.99770 -0.06520 0.01820
vn -0.98560 -0.16860 -0.00930
vn -0.99570 -0.08700 0.03260
vn -0.98130 -0.18170 0.06340
vn -0.99800 -0.06170 0.01570
vn -0.99850 -0.05240 0.01650
usemtl Material
f 256/845/665 277/846/666 278/847/665
f 277/1506/1143 462/1507/1144 278/1508/1145
f 256/845/665 278/847/665 279/848/667
f 279/849/668 257/850/669 256/851/670
f 462/1507/1144 463/1509/1146 464/1510/1147
f 278/1508/1145 462/1507/1144 464/1510/1147
f 462/1507/1144 465/1511/1148 463/1509/1146
f 278/868/672 280/852/671 259/853/672
f 277/1506/1143 465/1511/1148 462/1507/1144
f 466/1512/1149 467/1513/1150 463/1509/1146
f 464/1510/1147 463/1509/1146 467/1513/1150
f 468/1514/1151 464/1510/1147 467/1513/1150
f 435/1515/1152 466/1516/1153 456/1517/1154
f 278/1508/1145 464/1510/1147 468/1514/1151
f 465/1511/1148 466/1512/1149 463/1509/1146
f 466/1512/1149 469/1518/1155 470/1519/1156
f 466/1516/1153 435/1515/1152 467/1520/1157
f 258/854/673 281/855/674 256/856/674
f 471/1521/1158 278/1508/1145 468/1514/1151
f 466/1512/1149 465/1511/1148 469/1518/1155
f 279/849/668 263/857/675 257/850/669
f 281/1522/1159 469/1518/1155 277/1523/1160
f 466/1512/1149 470/1519/1156 456/1524/1161
f 435/1525/1162 436/1526/1162 467/1527/1162
f 280/1528/1163 278/1508/1145 471/1521/1158
f 469/1518/1155 465/1511/1148 277/1523/1160
f 259/858/676 263/857/675 279/849/668
f 256/768/614 257/769/614 258/770/614
f 468/1514/1151 436/1529/1164 471/1521/1158
f 436/1529/1164 468/1514/1151 467/1530/1165
f 259/853/672 279/859/677 278/868/672
f 456/1531/1166 433/1532/1166 435/1533/1166
f 281/855/674 277/860/678 256/856/674
f 472/1534/1167 280/1535/1168 471/1536/1169
f 281/1537/1170 473/1538/1171 469/1539/1172
f 471/1536/1169 436/1540/1173 438/1541/1174
f 470/1542/1175 469/1539/1172 455/1543/1176
f 472/1534/1167 439/1544/1177 280/1535/1168
f 433/1384/1066 434/1385/1066 435/1386/1066
f 439/1544/1178 472/1534/1167 471/1536/1169
f 469/1539/1172 473/1538/1171 474/1545/1179
f 281/1537/1170 474/1545/1179 473/1538/1171
f 259/771/615 260/772/616 261/773/617
f 259/861/679 280/862/680 266/863/681
f 455/1546/1180 456/1547/1180 470/1548/1180
f 434/1549/1181 436/1550/1181 435/1551/1181
f 455/1543/1176 469/1539/1172 451/1552/1182
f 474/1545/1179 451/1552/1182 469/1539/1172
f 265/864/682 281/865/682 258/866/682
f 262/774/618 257/775/619 263/776/620
f 452/1553/1183 451/1552/1182 474/1545/1179
f 258/777/621 264/778/621 265/779/621
f 450/1440/1100 451/1441/1100 452/1442/1100
f 452/1553/1183 474/1545/1179 454/1554/1184
f 436/1387/1067 434/1388/1067 437/1389/1067
f 439/1544/1178 471/1536/1169 438/1541/1174
f 437/1390/1068 438/1391/1068 436/1392/1068
f 474/1545/1179 281/1537/1170 454/1554/1185
f 259/771/615 261/773/617 263/780/622
f 282/867/683 266/863/681 280/862/680
f 450/1443/1101 452/1444/1101 453/1445/1101
f 262/781/623 258/782/624 257/783/625
f 452/1446/1102 454/1447/1103 453/1448/1104
f 282/1555/1186 280/1535/1168 439/1544/1177
f 451/1449/1105 450/1450/1105 455/1451/1105
f 266/784/626 260/785/626 259/786/626
f 263/776/620 261/787/627 262/774/618
f 281/1537/1170 265/1556/1187 454/1554/1185
f 455/1452/1106 433/1453/1106 456/1454/1106
f 453/1448/1104 454/1447/1103 265/1455/1107
f 438/1439/1069 282/1393/1069 439/1394/1069
f 265/1455/1107 450/1456/1108 453/1448/1104
f 440/1395/1070 438/1396/1071 437/1397/1072
f 282/1398/1073 438/1396/1071 283/1399/1074
f 433/1457/1109 455/1458/1109 442/1459/1109
f 440/1400/1075 437/1401/1075 434/1402/1075
f 438/1396/1071 441/1403/1076 283/1399/1074
f 262/781/623 264/788/628 258/782/624
f 438/1396/1071 440/1395/1070 441/1403/1076
f 450/1460/1110 442/1461/1110 455/1462/1110
f 434/1463/1111 433/1464/1111 442/1465/1111
f 450/1466/1112 265/1467/1113 457/1468/1114
f 457/1469/1115 265/1470/1115 284/1471/1115
f 270/919/715 284/920/715 265/921/715
f 440/1404/1077 434/1405/1077 442/1406/1077
f 441/1407/1078 440/1408/1079 443/1409/1080
f 444/1472/1116 440/1473/1117 442/1474/1118
f 442/1474/1118 450/1466/1112 444/1472/1116
f 444/1410/1081 443/1409/1080 440/1408/1079
f 283/1411/1082 441/1407/1078 443/1409/1080
f 262/781/623 267/789/629 264/788/628
f 457/1468/1114 444/1472/1116 450/1466/1112
f 445/1412/1083 443/1409/1080 444/1410/1081
f 444/1472/1116 457/1468/1114 445/1475/1119
f 445/1412/1083 283/1411/1082 443/1409/1080
f 267/790/630 265/791/630 264/792/630
f 420/1773/1366 530/1774/1367 526/1775/1368
f 420/1727/1328 524/1728/1329 525/1729/1330
f 420/1823/1369 525/1776/1369 398/1777/1369
f 524/1728/1329 420/1727/1328 526/1730/1331
f 261/773/617 260/772/616 268/793/631
f 269/794/632 268/795/633 260/796/634
f 270/797/635 265/798/635 267/799/635
f 260/796/634 266/800/636 269/794/632
f 527/1731/1332 525/1732/1333 524/1733/1334
f 417/1778/1370 419/1779/1371 535/1780/1372
f 266/869/684 282/870/685 271/871/685
f 284/1476/1120 445/1477/1120 457/1478/1120
f 283/872/686 271/871/685 282/870/685
f 271/801/637 269/794/632 266/800/636
f 283/1413/1084 445/1414/1084 284/1415/1084
f 262/802/638 268/803/638 267/804/639
f 420/1773/1366 418/1781/1373 417/1782/1374
f 261/805/640 268/803/638 262/802/638
f 524/1734/1335 528/1735/1336 527/1736/1337
f 267/806/641 268/807/642 203/808/643
f 417/1335/1035 418/1336/1036 419/1337/1037
f 398/1338/1038 418/1339/1038 420/1340/1038
f 530/1774/1367 420/1773/1366 417/1782/1374
f 504/1737/1338 529/1738/1339 524/1728/1329
f 284/873/687 270/874/687 283/875/687
f 268/809/644 269/810/644 272/811/644
f 504/1739/1340 526/1740/1340 530/1741/1340
f 273/812/645 212/813/646 268/807/642
f 283/1416/1085 285/1417/1085 271/1418/1085
f 524/1728/1329 529/1738/1339 528/1742/1341
f 285/876/688 283/877/688 270/878/688
f 286/922/716 270/923/716 293/924/716
f 504/1737/1338 524/1728/1329 526/1730/1331
f 285/879/689 269/880/689 271/881/689
f 285/882/690 272/883/690 269/884/690
f 286/885/691 285/886/691 270/887/691
f 268/807/642 212/813/646 203/808/643
f 203/814/647 270/815/647 267/816/647
f 268/817/648 272/818/648 273/819/648
f 285/1419/1086 403/1420/1086 272/1421/1086
f 527/1731/1332 421/1743/1342 525/1732/1333
f 286/1479/1121 446/1480/1122 285/1481/1123
f 418/1482/1124 423/1483/1125 422/1484/1126
f 203/568/457 204/569/457 205/570/457
f 286/1479/1121 458/1485/1127 446/1480/1122
f 285/1422/1087 446/1423/1088 447/1424/1087
f 530/1783/1375 417/1778/1370 536/1784/1376
f 505/1785/1377 504/1786/1378 530/1787/1379
f 398/1381/1039 421/1341/1039 399/1342/1039
f 285/1422/1087 447/1424/1087 448/1425/1089
f 212/820/649 273/821/650 167/822/650
f 398/1486/1128 449/1487/1128 418/1488/1128
f 459/1489/1129 458/1485/1127 460/1490/1130
f 421/1743/1342 398/1744/1343 525/1732/1333
f 448/1426/1090 447/1427/1091 398/1428/1092
f 446/1480/1122 449/1505/1142 447/1491/1131
f 418/1492/1132 449/1493/1133 459/1489/1129
f 449/1505/1142 446/1480/1122 461/1494/1134
f 446/1480/1122 459/1489/1129 461/1494/1134
f 449/1429/1093 398/1428/1092 447/1427/1091
f 459/1489/1129 446/1480/1122 458/1485/1127
f 448/1426/1090 398/1428/1092 397/1430/1094
f 461/1495/1135 459/1496/1135 449/1497/1135
f 285/1431/1095 448/1432/1096 400/1433/1095
f 459/1489/1129 460/1490/1130 418/1492/1132
f 400/1433/1095 403/1434/1097 285/1431/1095
f 417/1778/1370 535/1780/1372 537/1788/1380
f 537/1788/1380 536/1784/1376 417/1778/1370
f 286/1498/1136 293/1499/1137 458/1500/1137
f 418/1482/1124 460/1501/1138 423/1483/1125
f 458/1502/1139 425/1503/1140 423/1483/1125
f 397/1430/1094 400/1435/1098 448/1426/1090
f 458/1500/1137 293/1499/1137 425/1504/1141
f 422/1343/1040 419/1337/1037 418/1336/1036
f 458/1502/1139 423/1483/1125 460/1501/1138
f 270/823/651 203/824/652 205/825/651
f 529/1738/1339 504/1737/1338 502/1745/1344
f 536/1789/1381 505/1785/1377 530/1787/1379
f 419/1790/1382 538/1791/1383 535/1792/1384
f 404/1746/1345 399/1747/1345 421/1748/1345
f 293/925/717 270/926/718 276/927/719
f 502/1745/1344 531/1749/1346 529/1738/1339
f 397/1264/979 398/1265/979 399/1266/979
f 529/1750/1347 532/1751/1348 528/1735/1336
f 527/1736/1337 528/1735/1336 532/1751/1348
f 422/1344/1041 423/1345/1042 424/1346/1043
f 206/571/458 205/572/459 207/573/460
f 208/574/461 205/572/459 209/575/462
f 206/571/458 209/575/462 205/572/459
f 203/826/653 212/827/653 204/828/653
f 270/823/651 205/825/651 208/829/654
f 206/576/463 207/577/464 167/578/465
f 205/579/466 204/580/467 207/581/467
f 532/1751/1348 529/1750/1347 533/1752/1349
f 509/1753/1350 533/1752/1349 531/1754/1351
f 210/582/468 208/574/461 209/575/462
f 531/1754/1351 533/1752/1349 529/1750/1347
f 167/583/469 207/581/467 204/580/467
f 211/584/470 210/582/468 209/575/462
f 400/1267/980 397/1268/981 401/1269/982
f 206/585/471 211/586/471 209/587/471
f 208/830/655 210/831/656 274/832/657
f 527/1736/1337 532/1751/1348 513/1755/1352
f 532/1751/1348 533/1752/1349 534/1756/1353
f 204/637/472 212/588/472 167/589/472
f 423/1347/1044 425/1348/1045 426/1349/1046
f 527/1757/1354 513/1758/1355 421/1759/1356
f 206/576/463 213/590/473 211/591/474
f 535/1792/1384 538/1791/1383 537/1793/1385
f 293/1350/1047 426/1351/1047 425/1352/1047
f 426/1349/1046 427/1353/1048 423/1347/1044
f 539/1794/1386 537/1793/1385 538/1791/1383
f 537/1793/1385 539/1794/1386 536/1795/1387
f 275/833/658 208/830/655 274/832/657
f 397/1268/981 399/1270/983 401/1269/982
f 423/1354/1049 427/1353/1048 424/1355/1050
f 534/1756/1353 513/1755/1352 532/1751/1348
f 531/1749/1346 502/1745/1344 508/1760/1357
f 534/1756/1353 533/1752/1349 509/1753/1350
f 403/1436/1099 287/1437/1099 272/1438/1099
f 213/590/473 206/576/463 166/592/475
f 208/834/659 275/835/660 270/836/660
f 166/592/475 206/576/463 167/578/465
f 502/1745/1344 514/1761/1358 508/1760/1357
f 274/928/720 294/929/721 275/930/722
f 421/1759/1356 513/1758/1355 404/1762/1359
f 166/592/475 214/593/476 213/590/473
f 210/594/477 211/595/477 215/596/477
f 400/1271/984 402/1272/984 403/1273/985
f 166/457/367 167/458/368 168/459/369
f 402/1274/986 287/1275/987 403/1276/988
f 273/821/650 170/837/661 167/822/650
f 168/459/369 167/458/368 169/460/370
f 215/681/552 211/682/553 213/683/554
f 422/1344/1041 424/1346/1043 428/1356/1051
f 170/461/371 169/462/371 167/463/371
f 166/592/475 168/597/478 214/593/476
f 275/835/660 276/838/662 270/836/660
f 514/1763/1360 502/1764/1360 501/1765/1360
f 501/1680/1286 502/1681/1287 503/1682/1286
f 213/590/473 214/593/476 216/598/479
f 276/931/723 275/930/722 294/929/721
f 225/839/663 274/844/663 210/840/663
f 210/684/555 215/685/556 246/686/557
f 168/599/480 173/600/480 214/601/480
f 287/888/692 288/889/693 272/890/694
f 399/1270/983 404/1277/989 405/1278/990
f 406/1279/991 287/1275/987 402/1274/986
f 214/602/481 173/603/481 174/604/481
f 171/464/372 168/459/369 169/460/370
f 174/605/482 217/606/482 214/607/482
f 172/465/373 173/466/373 168/467/373
f 215/681/552 213/683/554 216/687/558
f 419/1790/1382 540/1796/1388 538/1791/1383
f 276/931/723 294/929/721 295/932/724
f 176/638/509 228/639/509 229/640/510
f 176/688/559 229/689/559 218/690/559
f 201/532/426 168/533/427 171/534/428
f 507/1766/1361 509/1753/1350 531/1754/1351
f 133/891/695 273/892/696 272/890/694
f 218/608/483 219/609/484 176/610/485
f 274/928/720 296/933/725 294/929/721
f 539/1794/1386 538/1791/1383 541/1797/1389
f 216/611/486 214/612/486 220/613/486
f 427/1353/1048 426/1349/1046 424/1355/1050
f 228/641/511 230/642/512 229/673/543
f 221/614/487 217/615/488 174/616/489
f 531/1754/1351 508/1767/1362 507/1766/1361
f 178/643/513 228/639/509 176/638/509
f 274/928/720 225/934/726 296/933/725
f 220/617/490 214/618/491 217/619/490
f 221/614/487 174/616/489 219/620/492
f 180/621/493 176/610/485 219/609/484
f 231/644/514 218/645/515 229/673/543
f 174/468/374 173/469/374 175/470/374
f 534/1756/1353 511/1768/1363 513/1755/1352
f 230/642/512 228/641/511 232/646/516
f 170/535/429 187/536/430 169/537/431
f 503/1725/1326 504/1683/1288 505/1684/1289
f 229/673/543 230/642/512 231/644/514
f 175/471/375 173/472/375 172/473/375
f 511/1768/1363 534/1756/1353 509/1753/1350
f 176/474/376 177/475/377 178/476/378
f 177/622/494 176/610/485 180/621/493
f 219/609/484 202/623/495 180/621/493
f 538/1791/1383 540/1796/1388 541/1797/1389
f 216/687/558 247/691/560 215/681/552
f 502/1771/1364 504/1772/1364 503/1769/1364
f 233/647/517 232/646/516 228/641/511
f 178/674/544 233/647/517 228/641/511
f 272/890/694 289/893/697 133/891/695
f 406/1279/991 288/1280/992 287/1275/987
f 404/1762/1359 513/1758/1355 512/1770/1365
f 174/616/489 202/624/496 219/620/492
f 289/893/697 272/890/694 288/889/693
f 174/616/489 175/625/497 202/624/496
f 217/619/490 221/626/498 220/617/490
f 231/692/561 223/693/562 218/714/577
f 179/477/379 177/475/377 180/478/380
f 402/1272/984 400/1271/984 407/1281/993
f 202/538/432 175/539/433 182/540/434
f 506/1685/1290 507/1686/1290 508/1687/1290
f 402/1274/986 408/1282/994 406/1279/991
f 247/694/563 216/695/563 220/696/563
f 230/675/545 234/648/518 231/676/546
f 276/927/719 295/935/727 293/925/717
f 233/677/547 235/649/519 232/650/520
f 233/647/517 178/674/544 236/651/521
f 177/475/377 181/479/381 178/476/378
f 401/1269/982 407/1283/995 400/1267/980
f 297/936/728 295/932/724 294/929/721
f 171/541/435 169/537/431 187/536/430
f 231/692/561 248/697/564 223/693/562
f 222/627/499 219/609/484 218/608/483
f 180/478/380 182/480/382 179/477/379
f 236/678/549 178/679/550 181/652/522
f 182/628/500 180/621/493 202/623/495
f 218/608/483 223/629/501 222/627/499
f 181/479/381 177/475/377 183/481/383
f 298/937/729 297/936/728 294/929/721
f 225/698/565 210/684/555 246/686/557
f 509/1688/1291 510/1689/1292 511/1690/1293
f 512/1691/1294 513/1692/1295 511/1690/1293
f 230/675/545 232/650/520 237/653/523
f 221/614/487 219/620/492 222/630/502
f 168/542/436 26/543/436 172/544/437
f 26/545/438 182/540/434 175/539/433
f 26/546/439 175/547/439 172/548/439
f 288/889/693 139/894/698 289/893/697
f 168/549/440 201/550/440 194/551/440
f 293/1357/1052 424/1358/1052 426/1359/1052
f 506/1693/1296 508/1694/1297 514/1695/1298
f 237/653/523 232/650/520 235/649/519
f 402/1284/996 407/1285/997 408/1286/998
f 246/686/557 215/685/556 247/699/566
f 234/700/567 248/697/564 231/692/561
f 294/929/721 296/933/725 298/937/729
f 248/697/564 222/701/568 223/693/562
f 168/542/436 194/552/441 26/543/436
f 183/481/383 177/475/377 179/477/379
f 406/1279/991 139/1287/999 288/1280/992
f 542/1798/1390 505/1785/1377 536/1789/1381
f 424/1346/1043 293/1360/1053 367/1361/1054
f 428/1799/1391 419/1790/1382 422/1800/1392
f 236/678/548 238/654/524 233/677/547
f 249/702/569 247/703/569 220/704/569
f 227/938/730 296/933/725 225/934/726
f 406/1279/991 408/1282/994 139/1287/999
f 428/1799/1391 540/1796/1388 419/1790/1382
f 273/841/664 199/842/664 170/843/664
f 248/716/578 250/717/579 222/718/580
f 170/553/442 199/554/443 187/555/444
f 399/1270/983 405/1278/990 401/1269/982
f 171/534/428 189/556/445 201/532/426
f 181/652/522 185/655/525 236/678/549
f 510/1689/1292 509/1688/1291 507/1726/1327
f 187/557/446 189/556/445 171/534/428
f 501/1696/1299 506/1693/1296 514/1695/1298
f 220/705/570 250/706/570 249/707/571
f 190/558/447 183/559/448 179/560/449
f 220/705/570 221/708/572 250/706/570
f 190/558/447 179/560/449 182/561/450
f 237/653/523 234/648/518 230/675/545
f 401/1269/982 409/1288/1000 407/1283/995
f 247/719/581 252/720/582 246/721/583
f 236/678/549 185/655/525 238/654/524
f 251/709/573 248/697/564 234/700/567
f 239/656/526 85/657/527 235/649/519
f 234/700/567 243/710/574 251/709/573
f 233/677/547 238/654/524 239/656/526
f 181/479/381 183/481/383 184/482/384
f 512/1697/1300 515/1698/1301 404/1699/1302
f 429/1362/1055 424/1346/1043 430/1363/1056
f 293/925/717 295/935/727 152/939/731
f 512/1697/1300 516/1700/1303 515/1698/1301
f 401/1289/1001 410/1290/1002 409/1291/1003
f 221/614/487 222/630/502 224/631/503
f 511/1690/1293 516/1701/1304 512/1691/1294
f 543/1801/1393 541/1797/1389 540/1796/1388
f 190/558/447 182/561/450 191/562/451
f 248/716/578 251/722/584 250/717/579
f 222/718/580 250/717/579 224/723/585
f 517/1702/1305 511/1690/1293 510/1689/1292
f 187/487/389 188/488/389 189/489/389
f 201/532/426 189/556/445 194/563/452
f 221/724/586 253/725/587 250/726/588
f 254/727/589 225/728/590 246/721/583
f 181/479/381 184/482/384 185/483/385
f 296/933/725 159/940/732 298/941/733
f 235/649/519 240/658/528 237/653/523
f 26/545/438 191/564/453 182/540/434
f 225/632/504 226/633/505 227/634/506
f 404/1703/1306 518/1704/1307 412/1705/1308
f 239/656/526 235/649/519 233/677/547
f 542/1802/1394 536/1795/1387 539/1794/1386
f 254/727/589 226/729/591 225/728/590
f 254/727/589 103/730/592 226/729/591
f 224/731/593 253/732/593 221/733/593
f 237/653/523 241/659/529 234/648/518
f 184/565/454 183/559/448 190/558/447
f 543/1801/1393 544/1803/1395 541/1797/1389
f 227/938/730 159/940/732 296/933/725
f 238/654/524 185/655/525 242/660/530
f 408/1282/994 347/1292/1004 139/1287/999
f 295/942/734 297/943/735 152/944/736
f 235/649/519 85/657/527 84/661/531
f 234/648/518 241/659/529 243/662/532
f 159/945/737 297/936/728 298/937/729
f 190/490/390 191/491/391 192/492/392
f 511/1690/1293 517/1702/1305 516/1701/1304
f 189/529/423 193/493/393 194/494/394
f 405/1706/1309 404/1703/1306 412/1705/1308
f 133/891/695 289/893/697 134/895/700
f 254/727/589 246/721/583 252/720/582
f 405/1278/990 410/1293/1005 401/1269/982
f 133/891/695 32/896/701 273/892/696
f 185/655/525 186/663/533 242/660/530
f 519/1707/1310 507/1708/1311 506/1693/1296
f 188/566/455 187/555/444 199/554/443
f 519/1709/1312 501/1680/1286 503/1682/1286
f 249/734/594 250/766/613 251/735/594
f 367/1361/1054 430/1363/1056 424/1346/1043
f 195/897/702 188/898/703 290/899/704
f 291/900/705 290/899/704 188/898/703
f 253/725/587 255/736/595 250/726/588
f 26/495/395 194/496/396 193/497/397
f 195/498/398 196/499/399 189/500/398
f 195/498/398 189/500/398 188/501/400
f 347/1292/1004 408/1282/994 345/1294/1006
f 519/1707/1310 506/1693/1296 501/1696/1299
f 520/1710/1313 510/1689/1292 507/1726/1327
f 520/1710/1313 517/1702/1305 510/1689/1292
f 429/1362/1055 428/1356/1051 424/1346/1043
f 297/943/735 154/946/738 152/944/736
f 184/565/454 190/558/447 3/567/456
f 289/893/697 139/894/698 134/895/699
f 32/896/701 199/901/706 273/892/696
f 235/649/519 84/661/531 240/658/528
f 291/902/707 188/903/708 197/904/707
f 290/905/709 196/906/709 195/907/709
f 516/1700/1303 518/1711/1314 515/1698/1301
f 293/925/717 152/939/731 151/947/739
f 292/908/710 196/909/710 290/910/710
f 244/664/534 243/662/532 241/659/529
f 516/1701/1304 517/1702/1305 520/1710/1313
f 292/911/711 290/912/711 291/913/711
f 242/660/530 239/656/526 238/654/524
f 99/737/596 249/734/594 251/735/594
f 291/902/707 197/904/707 292/914/712
f 520/1712/1315 507/1708/1311 519/1707/1310
f 520/1712/1315 519/1707/1310 503/1713/1316
f 3/502/401 190/530/424 192/503/402
f 197/504/403 189/505/403 196/506/403
f 159/940/732 227/938/730 71/948/740
f 99/738/597 247/739/597 249/740/598
f 186/484/386 185/483/385 184/482/384
f 196/915/713 292/916/713 197/917/713
f 539/1794/1386 541/1797/1389 544/1803/1395
f 250/741/599 253/742/599 224/743/599
f 252/744/600 247/745/600 101/746/600
f 198/507/404 26/495/395 193/497/397
f 255/736/595 105/747/601 250/726/588
f 237/665/535 81/666/536 241/667/537
f 408/1286/998 407/1285/997 345/1295/1007
f 99/748/602 251/767/602 244/749/602
f 404/1714/1317 515/1715/1317 518/1716/1317
f 349/1296/1008 407/1283/995 409/1288/1000
f 199/508/405 32/509/406 188/510/406
f 105/750/603 253/751/603 250/752/603
f 240/658/528 81/666/536 237/665/535
f 297/936/728 159/945/737 299/949/741
f 505/1804/1396 542/1805/1397 539/1806/1396
f 154/946/738 153/950/742 152/944/736
f 521/1717/1318 520/1712/1315 503/1713/1316
f 32/509/406 197/511/407 188/510/406
f 521/1717/1318 522/1718/1319 520/1712/1315
f 543/1801/1393 540/1796/1388 428/1799/1391
f 154/946/738 297/943/735 299/951/743
f 197/512/408 200/513/409 189/529/423
f 522/1719/1320 516/1701/1304 520/1710/1313
f 241/659/529 81/680/551 244/664/534
f 226/633/505 71/635/507 227/634/506
f 545/1807/1398 544/1808/1399 543/1809/1400
f 244/711/575 251/709/573 243/710/574
f 345/1295/1007 407/1285/997 349/1332/1033
f 32/514/410 200/513/409 197/512/408
f 193/493/393 189/529/423 200/513/409
f 539/1810/1401 544/1811/1401 545/1812/1401
f 345/1120/866 346/1121/867 347/1122/868
f 412/1720/1321 518/1711/1314 497/1721/1322
f 193/497/397 200/515/411 198/507/404
f 156/952/744 159/958/748 158/953/745
f 523/1722/1323 503/1725/1326 505/1684/1289
f 545/1807/1398 543/1809/1400 428/1813/1402
f 156/952/744 299/954/746 159/958/748
f 428/1364/1057 429/1365/1057 431/1366/1057
f 240/658/528 84/661/531 81/666/536
f 101/753/604 254/727/589 252/720/582
f 545/1814/1403 505/1804/1396 539/1806/1396
f 431/1815/1404 545/1807/1398 428/1813/1402
f 184/482/384 3/485/387 186/484/386
f 518/1711/1314 516/1700/1303 522/1723/1324
f 521/1717/1318 503/1713/1316 523/1724/1325
f 522/1723/1324 497/1721/1322 518/1711/1314
f 521/1816/1405 545/1817/1406 522/1818/1407
f 34/516/412 3/502/401 192/503/402
f 242/660/530 186/663/533 245/668/538
f 521/1816/1405 523/1819/1408 545/1817/1406
f 505/1820/1409 545/1817/1406 523/1819/1408
f 2/486/388 186/484/386 3/485/387
f 239/656/526 242/660/530 245/668/538
f 545/1817/1406 497/1821/1410 522/1818/1407
f 255/754/605 253/755/606 106/756/607
f 254/727/589 101/753/604 103/730/592
f 28/517/413 26/518/414 198/519/415
f 132/359/292 133/360/293 134/361/294
f 200/515/411 29/520/416 198/507/404
f 410/1293/1005 405/1278/990 411/1297/1009
f 430/1367/1058 367/1368/1058 432/1369/1058
f 29/520/416 200/515/411 32/521/417
f 545/1817/1406 431/1822/1411 497/1821/1410
f 430/1363/1056 432/1370/1059 429/1362/1055
f 293/1298/1010 151/1299/1010 367/1300/1010
f 412/1301/1011 413/1302/1011 405/1303/1011
f 26/522/418 27/523/418 191/524/418
f 239/656/526 245/668/538 85/657/527
f 405/1304/1012 413/1305/1012 411/1306/1012
f 411/1307/1013 414/1308/1014 410/1309/1015
f 346/1121/867 140/1123/869 347/1122/868
f 497/1635/1254 413/1636/1254 412/1637/1254
f 414/1308/1014 415/1310/1016 410/1309/1015
f 28/517/413 198/519/415 29/525/419
f 140/1311/1017 139/1287/999 347/1292/1004
f 497/1638/1255 431/1639/1255 413/1640/1255
f 81/680/551 83/669/539 244/664/534
f 34/531/425 192/492/392 191/491/391
f 253/755/606 108/757/608 106/756/607
f 253/758/609 105/759/609 108/760/609
f 413/1312/1018 416/1313/1018 411/1314/1018
f 83/712/576 99/713/576 244/715/576
f 299/955/747 156/956/747 154/957/747
f 432/1370/1059 369/1371/1060 429/1362/1055
f 429/1372/1061 368/1373/1061 431/1374/1061
f 358/1315/1019 410/1316/1020 415/1317/1019
f 186/663/533 87/670/540 245/668/538
f 414/1318/1021 411/1319/1022 416/1320/1021
f 358/1321/1023 409/1291/1003 410/1290/1002
f 357/1322/1024 415/1323/1025 414/1324/1026
f 357/1322/1024 352/1325/1027 415/1323/1025
f 414/1318/1021 416/1320/1021 357/1326/1028
f 26/35/28 19/36/29 27/37/30
f 368/1375/1062 429/1362/1055 369/1371/1060
f 103/730/592 72/761/610 226/729/591
f 101/762/611 247/739/597 99/738/597
f 151/415/331 152/416/332 153/417/333
f 431/1641/1256 371/1642/1257 487/1643/1257
f 431/1644/1258 487/1645/1259 413/1646/1260
f 348/1124/870 346/1121/867 345/1120/866
f 191/491/391 27/526/420 34/531/425
f 1/1/1 2/2/2 3/3/3
f 413/1646/1260 487/1645/1259 486/1647/1261
f 486/1648/1262 477/1649/1263 413/1650/1264
f 34/516/412 1/527/421 3/502/401
f 105/763/612 255/764/612 106/765/612
f 154/418/334 155/419/335 153/420/336
f 72/636/508 71/635/507 226/633/505
f 431/1376/1063 368/1377/1063 371/1378/1063
f 81/199/154 82/200/155 83/201/156
f 416/1651/1265 413/1650/1264 477/1649/1263
f 498/1652/1266 488/1653/1266 487/1679/1266
f 486/1597/1218 487/1598/1219 488/1599/1220
f 156/421/337 157/422/338 154/423/339
f 409/1291/1003 358/1321/1023 355/1327/1029
f 28/38/31 29/39/32 30/40/33
f 151/1171/912 366/1172/912 367/1173/912
f 99/234/187 100/235/188 101/236/189
f 101/237/190 102/238/191 103/239/192
f 369/1371/1060 432/1370/1059 370/1379/1064
f 371/1642/1257 499/1654/1267 487/1643/1257
f 367/1382/1065 370/1383/1065 432/1380/1065
f 352/1333/1034 358/1315/1019 415/1317/1019
f 489/1600/1221 490/1601/1222 486/1602/1223
f 82/200/155 81/199/154 84/202/157
f 102/238/191 101/237/190 104/240/193
f 491/1603/1224 477/1604/1225 486/1605/1224
f 349/1296/1008 409/1288/1000 355/1328/1030
f 345/1125/871 349/1126/872 348/1124/870
f 488/1599/1220 489/1606/1226 486/1597/1218
f 487/1655/1268 492/1656/1269 498/1657/1270
f 490/1607/1227 491/1603/1224 486/1605/1224
f 487/1655/1268 500/1658/1271 492/1656/1269
f 26/518/414 28/517/413 19/528/422
f 492/1659/1272 488/1660/1272 498/1661/1272
f 487/1662/1273 499/1663/1274 500/1664/1275
f 357/1322/1024 353/1329/1031 352/1325/1027
f 475/1608/1228 489/1606/1226 488/1599/1220
f 370/1330/1032 367/1334/1032 366/1331/1032
f 83/241/194 92/242/195 99/243/196
f 87/670/540 186/663/533 2/671/541
f 31/41/34 29/42/35 32/43/36
f 33/44/37 1/45/38 34/46/39
f 492/1609/1229 475/1610/1229 488/1611/1230
f 35/47/40 30/48/41 29/42/35
f 139/894/698 132/918/714 134/895/699
f 100/244/197 104/245/198 101/246/199
f 105/247/200 106/248/200 107/249/200
f 416/1665/1276 477/1666/1276 374/1667/1276
f 85/203/158 86/204/159 84/202/157
f 108/250/201 105/251/202 107/252/203
f 72/253/204 103/239/192 102/238/191
f 331/1174/913 368/1175/914 369/1176/915
f 33/44/37 34/46/39 27/49/42
f 158/424/340 159/425/341 160/426/342
f 31/41/34 35/47/40 29/42/35
f 160/426/342 159/425/341 71/427/343
f 2/2/2 1/1/1 4/4/4
f 369/1176/915 370/1177/916 331/1174/913
f 475/1608/1228 493/1612/1231 489/1606/1226
f 489/1600/1221 494/1613/1232 490/1601/1222
f 2/205/160 4/206/161 87/207/162
f 71/171/135 72/172/136 73/173/137
f 87/672/542 85/657/527 245/668/538
f 71/427/343 73/428/344 160/426/342
f 135/362/295 31/363/295 136/364/296
f 109/254/205 100/235/188 99/234/187
f 35/365/297 135/366/298 137/367/299
f 36/50/43 28/38/31 30/40/33
f 156/421/337 158/429/345 157/422/338
f 135/362/295 35/368/300 31/363/295
f 489/1600/1221 493/1614/1233 495/1615/1234
f 38/369/301 35/365/297 137/367/299
f 368/1175/914 331/1174/913 371/1178/917
f 135/370/302 136/371/302 137/372/302
f 132/359/292 138/373/303 133/360/293
f 30/48/41 35/47/40 36/51/44
f 99/243/196 92/242/195 110/255/206
f 139/374/304 140/375/305 141/376/306
f 500/1668/1277 380/1669/1278 492/1670/1279
f 493/1616/1235 475/1617/1236 478/1618/1237
f 110/256/207 109/257/208 99/258/209
f 155/419/335 154/418/334 157/430/346
f 136/377/307 142/378/307 137/379/307
f 491/1619/1238 490/1620/1239 485/1621/1240
f 495/1615/1234 494/1613/1232 489/1600/1221
f 87/207/162 4/206/161 88/208/163
f 331/1174/913 370/1177/916 366/1210/940
f 137/380/308 143/381/308 38/382/308
f 33/44/37 5/52/45 1/45/38
f 24/383/309 32/384/310 133/360/293
f 19/53/46 28/38/31 36/50/43
f 158/429/345 161/431/347 157/422/338
f 27/37/30 19/36/29 9/54/47
f 33/44/37 27/49/42 37/55/48
f 478/1618/1237 475/1617/1236 476/1622/1241
f 38/56/49 31/57/49 35/58/49
f 143/385/311 136/386/312 31/387/313
f 82/200/155 89/209/164 83/201/156
f 490/1601/1222 494/1613/1232 482/1623/1242
f 136/386/312 143/385/311 142/388/314
f 143/389/315 137/390/315 142/391/315
f 143/385/311 31/387/313 38/392/316
f 495/1615/1234 493/1614/1233 478/1624/1243
f 85/203/158 87/210/165 90/211/166
f 31/41/34 32/59/50 39/60/51
f 108/259/210 43/260/211 106/261/212
f 494/1613/1232 495/1625/1244 480/1626/1245
f 104/240/193 79/262/213 102/238/191
f 107/252/203 43/263/214 108/250/201
f 477/1627/1246 491/1619/1238 496/1628/1247
f 75/264/215 72/253/204 102/238/191
f 107/265/216 109/257/208 110/256/207
f 83/201/156 91/212/167 92/213/168
f 35/47/40 40/61/52 36/51/44
f 161/431/347 158/429/345 160/426/342
f 490/1601/1222 482/1623/1242 485/1629/1248
f 140/1165/904 346/1166/905 350/1127/873
f 100/244/197 111/266/217 104/245/198
f 9/62/53 37/55/48 27/49/42
f 5/5/5 4/4/4 1/1/1
f 351/1128/874 346/1121/867 348/1124/870
f 478/1618/1237 476/1622/1241 479/1630/1249
f 91/212/167 83/201/156 89/209/164
f 40/61/52 35/47/40 31/41/34
f 112/267/218 109/257/208 107/265/216
f 90/211/166 87/210/165 88/214/169
f 75/264/215 102/238/191 79/262/213
f 92/242/195 91/268/219 110/255/206
f 41/63/54 32/64/55 24/65/54
f 141/376/306 132/413/330 139/374/304
f 93/215/170 84/202/157 86/204/159
f 110/255/206 76/269/220 107/252/203
f 93/215/170 82/200/155 84/202/157
f 491/1619/1238 485/1621/1240 496/1628/1247
f 6/6/6 4/4/4 5/5/5
f 74/174/138 72/172/136 75/175/139
f 153/417/333 155/432/348 151/415/331
f 43/260/211 77/270/221 106/261/212
f 112/267/218 107/265/216 106/271/222
f 36/51/44 40/61/52 13/66/56
f 72/172/136 74/174/138 73/173/137
f 86/204/159 85/203/158 90/211/166
f 352/1129/875 353/1130/876 354/1131/877
f 41/67/57 39/68/57 32/69/58
f 33/44/37 37/55/48 5/52/45
f 110/255/206 91/268/219 76/269/220
f 111/272/223 79/262/213 104/240/193
f 357/1671/1280 416/1672/1280 374/1673/1280
f 482/1623/1242 494/1613/1232 480/1626/1245
f 162/433/349 155/419/335 157/430/346
f 371/1212/941 331/1213/941 377/1214/941
f 372/1179/918 366/1180/918 151/1181/918
f 355/1132/878 356/1133/879 349/1167/906
f 112/267/218 106/271/222 77/273/224
f 82/200/155 93/215/170 89/209/164
f 109/254/205 112/274/225 100/235/188
f 9/54/47 19/36/29 15/70/59
f 366/1182/919 372/1183/920 373/1184/921
f 475/1557/1188 392/1558/1189 476/1559/1190
f 4/206/161 6/216/171 88/208/163
f 93/215/170 94/217/172 89/209/164
f 31/41/34 42/71/60 40/61/52
f 113/275/226 111/266/217 100/244/197
f 95/218/173 86/204/159 90/211/166
f 91/212/167 89/209/164 94/217/172
f 496/1628/1247 383/1631/1250 477/1627/1246
f 353/1130/876 357/1134/880 354/1131/877
f 74/434/350 160/426/342 73/428/344
f 478/1632/1251 483/1633/1252 480/1626/1245
f 477/1560/1191 376/1561/1191 374/1562/1191
f 42/71/60 31/41/34 39/60/51
f 112/267/218 50/276/227 100/277/228
f 43/263/214 107/252/203 76/269/220
f 88/208/163 6/216/171 90/219/174
f 7/7/7 6/6/6 5/5/5
f 157/430/346 161/435/351 163/436/352
f 9/72/61 7/73/62 37/55/48
f 346/1166/905 351/1135/881 350/1127/873
f 36/50/43 13/74/63 19/53/46
f 478/1632/1251 480/1626/1245 495/1625/1244
f 383/1631/1250 496/1628/1247 485/1621/1240
f 140/1165/904 350/1127/873 141/1136/882
f 37/55/48 7/73/62 5/52/45
f 355/1137/883 358/1138/883 356/1139/883
f 352/1129/875 356/1140/884 358/1141/885
f 393/1563/1192 392/1558/1189 475/1557/1188
f 19/75/64 16/76/64 15/77/64
f 50/276/227 112/267/218 77/273/224
f 500/1664/1275 499/1663/1274 380/1674/1281
f 381/1675/1282 499/1663/1274 377/1676/1283
f 96/220/175 76/221/176 91/212/167
f 43/176/140 76/177/140 44/178/140
f 113/278/229 100/279/229 50/280/229
f 91/212/167 94/217/172 96/220/175
f 478/1564/1193 479/1565/1193 388/1566/1193
f 79/262/213 74/281/230 75/264/215
f 162/437/353 114/438/354 151/415/331
f 138/1142/886 132/1143/887 145/1144/886
f 6/6/6 7/7/7 8/8/8
f 359/1145/888 349/1167/906 356/1133/879
f 155/432/348 162/437/353 151/415/331
f 43/86/73 44/87/74 45/88/75
f 86/204/159 95/218/173 97/222/177
f 13/66/56 40/61/52 14/78/65
f 96/282/231 44/283/232 76/293/240
f 95/223/178 90/219/174 8/224/179
f 6/216/171 8/224/179 90/219/174
f 7/7/7 9/9/9 10/10/10
f 354/1168/907 357/1169/908 360/1146/889
f 163/436/352 162/433/349 157/430/346
f 42/71/60 14/78/65 40/61/52
f 351/1128/874 348/1124/870 349/1126/872
f 479/1567/1194 476/1568/1195 392/1569/1196
f 480/1570/1197 481/1571/1198 482/1572/1199
f 357/1185/922 374/1186/922 360/1187/922
f 15/70/59 11/79/66 9/54/47
f 46/89/76 43/90/77 45/91/78
f 10/10/10 8/8/8 7/7/7
f 160/426/342 163/439/355 161/431/347
f 11/11/11 10/10/10 9/9/9
f 97/222/177 93/215/170 86/204/159
f 77/179/141 43/180/141 46/181/141
f 98/225/180 94/217/172 93/215/170
f 480/1573/1200 483/1574/1200 484/1575/1200
f 111/266/217 113/275/226 59/284/233
f 94/217/172 98/225/180 96/220/175
f 50/182/142 77/183/142 46/184/142
f 93/215/170 97/222/177 98/225/180
f 352/1129/875 354/1131/877 356/1140/884
f 45/91/78 47/92/79 46/89/76
f 482/1572/1199 481/1571/1198 485/1576/1201
f 164/440/356 162/433/349 163/436/352
f 499/1663/1274 381/1675/1282 380/1674/1281
f 50/285/234 49/286/234 113/287/234
f 44/87/74 47/93/80 45/88/75
f 12/12/12 13/13/12 14/14/12
f 97/229/184 95/223/178 8/224/179
f 332/1188/923 366/1189/924 373/1190/925
f 141/376/306 144/393/317 132/413/330
f 79/262/213 111/272/223 59/288/235
f 78/185/143 74/197/153 79/186/144
f 331/1174/913 366/1210/940 332/1191/926
f 46/89/76 47/92/79 11/94/81
f 11/95/82 47/93/80 10/96/83
f 480/1570/1197 484/1577/1202 481/1571/1198
f 350/1127/873 144/1147/890 141/1136/882
f 52/226/181 97/229/184 8/224/179
f 48/97/84 47/93/80 44/87/74
f 46/98/85 11/99/85 15/100/85
f 383/1578/1203 485/1579/1204 385/1580/1205
f 132/394/318 144/395/318 145/396/318
f 160/426/342 74/434/350 163/439/355
f 164/441/357 114/438/354 162/437/353
f 97/229/184 52/226/181 98/230/185
f 23/80/67 42/71/60 39/60/51
f 79/262/213 59/288/235 78/289/236
f 18/101/86 10/96/83 47/93/80
f 15/15/13 16/16/14 17/17/15
f 14/78/65 42/71/60 23/81/68
f 483/1581/1206 478/1582/1207 388/1583/1208
f 17/102/87 46/103/88 15/104/89
f 52/231/182 8/232/182 18/227/182
f 98/230/185 52/226/181 96/233/186
f 10/10/10 18/18/16 8/8/8
f 44/283/232 96/282/231 48/290/237
f 41/67/57 23/82/69 39/68/57
f 377/1676/1283 499/1663/1274 371/1677/1284
f 48/97/84 18/101/86 47/93/80
f 19/53/46 13/74/63 20/83/70
f 16/19/17 19/20/17 20/21/17
f 359/1145/888 351/1170/909 349/1167/906
f 49/105/90 50/106/91 51/107/92
f 52/108/93 18/101/86 48/97/84
f 52/226/181 48/228/183 96/233/186
f 46/103/88 17/102/87 53/109/94
f 133/360/293 138/373/303 24/383/309
f 351/1135/881 144/1147/890 350/1127/873
f 59/284/233 113/275/226 55/291/238
f 50/110/95 54/111/96 51/112/97
f 53/109/94 54/113/98 46/103/88
f 383/1595/1209 376/1584/1209 477/1585/1209
f 13/22/18 12/23/18 20/24/18
f 21/25/19 12/26/20 14/34/27
f 361/1148/891 356/1140/884 354/1131/877
f 361/1149/892 359/1145/888 356/1133/879
f 388/1586/1210 479/1567/1194 392/1569/1196
f 55/291/238 113/275/226 49/292/239
f 50/110/95 46/114/99 54/111/96
f 21/84/71 14/78/65 23/81/68
f 54/111/96 53/115/100 51/112/97
f 17/116/101 51/117/101 53/118/101
f 373/1190/925 375/1192/927 332/1188/923
f 165/442/358 164/440/356 163/436/352
f 485/1576/1201 481/1571/1198 385/1587/1211
f 373/1184/921 372/1183/920 375/1193/928
f 16/16/14 20/27/21 17/17/15
f 114/438/354 164/441/357 80/443/359
f 49/105/90 51/107/92 20/119/102
f 163/439/355 74/434/350 165/444/360
f 24/65/54 23/85/72 41/63/54
f 393/1678/1285 492/1670/1279 380/1669/1278
f 20/119/102 51/107/92 17/120/103
f 138/1142/886 145/1144/886 144/1150/893
f 372/1194/929 151/1195/929 334/1196/929
f 375/1193/928 372/1183/920 334/1197/930
f 80/445/361 164/440/356 165/442/358
f 380/1215/942 381/1216/943 382/1217/944
f 55/136/115 56/137/115 59/138/115
f 385/1580/1205 384/1588/1212 383/1578/1203
f 12/26/20 21/25/19 22/28/22
f 21/29/23 23/30/24 24/31/23
f 22/28/22 20/32/25 12/26/20
f 492/1609/1229 393/1634/1253 475/1610/1229
f 374/1218/945 376/1219/945 360/1220/945
f 138/1151/894 351/1170/909 359/1145/888
f 20/121/104 55/122/104 49/123/104
f 63/187/145 78/185/143 59/188/146
f 21/29/23 24/31/23 25/33/26
f 114/294/241 80/295/241 65/296/241
f 74/197/153 78/185/143 64/189/147
f 138/1152/895 144/1147/890 351/1135/881
f 484/1577/1202 386/1589/1213 481/1571/1198
f 354/1168/907 360/1146/889 361/1149/892
f 59/139/116 56/140/116 60/141/116
f 20/124/105 56/125/105 55/126/106
f 22/127/107 56/125/105 20/124/105
f 484/1577/1202 483/1581/1206 387/1590/1214
f 64/189/147 78/185/143 63/187/145
f 165/442/358 64/446/362 80/445/361
f 64/198/148 66/190/148 80/191/149
f 74/434/350 64/447/363 165/444/360
f 377/1262/977 382/1217/944 381/1216/943
f 376/1221/946 383/1222/946 384/1223/946
f 25/128/108 57/129/108 21/130/109
f 386/1589/1213 385/1587/1211 481/1571/1198
f 484/1577/1202 387/1590/1214 386/1589/1213
f 63/187/145 59/188/146 60/192/150
f 21/131/110 57/132/111 22/135/114
f 61/142/117 57/143/117 62/144/117
f 62/145/118 57/146/119 58/147/118
f 25/128/108 58/133/112 57/129/108
f 388/1583/1208 387/1590/1214 483/1581/1206
f 22/135/114 57/132/111 56/134/113
f 384/1224/947 385/1225/948 386/1226/949
f 63/148/120 60/149/121 56/150/122
f 334/1197/930 332/1198/931 375/1193/928
f 389/1591/1215 388/1586/1210 392/1569/1196
f 64/151/123 63/148/120 61/152/124
f 64/198/148 61/193/151 66/190/148
f 65/153/125 66/154/126 61/155/127
f 62/145/118 58/147/118 61/156/128
f 387/1227/950 388/1228/950 389/1229/950
f 57/157/129 61/152/124 56/150/122
f 61/152/124 63/148/120 56/150/122
f 330/1063/824 331/1064/824 332/1065/824
f 384/1224/947 386/1226/949 389/1230/951
f 359/1145/888 361/1149/892 362/1153/896
f 386/1226/949 387/1231/952 389/1230/951
f 330/1066/825 332/1067/826 333/1068/825
f 80/194/152 66/195/152 65/196/152
f 376/1199/932 362/1200/932 360/1211/932
f 377/1201/933 331/1202/933 330/1203/933
f 389/1591/1215 392/1569/1196 396/1592/1216
f 332/1069/827 334/1070/827 335/1071/827
f 147/1072/828 151/1073/828 114/1074/828
f 334/1075/829 151/1076/830 335/1077/831
f 390/1232/953 391/1233/954 392/1234/953
f 359/1145/888 363/1154/897 138/1151/894
f 362/1153/896 361/1149/892 360/1146/889
f 363/1155/898 359/1156/898 362/1157/898
f 336/1078/832 330/1066/825 333/1068/825
f 114/448/364 115/449/364 147/450/364
f 61/155/127 58/158/130 65/153/125
f 332/1079/833 335/1080/834 333/1081/835
f 378/1204/934 330/1205/935 336/1206/936
f 330/1205/935 378/1204/934 362/1207/937
f 364/1158/899 363/1159/899 362/1160/899
f 335/1080/834 336/1119/865 333/1081/835
f 378/1204/934 337/1208/938 362/1207/937
f 362/1159/910 337/1161/900 365/1162/901
f 363/1160/911 362/1159/910 365/1162/901
f 337/1082/836 336/1119/865 335/1080/834
f 336/1206/936 337/1208/938 378/1204/934
f 390/1232/953 392/1234/953 393/1235/955
f 138/1151/894 363/1154/897 148/1163/902
f 147/1083/837 335/1077/831 151/1076/830
f 114/297/242 67/298/243 115/299/244
f 380/1236/956 394/1237/957 390/1238/956
f 393/1239/958 380/1236/956 390/1238/956
f 377/1240/959 395/1241/959 382/1242/960
f 65/300/245 67/298/243 114/297/242
f 384/1243/961 379/1244/962 376/1263/978
f 65/159/131 58/160/131 67/161/131
f 147/1084/838 337/1082/836 335/1080/834
f 337/1161/900 148/1164/903 365/1162/901
f 148/1164/903 363/1160/911 365/1162/901
f 391/1593/1217 396/1594/1217 392/1596/1217
f 147/1084/838 148/1085/839 337/1082/836
f 380/1245/963 382/1246/964 394/1247/964
f 69/301/246 25/302/246 24/303/247
f 69/304/248 24/305/248 116/306/248
f 396/1248/965 379/1249/966 389/1250/967
f 146/397/319 147/398/319 115/399/319
f 146/1035/805 148/1036/805 147/1037/805
f 389/1230/951 379/1251/968 384/1224/947
f 116/400/320 148/401/320 146/414/320
f 116/402/321 146/403/322 149/404/323
f 69/301/246 67/307/249 25/302/246
f 150/451/365 146/452/365 115/453/365
f 116/405/324 138/406/325 148/407/326
f 330/1252/969 395/1241/959 377/1240/959
f 146/403/322 150/408/327 149/404/323
f 362/1253/970 376/1263/978 379/1244/962
f 391/1254/971 379/1249/966 396/1248/965
f 116/405/324 24/409/328 138/406/325
f 58/162/132 25/163/132 67/164/132
f 149/410/329 118/411/329 116/412/329
f 117/308/250 115/309/251 70/310/251
f 330/1205/935 362/1207/937 379/1209/939
f 67/311/252 70/310/251 115/309/251
f 382/1246/964 395/1255/972 394/1247/964
f 149/1086/840 150/1087/841 324/1088/842
f 150/454/366 115/455/366 117/456/366
f 116/312/253 118/313/254 119/314/253
f 395/1256/973 390/1257/973 394/1258/973
f 324/1088/842 150/1087/841 338/1089/843
f 119/314/253 69/315/255 116/312/253
f 395/1259/974 330/1260/975 379/1249/966
f 390/1261/976 395/1259/974 379/1249/966
f 390/1261/976 379/1249/966 391/1254/971
f 68/165/133 67/166/133 69/167/133
f 338/1089/843 339/1090/844 340/1091/845
f 340/1091/845 324/1088/842 338/1089/843
f 150/1092/846 117/1093/847 338/1089/843
f 324/1038/806 325/1039/807 149/1040/808
f 149/1040/808 325/1039/807 326/1041/809
f 340/1091/845 341/1094/848 324/1088/842
f 339/1090/844 338/1089/843 117/1093/847
f 324/1088/842 341/1094/848 325/1095/849
f 69/316/256 119/317/257 120/318/258
f 341/1094/848 340/1091/845 328/1096/850
f 328/1096/850 325/1095/849 341/1094/848
f 339/1090/844 328/1096/850 340/1091/845
f 327/1042/810 326/1041/809 328/1043/811
f 328/1043/811 326/1041/809 325/1039/807
f 326/1044/812 303/1045/813 149/1046/814
f 67/168/134 68/169/134 70/170/134
f 339/1090/844 117/1093/847 342/1097/851
f 118/1047/815 149/1046/814 303/1045/813
f 328/1098/852 342/1097/851 343/1099/853
f 118/319/259 121/320/260 119/321/261
f 326/1044/812 327/1048/816 303/1045/813
f 328/1098/852 339/1090/844 342/1097/851
f 120/322/262 68/323/262 69/324/262
f 303/1045/813 327/1048/816 301/1049/817
f 315/1100/854 328/1101/854 343/1102/854
f 301/1050/818 327/1051/818 304/1052/818
f 304/1053/819 327/1054/819 315/1055/819
f 315/1103/855 327/1104/855 328/1105/855
f 118/1056/820 303/1057/821 329/1058/820
f 343/1106/856 342/1107/857 317/1108/858
f 117/1109/859 344/1110/860 342/1107/857
f 342/1107/857 344/1110/860 317/1108/858
f 118/1056/820 329/1058/820 300/1059/822
f 122/959/749 118/960/750 300/961/751
f 118/319/259 122/325/263 121/320/260
f 68/326/264 123/327/264 70/328/265
f 301/962/752 302/963/752 303/964/753
f 117/1109/859 314/1111/861 344/1110/860
f 300/1060/823 329/1061/823 303/1062/823
f 316/1112/862 315/1113/862 343/1114/862
f 314/1111/861 317/1108/858 344/1110/860
f 316/1115/863 343/1106/856 317/1108/858
f 304/965/754 305/966/754 301/967/755
f 126/995/776 314/996/776 117/997/777
f 302/968/756 306/969/756 303/970/756
f 121/320/260 122/325/263 119/321/261
f 300/971/757 303/972/758 306/973/759
f 315/998/778 316/999/778 309/1000/778
f 120/329/266 124/330/267 68/331/268
f 122/325/263 125/332/269 119/321/261
f 307/974/760 305/966/754 304/965/754
f 308/975/761 300/971/757 306/973/759
f 308/975/761 122/959/749 300/961/751
f 117/333/270 70/334/271 123/335/270
f 316/1001/779 317/1002/779 318/1003/779
f 314/1033/803 319/1004/780 317/1034/804
f 304/1116/864 315/1117/864 309/1118/864
f 301/962/752 305/976/762 302/963/752
f 314/1033/803 320/1005/781 319/1004/780
f 318/1006/782 317/1007/782 319/1008/782
f 126/336/272 117/333/270 123/335/270
f 120/329/266 127/337/273 124/330/267
f 308/975/761 306/973/759 302/977/763
f 126/995/776 320/1009/783 314/996/776
f 319/1004/780 320/1005/781 318/1010/784
f 308/975/761 302/977/763 122/959/749
f 119/317/257 127/338/274 120/318/258
f 125/339/275 127/338/274 119/317/257
f 124/340/276 123/327/264 68/326/264
f 307/978/764 304/979/764 309/980/764
f 128/341/277 126/342/277 123/343/278
f 129/344/279 122/345/279 130/346/280
f 129/344/279 125/347/281 122/345/279
f 305/981/765 310/982/765 302/983/766
f 305/981/765 307/984/767 310/982/765
f 123/348/282 124/349/283 128/350/284
f 316/1011/785 321/1012/786 309/1013/787
f 129/351/285 124/349/283 127/352/286
f 320/1014/788 126/1015/789 131/1016/788
f 130/985/768 122/986/769 302/987/770
f 316/1011/785 318/1017/790 321/1012/786
f 320/1014/788 131/1016/788 318/1018/791
f 130/985/768 302/987/770 311/988/771
f 129/351/285 127/352/286 125/353/287
f 309/989/772 310/990/772 307/991/772
f 318/1017/790 322/1019/792 321/1012/786
f 302/987/770 310/992/773 311/988/771
f 128/350/284 124/349/283 129/351/285
f 310/1020/793 309/1021/793 321/1022/793
f 313/1023/794 321/1012/786 322/1019/792
f 322/1019/792 318/1017/790 131/1024/795
f 313/1023/794 311/1025/796 321/1012/786
f 311/1025/796 310/1026/797 321/1012/786
f 312/993/774 311/988/771 313/994/775
f 130/985/768 311/988/771 312/993/774
f 322/1019/792 323/1027/798 313/1023/794
f 313/1023/794 323/1027/798 312/1028/799
f 323/1027/798 322/1019/792 131/1024/795
f 131/354/288 126/342/277 128/341/277
f 130/1029/800 312/1030/801 323/1031/800
f 129/355/289 130/356/290 128/357/290
f 131/358/291 128/357/290 130/356/290
f 323/1031/800 131/1032/802 130/1029/800
