# Delivery Dash City mesh (NPCDriver_Body); units = studs; +X right, +Y up, -Z forward
mtllib NPCDriver_Source.mtl
o NPCDriver_Body
v 0.20675 4.74264 -0.66165
v 0.45661 4.29809 -0.49261
v 0.22411 4.19316 -0.64074
v 0.02605 3.90377 -0.59447
v 0.17754 4.13044 -0.59748
v 0.09703 4.19735 -0.73127
v 0.11225 4.13197 -0.68695
v -0.06429 4.73629 -0.70165
v -0.03221 4.19603 -0.74216
v -0.08285 4.07054 -0.66989
v -0.31732 4.00027 -0.46507
v -0.08959 4.13452 -0.68799
v -0.14864 4.12770 -0.60011
v -0.21163 4.17744 -0.64096
v -0.26802 3.99176 -0.35108
v -0.30229 4.74056 -0.59965
v -0.43446 4.00027 -0.26405
v -0.49655 4.71981 -0.42283
v -0.50241 4.33795 -0.41336
v 0.36175 3.96227 -0.40744
v 0.10097 3.95811 -0.48571
v 0.21902 3.72027 -0.32403
v 0.05578 3.82175 -0.43901
v 0.30413 3.91207 -0.36498
v 0.26583 3.82567 -0.22838
v -0.00839 3.76027 -0.25129
v 0.20711 3.74261 -0.30079
v -0.01518 3.65991 -0.28716
v -0.00302 3.67138 -0.35617
v 0.03440 3.24966 -0.45691
v 0.04652 3.59306 -0.40829
v 0.05266 3.97528 -0.40788
v -0.00423 3.76944 -0.40761
v -0.02284 3.32423 -0.45332
v -0.08055 3.69876 -0.33679
v -0.29616 3.77719 -0.25825
v -0.26375 3.76410 -0.32228
v -0.22225 3.82351 -0.24157
v -0.26783 3.89668 -0.36860
v -0.48169 3.76481 -0.28327
v -0.42513 3.94305 -0.26780
v 0.55984 4.34038 -0.33044
v 0.61216 4.49295 -0.19506
v 0.56034 4.07719 0.00834
v 0.44473 4.08253 -0.00546
v 0.58653 4.70752 -0.28970
v 0.35327 3.97768 0.09087
v 0.54588 3.99633 -0.05838
v 0.50134 3.96301 -0.19287
v 0.47325 3.99896 -0.11286
v 0.35617 4.08467 0.36537
v 0.41136 4.20249 0.43572
v 0.43693 3.85176 -0.17300
v 0.39543 3.82999 -0.24615
v 0.00647 3.59437 0.65842
v 0.59510 3.72583 0.57605
v 0.37881 3.98647 0.42997
v -0.15129 3.63453 0.65092
v 0.00749 4.09381 0.56075
v -0.19895 4.01637 0.50632
v -0.52855 3.68124 0.59497
v -0.44142 3.88031 -0.14365
v -0.36654 4.01379 0.10029
v -0.45157 4.02565 0.09837
v -0.42173 4.08494 -0.00218
v -0.35113 4.07402 0.33900
v -0.42283 4.18755 0.39003
v -0.48308 4.06499 0.37273
v -0.45855 3.85389 -0.15055
v -0.50036 4.08992 0.09345
v -0.52973 4.00418 -0.00593
v -0.50372 3.95275 -0.01072
v -0.38475 3.98751 0.39449
v -0.52505 4.06118 -0.06010
v -0.49398 4.17008 0.43589
v -0.81427 3.83276 -0.20662
v -0.56841 4.57734 -0.29408
v -0.56573 4.36798 -0.26649
v -0.83549 3.89266 0.33512
v -0.58935 4.50409 -0.13328
v -0.56367 4.22059 0.27533
v -0.62070 4.72128 0.03070
v -0.79954 3.81368 0.49359
v 0.12482 5.02592 0.59817
v 0.00710 5.18607 0.32625
v -0.09881 5.01303 0.61325
v -0.20087 5.06846 -0.41267
v 0.00918 5.20000 -0.13383
v 0.01173 5.05204 -0.48815
v -0.15343 5.14207 0.33720
v -0.22381 5.16250 0.03169
v -0.24653 5.01155 0.54733
v -0.19818 4.88932 0.68024
v -0.32482 5.09573 0.25652
v -0.33736 5.06841 -0.26854
v -0.47484 4.96145 0.26974
v -0.50326 4.82879 -0.31623
v -0.54843 4.88833 -0.08315
v -0.40525 4.76180 0.61095
v -0.51484 4.77437 0.43824
v -0.60266 4.70116 -0.19520
v -0.60559 4.52407 0.26468
v -0.59001 4.74327 -0.10894
v -0.62464 4.64647 -0.10831
v 0.63460 4.64447 -0.23169
v 0.64268 4.60360 -0.11357
v 0.63159 4.74267 -0.14305
v 0.63931 4.72107 -0.00730
v 0.56712 4.54417 -0.24103
v 0.36923 5.11166 0.10949
v 0.54569 4.79257 0.40528
v 0.40857 5.03096 -0.22052
v 0.40958 4.93172 0.50205
v 0.37265 4.91300 -0.44673
v 0.17100 5.13082 0.38103
v 0.23542 5.09983 -0.37511
v 0.33005 4.84995 0.65111
v 0.24587 5.16365 0.01526
v 0.04121 4.86085 0.76874
v -0.06492 4.09710 0.42611
v 0.16180 4.14131 0.52354
v 0.05309 4.10285 0.45261
v -0.08324 4.20318 0.49028
v 0.10637 4.21884 0.50068
v 0.38855 4.18919 0.57597
v -0.37916 4.19006 0.56962
v -0.06790 4.81447 0.75790
v 0.22282 4.70401 0.73239
v -0.23552 4.14301 0.50531
v 0.27486 4.31796 0.64558
v 0.06525 4.66755 0.75528
v -0.26744 4.21634 0.52412
v -0.49825 4.59711 0.53624
v -0.43044 4.29801 0.56693
v 0.58103 4.23293 0.30678
v 0.59466 4.59870 0.38973
v 0.46318 4.72547 0.58979
v 0.42422 4.28424 0.58473
v 0.39942 4.11563 0.48270
v 0.50887 4.07637 0.37095
v 0.49838 3.96528 0.21921
v 0.26799 4.13808 0.48119
v -0.41144 3.46987 0.61659
v -0.67808 3.48736 0.57947
v -0.72861 3.18380 0.45494
v -0.67296 3.55003 -0.36381
v -0.81353 3.73755 -0.28132
v -0.84915 3.83101 0.09514
v -0.77989 3.51164 -0.32288
v -0.81498 3.26157 0.30336
v -0.80488 3.48739 0.42431
v -0.91701 2.74680 0.45568
v -0.82771 3.67877 -0.22827
v -0.82339 3.37638 -0.09347
v -0.90458 3.82570 -0.21603
v -0.91036 3.49566 -0.26676
v -1.44634 3.16863 0.55929
v -1.47903 3.84417 -0.14560
v -1.37889 3.84773 0.54659
v -1.43668 3.91174 0.27719
v -0.97403 2.88757 -0.27673
v -1.50523 2.81683 0.54873
v -1.58533 2.90317 -0.18351
v -1.43983 3.86372 0.49578
v -1.58440 2.37885 0.53088
v -1.50038 3.87046 0.26821
v -1.52392 3.08401 0.51845
v -1.52291 3.84823 -0.10385
v -1.69672 2.39221 -0.11050
v -1.66050 2.38345 0.25398
v 0.03708 2.93952 -0.46764
v -0.01135 2.39062 0.61777
v -0.43164 2.85551 0.54703
v -0.01417 2.65080 -0.44801
v -0.43200 2.79241 -0.38045
v -0.66316 3.22168 -0.33840
v -0.59781 2.83150 -0.33035
v -0.71074 2.34025 0.44328
v -0.63395 2.70963 -0.28242
v -0.68090 2.85589 0.45198
v -0.72322 2.86569 -0.22474
v -0.72240 2.27917 -0.21475
v -0.75139 3.22541 -0.24897
v -0.82010 3.16384 0.14434
v -0.80365 2.15108 0.27741
v -0.79073 2.66333 0.03609
v -0.92656 2.31008 0.42195
v -0.93475 2.30740 0.10253
v -1.02709 2.32785 -0.26468
v 0.84816 3.47967 -0.17111
v 0.82251 3.80451 -0.25036
v 1.02137 2.93386 -0.27853
v 0.80340 3.51561 -0.33279
v 0.84436 3.30573 -0.14316
v 0.83913 3.14591 0.15657
v 0.75500 3.28730 -0.32113
v 0.68155 3.61945 -0.33016
v 0.52612 3.65739 -0.33870
v 0.52625 3.91532 -0.05348
v 0.83423 3.87475 -0.11444
v 0.31817 3.18068 -0.43914
v 0.10752 2.65726 -0.45335
v 1.55434 3.85397 -0.06355
v 1.49398 3.85822 0.44007
v 1.59975 3.44833 -0.12597
v 1.45513 3.80248 0.54150
v 1.56844 3.05784 0.49261
v 1.48927 3.84730 -0.14847
v 1.40977 3.92329 0.28327
v 0.83768 3.84357 0.45497
v 0.87638 3.86887 0.20577
v 0.82971 3.59610 0.45040
v 1.44495 3.44581 0.56540
v 0.78985 3.49150 0.52529
v 0.82867 3.38624 0.34730
v 0.74277 3.19346 0.45426
v 0.70389 3.32034 0.53841
v 0.42036 3.46691 0.61654
v 0.68123 3.10531 0.49879
v 1.69094 2.39338 0.24264
v 1.69672 2.39804 -0.16714
v 1.62510 2.69594 -0.18513
v 1.65048 2.37934 0.44470
v 1.58571 2.38054 0.54410
v 0.95202 2.65471 0.45738
v 1.03273 2.47978 -0.26142
v 0.98219 2.42659 -0.15485
v 0.95057 2.30975 0.43052
v 0.95079 2.31263 0.10459
v 0.73915 2.90139 -0.23386
v 0.80047 3.12571 -0.19662
v 0.84737 2.14785 0.18912
v 0.76423 2.61890 0.39562
v 0.80365 2.27638 -0.12756
v 0.63592 2.69331 -0.31549
v 0.59291 2.84338 -0.30183
v 0.61643 2.98267 0.51317
v 0.63258 2.27742 -0.28776
v 0.67022 2.13792 0.47681
v -0.79281 2.27271 -0.08556
v -0.72941 2.16370 0.27328
v -0.80732 2.12434 -0.06629
v -1.06831 2.30288 -0.24177
v -0.99662 2.03764 0.40471
v -1.02818 2.05546 -0.16375
v -1.09197 2.04024 -0.23925
v -1.54213 2.33091 0.50687
v -1.54884 2.08076 0.50140
v -1.67523 2.39256 -0.16183
v -1.59792 2.35024 0.43496
v -1.64824 2.09086 -0.16178
v -1.68295 2.09546 -0.04948
v -1.61900 2.10394 0.42693
v 0.01816 1.89529 -0.18992
v -0.05720 1.86652 -0.19923
v -0.12419 1.93011 -0.26553
v 0.03612 2.23926 -0.43153
v 0.04923 2.12532 -0.44514
v -0.30780 2.11604 -0.37489
v -0.31749 1.64891 -0.32471
v -0.30511 2.25245 -0.40153
v -0.02441 2.18971 -0.27845
v 0.06188 2.01341 -0.32491
v -0.67819 2.12267 -0.23903
v -0.36797 1.21627 -0.32228
v -0.61421 1.81289 -0.31732
v -0.61654 1.67264 -0.31428
v -0.75508 1.66062 -0.25425
v -0.64441 1.80369 -0.34634
v -0.69404 1.65493 -0.31130
v -0.81290 1.89791 -0.09386
v -0.69521 2.16474 -0.13366
v -0.12370 1.07651 0.31083
v 0.00858 1.90670 0.25929
v -0.21053 1.07257 0.45321
v -0.09520 1.91166 0.42091
v -0.11652 1.06660 -0.04811
v -0.18228 1.16967 -0.18524
v -0.39781 1.05155 0.53624
v -0.19364 1.71343 0.47435
v -0.66357 1.18823 -0.31459
v -0.61936 1.69785 0.49869
v -0.80058 1.25645 0.41527
v -0.73702 1.68001 0.43679
v -0.81561 1.51611 -0.25795
v -0.81131 1.24526 -0.25253
v -0.88410 1.67357 -0.16632
v -0.91504 1.22557 0.15860
v -0.71509 1.88759 0.40722
v -0.84296 1.74409 0.25600
v -0.83825 1.89611 0.14757
v -0.91712 1.54707 -0.07283
v -0.92232 1.70442 -0.07489
v -0.91624 1.22188 -0.05643
v 0.07469 1.89178 0.39263
v -0.00341 2.11733 0.60069
v -0.56964 2.13830 0.51566
v -0.37339 2.30299 0.58952
v 0.00136 2.17651 0.50364
v -0.40345 1.89726 0.52768
v -0.34842 2.16154 0.51566
v -0.63444 2.15535 0.40189
v 0.80042 2.12259 -0.13503
v 0.67452 2.11998 -0.25080
v 0.72284 2.38479 -0.22849
v 0.61049 1.84193 -0.30906
v 0.39236 1.95261 -0.30643
v 0.34054 2.11744 -0.37566
v 0.16136 1.96216 -0.28751
v 0.34432 2.26308 -0.38836
v 0.26690 1.67516 -0.29780
v 0.08129 1.85310 -0.19353
v 0.14278 1.60752 -0.19632
v 0.94745 1.58835 -0.06599
v 0.97080 1.34627 -0.10713
v 0.91282 1.49936 -0.16429
v 0.94189 1.24589 0.17273
v 0.84175 1.33283 -0.24921
v 0.81950 1.25139 0.43170
v 0.82429 1.52651 -0.26342
v 0.85399 1.90117 0.18395
v 0.92862 1.67921 -0.13763
v 0.83508 1.90621 -0.02753
v 0.90039 1.82501 -0.09843
v 0.92689 1.25125 -0.13684
v 0.78011 1.65895 -0.25165
v 0.65379 1.81524 -0.34637
v 0.80001 2.13417 0.14718
v 0.71610 1.72643 0.43405
v 0.79204 1.89813 -0.15348
v 0.73310 1.66087 -0.33525
v 0.67600 1.22571 -0.30536
v 0.61013 1.68220 -0.30073
v 0.35997 1.41162 -0.32595
v 0.38590 1.20318 -0.31973
v 0.20711 1.17189 -0.18567
v 0.15616 1.09584 -0.07311
v 0.13454 1.06518 0.24910
v 0.70266 2.14627 0.36895
v 0.43424 2.14977 0.50862
v 0.60731 1.24876 0.53082
v 0.47908 1.71663 0.53047
v 0.51697 1.10810 0.54355
v 0.38215 1.89830 0.52412
v 0.24940 1.07725 0.46652
v 1.67583 2.09376 -0.15907
v 1.62124 2.34011 0.44528
v 1.58344 2.03986 0.40227
v 1.65749 2.05001 -0.08014
v 1.57555 2.36346 0.47717
v 1.57547 2.08410 0.50370
v 1.09156 2.28974 -0.24478
v 1.10776 2.04478 -0.23982
v 1.02495 2.03392 0.40435
v 1.03056 2.30173 -0.15756
v 0.77099 2.27915 0.37952
v -0.55919 0.15593 -0.68164
v -0.59836 0.03646 -0.71895
v -0.65900 0.21903 -0.75259
v -0.63693 0.31695 -0.69787
v -0.73726 0.06409 -0.76874
v -0.53151 0.05147 -0.47613
v -0.90590 0.00142 -0.20604
v -0.95024 0.00301 -0.37818
v -0.70762 0.01851 -0.65333
v -0.63452 0.00775 -0.57115
v -0.93094 0.06707 -0.54049
v -0.91852 0.23521 -0.70699
v -0.91123 0.39990 -0.41160
v -0.95090 0.33612 -0.62527
v -0.65508 0.44775 -0.38294
v -0.82642 0.44299 -0.36627
v -0.82298 0.46623 -0.31910
v -0.86927 0.07071 -0.74192
v -0.83560 0.02932 -0.63521
v -0.61030 0.42807 -0.43175
v -0.99385 0.05648 -0.40999
v -0.96475 0.06296 -0.67372
v -1.05517 0.16570 -0.52004
v -1.07373 0.01341 -0.46712
v -1.04918 0.22872 -0.27807
v -1.06191 0.00389 -0.29663
v -0.41199 0.14857 -0.39767
v -0.31472 0.22984 -0.07708
v -0.39148 0.06055 -0.32378
v -0.49376 0.34510 -0.50142
v -0.33035 0.31769 -0.22748
v -0.40925 0.00424 -0.45546
v -0.50465 0.48112 -0.27985
v -0.48158 0.00750 -0.60359
v -0.56592 0.06168 -0.20730
v -0.51481 0.00558 -0.57588
v -0.56039 0.46002 -0.36485
v -0.34199 0.11303 -0.10711
v -0.41631 0.05872 0.01110
v -0.38688 0.00643 -0.26071
v -0.45902 0.00548 -0.01466
v -0.79809 0.00526 0.04677
v -0.80677 0.05795 0.08559
v -0.96160 0.04739 -0.09939
v -0.89965 0.00019 0.18439
v -0.93604 0.36431 -0.10697
v -0.93376 0.22379 0.08819
v -1.02599 0.00000 -0.14278
v -0.98329 0.30833 0.01961
v -1.08718 0.01215 -0.40613
v -0.24899 0.57524 -0.13205
v -0.38896 0.62799 -0.27007
v -0.47747 0.72485 -0.28694
v -0.31694 0.33699 -0.10776
v -0.24648 0.56487 -0.03735
v -0.48294 0.63903 -0.19892
v -0.55234 0.53738 -0.21250
v -0.57342 0.68398 -0.26583
v -0.76368 0.73528 -0.14833
v -0.71279 0.56484 -0.22619
v -0.83346 0.63604 -0.12471
v -0.65771 0.48671 -0.29575
v -0.82495 0.76104 -0.19654
v -0.82982 0.47365 -0.19430
v -0.89256 0.65285 -0.14018
v -0.76513 0.58441 -0.14505
v -0.90297 0.57516 -0.04127
v -0.95731 0.58956 -0.01597
v -0.16788 0.56640 -0.00866
v -0.21283 0.52416 0.42844
v -0.28789 0.88379 0.48798
v -0.38404 0.54288 0.56272
v -0.64033 1.05456 0.52302
v -0.68941 0.55096 0.55554
v -0.76880 0.93008 0.44495
v -0.81482 0.60136 0.48809
v -0.93196 0.70667 0.28874
v -0.95107 0.55041 0.21234
v -0.92388 0.54581 0.12151
v -0.18365 0.19461 0.27382
v -0.30446 0.28087 0.56050
v -0.17815 0.00810 0.36222
v -0.18296 0.02844 0.46523
v -0.22690 0.40779 0.40952
v -0.20560 0.37855 0.23251
v -0.19411 0.00003 0.27429
v -0.21751 0.05029 0.17971
v -0.27426 0.05620 0.33873
v -0.32652 0.02828 0.24324
v -0.42685 0.03718 0.62708
v -0.35981 0.42093 0.53893
v -0.29017 0.00260 -0.00962
v -0.32121 0.00252 0.16887
v -0.38965 0.00271 0.18617
v -0.50914 0.00788 0.50912
v -0.68476 0.02540 0.35286
v -0.71060 0.04862 0.29200
v -0.51470 0.22106 0.64024
v -0.67591 0.05387 0.46441
v -0.65056 0.41219 0.56247
v -0.63918 0.02664 0.63274
v -0.78889 0.19683 0.48371
v -0.71547 0.01100 0.55324
v -0.81307 0.04908 0.36624
v -0.77088 0.00610 0.48218
v -0.81969 0.37981 0.40761
v -0.87148 0.00687 0.25039
v 1.00335 0.29634 0.04384
v 0.97275 0.36598 -0.10182
v 0.94211 0.55613 -0.01742
v 0.95542 0.73572 -0.08521
v 0.85659 0.66624 -0.19394
v 0.80212 0.73665 -0.14259
v 0.83524 0.51584 -0.19673
v 0.84427 0.62449 -0.12895
v 0.84422 0.75485 -0.19350
v 0.84835 0.45733 -0.21247
v 0.78629 0.52826 -0.16596
v 0.70370 0.58449 -0.23498
v 0.59724 0.68737 -0.26345
v 0.55721 0.47053 -0.26605
v 0.88876 0.44389 -0.30361
v 0.58237 0.53618 -0.24582
v 0.51046 0.71647 -0.28655
v 0.50879 0.64735 -0.21228
v 0.40460 0.62569 -0.26909
v 0.47533 0.42854 -0.26202
v 0.62946 0.43598 -0.39991
v 0.35417 0.31545 -0.22624
v 0.26791 0.57458 -0.13046
v 0.94209 0.24082 -0.70449
v 0.98520 0.05059 -0.65990
v 0.80212 0.06885 -0.76869
v 0.84698 0.04621 -0.64446
v 0.75103 0.04000 -0.65508
v 0.96303 0.06420 -0.53964
v 0.68922 0.22349 -0.75358
v 0.86609 0.35063 -0.68530
v 0.58150 0.39785 -0.47941
v 0.75391 0.43543 -0.46986
v 0.91219 0.40959 -0.43917
v 0.95342 0.00769 -0.46909
v 0.61599 0.00033 -0.49877
v 0.62253 0.03986 -0.72338
v 0.48894 0.03091 -0.48327
v 0.57558 0.32621 -0.61525
v 0.65385 0.39549 -0.44216
v 0.55045 0.14846 -0.64955
v 0.50791 0.04941 -0.60819
v 0.44511 0.14695 -0.40717
v 0.57175 0.06064 -0.21122
v 0.99309 0.00501 -0.09265
v 0.40457 0.00312 -0.24601
v 0.96607 0.03531 -0.16624
v 0.48393 0.00063 -0.02142
v 0.42956 0.00682 -0.45535
v 0.45776 0.00249 -0.52499
v 0.41295 0.06576 -0.26465
v 0.35089 0.10906 -0.08767
v 0.33810 0.22954 -0.08343
v 0.33008 0.31966 -0.10697
v 1.09462 0.00506 -0.24218
v 1.09963 0.01878 -0.45864
v 1.08107 0.02948 -0.54678
v 1.06492 0.15787 -0.23813
v 1.00554 0.06173 -0.42138
v 1.04113 0.31515 -0.34889
v 0.95733 0.22336 0.08315
v 0.98479 0.36086 -0.55360
v 0.98230 0.10874 -0.01384
v 0.97677 0.00556 -0.38363
v 0.92336 0.00000 0.18083
v 0.83253 0.06077 0.08983
v 0.97672 0.55093 0.20766
v 0.77460 1.15598 0.44221
v 0.84091 0.60023 0.48409
v 0.37580 0.54001 0.54169
v 0.26525 0.83224 -0.18677
v 0.29389 0.57368 -0.07776
v 0.20070 0.57029 -0.04360
v 0.17998 0.53196 0.20339
v 0.46050 0.00506 0.07820
v 0.31461 0.00000 -0.00626
v 0.24448 0.52134 0.42113
v 0.48231 0.42262 0.57339
v 0.37027 0.05248 0.19887
v 0.38680 0.05086 0.43118
v 0.32047 0.05593 0.32712
v 0.21001 0.02393 0.46118
v 0.20358 0.01043 0.35384
v 0.45989 0.03488 0.62675
v 0.28636 0.41397 0.46438
v 0.24207 0.05130 0.17804
v 0.33816 0.28402 0.56551
v 0.20210 0.06770 0.32753
v 0.22545 0.38235 0.27711
v 0.21477 0.25823 0.38048
v 0.94444 0.54603 0.12389
v 0.81443 0.38660 0.44900
v 0.79223 0.20523 0.51404
v 0.83787 0.04793 0.36841
v 0.89385 0.00008 0.24721
v 0.73989 0.04574 0.29238
v 0.74137 0.01361 0.54969
v 0.79768 0.00274 0.47703
v 0.69472 0.05771 0.46247
v 0.71892 0.02814 0.35628
v 0.69061 0.38534 0.55831
v 0.66527 0.02672 0.63203
v 0.69119 0.57352 0.57616
v 0.51538 0.27898 0.62943
vt 0.454321 0.551046
vt 0.478203 0.632496
vt 0.435641 0.638014
vt 0.872830 0.331805
vt 0.891869 0.384114
vt 0.749365 0.024710
vt 0.693699 0.024710
vt 0.736295 0.019546
vt 0.413612 0.627765
vt 0.393680 0.670088
vt 0.414918 0.639239
vt 0.431464 0.648383
vt 0.406847 0.542654
vt 0.391557 0.624230
vt 0.376603 0.642251
vt 0.513243 0.920427
vt 0.376534 0.633007
vt 0.365558 0.644620
vt 0.360186 0.625227
vt 0.980298 0.795264
vt 0.997823 0.807997
vt 0.981184 0.809410
vt 0.694116 0.166180
vt 0.690257 0.185386
vt 0.632578 0.169931
vt 0.000069 0.041186
vt 0.011680 0.033056
vt 0.026783 0.042031
vt 0.363815 0.532299
vt 0.723463 0.169963
vt 0.421694 0.854390
vt 0.457119 0.905309
vt 0.869942 0.425032
vt 0.538329 0.882680
vt 0.565377 0.898546
vt 0.513037 0.878252
vt 0.451988 0.817515
vt 0.732782 0.332242
vt 0.744142 0.376613
vt 0.732497 0.397621
vt 0.385228 0.965087
vt 0.414083 0.989299
vt 0.368564 0.996951
vt 0.005077 0.757749
vt 0.005077 0.710177
vt 0.055092 0.732512
vt 0.637318 0.214813
vt 0.674059 0.221291
vt 0.628132 0.233695
vt 0.081950 0.682386
vt 0.068999 0.714440
vt 0.045847 0.674509
vt 0.675614 0.203401
vt 0.423550 0.960284
vt 0.277232 0.560818
vt 0.245365 0.478879
vt 0.283958 0.522673
vt 0.283192 0.561399
vt 0.301246 0.527256
vt 0.666685 0.043050
vt 0.656610 0.031043
vt 0.711366 0.032527
vt 0.070549 0.644088
vt 0.048440 0.660351
vt 0.424038 0.978904
vt 0.261002 0.481308
vt 0.794604 0.419623
vt 0.314228 0.521481
vt 0.043708 0.101153
vt 0.045717 0.152553
vt 0.018375 0.150161
vt 0.020098 0.581485
vt 0.064437 0.593366
vt 0.021308 0.636317
vt 0.365178 0.023241
vt 0.332375 0.023241
vt 0.379211 0.021016
vt 0.344055 0.507828
vt 0.759805 0.377232
vt 0.722439 0.224693
vt 0.469261 0.970729
vt 0.055319 0.629790
vt 0.015944 0.100555
vt 0.709832 0.232701
vt 0.371741 0.482924
vt 0.471265 0.994278
vt 0.503639 0.994074
vt 0.204818 0.521364
vt 0.210351 0.492901
vt 0.263406 0.528930
vt 0.221134 0.578822
vt 0.336773 0.057671
vt 0.344798 0.043771
vt 0.402162 0.057123
vt 0.178663 0.477583
vt 0.187695 0.542372
vt 0.582378 0.013397
vt 0.601469 0.000029
vt 0.616030 0.013295
vt 0.005125 0.832375
vt 0.033662 0.809266
vt 0.008366 0.844637
vt 0.889290 0.489948
vt 0.903860 0.553372
vt 0.880164 0.529478
vt 0.666302 0.118261
vt 0.590287 0.118261
vt 0.642404 0.094569
vt 0.007987 0.933958
vt 0.028811 0.925545
vt 0.014332 0.966549
vt 0.557183 0.027924
vt 0.580839 0.021411
vt 0.590783 0.042736
vt 0.857453 0.574200
vt 0.625387 0.050897
vt 0.625387 0.101055
vt 0.602225 0.053474
vt 0.001670 0.936310
vt 0.001670 0.897106
vt 0.025182 0.920551
vt 0.611390 0.021710
vt 0.008812 0.817656
vt 0.032172 0.808688
vt 0.001642 0.833281
vt 0.593410 0.111709
vt 0.192205 0.623860
vt 0.037190 0.509887
vt 0.037190 0.555752
vt 0.010051 0.529875
vt 0.650656 0.079402
vt 0.699493 0.043920
vt 0.708866 0.079276
vt 0.022553 0.502611
vt 0.071430 0.499007
vt 0.031480 0.043767
vt 0.068079 0.073937
vt 0.991266 0.552356
vt 0.992408 0.568689
vt 0.970297 0.551152
vt 0.895196 0.877608
vt 0.935918 0.870427
vt 0.893311 0.885912
vt 0.970801 0.434231
vt 0.963336 0.396033
vt 0.983754 0.396033
vt 0.420808 0.178619
vt 0.451302 0.199970
vt 0.412774 0.200244
vt 0.938532 0.878836
vt 0.983163 0.791428
vt 0.983163 0.782913
vt 0.994958 0.784809
vt 0.993129 0.225993
vt 0.980219 0.232013
vt 0.995420 0.201640
vt 0.983954 0.437383
vt 0.035142 0.767554
vt 0.010681 0.767554
vt 0.035564 0.759049
vt 0.865827 0.882778
vt 0.871757 0.870611
vt 0.000219 0.185987
vt 0.015197 0.185987
vt 0.012455 0.210333
vt 0.980214 0.200111
vt 0.149814 0.139948
vt 0.146897 0.121533
vt 0.176158 0.147197
vt 0.930172 0.891895
vt 0.901835 0.895858
vt 0.944217 0.878970
vt 0.921403 0.040096
vt 0.895079 0.030515
vt 0.940823 0.032097
vt 0.182372 0.157796
vt 0.508470 0.093225
vt 0.468948 0.089767
vt 0.509982 0.080716
vt 0.991474 0.500246
vt 0.979187 0.500246
vt 0.988524 0.492792
vt 0.415820 0.028348
vt 0.441398 0.040275
vt 0.390029 0.039282
vt 0.007189 0.681014
vt 0.003875 0.659311
vt 0.019694 0.656805
vt 0.015983 0.232176
vt 0.023248 0.228788
vt 0.031257 0.231681
vt 0.442280 0.089191
vt 0.454239 0.080173
vt 0.166896 0.155261
vt 0.215609 0.168372
vt 0.003711 0.624804
vt 0.470220 0.095362
vt 0.981024 0.259732
vt 0.995400 0.245356
vt 0.458869 0.185718
vt 0.823871 0.091311
vt 0.781909 0.089112
vt 0.807143 0.048404
vt 0.965316 0.267774
vt 0.978961 0.281040
vt 0.389222 0.039687
vt 0.338774 0.039687
vt 0.353645 0.029433
vt 0.034578 0.647484
vt 0.499708 0.164319
vt 0.839176 0.106686
vt 0.824819 0.045477
vt 0.093334 0.055019
vt 0.022553 0.486449
vt 0.031480 0.084528
vt 0.994948 0.283237
vt 0.433146 0.159278
vt 0.785071 0.889599
vt 0.748897 0.885578
vt 0.783560 0.864181
vt 0.677824 0.850794
vt 0.704348 0.884627
vt 0.670737 0.870912
vt 0.750973 0.866245
vt 0.719012 0.861638
vt 0.775838 0.847966
vt 0.791056 0.858459
vt 0.742699 0.847090
vt 0.649894 0.811067
vt 0.669480 0.841168
vt 0.628138 0.819239
vt 0.688112 0.836919
vt 0.746643 0.823121
vt 0.685466 0.805868
vt 0.710422 0.808452
vt 0.672463 0.796815
vt 0.786445 0.816755
vt 0.768543 0.806218
vt 0.694546 0.788550
vt 0.719552 0.785719
vt 0.679392 0.783377
vt 0.753350 0.777571
vt 0.705673 0.790125
vt 0.682256 0.769832
vt 0.763562 0.749667
vt 0.748555 0.727009
vt 0.492032 0.040916
vt 0.511559 0.042625
vt 0.464075 0.042039
vt 0.038135 0.094849
vt 0.013580 0.094849
vt 0.023399 0.091128
vt 0.701569 0.780751
vt 0.975452 0.013187
vt 0.947472 0.013186
vt 0.954587 0.000240
vt 0.695885 0.778592
vt 0.617497 0.593681
vt 0.611520 0.602251
vt 0.601827 0.594200
vt 0.626789 0.606114
vt 0.612465 0.614484
vt 0.516734 0.012246
vt 0.531544 0.009634
vt 0.548407 0.011078
vt 0.625602 0.590886
vt 0.994031 0.590343
vt 0.984142 0.603954
vt 0.992069 0.580034
vt 0.982100 0.595410
vt 0.974491 0.279118
vt 0.967914 0.300628
vt 0.622547 0.624797
vt 0.675786 0.636732
vt 0.636867 0.671358
vt 0.667738 0.599994
vt 0.662556 0.680914
vt 0.659848 0.543434
vt 0.602357 0.550281
vt 0.661521 0.575648
vt 0.695600 0.668385
vt 0.689305 0.584830
vt 0.666574 0.701519
vt 0.690355 0.626638
vt 0.698253 0.693004
vt 0.715926 0.612849
vt 0.707027 0.579570
vt 0.714903 0.664119
vt 0.700157 0.559633
vt 0.677271 0.522250
vt 0.713648 0.541419
vt 0.954898 0.263270
vt 0.197041 0.247945
vt 0.200375 0.265124
vt 0.178699 0.251062
vt 0.936754 0.869111
vt 0.911083 0.869111
vt 0.924666 0.866344
vt 0.670186 0.027238
vt 0.684701 0.017009
vt 0.689478 0.030132
vt 0.982785 0.140322
vt 0.992849 0.152316
vt 0.982811 0.165993
vt 0.959667 0.652681
vt 0.958934 0.574072
vt 0.967447 0.623646
vt 0.204449 0.271704
vt 0.212099 0.266995
vt 0.208574 0.293960
vt 0.982111 0.926732
vt 0.982111 0.900717
vt 0.994020 0.910882
vt 0.287238 0.270939
vt 0.243089 0.324127
vt 0.217940 0.288692
vt 0.672533 0.014622
vt 0.213893 0.248681
vt 0.654161 0.022071
vt 0.072938 0.498125
vt 0.024029 0.485127
vt 0.041660 0.469962
vt 0.967968 0.604145
vt 0.651149 0.029926
vt 0.422685 0.004607
vt 0.435309 0.005268
vt 0.452999 0.012797
vt 0.991306 0.948695
vt 0.982894 0.948695
vt 0.996911 0.927515
vt 0.237491 0.232419
vt 0.032128 0.460405
vt 0.213299 0.232518
vt 0.334910 0.000604
vt 0.315053 0.009863
vt 0.305071 0.000082
vt 0.982203 0.927486
vt 0.053637 0.439717
vt 0.055756 0.452554
vt 0.994455 0.071553
vt 0.982433 0.075460
vt 0.979190 0.056813
vt 0.260239 0.228832
vt 0.246365 0.022196
vt 0.234313 0.020071
vt 0.277870 0.020345
vt 0.065175 0.290201
vt 0.050220 0.277149
vt 0.068343 0.278380
vt 0.398737 0.023365
vt 0.380098 0.020078
vt 0.431439 0.019400
vt 0.059444 0.321236
vt 0.049400 0.339460
vt 0.394714 0.036052
vt 0.359246 0.029798
vt 0.410520 0.027101
vt 0.032319 0.282389
vt 0.029572 0.313659
vt 0.070378 0.338960
vt 0.815178 0.783021
vt 0.762935 0.753965
vt 0.811262 0.753919
vt 0.761418 0.790775
vt 0.788425 0.814904
vt 0.807870 0.822139
vt 0.673154 0.765522
vt 0.614517 0.772771
vt 0.711435 0.777988
vt 0.657171 0.737518
vt 0.721971 0.778129
vt 0.646870 0.737144
vt 0.977967 0.588920
vt 0.983081 0.604035
vt 0.968248 0.644790
vt 0.515802 0.091248
vt 0.528600 0.085281
vt 0.583154 0.088048
vt 0.969054 0.598033
vt 0.978746 0.054330
vt 0.997385 0.054330
vt 0.996129 0.070981
vt 0.815409 0.841625
vt 0.779778 0.019115
vt 0.820918 0.019115
vt 0.808074 0.026136
vt 0.803906 0.854236
vt 0.966197 0.582957
vt 0.633249 0.725114
vt 0.646850 0.726808
vt 0.495839 0.020441
vt 0.548915 0.020441
vt 0.534753 0.027794
vt 0.594890 0.754737
vt 0.982100 0.079650
vt 0.996021 0.084173
vt 0.983885 0.094890
vt 0.983951 0.968642
vt 0.946929 0.930610
vt 0.981052 0.952197
vt 0.437379 0.013312
vt 0.406480 0.013312
vt 0.411501 0.000114
vt 0.890842 0.866280
vt 0.917711 0.866280
vt 0.906771 0.869175
vt 0.954560 0.866777
vt 0.941567 0.869068
vt 0.930571 0.866387
vt 0.056280 0.014466
vt 0.095883 0.014466
vt 0.072208 0.018353
vt 0.377732 0.001436
vt 0.404565 0.000030
vt 0.375644 0.010910
vt 0.627640 0.645029
vt 0.569930 0.767421
vt 0.981627 0.894113
vt 0.566443 0.789084
vt 0.983204 0.835427
vt 0.992430 0.838425
vt 0.983810 0.848810
vt 0.589411 0.747763
vt 0.640056 0.786791
vt 0.795983 0.838549
vt 0.593820 0.775610
vt 0.056883 0.930543
vt 0.035215 0.933489
vt 0.032782 0.905674
vt 0.051113 0.951890
vt 0.031496 0.974485
vt 0.000132 0.000214
vt 0.028709 0.014205
vt 0.000132 0.027135
vt 0.021837 0.005736
vt 0.082378 0.943684
vt 0.036995 0.043625
vt 0.055205 0.014483
vt 0.063995 0.048172
vt 0.016562 0.034531
vt 0.975862 0.186541
vt 0.996788 0.186541
vt 0.977172 0.197347
vt 0.610284 0.024701
vt 0.640094 0.022093
vt 0.611884 0.041842
vt 0.664703 0.043049
vt 0.634859 0.039378
vt 0.856447 0.561010
vt 0.858619 0.657787
vt 0.851226 0.590622
vt 0.010122 0.528059
vt 0.003154 0.530057
vt 0.841530 0.611596
vt 0.034141 0.510346
vt 0.751764 0.002175
vt 0.725318 0.009262
vt 0.716659 0.002630
vt 0.562866 0.044787
vt 0.573077 0.071387
vt 0.550019 0.044912
vt 0.978701 0.004873
vt 0.960890 0.000100
vt 0.984411 0.000406
vt 0.586231 0.089475
vt 0.671173 0.929697
vt 0.658341 0.869329
vt 0.749194 0.902741
vt 0.315973 0.173409
vt 0.293369 0.166900
vt 0.319192 0.111524
vt 0.174782 0.043835
vt 0.177760 0.096276
vt 0.241430 0.044743
vt 0.203173 0.098343
vt 0.728832 0.951159
vt 0.238254 0.167157
vt 0.640408 0.920315
vt 0.104078 0.071791
vt 0.156072 0.067242
vt 0.165937 0.075473
vt 0.241926 0.096933
vt 0.233767 0.111584
vt 0.183193 0.101144
vt 0.306457 0.728141
vt 0.309349 0.666686
vt 0.316616 0.666050
vt 0.601875 0.909032
vt 0.745697 0.028191
vt 0.726278 0.033661
vt 0.724495 0.027006
vt 0.313352 0.736690
vt 0.690902 0.029050
vt 0.238720 0.101366
vt 0.307563 0.760286
vt 0.357861 0.666609
vt 0.336626 0.666609
vt 0.359898 0.595923
vt 0.316596 0.685813
vt 0.322067 0.685882
vt 0.322067 0.771306
vt 0.309605 0.800385
vt 0.312443 0.817916
vt 0.335491 0.531800
vt 0.303045 0.664370
vt 0.302471 0.532203
vt 0.361378 0.532135
vt 0.009822 0.510222
vt 0.191005 0.045254
vt 0.599058 0.000213
vt 0.592046 0.004262
vt 0.565537 0.001012
vt 0.563590 0.478940
vt 0.667233 0.481292
vt 0.601971 0.517322
vt 0.525060 0.673684
vt 0.500761 0.704406
vt 0.670228 0.494996
vt 0.452686 0.707190
vt 0.431289 0.664366
vt 0.655213 0.517026
vt 0.490130 0.716073
vt 0.556271 0.540443
vt 0.499010 0.721216
vt 0.600730 0.540740
vt 0.225369 0.026904
vt 0.274880 0.026904
vt 0.248677 0.037741
vt 0.484256 0.731085
vt 0.628743 0.546083
vt 0.525555 0.725775
vt 0.429105 0.708286
vt 0.429303 0.701633
vt 0.451382 0.718883
vt 0.433272 0.751961
vt 0.425437 0.778088
vt 0.421735 0.763822
vt 0.538623 0.553382
vt 0.481321 0.764580
vt 0.491977 0.812390
vt 0.430278 0.725413
vt 0.672911 0.444850
vt 0.628143 0.459251
vt 0.590579 0.455965
vt 0.664355 0.431247
vt 0.589952 0.428473
vt 0.682280 0.410454
vt 0.638677 0.393559
vt 0.707910 0.397999
vt 0.590330 0.395839
vt 0.056800 0.870933
vt 0.061357 0.853927
vt 0.062046 0.923299
vt 0.078870 0.265866
vt 0.028239 0.282317
vt 0.016605 0.235336
vt 0.469898 0.653050
vt 0.614240 0.169557
vt 0.582874 0.158141
vt 0.671726 0.161939
vt 0.863568 0.169869
vt 0.842256 0.144180
vt 0.858881 0.140275
vt 0.832514 0.129595
vt 0.799286 0.123333
vt 0.849392 0.119042
vt 0.265815 0.643370
vt 0.250682 0.638370
vt 0.257017 0.614728
vt 0.927549 0.030605
vt 0.910506 0.001085
vt 0.948768 0.000193
vt 0.942813 0.031134
vt 0.269891 0.666267
vt 0.234900 0.640665
vt 0.232355 0.693329
vt 0.216041 0.626755
vt 0.224912 0.603718
vt 0.067411 0.877141
vt 0.075410 0.879396
vt 0.067835 0.922358
vt 0.075880 0.864916
vt 0.994805 0.957623
vt 0.983772 0.961208
vt 0.982321 0.950776
vt 0.978340 0.752752
vt 0.985849 0.747494
vt 0.992819 0.753252
vt 0.988446 0.819609
vt 0.982893 0.834864
vt 0.981718 0.813570
vt 0.062857 0.852878
vt 0.204005 0.645270
vt 0.795110 0.000580
vt 0.775070 0.007874
vt 0.758346 0.000987
vt 0.203505 0.697295
vt 0.214988 0.725969
vt 0.086255 0.956029
vt 0.088782 0.927148
vt 0.087694 0.994781
vt 0.037925 0.634359
vt 0.082540 0.633580
vt 0.032328 0.670249
vt 0.044380 0.180197
vt 0.050167 0.114052
vt 0.753429 0.002095
vt 0.787975 0.013320
vt 0.751557 0.011337
vt 0.385131 0.291936
vt 0.398655 0.327614
vt 0.391081 0.333852
vt 0.399195 0.288155
vt 0.393120 0.266254
vt 0.395834 0.276081
vt 0.333144 0.278739
vt 0.580478 0.149208
vt 0.544149 0.152429
vt 0.509447 0.092323
vt 0.326449 0.296478
vt 0.534507 0.068383
vt 0.478377 0.075838
vt 0.481119 0.044500
vt 0.588017 0.090237
vt 0.334374 0.353025
vt 0.536044 0.046653
vt 0.823094 0.021899
vt 0.851077 0.026833
vt 0.810285 0.026159
vt 0.018567 0.797104
vt 0.003068 0.797375
vt 0.036216 0.772988
vt 0.069446 0.552089
vt 0.075450 0.531148
vt 0.074108 0.562982
vt 0.056258 0.567872
vt 0.034943 0.584452
vt 0.062592 0.587698
vt 0.300851 0.281955
vt 0.073984 0.579868
vt 0.295170 0.297557
vt 0.103480 0.114501
vt 0.091996 0.139128
vt 0.077773 0.110617
vt 0.293495 0.265573
vt 0.103402 0.151581
vt 0.311084 0.314738
vt 0.124823 0.132172
vt 0.109765 0.169841
vt 0.969222 0.553512
vt 0.980991 0.594176
vt 0.917794 0.024209
vt 0.877830 0.024209
vt 0.893731 0.019551
vt 0.156936 0.111350
vt 0.054079 0.184804
vt 0.995472 0.572584
vt 0.312527 0.425706
vt 0.226460 0.459490
vt 0.225481 0.425706
vt 0.420094 0.141766
vt 0.395536 0.147887
vt 0.333263 0.147887
vt 0.282806 0.478322
vt 0.226335 0.476522
vt 0.348860 0.471284
vt 0.201289 0.624199
vt 0.190556 0.713674
vt 0.191542 0.625052
vt 0.195287 0.742783
vt 0.123486 0.406098
vt 0.074538 0.346165
vt 0.124234 0.317473
vt 0.374919 0.197866
vt 0.073677 0.424447
vt 0.412401 0.197476
vt 0.924536 0.569126
vt 0.938219 0.528172
vt 0.934563 0.565477
vt 0.542633 0.306102
vt 0.612000 0.329289
vt 0.542633 0.332980
vt 0.571045 0.303491
vt 0.638965 0.356877
vt 0.926437 0.481595
vt 0.632026 0.313804
vt 0.799174 0.455102
vt 0.818567 0.454085
vt 0.750520 0.507928
vt 0.649311 0.305261
vt 0.828575 0.481675
vt 0.839851 0.505212
vt 0.828515 0.440010
vt 0.961530 0.448752
vt 0.965154 0.490165
vt 0.960257 0.532850
vt 0.834465 0.513154
vt 0.827916 0.439605
vt 0.949728 0.111266
vt 0.912802 0.127084
vt 0.897248 0.114033
vt 0.899907 0.127915
vt 0.852166 0.509245
vt 0.517653 0.432286
vt 0.525452 0.423834
vt 0.336919 0.020953
vt 0.324437 0.024298
vt 0.290133 0.022109
vt 0.868487 0.148601
vt 0.864792 0.110443
vt 0.561390 0.436271
vt 0.450175 0.450400
vt 0.946547 0.131785
vt 0.908746 0.171953
vt 0.884861 0.174489
vt 0.582147 0.465536
vt 0.488301 0.498095
vt 0.735876 0.043066
vt 0.680335 0.043066
vt 0.199106 0.680656
vt 0.551438 0.354781
vt 0.484107 0.428167
vt 0.735469 0.033016
vt 0.506829 0.284324
vt 0.437144 0.265652
vt 0.539981 0.266890
vt 0.838797 0.141733
vt 0.844120 0.161599
vt 0.758565 0.158296
vt 0.138680 0.028548
vt 0.138680 0.039080
vt 0.090559 0.037588
vt 0.575950 0.360715
vt 0.498395 0.345161
vt 0.526380 0.390736
vt 0.505490 0.392780
vt 0.815629 0.594957
vt 0.823378 0.551014
vt 0.824351 0.645793
vt 0.795434 0.311517
vt 0.795434 0.418468
vt 0.742109 0.341523
vt 0.798438 0.401794
vt 0.798438 0.322243
vt 0.837758 0.403547
vt 0.817197 0.647892
vt 0.832586 0.308903
vt 0.795758 0.308537
vt 0.813886 0.295801
vt 0.904796 0.295051
vt 0.893134 0.302734
vt 0.905653 0.631622
vt 0.944173 0.710369
vt 0.905653 0.718453
vt 0.940608 0.631927
vt 0.811203 0.217324
vt 0.429088 0.260347
vt 0.500564 0.202276
vt 0.498987 0.209563
vt 0.864250 0.394809
vt 0.864250 0.300865
vt 0.874686 0.308607
vt 0.632763 0.158144
vt 0.723279 0.158144
vt 0.718923 0.164581
vt 0.902479 0.758229
vt 0.902464 0.795058
vt 0.823712 0.795058
vt 0.894885 0.303351
vt 0.894885 0.397296
vt 0.880848 0.304737
vt 0.904859 0.216299
vt 0.388048 0.200617
vt 0.812091 0.753425
vt 0.977136 0.725966
vt 0.977171 0.691010
vt 0.989968 0.688753
vt 0.890003 0.209290
vt 0.991536 0.723258
vt 0.822865 0.208454
vt 0.896005 0.990703
vt 0.897355 0.998357
vt 0.823679 0.995263
vt 0.436071 0.107710
vt 0.385100 0.103251
vt 0.462736 0.102633
vt 0.899469 0.029625
vt 0.859357 0.029625
vt 0.886118 0.025074
vt 0.730966 0.157580
vt 0.663948 0.153482
vt 0.663948 0.118941
vt 0.741550 0.116570
vt 0.747290 0.159412
vt 0.611998 0.390963
vt 0.183443 0.112139
vt 0.176732 0.108334
vt 0.177673 0.097574
vt 0.873606 0.911073
vt 0.872411 0.900168
vt 0.906989 0.900168
vt 0.144836 0.095552
vt 0.906092 0.913345
vt 0.306401 0.057335
vt 0.309728 0.076206
vt 0.244896 0.045972
vt 0.107457 0.113299
vt 0.071481 0.192398
vt 0.055321 0.183684
vt 0.060773 0.121377
vt 0.327411 0.057798
vt 0.375345 0.061991
vt 0.308395 0.064530
vt 0.072788 0.775723
vt 0.074543 0.727638
vt 0.069239 0.157892
vt 0.944474 0.900182
vt 0.061801 0.723728
vt 0.242733 0.076852
vt 0.949567 0.914948
vt 0.940149 0.956123
vt 0.064584 0.709608
vt 0.038495 0.095619
vt 0.040215 0.099308
vt 0.023435 0.098120
vt 0.374635 0.004709
vt 0.375342 0.008717
vt 0.345195 0.007045
vt 0.948306 0.954849
vt 0.960197 0.991447
vt 0.950941 0.985692
vt 0.849308 0.042677
vt 0.842807 0.031416
vt 0.860199 0.042246
vt 0.030687 0.999379
vt 0.010089 0.999379
vt 0.015055 0.993162
vt 0.030679 0.461939
vt 0.001146 0.461939
vt 0.004077 0.434133
vt 0.981268 0.521431
vt 0.995742 0.503411
vt 0.810612 0.039947
vt 0.991416 0.328350
vt 0.964824 0.336990
vt 0.973315 0.294039
vt 0.981678 0.500946
vt 0.051763 0.750418
vt 0.996356 0.517388
vt 0.144490 0.993300
vt 0.085247 0.888659
vt 0.144490 0.885865
vt 0.148630 0.496685
vt 0.134934 0.389441
vt 0.098699 0.991899
vt 0.431666 0.259881
vt 0.525072 0.213895
vt 0.518914 0.236503
vt 0.524724 0.265966
vt 0.229996 0.172639
vt 0.141461 0.178181
vt 0.924269 0.864219
vt 0.963597 0.802116
vt 0.925308 0.802147
vt 0.853894 0.907020
vt 0.880139 0.962957
vt 0.870884 0.909042
vt 0.900508 0.824058
vt 0.906180 0.804892
vt 0.903339 0.858503
vt 0.003494 0.423178
vt 0.024353 0.400809
vt 0.013514 0.441061
vt 0.886229 0.803749
vt 0.671464 0.463748
vt 0.676061 0.427979
vt 0.757335 0.425658
vt 0.738014 0.450149
vt 0.368213 0.001811
vt 0.348230 0.001811
vt 0.378772 0.000178
vt 0.794935 0.446299
vt 0.761009 0.494310
vt 0.758500 0.462314
vt 0.707969 0.520101
vt 0.673784 0.519568
vt 0.712484 0.493260
vt 0.006091 0.180381
vt 0.006091 0.139839
vt 0.034475 0.182388
vt 0.732565 0.493505
vt 0.035680 0.169203
vt 0.728467 0.506095
vt 0.671003 0.491179
vt 0.127352 0.496685
vt 0.221011 0.197326
vt 0.961581 0.857640
vt 0.826972 0.990047
vt 0.730556 0.423211
vt 0.981763 0.522153
vt 0.993374 0.530589
vt 0.983121 0.535033
vt 0.646482 0.001559
vt 0.681216 0.001559
vt 0.679548 0.007392
vt 0.983059 0.544443
vt 0.968707 0.544443
vt 0.976077 0.481912
vt 0.009161 0.302848
vt 0.029626 0.302848
vt 0.011556 0.345585
vt 0.024244 0.330233
vt 0.042173 0.529768
vt 0.081481 0.516070
vt 0.052567 0.438320
vt 0.015559 0.438966
vt 0.041716 0.406793
vt 0.272540 0.368647
vt 0.276835 0.418622
vt 0.218034 0.321031
vt 0.258679 0.340628
vt 0.217049 0.335573
vt 0.836986 0.013246
vt 0.861286 0.011120
vt 0.874103 0.012981
vt 0.013282 0.031678
vt 0.010656 0.023596
vt 0.037308 0.021308
vt 0.030313 0.459898
vt 0.052497 0.014568
vt 0.245933 0.325333
vt 0.283526 0.333894
vt 0.332429 0.345876
vt 0.026516 0.397387
vt 0.038114 0.549267
vt 0.056905 0.553115
vt 0.979869 0.971606
vt 0.974937 0.980148
vt 0.971146 0.957463
vt 0.260946 0.304899
vt 0.281624 0.314243
vt 0.288381 0.324785
vt 0.973687 0.995794
vt 0.970405 0.991215
vt 0.049228 0.571623
vt 0.995449 0.456343
vt 0.984440 0.451670
vt 0.998271 0.479708
vt 0.036371 0.502470
vt 0.259136 0.363173
vt 0.978357 0.471660
vt 0.471591 0.652538
vt 0.479002 0.633359
vt 0.499921 0.653928
vt 0.513941 0.627326
vt 0.512158 0.650540
vt 0.531809 0.676207
vt 0.886957 0.852249
vt 0.861818 0.879950
vt 0.844247 0.853900
vt 0.480009 0.589631
vt 0.818751 0.838483
vt 0.500777 0.587667
vt 0.812810 0.877333
vt 0.537858 0.540420
vt 0.491680 0.545531
vt 0.308795 0.044450
vt 0.279113 0.047047
vt 0.242174 0.044623
vt 0.475453 0.548514
vt 0.810706 0.826635
vt 0.812752 0.800806
vt 0.903809 0.959819
vt 0.865947 0.991538
vt 0.820209 0.993935
vt 0.310303 0.075878
vt 0.335023 0.064351
vt 0.376918 0.074992
vt 0.020179 0.500253
vt 0.001001 0.509196
vt 0.001503 0.469897
vt 0.817145 0.001061
vt 0.854163 0.001061
vt 0.834026 0.013857
vt 0.023769 0.467930
vt 0.024857 0.508822
vt 0.903806 0.984643
vt 0.536634 0.522700
vt 0.075868 0.643259
vt 0.106029 0.630539
vt 0.092960 0.649480
vt 0.408589 0.397707
vt 0.363145 0.429401
vt 0.376353 0.392023
vt 0.119347 0.652325
vt 0.366092 0.467306
vt 0.097315 0.666945
vt 0.451327 0.431632
vt 0.421047 0.388388
vt 0.453389 0.403521
vt 0.738568 0.007582
vt 0.754286 0.013303
vt 0.718613 0.011736
vt 0.120470 0.630740
vt 0.621753 0.011745
vt 0.644403 0.001183
vt 0.656218 0.011304
vt 0.081811 0.677211
vt 0.883928 0.043473
vt 0.887540 0.089755
vt 0.867158 0.089755
vt 0.482932 0.390239
vt 0.483201 0.427723
vt 0.430511 0.470886
vt 0.897648 0.073877
vt 0.904258 0.090291
vt 0.830769 0.012705
vt 0.793796 0.012705
vt 0.818537 0.009175
vt 0.142168 0.666745
vt 0.931389 0.892841
vt 0.948777 0.878251
vt 0.977612 0.893007
vt 0.862918 0.053026
vt 0.921767 0.047512
vt 0.084109 0.680035
vt 0.530955 0.000042
vt 0.530955 0.008412
vt 0.498384 0.007237
vt 0.608822 0.000586
vt 0.642794 0.000586
vt 0.615623 0.011348
vt 0.304248 0.000045
vt 0.297835 0.005425
vt 0.275066 0.001651
vt 0.092310 0.702251
vt 0.002619 0.305749
vt 0.002619 0.267101
vt 0.030698 0.289200
vt 0.073645 0.712357
vt 0.139528 0.715406
vt 0.113828 0.742410
vt 0.047877 0.405207
vt 0.041404 0.368495
vt 0.070284 0.399615
vt 0.043524 0.340691
vt 0.073464 0.341249
vt 0.603573 0.284760
vt 0.501350 0.286719
vt 0.749887 0.998934
vt 0.793624 0.881226
vt 0.125316 0.840312
vt 0.125316 0.731542
vt 0.533973 0.278671
vt 0.791996 0.989983
vt 0.132765 0.738343
vt 0.349053 0.933785
vt 0.341510 0.960885
vt 0.314159 0.923665
vt 0.495270 0.008793
vt 0.471544 0.000158
vt 0.503593 0.000202
vt 0.307664 0.867854
vt 0.286101 0.879311
vt 0.306234 0.975170
vt 0.285208 0.934656
vt 0.271044 0.867747
vt 0.279526 0.959345
vt 0.948226 0.182545
vt 0.971089 0.200407
vt 0.926972 0.258032
vt 0.972350 0.494972
vt 0.970149 0.520125
vt 0.969732 0.447553
vt 0.245258 0.967143
vt 0.236725 0.874883
vt 0.981536 0.449959
vt 0.295900 0.998489
vt 0.809545 0.899335
vt 0.793383 0.992010
vt 0.794242 0.903435
vt 0.239661 0.990261
vt 0.819276 0.988935
vt 0.857040 0.896105
vt 0.089192 0.244370
vt 0.096615 0.204945
vt 0.174121 0.230128
vt 0.769896 0.510287
vt 0.690744 0.526121
vt 0.742804 0.512182
vt 0.160536 0.267955
vt 0.098258 0.252396
vt 0.776759 0.518807
vt 0.174855 0.265170
vt 0.943572 0.717389
vt 0.943572 0.798883
vt 0.937085 0.712802
vt 0.784901 0.514561
vt 0.970996 0.446837
vt 0.930727 0.449486
vt 0.930727 0.368005
vt 0.891759 0.439947
vt 0.898629 0.364537
vt 0.781416 0.006768
vt 0.815933 0.000681
vt 0.818286 0.008270
vt 0.796575 0.599111
vt 0.736204 0.159795
vt 0.723133 0.233927
vt 0.724200 0.158212
vt 0.956751 0.364541
vt 0.800332 0.162641
vt 0.586117 0.120134
vt 0.659962 0.119045
vt 0.663178 0.155806
vt 0.814908 0.162045
vt 0.808532 0.235622
vt 0.580481 0.157434
vt 0.120899 0.491526
vt 0.108424 0.508033
vt 0.073697 0.512201
vt 0.899803 0.178396
vt 0.812778 0.206672
vt 0.816179 0.161304
vt 0.118601 0.521116
vt 0.126563 0.513064
vt 0.074554 0.425524
vt 0.430643 0.096044
vt 0.508691 0.096044
vt 0.466230 0.101868
vt 0.111525 0.415234
vt 0.148580 0.519688
vt 0.388973 0.383390
vt 0.498148 0.348817
vt 0.472720 0.386315
vt 0.959861 0.299770
vt 0.953411 0.263192
vt 0.967162 0.304141
vt 0.492265 0.391611
vt 0.382708 0.363716
vt 0.355547 0.346744
vt 0.424057 0.346647
vt 0.031657 0.879781
vt 0.031657 0.924794
vt 0.009119 0.902334
vt 0.950790 0.345461
vt 0.372536 0.387814
vt 0.413776 0.059488
vt 0.434624 0.051900
vt 0.477821 0.058355
vt 0.293767 0.020570
vt 0.279142 0.023148
vt 0.247258 0.023190
vt 0.477372 0.350122
vt 0.982491 0.758158
vt 0.982491 0.791057
vt 0.947983 0.756278
vt 0.949374 0.727635
vt 0.945903 0.799964
vt 0.189845 0.592925
vt 0.189845 0.709412
vt 0.148295 0.693219
vt 0.342461 0.396968
vt 0.351484 0.423172
vt 0.278633 0.400768
vt 0.347212 0.365314
vt 0.374275 0.391498
vt 0.543216 0.799789
vt 0.572471 0.865637
vt 0.510604 0.834109
vt 0.497507 0.857564
vt 0.620751 0.265563
vt 0.722361 0.265563
vt 0.655168 0.310767
vt 0.316884 0.998893
vt 0.352069 0.973826
vt 0.359839 0.984520
vt 0.314148 0.358126
vt 0.311207 0.387912
vt 0.557068 0.889420
vt 0.577896 0.817826
vt 0.362281 0.458384
vt 0.299534 0.995353
vt 0.359277 0.948397
vt 0.150716 0.911396
vt 0.150716 0.794223
vt 0.167036 0.901549
vt 0.347177 0.467547
vt 0.464115 0.474981
vt 0.442001 0.503947
vt 0.283606 0.366633
vt 0.605267 0.823634
vt 0.632850 0.885845
vt 0.588893 0.889171
vt 0.483255 0.493881
vt 0.443205 0.538420
vt 0.095415 0.203731
vt 0.031388 0.241093
vt 0.036019 0.178519
vt 0.084935 0.259571
vt 0.665099 0.840104
vt 0.055810 0.927200
vt 0.032459 0.893851
vt 0.056054 0.857982
vt 0.564782 0.656443
vt 0.518711 0.722404
vt 0.540361 0.667946
vt 0.604127 0.619548
vt 0.626988 0.675201
vt 0.533872 0.637189
vt 0.033013 0.872669
vt 0.035629 0.803419
vt 0.076385 0.842300
vt 0.556739 0.577275
vt 0.525955 0.592357
vt 0.581071 0.084510
vt 0.522360 0.084510
vt 0.551280 0.050248
vt 0.782675 0.120529
vt 0.748890 0.109020
vt 0.783492 0.111190
vt 0.286102 0.090671
vt 0.265221 0.110391
vt 0.251432 0.090699
vt 0.310055 0.110722
vt 0.596974 0.560497
vt 0.069997 0.801125
vt 0.233456 0.109401
vt 0.534415 0.557059
vt 0.824954 0.093549
vt 0.818756 0.120706
vt 0.045993 0.976120
vt 0.037554 0.995393
vt 0.031069 0.977164
vt 0.542548 0.214764
vt 0.459161 0.187669
vt 0.548795 0.162163
vt 0.890951 0.390499
vt 0.890951 0.483692
vt 0.070373 0.947919
vt 0.801082 0.092124
vt 0.873843 0.420395
vt 0.740675 0.079019
vt 0.733089 0.052564
vt 0.780585 0.091905
vt 0.922559 0.064079
vt 0.934591 0.044822
vt 0.976497 0.046501
vt 0.115094 0.052929
vt 0.160746 0.043866
vt 0.981036 0.339146
vt 0.981036 0.374927
vt 0.965756 0.339566
vt 0.713281 0.116763
vt 0.713281 0.057777
vt 0.721826 0.104087
vt 0.744377 0.045340
vt 0.934570 0.099110
vt 0.941270 0.110716
vt 0.871294 0.098135
vt 0.075174 0.720043
vt 0.115279 0.744726
vt 0.109763 0.807768
vt 0.868277 0.109878
vt 0.485286 0.302052
vt 0.400007 0.302694
vt 0.433341 0.265680
vt 0.075251 0.829932
vt 0.006633 0.247296
vt 0.016187 0.239831
vt 0.027181 0.282794
vt 0.505015 0.288997
vt 0.139880 0.820477
vt 0.133311 0.745392
vt 0.141677 0.710602
vt 0.550779 0.020987
vt 0.566305 0.043160
vt 0.512263 0.042969
vt 0.982060 0.184630
vt 0.955711 0.186935
vt 0.981555 0.136680
vt 0.257064 0.998275
vt 0.233464 0.996625
vt 0.281205 0.976297
vt 0.279543 0.962441
vt 0.363417 0.822639
vt 0.329781 0.856274
vt 0.322929 0.802668
vt 0.781871 0.108234
vt 0.739514 0.080727
vt 0.794457 0.097248
vt 0.936930 0.143590
vt 0.984005 0.109932
vt 0.379706 0.837364
vt 0.364353 0.893161
vt 0.964518 0.040680
vt 0.923100 0.040680
vt 0.950611 0.031423
vt 0.323047 0.897141
vt 0.753339 0.102899
vt 0.353348 0.937759
vt 0.723693 0.092454
vt 0.978628 0.499141
vt 0.978628 0.473012
vt 0.993525 0.484781
vt 0.175309 0.072494
vt 0.112324 0.030641
vt 0.084052 0.038217
vt 0.067189 0.029411
vt 0.994479 0.770755
vt 0.983144 0.782091
vt 0.983654 0.756944
vt 0.028778 0.229142
vt 0.011997 0.224012
vt 0.015959 0.189058
vt 0.070926 0.799528
vt 0.018581 0.799528
vt 0.033777 0.778791
vt 0.000567 0.593733
vt 0.016837 0.586489
vt 0.002670 0.607942
vt 0.860756 0.881170
vt 0.884988 0.894653
vt 0.868121 0.896965
vt 0.480117 0.998841
vt 0.434425 0.996447
vt 0.424408 0.980274
vt 0.695061 0.045397
vt 0.647554 0.079913
vt 0.664585 0.058030
vt 0.873280 0.868971
vt 0.886085 0.867850
vt 0.900962 0.869096
vt 0.716865 0.001238
vt 0.703221 0.012686
vt 0.681942 0.002737
vt 0.817874 0.885536
vt 0.016191 0.087833
vt 0.022207 0.071306
vt 0.030582 0.091806
vt 0.426907 0.154596
vt 0.412297 0.114456
vt 0.484840 0.111972
vt 0.564812 0.001756
vt 0.542738 0.009791
vt 0.531657 0.000652
vt 0.454390 0.039757
vt 0.405381 0.023833
vt 0.440056 0.019418
vt 0.494217 0.163015
vt 0.011082 0.049830
vt 0.969978 0.301579
vt 0.961866 0.346610
vt 0.950460 0.349666
vt 0.187784 0.038683
vt 0.139416 0.038683
vt 0.157147 0.025961
vt 0.875956 0.042765
vt 0.844955 0.031481
vt 0.894478 0.030830
vt 0.029502 0.043450
vt 0.009199 0.075730
vt 0.811265 0.879266
vt 0.040640 0.741428
vt 0.055632 0.757286
vt 0.036028 0.754823
vt 0.008692 0.806794
vt 0.033575 0.806794
vt 0.020323 0.811804
vt 0.011298 0.412151
vt 0.000016 0.406402
vt 0.023853 0.399386
vt 0.038016 0.779592
vt 0.878291 0.012798
vt 0.901191 0.002120
vt 0.915841 0.012592
vt 0.802920 0.895382
vt 0.977088 0.871598
vt 0.957118 0.880910
vt 0.937383 0.870955
vt 0.969180 0.385641
vt 0.794276 0.893407
vt 0.074365 0.798602
vt 0.070089 0.778008
vt 0.208958 0.426533
vt 0.255013 0.341458
vt 0.266310 0.421515
vt 0.182219 0.426235
vt 0.184326 0.338261
vt 0.805524 0.301806
vt 0.730526 0.332007
vt 0.723199 0.309455
vt 0.168844 0.395876
vt 0.812356 0.273163
vt 0.803973 0.236367
vt 0.726365 0.259228
vt 0.030281 0.229164
vt 0.015626 0.184063
vt 0.034597 0.184477
vt 0.150118 0.340952
vt 0.149403 0.422626
vt 0.570219 0.438361
vt 0.590506 0.478284
vt 0.494526 0.408753
vt 0.183465 0.520669
vt 0.184942 0.601933
vt 0.161379 0.581348
vt 0.153161 0.633484
vt 0.160293 0.527704
vt 0.781139 0.090406
vt 0.746956 0.043358
vt 0.776595 0.063522
vt 0.126041 0.544682
vt 0.110777 0.520949
vt 0.107030 0.321629
vt 0.089628 0.266139
vt 0.165192 0.268777
vt 0.204256 0.291521
vt 0.108107 0.628583
vt 0.073636 0.629226
vt 0.076452 0.527484
vt 0.964419 0.354468
vt 0.978537 0.373550
vt 0.971310 0.380290
vt 0.964278 0.339253
vt 0.587287 0.403367
vt 0.788570 0.419501
vt 0.716857 0.406821
vt 0.724128 0.396046
vt 0.205420 0.918732
vt 0.176812 0.877631
vt 0.213621 0.890593
vt 0.205714 0.873698
vt 0.165168 0.909816
vt 0.146758 0.913141
vt 0.175108 0.935980
vt 0.145229 0.981532
vt 0.235345 0.918243
vt 0.240382 0.927322
vt 0.230564 0.936241
vt 0.991450 0.741592
vt 0.977223 0.730233
vt 0.989960 0.724568
vt 0.205032 0.980664
vt 0.333829 0.093787
vt 0.391649 0.093624
vt 0.345434 0.125670
vt 0.702413 0.403568
vt 0.187331 0.991046
vt 0.977299 0.751812
vt 0.726311 0.094571
vt 0.740944 0.110430
vt 0.721048 0.110769
vt 0.598676 0.069482
vt 0.590776 0.114284
vt 0.587301 0.057769
vt 0.315959 0.098366
vt 0.325765 0.125541
vt 0.047589 0.571089
vt 0.006115 0.584565
vt 0.013955 0.539752
vt 0.019169 0.585509
vt 0.019169 0.617873
vt 0.003705 0.609024
vt 0.224768 0.989824
vt 0.243632 0.969158
vt 0.994404 0.432713
vt 0.994404 0.454408
vt 0.973274 0.444636
vt 0.994852 0.660095
vt 0.994852 0.688985
vt 0.006641 0.398663
vt 0.006641 0.353202
vt 0.045074 0.394679
vt 0.034789 0.772297
vt 0.002008 0.796114
vt 0.017087 0.770271
vt 0.675379 0.419966
vt 0.995432 0.999496
vt 0.973737 0.999496
vt 0.982209 0.972657
vt 0.033795 0.997266
vt 0.001014 0.973449
vt 0.028407 0.968920
vt 0.067234 0.953218
vt 0.082460 0.945459
vt 0.064730 0.998847
vt 0.797103 0.125717
vt 0.517404 0.108343
vt 0.438836 0.108343
vt 0.491081 0.099514
vt 0.971831 0.683634
vt 0.081936 0.263764
vt 0.101393 0.308929
vt 0.081936 0.312623
vt 0.767780 0.043729
vt 0.754420 0.019627
vt 0.792061 0.023828
vt 0.964359 0.797103
vt 0.979003 0.793180
vt 0.982931 0.849831
vt 0.804370 0.040256
vt 0.905065 0.982950
vt 0.941476 0.999643
vt 0.902098 0.999774
vt 0.090415 0.335441
vt 0.736654 0.042161
vt 0.067180 0.331691
vt 0.069446 0.274949
vt 0.783048 0.073362
vt 0.226733 0.196776
vt 0.231085 0.172096
vt 0.279853 0.204175
vt 0.946236 0.980770
vt 0.905180 0.914199
vt 0.967519 0.847555
vt 0.860131 0.659893
vt 0.853891 0.692638
vt 0.821141 0.677367
vt 0.061033 0.975527
vt 0.046801 0.977274
vt 0.063530 0.960719
vt 0.833902 0.643061
vt 0.277082 0.173551
vt 0.969047 0.447701
vt 0.969047 0.531911
vt 0.964320 0.464757
vt 0.208958 0.169576
vt 0.293149 0.167779
vt 0.859545 0.711263
vt 0.846813 0.727182
vt 0.820043 0.648843
vt 0.057462 0.987168
vt 0.045371 0.999997
vt 0.824848 0.704172
vt 0.809222 0.654428
vt 0.966133 0.865200
vt 0.796974 0.668690
vt 0.296657 0.185850
vt 0.810889 0.740828
vt 0.771568 0.726131
vt 0.774679 0.710301
vt 0.297755 0.195514
vt 0.779083 0.673025
vt 0.770402 0.677409
vt 0.953452 0.026999
vt 0.965841 0.023750
vt 0.986362 0.053057
vt 0.986379 0.014571
vt 0.032985 0.319799
vt 0.039842 0.343924
vt 0.009491 0.354374
vt 0.992308 0.394289
vt 0.962938 0.394289
vt 0.987215 0.370007
vt 0.848252 0.057283
vt 0.856630 0.080635
vt 0.840952 0.081183
vt 0.032392 0.377366
vt 0.845943 0.107931
vt 0.862370 0.077780
vt 0.856284 0.101961
vt 0.869405 0.548452
vt 0.869405 0.456023
vt 0.886935 0.472231
vt 0.040732 0.372899
vt 0.628632 0.168820
vt 0.649308 0.180757
vt 0.624429 0.178398
vt 0.439832 0.043954
vt 0.411334 0.059477
vt 0.407520 0.051298
vt 0.950450 0.957593
vt 0.946979 0.932900
vt 0.968497 0.958099
vt 0.970475 0.976533
vt 0.862660 0.145492
vt 0.965388 0.998975
vt 0.849252 0.028345
vt 0.805560 0.040053
vt 0.798187 0.026581
vt 0.008185 0.767237
vt 0.011566 0.758870
vt 0.030104 0.759068
vt 0.374688 0.044893
vt 0.487548 0.120732
vt 0.493109 0.113078
vt 0.513167 0.150720
vt 0.840039 0.118252
vt 0.935251 0.620402
vt 0.944491 0.567999
vt 0.582613 0.011742
vt 0.549162 0.011742
vt 0.566729 0.002181
vt 0.523531 0.146553
vt 0.858399 0.619527
vt 0.507289 0.170861
vt 0.495265 0.141801
vt 0.466246 0.000397
vt 0.454402 0.012240
vt 0.434798 0.000191
vt 0.558549 0.179454
vt 0.536426 0.152150
vt 0.490184 0.009939
vt 0.458598 0.009939
vt 0.468545 0.000006
vt 0.946176 0.638863
vt 0.305444 0.056052
vt 0.275610 0.048058
vt 0.341496 0.047379
vt 0.380639 0.010276
vt 0.410013 0.000731
vt 0.398819 0.013192
vt 0.561681 0.157829
vt 0.247059 0.038170
vt 0.197993 0.038170
vt 0.217596 0.029458
vt 0.866673 0.575836
vt 0.729556 0.545803
vt 0.776261 0.521712
vt 0.781154 0.577647
vt 0.668341 0.993800
vt 0.698979 0.973882
vt 0.724306 0.998339
vt 0.722711 0.964791
vt 0.659005 0.963340
vt 0.744225 0.612014
vt 0.702620 0.568838
vt 0.911643 0.483080
vt 0.919703 0.528791
vt 0.910232 0.570625
vt 0.708393 0.080121
vt 0.701927 0.116796
vt 0.635714 0.080946
vt 0.236771 0.597501
vt 0.264004 0.530096
vt 0.289004 0.615508
vt 0.365868 0.190950
vt 0.329102 0.276479
vt 0.298385 0.194487
vt 0.794485 0.625047
vt 0.659600 0.109851
vt 0.760926 0.965424
vt 0.203384 0.700224
vt 0.212330 0.733611
vt 0.206289 0.822402
vt 0.408726 0.232882
vt 0.368886 0.269651
vt 0.864394 0.000243
vt 0.901891 0.000243
vt 0.875454 0.012686
vt 0.763516 0.893257
vt 0.768997 0.655021
vt 0.924750 0.042760
vt 0.878333 0.042760
vt 0.897272 0.032824
vt 0.981822 0.365247
vt 0.981822 0.338880
vt 0.995304 0.348646
vt 0.774610 0.924916
vt 0.302265 0.647428
vt 0.721386 0.661183
vt 0.796522 0.667755
vt 0.770147 0.724435
vt 0.698754 0.694606
vt 0.237044 0.779418
vt 0.245272 0.685370
vt 0.250957 0.815376
vt 0.537303 0.482576
vt 0.584166 0.521899
vt 0.461593 0.521421
vt 0.074336 0.180267
vt 0.074336 0.108644
vt 0.101696 0.161152
vt 0.301982 0.528575
vt 0.405355 0.490950
vt 0.431981 0.534411
vt 0.443080 0.020092
vt 0.495259 0.020092
vt 0.454805 0.038088
vt 0.977119 0.047787
vt 0.948020 0.109349
vt 0.917175 0.067264
vt 0.592609 0.509553
vt 0.968182 0.865654
vt 0.985065 0.849910
vt 0.994523 0.858384
vt 0.973331 0.262440
vt 0.973331 0.186093
vt 0.979429 0.212731
vt 0.891266 0.203234
vt 0.815025 0.207229
vt 0.900043 0.180140
vt 0.236860 0.815282
vt 0.254818 0.737491
vt 0.287875 0.820371
vt 0.264638 0.793184
vt 0.951907 0.724378
vt 0.976487 0.689273
vt 0.976151 0.750807
vt 0.983870 0.103744
vt 0.295944 0.028066
vt 0.346025 0.028066
vt 0.337087 0.040059
vt 0.498993 0.997957
vt 0.552226 0.980661
vt 0.549847 0.994556
vt 0.673561 0.050051
vt 0.628278 0.082950
vt 0.632848 0.043852
vt 0.261367 0.868178
vt 0.286443 0.861529
vt 0.236739 0.842158
vt 0.241367 0.867797
vt 0.352159 0.025323
vt 0.385405 0.022414
vt 0.399208 0.024482
vt 0.595624 0.973591
vt 0.532231 0.982375
vt 0.587193 0.945966
vt 0.869155 0.822873
vt 0.877865 0.808376
vt 0.899114 0.834110
vt 0.547895 0.936789
vt 0.568535 0.895386
vt 0.902798 0.861671
vt 0.505883 0.994499
vt 0.484589 0.973480
vt 0.638582 0.968729
vt 0.507530 0.946278
vt 0.580899 0.879736
vt 0.891063 0.856249
vt 0.852801 0.812561
vt 0.866842 0.799815
vt 0.629697 0.983592
vt 0.844172 0.795714
vt 0.614378 0.989730
vt 0.082155 0.176145
vt 0.121749 0.169164
vt 0.095242 0.202266
vt 0.001006 0.975338
vt 0.033305 0.998805
vt 0.001781 0.986624
vt 0.513063 0.024972
vt 0.465041 0.035867
vt 0.996399 0.180784
vt 0.982716 0.180784
vt 0.983044 0.166804
vt 0.660755 0.988805
vt 0.475993 0.956264
vt 0.828678 0.810480
vt 0.110242 0.198453
vt 0.131857 0.195534
vt 0.151258 0.184839
vt 0.972155 0.290103
vt 0.994031 0.290103
vt 0.992673 0.319046
vt 0.650748 0.998932
vt 0.170455 0.204282
vt 0.958847 0.572913
vt 0.965531 0.496510
vt 0.969547 0.576588
vt 0.981154 0.653916
vt 0.984061 0.667594
vt 0.943835 0.653640
vt 0.929800 0.087197
vt 0.937215 0.097786
vt 0.869349 0.096613
vt 0.947022 0.457568
vt 0.957503 0.448773
vt 0.953497 0.528851
vt 0.785907 0.751274
vt 0.857977 0.725043
vt 0.360021 0.117076
vt 0.411724 0.141185
vt 0.332682 0.143988
vt 0.518052 0.038678
vt 0.873963 0.754818
vt 0.649994 0.355630
vt 0.622322 0.392077
vt 0.625481 0.362199
vt 0.863702 0.628133
vt 0.904809 0.642315
vt 0.859985 0.719953
vt 0.714162 0.395269
vt 0.731731 0.360001
vt 0.718429 0.354606
vt 0.900956 0.716245
vt 0.752962 0.158975
vt 0.761949 0.119991
vt 0.828896 0.134221
vt 0.901485 0.628738
vt 0.744948 0.133124
vt 0.899792 0.176401
vt 0.929309 0.167286
vt 0.909325 0.186624
vt 0.946056 0.181728
vt 0.032909 0.850466
vt 0.005207 0.851304
vt 0.978536 0.667014
vt 0.945767 0.732769
vt 0.339262 0.763333
vt 0.339240 0.696922
vt 0.370441 0.718804
vt 0.015460 0.968150
vt 0.026726 0.935199
vt 0.031023 0.964842
vt 0.033769 0.938435
vt 0.380033 0.685365
vt 0.369011 0.764236
vt 0.394485 0.686484
vt 0.126451 0.143385
vt 0.207711 0.169787
vt 0.134419 0.174865
vt 0.033425 0.923944
vt 0.386263 0.755950
vt 0.365548 0.822229
vt 0.427559 0.683987
vt 0.925476 0.258871
vt 0.033580 0.812048
vt 0.943394 0.655595
vt 0.429035 0.754814
vt 0.316990 0.010429
vt 0.339196 0.000074
vt 0.346859 0.011363
vt 0.015672 0.130056
vt 0.001235 0.112849
vt 0.015066 0.100178
vt 0.103154 0.828704
vt 0.079803 0.833667
vt 0.110736 0.808555
vt 0.042860 0.692016
vt 0.062106 0.716337
vt 0.046983 0.709876
vt 0.441760 0.918083
vt 0.440559 0.883712
vt 0.457821 0.920324
vt 0.293642 0.027436
vt 0.304696 0.036711
vt 0.254727 0.036482
vt 0.983515 0.612377
vt 0.988922 0.627854
vt 0.967790 0.648987
vt 0.043331 0.670984
vt 0.027146 0.699253
vt 0.020937 0.672720
vt 0.994418 0.650179
vt 0.001528 0.850825
vt 0.034275 0.874617
vt 0.008990 0.899051
vt 0.057311 0.116348
vt 0.031968 0.085462
vt 0.035876 0.722850
vt 0.033919 0.718837
vt 0.437900 0.929921
vt 0.389723 0.904948
vt 0.378595 0.946384
vt 0.437591 0.946066
vt 0.399783 0.884238
vt 0.993452 0.235852
vt 0.977209 0.241129
vt 0.977914 0.232764
vt 0.091794 0.076093
vt 0.086511 0.100956
vt 0.077230 0.910988
vt 0.398862 0.950705
vt 0.424615 0.959612
vt 0.374583 0.920300
vt 0.107763 0.097322
vt 0.363288 0.902329
vt 0.369656 0.887221
vt 0.846592 0.019951
vt 0.887371 0.019951
vt 0.855446 0.029775
vt 0.374175 0.953521
vt 0.360180 0.950000
vt 0.068820 0.076954
vt 0.391946 0.813138
vt 0.316572 0.011263
vt 0.287107 0.011263
vt 0.298433 0.008628
vt 0.959876 0.881010
vt 0.993515 0.869912
vt 0.993878 0.888237
vt 0.994376 0.899855
vt 0.603164 0.282288
vt 0.573341 0.254570
vt 0.631010 0.253876
vt 0.571048 0.227308
vt 0.619037 0.204914
vt 0.628796 0.238636
vt 0.587211 0.205772
vt 0.609721 0.201877
vt 0.010771 0.709004
vt 0.007632 0.700145
vt 0.019067 0.681846
vt 0.564423 0.202709
vt 0.561960 0.279877
vt 0.982551 0.007937
vt 0.970584 0.008355
vt 0.956782 0.000099
vt 0.029165 0.708898
vt 0.163216 0.112629
vt 0.053194 0.465123
vt 0.059114 0.452427
vt 0.065098 0.466417
vt 0.392919 0.068972
vt 0.378928 0.076044
vt 0.376135 0.060206
vt 0.554076 0.247437
vt 0.553054 0.201550
vt 0.073393 0.449395
vt 0.230859 0.115264
vt 0.591526 0.736030
vt 0.521866 0.764136
vt 0.442363 0.065300
vt 0.183118 0.156888
vt 0.227024 0.131540
vt 0.522168 0.800332
vt 0.534579 0.230762
vt 0.553495 0.998921
vt 0.558787 0.985311
vt 0.583776 0.976215
vt 0.545810 0.798375
vt 0.046448 0.414439
vt 0.487383 0.839306
vt 0.472124 0.835533
vt 0.175602 0.026581
vt 0.224199 0.026581
vt 0.185421 0.036572
vt 0.514343 0.823774
vt 0.233038 0.140865
vt 0.083154 0.969140
vt 0.083154 0.895107
vt 0.088403 0.920827
vt 0.627509 0.997257
vt 0.176714 0.125514
vt 0.153336 0.115424
vt 0.511971 0.742134
vt 0.501039 0.777344
vt 0.072786 0.399819
vt 0.497979 0.808342
vn 0.40740 0.02920 -0.91280
vn 0.54200 -0.01490 -0.84020
vn 0.56290 -0.05700 -0.82460
vn 0.61360 -0.51550 -0.59800
vn -0.82850 0.55260 -0.09040
vn 0.25460 -0.02540 -0.96670
vn 0.24980 -0.48830 -0.83610
vn 0.60060 -0.50950 -0.61620
vn 0.67450 -0.54180 -0.50150
vn -0.07980 0.07610 -0.99390
vn -0.28930 -0.06440 -0.95510
vn -0.29800 -0.42100 -0.85670
vn -0.57500 -0.41060 -0.70770
vn -0.56290 -0.30050 -0.77000
vn -0.79690 -0.24060 -0.55410
vn -0.48740 -0.04390 -0.87210
vn -0.42850 -0.83190 -0.35250
vn -0.19680 -0.98040 0.01210
vn -0.19680 -0.98040 0.01200
vn -0.25660 -0.96570 0.03900
vn 0.63360 0.77280 -0.03560
vn -0.43810 0.01790 -0.89880
vn -0.07320 -0.99640 -0.04260
vn -0.64550 -0.03220 -0.76310
vn -0.65170 -0.11830 -0.74920
vn -0.46520 -0.52510 -0.71270
vn -0.42470 -0.58840 -0.68810
vn -0.64800 -0.12930 -0.75060
vn -0.66910 -0.05340 -0.74130
vn -0.14250 -0.84270 0.51920
vn -0.00440 -0.91750 0.39760
vn -0.00180 -0.89400 0.44800
vn 0.31930 -0.43830 -0.84020
vn 0.29270 -0.44240 -0.84770
vn 0.38260 -0.35220 -0.85410
vn 0.23620 -0.79410 -0.56010
vn -0.14590 0.54110 -0.82820
vn -0.05600 0.43800 -0.89720
vn -0.10640 0.69500 -0.71110
vn -0.32130 0.62620 0.71030
vn -0.41200 0.51950 0.74850
vn -0.31940 0.63570 0.70270
vn -0.05610 0.33930 -0.93900
vn 0.00560 -0.51150 -0.85920
vn 0.36430 0.11790 -0.92380
vn 0.30360 0.12300 -0.94480
vn 0.07070 0.24860 -0.96600
vn -0.00140 0.55350 -0.83290
vn -0.00420 0.55220 -0.83370
vn -0.85510 -0.12390 -0.50340
vn -0.23920 0.71810 0.65350
vn -0.29900 0.71940 0.62690
vn -0.26220 -0.38840 -0.88340
vn -0.11690 0.23080 -0.96600
vn 0.04320 -0.93500 0.35210
vn -0.10580 0.29330 -0.95020
vn 0.36760 0.62810 0.68580
vn 0.34930 0.67730 0.64750
vn -0.17320 -0.54720 -0.81890
vn -0.18390 -0.55580 -0.81070
vn -0.18380 -0.55570 -0.81080
vn -0.33710 -0.94130 -0.01860
vn -0.08970 0.23890 -0.96690
vn -0.01360 -0.97820 0.20720
vn 0.04150 0.31660 -0.94770
vn -0.36930 -0.35690 -0.85810
vn -0.20550 -0.57250 -0.79370
vn 0.38460 0.57540 0.72180
vn 0.03970 0.28170 -0.95870
vn -0.17230 0.19340 -0.96590
vn -0.41280 -0.31150 -0.85590
vn -0.57530 -0.28530 -0.76650
vn 0.89780 -0.27840 -0.34120
vn 0.96860 -0.19580 -0.15350
vn 0.90980 -0.32710 -0.25540
vn 0.75970 -0.38120 -0.52690
vn -0.07980 -0.95030 0.30080
vn 0.84380 -0.00180 -0.53670
vn 0.69820 -0.26850 -0.66370
vn -0.58650 -0.20760 -0.78290
vn 0.09420 0.92010 -0.38020
vn -0.34630 0.87530 -0.33750
vn -0.34200 0.87930 -0.33150
vn 0.42100 -0.79070 0.44450
vn -0.82600 -0.02610 0.56310
vn 0.67230 -0.25720 -0.69420
vn 0.61940 -0.33740 -0.70890
vn -0.33890 0.88210 -0.32710
vn 0.78540 -0.61410 0.07730
vn 0.80690 -0.58980 0.03200
vn -0.58970 0.55860 0.58330
vn 0.56810 -0.40510 -0.71630
vn 0.17110 0.57590 -0.79940
vn 0.81970 -0.57280 0.00220
vn 0.50210 -0.34310 -0.79380
vn 0.17420 -0.82570 -0.53660
vn 0.01080 0.49570 0.86840
vn 0.00220 0.19190 0.98140
vn -0.12300 0.36510 0.92280
vn -0.12310 0.36510 0.92280
vn 0.72280 0.36850 0.58460
vn 0.04020 0.95760 -0.28530
vn -0.11190 0.81910 -0.56260
vn -0.01730 0.93620 -0.35100
vn -0.85020 -0.50120 -0.16110
vn -0.86880 -0.41360 -0.27230
vn -0.86470 -0.34030 -0.36940
vn -0.84360 -0.34990 -0.40740
vn -0.80320 -0.36850 -0.46810
vn -0.30520 0.71380 -0.63030
vn -0.10560 -0.84250 -0.52820
vn -0.78600 -0.58550 0.19840
vn -0.60440 -0.72960 0.32010
vn -0.79310 -0.60910 0.00430
vn -0.13920 -0.95800 0.25070
vn -0.03250 0.98340 -0.17830
vn -0.12610 0.96380 -0.23500
vn -0.69690 -0.46110 -0.54930
vn -0.47110 -0.79390 0.38450
vn 0.09440 -0.95540 0.27980
vn 0.10890 -0.94740 0.30100
vn 0.16870 -0.94020 0.29580
vn 0.18930 0.97030 -0.15090
vn 0.06710 0.97780 -0.19850
vn 0.10590 0.97160 -0.21150
vn 0.20590 0.84270 -0.49740
vn 0.01660 -0.96730 0.25310
vn -0.71530 -0.65940 0.23150
vn -0.85150 -0.52160 0.05280
vn -0.63290 -0.73320 0.24870
vn -0.66240 -0.54260 -0.51660
vn 0.61380 -0.66520 0.42520
vn -0.09450 0.83420 -0.54340
vn -0.01310 0.83130 -0.55560
vn 0.00900 0.82780 -0.56090
vn -0.01310 0.06640 0.99770
vn -0.94330 -0.17570 -0.28180
vn -0.95630 -0.02480 -0.29140
vn -0.21510 -0.95310 0.21290
vn -0.30600 -0.92570 0.22240
vn 0.04010 0.82400 -0.56520
vn -0.89220 -0.45160 0.00530
vn -0.93080 -0.07890 -0.35690
vn -0.87380 0.00140 -0.48640
vn -0.96110 -0.22890 -0.15450
vn -0.20610 0.97850 0.00110
vn -0.20280 0.97890 -0.02440
vn -0.24190 0.95540 0.16960
vn -0.96160 -0.04800 -0.27010
vn -0.86340 0.26830 -0.42720
vn -0.80840 -0.56230 0.17410
vn 0.04070 0.82200 -0.56800
vn -0.98980 -0.14140 -0.01500
vn -0.27550 0.87910 0.38900
vn -0.28980 0.82870 0.47880
vn -0.15040 0.38840 0.90910
vn -0.09630 0.34190 0.93480
vn -0.92830 -0.02570 -0.37090
vn -0.97220 -0.20490 -0.11300
vn -0.01500 0.85870 0.51220
vn -0.14480 0.95640 0.25350
vn -0.15210 0.84510 0.51260
vn -0.20710 0.94000 -0.27130
vn -0.18050 0.96780 -0.17530
vn -0.06550 0.92060 -0.38500
vn -0.28270 0.91070 0.30120
vn -0.29980 0.95280 -0.04860
vn -0.55020 0.69760 0.45890
vn -0.31950 0.63670 0.70180
vn -0.58990 0.80210 0.09290
vn -0.52330 0.54240 -0.65720
vn -0.45690 0.54310 -0.70450
vn -0.32270 0.54220 -0.77580
vn -0.63010 0.72030 -0.29000
vn -0.78870 0.56990 0.23060
vn -0.75590 0.49800 -0.42490
vn -0.77600 0.62640 -0.07450
vn -0.81010 0.33110 -0.48390
vn -0.68350 0.55510 0.47390
vn -0.84840 0.41320 0.33080
vn -0.94290 0.15160 -0.29650
vn -0.99290 0.11390 0.03430
vn -0.94950 -0.01220 -0.31350
vn -0.99240 0.05510 0.11040
vn -0.85670 0.50700 -0.09470
vn -0.96090 -0.14000 -0.23880
vn -0.98930 -0.13700 -0.04980
vn -0.98940 -0.13660 -0.04900
vn 0.99060 0.04540 0.12920
vn 0.28560 -0.09620 0.95350
vn -0.94120 0.33680 -0.02620
vn -0.97710 0.01890 -0.21180
vn -0.92470 -0.16960 -0.34070
vn 0.98400 0.05870 -0.16840
vn 0.99730 -0.01200 -0.07290
vn 0.97620 -0.17550 -0.12750
vn 0.84930 0.51720 -0.10570
vn 0.99650 0.06980 -0.04550
vn 0.38120 -0.61410 0.69100
vn 0.74540 0.26510 -0.61160
vn 0.57510 -0.27170 -0.77160
vn 0.53580 -0.28640 -0.79430
vn 0.53590 -0.28640 -0.79420
vn 0.49110 -0.30180 -0.81710
vn 0.94400 -0.03220 -0.32840
vn 0.83090 0.55060 0.08010
vn 0.69980 0.71040 0.07530
vn 0.81150 0.56960 0.13040
vn 0.72950 0.63850 -0.24520
vn 0.57470 0.74180 0.34560
vn 0.51460 0.35740 -0.77940
vn 0.70000 0.12620 -0.70290
vn 0.65690 0.45740 -0.59940
vn 0.38130 0.85570 0.34990
vn 0.34420 0.82680 -0.44490
vn 0.42160 0.74110 0.52250
vn 0.26280 0.96480 -0.00820
vn 0.36770 0.80430 0.46670
vn 0.13350 0.97830 -0.15860
vn -0.00240 0.92280 -0.38540
vn 0.18080 0.97200 0.15010
vn 0.06150 0.58270 -0.81040
vn -0.04850 0.56750 -0.82200
vn -0.23160 0.58260 -0.77910
vn -0.12160 0.63560 0.76240
vn -0.10810 0.66010 0.74340
vn 0.00570 0.71720 0.69690
vn 0.09050 0.81090 -0.57820
vn 0.06810 -0.40520 0.91170
vn -0.07670 -0.44010 0.89470
vn -0.01990 -0.37490 0.92680
vn -0.25480 0.95360 0.16040
vn 0.00200 -0.92790 -0.37280
vn 0.01950 -0.96410 -0.26470
vn -0.00050 -0.22630 0.97410
vn -0.28020 -0.01680 0.95980
vn 0.06410 -0.06130 0.99610
vn 0.21800 0.97150 -0.09350
vn -0.23360 -0.20490 0.95050
vn -0.04630 -0.32430 0.94480
vn -0.08190 -0.25890 0.96240
vn 0.08640 -0.50400 0.85940
vn -0.41340 0.43700 0.79880
vn 0.22960 -0.35500 0.90620
vn -0.34530 0.29430 0.89110
vn -0.32230 0.21090 0.92280
vn -0.36990 0.07910 0.92570
vn 0.07530 -0.99020 0.11740
vn 0.16560 -0.17690 0.97020
vn -0.18710 -0.57890 -0.79360
vn -0.64110 -0.44050 0.62850
vn -0.53070 -0.53890 0.65420
vn -0.44850 0.02170 0.89350
vn -0.35150 -0.09390 0.93150
vn -0.53930 0.51290 0.66790
vn -0.14010 0.94520 -0.29480
vn -0.46230 -0.58960 0.66230
vn -0.44450 -0.19610 0.87400
vn -0.44730 -0.33450 0.82950
vn 0.21390 -0.97610 -0.03830
vn -0.52800 -0.08520 0.84490
vn 0.29520 0.16360 0.94130
vn -0.87180 -0.14060 0.46930
vn -0.84710 -0.11150 0.51960
vn -0.69640 -0.31480 0.64490
vn 0.97030 -0.05640 -0.23510
vn -0.90530 -0.04230 0.42260
vn -0.89660 0.14710 0.41770
vn -0.09760 -0.96860 0.22860
vn -0.90120 -0.11200 0.41860
vn -0.92700 -0.02820 0.37400
vn -0.81670 0.21880 0.53400
vn 0.99720 -0.05320 0.05190
vn 0.99260 -0.12180 -0.00150
vn 0.99260 -0.12160 0.00420
vn 0.99480 -0.09380 0.03870
vn 0.98230 0.06310 0.17610
vn 0.90420 0.26690 0.33350
vn 0.80750 -0.30230 0.50650
vn 0.71590 -0.07440 0.69420
vn 0.70510 -0.62420 0.33650
vn 0.72860 -0.57360 0.37430
vn 0.83780 -0.42870 0.33810
vn 0.66330 -0.12000 0.73870
vn 0.07720 0.97310 -0.21710
vn 0.17900 0.96980 -0.16540
vn 0.06040 0.97810 -0.19930
vn -0.96250 -0.20620 -0.17600
vn -0.00120 0.96700 -0.25470
vn 0.63720 -0.64220 0.42610
vn 0.72870 0.41960 0.54120
vn 0.84140 -0.50650 0.18850
vn 0.67710 0.43000 0.59720
vn 0.16370 0.93730 -0.30770
vn 0.14940 -0.32110 0.93520
vn 0.03610 -0.45050 0.89200
vn 0.13800 -0.88440 0.44580
vn 0.40430 -0.04250 0.91360
vn 0.47450 -0.60430 0.64000
vn 0.35530 0.09630 0.92980
vn 0.36900 0.16130 0.91530
vn -0.07570 -0.99140 -0.10630
vn 0.36190 -0.15670 0.91900
vn 0.15600 0.93440 0.32020
vn 0.18410 0.16110 0.96960
vn 0.21080 0.41230 0.88630
vn -0.00780 -0.48090 0.87670
vn 0.35140 0.44940 0.82130
vn 0.37220 0.17740 0.91110
vn 0.32190 0.59660 0.73520
vn -0.51360 -0.11650 0.85010
vn 0.18440 -0.19190 0.96390
vn 0.77160 -0.16790 0.61360
vn 0.78680 0.33880 0.51590
vn 0.39430 0.36830 0.84200
vn -0.19480 0.06800 0.97850
vn -0.14780 -0.13190 0.98020
vn -0.14410 0.02140 0.98930
vn -0.19950 -0.08870 0.97590
vn -0.15170 -0.35340 0.92310
vn -0.04380 0.46870 -0.88230
vn -0.04370 0.46870 -0.88230
vn -0.11610 0.43770 -0.89160
vn 0.34290 0.58150 -0.73770
vn -0.28450 0.14360 0.94790
vn -0.36160 0.92500 -0.11650
vn -0.34140 0.93930 -0.03410
vn -0.38150 0.90030 -0.20950
vn -0.38960 0.11020 -0.91440
vn -0.87840 -0.04880 0.47550
vn -0.80770 -0.14180 0.57230
vn -0.82920 -0.15410 0.53720
vn -0.76870 -0.12080 0.62810
vn -0.75980 -0.19270 0.62090
vn 0.87770 -0.11320 0.46570
vn 0.94450 -0.13030 0.30140
vn 0.94450 -0.13030 0.30150
vn -0.95420 -0.11710 -0.27530
vn -0.93840 -0.07780 -0.33680
vn 0.97380 -0.13980 0.17960
vn -0.95780 -0.12840 -0.25720
vn -0.99010 0.08200 -0.11400
vn 0.73160 0.66680 -0.14170
vn 0.73170 0.66680 -0.14170
vn 0.64130 0.75660 -0.12720
vn 0.91090 -0.37500 -0.17220
vn 0.88030 0.44500 -0.16440
vn 0.13230 -0.03260 0.99070
vn 0.15060 -0.05610 0.98700
vn 0.12860 -0.02790 0.99130
vn -0.19670 0.01980 -0.98030
vn -0.19030 0.03060 -0.98120
vn -0.16910 0.04400 -0.98460
vn 0.09200 0.89940 0.42740
vn 0.04320 0.95170 0.30390
vn 0.03010 0.98970 -0.14020
vn 0.02460 0.99810 -0.05730
vn 0.09170 0.00950 0.99570
vn -0.16400 0.04850 -0.98530
vn 0.14880 -0.06150 0.98700
vn -0.08590 0.53410 -0.84100
vn 0.00720 0.98730 -0.15850
vn -0.14910 0.05660 -0.98720
vn 0.07620 0.97360 0.21500
vn -0.56630 0.07630 0.82070
vn -0.62660 0.07670 0.77560
vn -0.57720 0.07970 0.81270
vn 0.14810 -0.06700 0.98670
vn -0.55270 0.81560 0.17120
vn -0.54840 0.83440 0.05440
vn -0.52640 0.07130 0.84720
vn -0.54200 0.84020 -0.01740
vn -0.05400 0.98690 -0.15230
vn -0.51980 0.06020 0.85220
vn -0.95960 0.11100 0.25860
vn -0.98490 0.10980 0.13360
vn -0.96410 0.10030 0.24570
vn -0.78680 0.10330 -0.60840
vn -0.68020 0.10610 -0.72530
vn -0.78690 0.10330 -0.60840
vn -0.52260 0.05980 0.85050
vn -0.82700 0.10120 -0.55300
vn -0.97940 0.10130 0.17490
vn -0.99160 0.11810 0.05300
vn -0.99070 0.11190 0.07700
vn -0.96020 0.08700 0.26530
vn -0.95420 -0.11710 -0.27520
vn 0.04370 0.99660 0.06940
vn -0.01750 0.03440 -0.99930
vn -0.19830 -0.03020 0.97970
vn -0.17310 -0.04570 0.98380
vn -0.15470 -0.06620 0.98570
vn -0.16290 -0.00990 -0.98660
vn -0.18930 -0.01960 -0.98170
vn -0.06710 -0.10810 0.99190
vn -0.29250 0.03130 -0.95570
vn -0.19980 0.16480 -0.96590
vn -0.29050 -0.07010 0.95430
vn -0.49170 -0.12230 -0.86210
vn -0.35580 -0.04890 0.93330
vn -0.53730 -0.08600 -0.83900
vn -0.51320 -0.04060 0.85730
vn 0.44040 -0.05620 -0.89610
vn -0.76530 -0.08880 -0.63750
vn -0.48730 -0.07870 0.86970
vn -0.56090 -0.01490 -0.82770
vn -0.76150 -0.17780 -0.62330
vn -0.33030 -0.08260 -0.94030
vn -0.94570 -0.10790 -0.30670
vn -0.99300 -0.11780 0.00920
vn -0.98810 -0.02200 0.15240
vn -0.86610 -0.41310 0.28160
vn -0.59580 -0.09390 0.79770
vn -0.99990 -0.01490 0.00670
vn -0.99550 0.05970 0.07340
vn -0.94890 -0.20850 -0.23690
vn 0.97910 -0.09220 0.18120
vn 0.90290 -0.05270 0.42670
vn 0.99080 -0.11340 0.07420
vn 0.98350 -0.13340 -0.12210
vn 0.98130 -0.12420 -0.14690
vn 0.94860 -0.14520 -0.28120
vn 0.90110 -0.12180 -0.41610
vn 0.92040 -0.14810 -0.36180
vn 0.95870 -0.13190 -0.25210
vn 0.48760 -0.03680 -0.87230
vn -0.15090 -0.00690 -0.98850
vn -0.18160 0.05810 -0.98170
vn -0.86490 -0.18240 -0.46760
vn 0.96430 0.01170 -0.26440
vn 0.96270 -0.01590 -0.27010
vn 0.94060 -0.08730 -0.32820
vn 0.87210 -0.33570 -0.35610
vn 0.73710 -0.60150 -0.30790
vn 0.82980 -0.41450 -0.37370
vn 0.08460 0.12420 -0.98860
vn 0.16450 0.28230 -0.94510
vn -0.11090 0.78540 -0.60890
vn -0.16590 0.73150 -0.66140
vn 0.02560 0.88710 -0.46080
vn 0.16980 0.06340 -0.98340
vn 0.15240 0.24090 -0.95850
vn 0.11620 0.15360 -0.98130
vn 0.27250 0.60670 -0.74680
vn 0.45030 0.66220 -0.59900
vn 0.93540 -0.34090 -0.09390
vn 0.97180 -0.23330 0.03390
vn 0.96590 -0.22630 0.12550
vn 0.85100 -0.43130 -0.29970
vn 0.12110 0.61860 -0.77630
vn 0.26890 0.91040 -0.31450
vn -0.59510 -0.17360 0.78470
vn 0.79980 -0.50960 -0.31740
vn 0.05540 0.26070 -0.96380
vn 0.19130 0.51720 -0.83420
vn 0.09980 0.15740 -0.98250
vn 0.07090 0.03510 -0.99690
vn -0.67690 -0.13230 0.72410
vn 0.98870 0.09260 0.11770
vn 0.90620 0.11110 0.40800
vn 0.77390 0.18010 -0.60720
vn 0.00300 0.99750 0.07070
vn 0.39240 0.91960 -0.02020
vn -0.04670 0.98640 -0.15740
vn 0.54090 0.83910 0.05780
vn -0.01060 0.90500 0.42520
vn -0.12980 0.88920 0.43880
vn 0.07970 0.97430 0.21060
vn 0.17930 0.04810 -0.98260
vn 0.24430 0.01290 -0.96960
vn 0.01780 0.99670 -0.07910
vn -0.15580 0.03620 0.98710
vn -0.16660 0.07060 0.98350
vn 0.14660 0.06540 -0.98700
vn -0.04300 0.99000 -0.13470
vn -0.13970 -0.01390 0.99010
vn 0.98820 0.08380 -0.12850
vn 0.99980 -0.02100 0.00620
vn 0.93000 -0.10150 0.35330
vn 0.90260 -0.03690 0.42890
vn 0.89770 -0.20160 0.39190
vn 0.93190 -0.18430 0.31230
vn 0.91620 -0.22390 0.33240
vn 0.87600 -0.23830 0.41920
vn 0.26280 0.96470 0.01450
vn 0.64970 -0.27190 0.70990
vn 0.18710 0.97930 -0.07740
vn 0.23690 0.04490 0.97050
vn 0.32630 0.06690 0.94290
vn 0.39220 0.12860 0.91080
vn 0.29310 0.95350 0.07050
vn 0.21950 -0.07620 0.97260
vn 0.13080 0.99140 0.00100
vn 0.17860 -0.01930 0.98370
vn 0.16530 -0.19550 0.96670
vn 0.13180 0.56560 0.81410
vn 0.94380 -0.29430 0.15040
vn 0.12240 0.07220 0.98990
vn 0.99170 0.10940 0.06790
vn 0.98900 0.10820 0.10070
vn 0.99570 0.09130 0.01510
vn 0.55600 0.08370 -0.82700
vn 0.19680 0.04280 -0.97950
vn 0.22670 0.08390 -0.97030
vn 0.97390 0.10370 0.20180
vn 0.97390 0.10350 0.20210
vn 0.98560 0.11590 0.12310
vn 0.74750 0.06930 0.66070
vn 0.71220 0.06160 0.69930
vn 0.83420 0.09940 0.54250
vn 0.59130 0.03710 0.80560
vn -0.16900 -0.02920 0.98520
vn -0.15240 -0.03990 0.98750
vn 0.16800 0.03940 -0.98500
vn -0.18780 -0.01710 0.98210
vn 0.13980 -0.03380 -0.98960
vn -0.78400 -0.08920 -0.61430
vn -0.89510 -0.03910 -0.44410
vn -0.99010 -0.09930 0.09970
vn -0.99240 -0.12000 -0.02840
vn -0.98870 -0.12760 -0.07860
vn -0.96920 -0.10130 0.22440
vn -0.97950 -0.12710 -0.15640
vn -0.74090 -0.10450 -0.66340
vn -0.97420 -0.13730 0.17920
vn 0.85590 -0.15200 -0.49430
vn 0.97210 -0.02550 -0.23300
vn 0.99700 -0.03110 0.07090
vn -0.95800 -0.12250 0.25920
vn 0.99720 0.02590 0.06990
vn 0.90370 -0.02250 0.42760
vn 0.97590 0.18420 -0.11730
vn 0.98630 0.16290 0.02560
vn 0.69410 -0.12620 0.70880
vn 0.85070 -0.14890 -0.50410
vn 0.68330 -0.05330 -0.72820
vn 0.62760 -0.00600 -0.77850
vn 0.44660 -0.11190 -0.88770
vn 0.43890 0.01970 -0.89830
vn 0.74370 -0.19610 0.63910
vn 0.41780 -0.04200 0.90760
vn 0.37340 -0.08910 0.92340
vn -0.47140 -0.05490 -0.88020
vn 0.30190 -0.07970 -0.95000
vn 0.30440 -0.22200 -0.92630
vn 0.17510 -0.07270 0.98190
vn 0.17700 -0.05250 0.98280
vn 0.31480 -0.04930 -0.94790
vn 0.22330 -0.06340 -0.97270
vn 0.11840 -0.02070 -0.99280
vn 0.14510 -0.05710 0.98780
vn 0.18960 -0.03590 0.98120
vn -0.04350 -0.00840 -0.99900
vn 0.55120 0.01890 0.83420
vn -0.97890 -0.12440 -0.16230
vn 0.42310 -0.11830 0.89830
vn -0.89220 0.04400 0.44950
vn -0.87780 -0.00940 -0.47890
vn 0.17110 -0.98240 0.07460
vn -0.92640 -0.14110 -0.34920
vn -0.99500 0.04730 -0.08850
vn -0.99340 0.11460 0.00880
vn -0.99520 0.09770 0.00310
vn 0.15890 -0.98610 -0.04880
vn 0.01280 -0.99990 0.00810
vn 0.15900 -0.98610 -0.04880
vn 0.15480 -0.07940 0.98470
vn 0.96760 -0.24490 -0.06140
vn 0.98130 -0.07410 -0.17790
vn 0.98750 -0.07320 -0.13950
vn 0.44400 -0.88150 -0.16070
vn 0.96040 0.07090 -0.26930
vn 0.76900 -0.07530 -0.63480
vn -0.04510 -0.99900 0.00260
vn -0.06740 -0.99770 0.00060
vn 0.28270 -0.95810 -0.04570
vn 0.14990 -0.06490 0.98660
vn 0.13280 -0.09650 0.98640
vn 0.17040 -0.02620 0.98500
vn -0.09680 -0.99530 0.00530
vn -0.16070 -0.04270 -0.98610
vn -0.16080 -0.04280 -0.98610
vn -0.18410 -0.48260 -0.85630
vn 0.06250 0.97490 0.21360
vn -0.15500 -0.98530 -0.07130
vn -0.16410 0.07780 -0.98340
vn -0.13770 0.00290 -0.99050
vn -0.05150 -0.95500 0.29200
vn -0.09340 -0.99560 -0.00110
vn -0.15810 -0.01410 -0.98730
vn -0.18400 0.13600 -0.97350
vn -0.75420 0.02440 0.65620
vn -0.78910 0.00760 0.61420
vn -0.24450 -0.96910 0.03370
vn -0.72100 0.03920 0.69190
vn -0.37620 -0.92410 0.06690
vn -0.91310 0.14450 -0.38140
vn -0.54280 -0.83920 0.03370
vn -0.89350 -0.38000 0.23920
vn -0.99390 0.01410 0.10910
vn -0.98810 0.08030 0.13120
vn -0.98700 0.02870 0.15810
vn -0.99510 -0.02650 0.09540
vn -0.95140 -0.10370 -0.28990
vn -0.99370 0.03800 -0.10500
vn 0.29750 -0.52070 -0.80020
vn 0.49240 -0.12470 -0.86140
vn 0.52760 -0.28010 -0.80200
vn -0.14220 -0.05740 -0.98820
vn -0.19450 0.09410 -0.97640
vn -0.22000 -0.10260 -0.97010
vn 0.50020 -0.10250 -0.85980
vn -0.36250 -0.07670 -0.92880
vn -0.08090 0.21670 -0.97290
vn -0.07950 0.22460 -0.97120
vn 0.47390 -0.06020 -0.87850
vn 0.11040 -0.91930 0.37780
vn 0.11740 -0.90790 0.40250
vn 0.25280 -0.86860 -0.42610
vn 0.06520 0.16230 -0.98460
vn -0.01290 0.10040 -0.99490
vn 0.07430 -0.96550 0.24960
vn -0.38060 -0.06140 -0.92270
vn -0.15940 -0.01870 -0.98700
vn -0.07880 0.22900 -0.97020
vn -0.41020 -0.03650 -0.91130
vn -0.41100 -0.05860 -0.90980
vn -0.39660 -0.01330 -0.91790
vn 0.69910 -0.37640 -0.60800
vn 0.03110 0.94310 -0.33110
vn -0.97980 -0.18060 -0.08620
vn 0.39600 -0.91130 0.11260
vn 0.51000 -0.76730 0.38870
vn 0.63750 -0.29490 0.71180
vn -0.69250 0.20210 -0.69260
vn -0.83160 -0.07210 -0.55070
vn -0.83160 -0.07200 -0.55070
vn 0.35330 -0.93510 0.02730
vn -0.91640 0.39290 -0.07600
vn -0.80100 0.00050 -0.59870
vn 0.03850 0.11440 -0.99270
vn -0.86180 -0.16930 -0.47820
vn 0.99020 -0.12430 -0.06330
vn 0.99020 -0.12430 -0.06340
vn 0.97840 -0.16370 -0.12600
vn 0.85100 -0.09710 0.51620
vn 0.99730 -0.06980 0.02190
vn 0.69110 -0.13830 -0.70940
vn 0.83730 -0.16080 -0.52250
vn 0.57020 -0.11870 -0.81290
vn 0.40880 -0.04090 0.91170
vn -0.13030 0.00460 -0.99150
vn -0.03030 0.00080 -0.99950
vn -0.15950 0.02880 -0.98680
vn -0.34300 -0.03660 0.93860
vn -0.46830 0.02540 0.88320
vn -0.36490 0.06420 -0.92880
vn -0.47160 0.21930 -0.85410
vn -0.39510 -0.02460 -0.91830
vn -0.60550 0.01460 -0.79570
vn -0.52970 0.24260 -0.81280
vn -0.95650 0.06220 0.28490
vn -0.91220 0.11690 0.39270
vn -0.84260 0.24620 0.47890
vn -0.92730 0.11850 0.35520
vn -0.11900 -0.99250 -0.02840
vn -0.90650 0.41200 -0.09210
vn -0.89190 0.44310 -0.09030
vn -0.92760 0.36320 0.08770
vn -0.87930 -0.05420 -0.47310
vn -0.87940 -0.02520 -0.47540
vn -0.95310 -0.03130 -0.30100
vn -0.71600 0.34530 -0.60670
vn -0.70800 0.41030 -0.57480
vn -0.98090 0.15510 0.11750
vn -0.66750 0.57510 -0.47300
vn -0.89690 -0.08650 -0.43380
vn -0.96940 -0.01500 -0.24520
vn -0.02570 -0.00260 -0.99970
vn -0.31130 -0.05150 0.94890
vn -0.87990 0.08540 0.46750
vn -0.12400 -0.99110 -0.04930
vn 0.35300 -0.93510 0.03130
vn 0.83590 -0.09970 0.53980
vn -0.15060 -0.06610 0.98640
vn -0.10850 -0.15720 0.98160
vn 0.03830 -0.44660 0.89390
vn -0.26680 0.04970 0.96250
vn -0.24510 0.04860 0.96830
vn -0.13140 -0.01970 -0.99110
vn -0.21080 -0.03150 -0.97700
vn -0.26010 -0.02340 -0.96530
vn 0.16310 0.01390 0.98650
vn 0.54080 -0.04200 0.84010
vn 0.17420 -0.16920 0.97010
vn 0.13410 -0.11180 0.98460
vn 0.25670 -0.29300 0.92100
vn -0.19450 -0.72620 -0.65940
vn 0.01870 -0.85390 -0.52000
vn 0.04160 -0.80720 -0.58880
vn -0.08940 -0.05070 -0.99470
vn 0.07610 -0.72420 -0.68540
vn -0.25730 0.12860 0.95770
vn -0.09190 0.06790 0.99350
vn 0.05410 0.07640 0.99560
vn -0.41510 -0.06210 -0.90770
vn -0.56150 -0.09780 0.82170
vn -0.46390 -0.02140 0.88560
vn 0.13930 -0.96460 -0.22390
vn 0.14280 -0.96630 -0.21410
vn 0.10220 -0.97360 -0.20410
vn -0.36900 0.12950 0.92040
vn -0.40900 0.17680 0.89520
vn -0.47890 0.17320 0.86060
vn 0.18990 -0.95560 -0.22520
vn 0.15530 -0.97180 -0.17770
vn -0.69800 -0.24670 0.67230
vn -0.85200 0.19210 0.48700
vn -0.77240 0.24440 0.58620
vn -0.88960 0.16120 0.42730
vn -0.09360 0.06650 0.99340
vn 0.44190 0.02240 0.89680
vn 0.67650 0.02150 -0.73610
vn 0.53470 -0.05230 -0.84340
vn 0.68080 -0.03790 -0.73140
vn 0.44240 -0.03860 -0.89600
vn 0.62490 -0.09770 -0.77460
vn 0.59540 -0.05820 -0.80130
vn 0.07660 0.22960 -0.97030
vn -0.00620 0.05630 -0.99840
vn 0.06110 0.13600 -0.98880
vn 0.27380 -0.05760 -0.96010
vn -0.05010 -0.00830 -0.99870
vn 0.23650 -0.03770 -0.97090
vn -0.04250 0.02030 -0.99890
vn 0.19010 -0.02330 -0.98150
vn 0.12070 -0.04380 -0.99170
vn 0.08030 -0.03220 0.99630
vn 0.23330 0.14160 -0.96200
vn 0.07430 0.24480 -0.96670
vn 0.06620 0.28440 -0.95640
vn -0.10450 -0.94490 0.31020
vn -0.10650 -0.94670 0.30410
vn -0.04580 -0.50990 -0.85900
vn -0.57440 -0.20590 -0.79220
vn -0.56730 -0.25770 -0.78220
vn -0.60120 -0.16930 -0.78100
vn 0.05770 -0.86090 -0.50550
vn -0.58150 -0.13640 -0.80210
vn -0.34850 -0.45190 -0.82120
vn -0.10160 -0.94230 0.31900
vn -0.04150 -0.04500 -0.99810
vn 0.79960 0.26860 -0.53720
vn 0.79370 0.03100 -0.60750
vn 0.78580 0.11120 -0.60840
vn 0.95510 0.12620 0.26800
vn 0.93560 0.19150 0.29650
vn 0.98900 0.07360 0.12850
vn 0.62760 -0.02300 -0.77820
vn 0.90710 0.13700 0.39800
vn 0.52770 0.13640 -0.83840
vn 0.94620 0.15850 0.28220
vn 0.94230 0.33460 -0.01230
vn 0.96540 0.25600 -0.05000
vn 0.70220 -0.05490 0.70980
vn 0.73970 -0.13590 -0.65910
vn 0.58760 -0.42230 -0.69020
vn 0.76220 0.30500 -0.57100
vn 0.65890 0.33630 -0.67290
vn 0.66350 0.42690 -0.61440
vn 0.66700 0.30260 -0.68090
vn 0.98780 0.15570 -0.00500
vn 0.98260 0.18130 -0.03930
vn 0.80660 0.17270 0.56540
vn 0.76090 0.46920 -0.44820
vn 0.82520 0.47070 -0.31210
vn 0.25770 -0.95180 -0.16650
vn 0.16900 0.03240 -0.98510
vn 0.65860 -0.24750 -0.71060
vn 0.66600 0.29280 -0.68610
vn 0.88740 0.32780 -0.32420
vn 0.22980 0.04410 -0.97220
vn 0.13250 0.87270 -0.47000
vn -0.73150 -0.55310 0.39870
vn -0.72700 -0.41290 -0.54870
vn 0.10190 0.03110 -0.99430
vn 0.64890 0.00990 -0.76080
vn 0.08780 -0.05190 -0.99480
vn 0.04160 0.05450 -0.99760
vn -0.00940 0.04480 -0.99900
vn -0.58750 -0.12210 -0.79990
vn -0.57990 -0.10870 -0.80740
vn -0.58230 -0.10740 -0.80590
vn -0.58060 -0.10260 -0.80770
vn -0.58460 -0.10600 -0.80430
vn -0.73570 -0.17670 -0.65380
vn -0.97990 -0.18130 -0.08300
vn -0.16950 -0.17110 -0.97060
vn 0.83580 0.11020 0.53780
vn 0.65530 0.13620 0.74300
vn 0.50190 0.11120 0.85780
vn -0.06280 -0.99340 -0.09570
vn 0.42080 0.08710 0.90300
vn 0.33650 0.08180 0.93810
vn 0.26830 0.10020 0.95810
vn -0.09220 0.02530 0.99540
vn -0.18140 0.00980 0.98340
vn -0.20190 -0.15340 0.96730
vn 0.18220 -0.05610 0.98170
vn -0.07000 -0.78860 -0.61090
vn -0.14000 -0.51370 -0.84650
vn -0.33760 -0.10300 0.93560
vn -0.30190 0.01310 0.95320
vn -0.04660 -0.85170 -0.52190
vn -0.00760 0.06300 0.99800
vn -0.96690 -0.14970 0.20660
vn -0.88010 -0.14240 0.45300
vn -0.89210 -0.15280 0.42520
vn -0.34980 -0.41720 0.83880
vn -0.97610 -0.14800 0.15940
vn -0.98890 -0.14780 -0.01740
vn 0.98520 -0.10830 0.13260
vn 0.99110 -0.06500 0.11600
vn 0.98620 -0.10190 0.13060
vn 0.23210 -0.97270 0.00510
vn 0.22680 -0.97390 -0.01260
vn 0.29800 -0.95450 -0.00670
vn 0.97740 -0.15280 0.14620
vn 0.97840 -0.14490 0.14710
vn 0.14590 -0.98270 0.11420
vn 0.97870 -0.14430 0.14610
vn 0.52830 0.83670 0.14430
vn 0.09150 -0.96810 0.23330
vn 0.13640 -0.03380 -0.99010
vn 0.13520 -0.02590 -0.99050
vn 0.13410 -0.02660 -0.99060
vn 0.14370 -0.03610 -0.98900
vn 0.13700 -0.02460 -0.99030
vn 0.59620 0.07580 0.79930
vn 0.06550 -0.96920 0.23750
vn 0.03550 -0.99530 -0.08980
vn 0.02240 -0.99850 -0.05080
vn 0.14050 -0.87940 -0.45480
vn 0.14280 -0.04240 -0.98880
vn 0.01250 -0.99970 0.02020
vn -0.12190 -0.01560 0.99240
vn -0.18500 0.09300 0.97830
vn 0.01120 -0.91620 0.40050
vn 0.01080 -0.99890 0.04600
vn -0.06440 -0.11140 0.99170
vn -0.94640 -0.25310 -0.20070
vn -0.81840 -0.16870 -0.54930
vn -0.95560 -0.22710 -0.18760
vn -0.16730 -0.07580 0.98300
vn -0.79950 -0.29540 -0.52310
vn -0.87670 -0.33220 -0.34800
vn -0.96050 -0.24720 -0.12740
vn -0.16340 -0.98650 -0.00880
vn -0.96060 -0.24700 -0.12730
vn -0.90220 -0.34390 -0.26020
vn 0.99110 0.08490 -0.10240
vn 0.99180 0.06390 -0.11100
vn 0.21820 -0.97330 0.07080
vn 0.24400 -0.96890 0.04010
vn 0.21810 -0.97340 0.07080
vn 0.98970 -0.01400 -0.14230
vn 0.85010 -0.07830 0.52080
vn 0.89670 -0.10260 0.43050
vn 0.74330 0.00020 0.66890
vn 0.88820 0.26500 0.37540
vn 0.20140 -0.97530 0.09040
vn 0.69870 -0.05110 0.71360
vn 0.81190 0.06510 -0.58020
vn -0.66770 -0.69940 -0.25500
vn 0.63290 0.00700 0.77420
vn 0.63230 0.14410 -0.76120
vn 0.44640 -0.01670 -0.89470
vn 0.51180 0.05550 -0.85730
vn 0.66040 0.24740 -0.70900
vn 0.32530 -0.06590 -0.94330
vn 0.10640 -0.99360 -0.03660
vn -0.10030 -0.93540 -0.33920
vn -0.14700 -0.98040 0.13120
vn -0.15300 -0.93300 0.32570
vn -0.16230 -0.94380 0.28790
vn -0.08870 -0.93400 -0.34600
vn -0.05890 -0.93360 -0.35350
vn -0.16970 0.17060 -0.97060
vn -0.50590 0.24980 -0.82560
vn -0.14470 0.31990 -0.93630
vn -0.13480 0.55590 -0.82030
vn -0.00730 0.95860 -0.28470
vn -0.06740 0.89690 -0.43700
vn -0.11650 0.85210 -0.51030
vn -0.11860 0.89410 -0.43190
vn -0.12880 -0.93610 -0.32740
vn -0.16470 -0.98400 -0.06820
vn -0.14670 0.59360 -0.79130
vn -0.38450 0.08030 -0.91960
vn -0.11640 -0.84840 0.51640
vn -0.11440 0.81790 -0.56390
vn -0.13550 0.83210 -0.53780
vn -0.12160 -0.57890 -0.80630
vn -0.02400 -0.99540 -0.09240
vn 0.06920 -0.99650 -0.04760
vn 0.13300 -0.98990 -0.04950
vn -0.22680 -0.97010 -0.08690
vn -0.80820 0.10520 -0.57940
vn -0.81090 0.02210 -0.58470
vn -0.82460 0.17170 -0.53910
vn 0.35920 -0.93310 0.01660
vn 0.32690 -0.94350 -0.05390
vn -0.83560 0.54510 -0.06790
vn -0.83560 0.54510 -0.06780
vn -0.81810 0.56110 -0.12580
vn -0.85240 0.52290 0.00230
vn -0.85210 0.03140 -0.52240
vn -0.98620 0.14680 0.07670
vn 0.90060 0.10700 -0.42130
vn 0.95800 -0.01720 -0.28630
vn 0.96790 0.01500 -0.25070
vn 0.84480 0.16110 -0.51030
vn 0.85920 0.09180 -0.50330
vn 0.90010 0.18860 -0.39280
vn 0.69440 0.62790 -0.35140
vn 0.57630 0.70880 -0.40680
vn 0.84020 0.18250 -0.51070
vn 0.81310 0.12640 -0.56820
vn 0.02060 -0.99900 0.04060
vn 0.00430 -0.98430 -0.17670
vn 0.02770 -0.99900 -0.03550
vn -0.00980 -0.99620 -0.08640
vn -0.38850 -0.84230 0.37370
vn -0.28430 -0.87480 0.39230
vn -0.20900 -0.90130 0.37950
vn -0.38820 -0.82730 0.40610
vn 0.74920 0.30230 -0.58940
vn 0.29190 0.82140 -0.49000
vn 0.00010 -0.90850 0.41780
vn 0.70170 -0.00770 -0.71250
vn -0.00690 -0.98290 -0.18410
vn 0.00820 -0.96790 -0.25130
vn -0.05580 0.90720 -0.41700
vn -0.04070 0.91320 -0.40560
vn 0.08470 0.97580 -0.20160
vn -0.10680 0.54700 -0.83030
vn -0.06640 0.90280 -0.42490
vn -0.02240 -0.99370 -0.11000
vn 0.63280 -0.77320 0.04280
vn 0.69610 -0.71630 0.04780
vn 0.96750 -0.18010 -0.17740
vn 0.94670 -0.22550 -0.23010
vn -0.39330 -0.71170 -0.58200
vn 0.88710 0.38030 0.26160
vn 0.76640 -0.64020 0.05340
vn 0.15190 -0.52630 0.83660
vn 0.15370 -0.54980 0.82110
vn 0.15370 -0.54980 0.82100
vn -0.06710 -0.99340 -0.09350
vn -0.00010 -1.00000 -0.00400
vn 0.15520 -0.56930 0.80740
vn 0.17220 -0.96730 0.18620
vn 0.17450 -0.98280 0.05970
vn 0.17220 -0.96730 0.18610
vn -0.11360 -0.98130 -0.15570
vn -0.63940 -0.52150 0.56500
vn 0.15670 -0.87460 0.45890
vn -0.26480 0.07140 -0.96170
vn 0.33100 -0.91650 -0.22480
vn -0.62680 0.77820 0.03980
vn -0.72210 0.69140 0.02190
vn -0.73410 0.67880 0.01560
vn -0.48810 -0.86480 0.11780
vn -0.66990 -0.73700 0.09000
vn -0.79160 -0.60760 0.06440
vn -0.94490 -0.11770 0.30560
vn -0.93150 -0.18560 0.31280
vn -0.97720 -0.06180 0.20310
vn 0.56310 -0.81960 -0.10550
vn 0.55110 -0.82850 -0.09950
vn 0.62830 -0.77300 -0.08780
vn -0.77170 0.63600 0.00610
vn -0.76660 0.64220 -0.00210
vn -0.90990 -0.30370 0.28260
vn -0.97690 -0.02780 0.21190
vn -0.65650 0.73450 0.17180
vn -0.96550 -0.04660 0.25600
vn 0.48920 -0.86550 -0.10780
vn -0.99840 0.05570 0.01030
vn 0.51850 -0.85100 -0.08360
vn -0.41760 0.89370 0.16390
vn 0.68500 0.54100 -0.48800
vn 0.99390 -0.01090 -0.10970
vn 0.70130 0.68720 -0.18940
vn 0.60040 0.29780 -0.74210
vn -0.51050 0.44680 -0.73470
vn -0.14060 -0.89300 -0.42760
vn -0.28720 -0.92850 -0.23550
vn -0.14880 -0.90210 -0.40500
vn -0.39340 -0.49440 -0.77510
vn 0.29120 0.95510 0.05460
vn 0.82570 -0.32560 -0.46060
vn 0.09610 0.06710 -0.99310
vn -0.09280 -0.86250 -0.49750
vn -0.01140 0.93020 -0.36680
vn -0.03060 0.99130 -0.12770
vn 0.03850 0.99910 -0.01920
vn -0.15110 -0.11930 -0.98130
vn -0.01950 -0.06740 -0.99750
vn -0.15120 -0.11930 -0.98130
vn 0.18620 0.81500 -0.54880
vn -0.15040 0.71610 -0.68160
vn -0.26420 -0.16290 -0.95060
vn -0.08010 0.96330 -0.25620
vn -0.17230 -0.94300 -0.28480
vn -0.01020 -0.88730 -0.46110
vn -0.25420 -0.01190 -0.96710
vn -0.36080 0.48560 -0.79630
vn -0.05170 0.99780 0.04070
vn -0.04550 0.92120 -0.38630
vn -0.18810 -0.80610 -0.56100
vn -0.60550 0.59080 -0.53320
vn -0.66530 0.45550 -0.59150
vn -0.54840 0.58570 -0.59680
vn -0.62920 -0.74350 -0.22650
vn -0.53070 -0.41030 -0.74160
vn -0.79600 0.35940 -0.48710
vn -0.74620 0.66080 -0.08020
vn -0.25860 -0.74620 -0.61350
vn -0.52560 0.83700 0.15250
vn 0.15990 -0.77170 -0.61560
vn -0.45040 -0.67840 -0.58040
vn -0.94120 0.22590 -0.25130
vn -0.86880 0.26630 -0.41740
vn 0.98360 -0.10800 0.14480
vn 0.99060 -0.12330 0.05990
vn 0.99470 -0.10040 0.02270
vn 0.68760 -0.02580 0.72560
vn 0.94510 -0.10650 0.30900
vn 0.83710 -0.13510 -0.53000
vn 0.82450 -0.12810 -0.55110
vn 0.68280 -0.13770 -0.71760
vn 0.46370 0.01140 0.88590
vn 0.60960 -0.15300 -0.77780
vn 0.55390 -0.18190 -0.81240
vn 0.51990 -0.15290 -0.84040
vn -0.21340 -0.96800 -0.13190
vn 0.47510 0.05860 0.87800
vn 0.44920 0.03740 0.89260
vn -0.05120 0.18700 0.98100
vn -0.04340 0.44330 0.89530
vn -0.05350 0.06960 0.99610
vn -0.52230 0.13620 0.84180
vn -0.56880 0.07320 0.81920
vn -0.63960 0.09680 0.76260
vn -0.80280 0.07330 0.59180
vn -0.74180 0.10870 0.66180
vn -0.46020 -0.81850 -0.34380
vn -0.93030 0.07440 0.35920
vn -0.96210 -0.01550 0.27230
vn -0.75810 0.04760 -0.65040
vn -0.70790 0.07330 -0.70250
vn -0.75810 0.04750 -0.65040
vn -0.81350 0.01560 -0.58140
vn -0.98450 0.08060 0.15570
vn -0.99790 0.06510 0.00450
vn -0.99740 0.06080 0.03870
vn -0.44790 -0.87770 -0.17050
vn -0.34060 -0.91670 -0.20900
vn -0.55830 -0.82010 -0.12540
vn 0.05250 -0.99450 -0.09070
vn -0.02210 -0.99510 -0.09590
vn 0.05370 -0.99410 -0.09410
vn 0.99890 0.04550 -0.01090
vn 0.94320 0.14240 0.30020
vn 0.93610 0.26720 0.22870
vn 0.89310 0.44750 -0.04670
vn 0.96450 -0.01980 0.26340
vn 0.99710 0.07350 -0.01780
vn 0.98330 -0.01510 -0.18120
vn 0.98340 -0.04040 -0.17680
vn 0.97360 -0.05290 -0.22210
vn 0.97700 0.10360 -0.18660
vn 0.93910 -0.01760 -0.34310
vn -0.36670 -0.87770 0.30850
vn -0.36680 -0.87770 0.30850
vn -0.47330 -0.86530 0.16530
vn 0.93550 -0.01970 -0.35280
vn 0.62870 -0.04250 0.77650
vn 0.61710 -0.00150 0.78690
vn 0.61660 -0.00910 0.78730
vn -0.15150 -0.98300 -0.10350
vn 0.94400 -0.15800 -0.28960
vn -0.28090 -0.86880 0.40770
vn -0.08370 -0.88840 -0.45130
vn -0.12570 -0.85070 -0.51030
vn 0.09580 -0.97570 0.19700
vn 0.67380 -0.19710 0.71210
vn 0.64480 -0.10810 0.75670
vn 0.55100 -0.04920 0.83300
vn 0.41110 -0.90880 0.07120
vn 0.91550 -0.02030 -0.40170
vn 0.92060 0.09830 -0.37800
vn -0.40870 -0.70420 -0.58050
vn 0.66790 0.36400 0.64910
vn 0.68200 0.01500 -0.73120
vn -0.40280 0.75800 0.51300
vn -0.26510 -0.95920 -0.09790
vn -0.41530 -0.90680 -0.07260
vn 0.24010 -0.91330 -0.32890
vn -0.25220 -0.78240 -0.56940
vn -0.16660 -0.80770 -0.56550
vn 0.18550 -0.56170 0.80630
vn 0.08290 -0.97920 0.18530
vn 0.07320 -0.97870 0.19190
vn -0.04550 -0.99790 -0.04700
vn 0.16870 0.20400 0.96430
vn 0.19450 0.02260 0.98060
vn 0.30960 0.16120 0.93710
vn 0.08070 -0.96750 0.23960
vn 0.08030 -0.96770 0.23900
vn 0.04740 -0.96890 0.24280
vn 0.14130 0.35840 0.92280
vn -0.00550 0.01490 0.99990
vn 0.02750 -0.05790 0.99790
vn 0.08470 -0.17460 0.98100
vn -0.09790 -0.99400 0.04780
vn 0.02950 -0.05750 0.99790
vn -0.17450 -0.93440 -0.31040
vn -0.13020 -0.89220 -0.43240
vn 0.06120 0.41320 0.90860
vn -0.05470 -0.95340 -0.29670
vn -0.09740 -0.98570 -0.13750
vn -0.00540 -0.98950 -0.14450
vn -0.02220 0.04970 0.99850
vn -0.02210 0.05140 0.99840
vn 0.02070 -0.96910 0.24580
vn -0.50030 0.14090 0.85430
vn -0.59230 -0.03700 0.80480
vn -0.79900 0.01260 0.60120
vn 0.41220 -0.87880 -0.24060
vn 0.38410 -0.86550 -0.32160
vn 0.42330 -0.87530 -0.23400
vn -0.56270 0.20610 0.80060
vn 0.01220 -0.99990 0.00440
vn -0.20270 -0.73070 -0.65190
vn 0.00700 -0.99990 0.01580
vn 0.07810 -0.99040 0.11390
vn -0.50160 -0.09740 0.85960
vn -0.75000 -0.18600 0.63470
vn -0.74850 -0.04820 0.66140
vn 0.36330 -0.85750 -0.36420
vn 0.33920 -0.83520 -0.43300
vn -0.84900 -0.10120 0.51860
vn -0.89030 -0.08760 0.44680
vn -0.14960 -0.95510 0.25570
vn -0.93050 -0.04890 0.36290
vn 0.29140 -0.95580 -0.03820
vn -0.88250 -0.18440 0.43270
vn -0.91110 -0.13640 0.38900
vn -0.92700 -0.10030 0.36130
vn 0.44660 -0.88910 -0.10020
vn -0.89630 0.26540 0.35540
vn -0.90700 0.05200 0.41790
vn -0.89390 0.34590 -0.28500
vn -0.94220 0.29980 -0.14950
vn -0.95950 0.27190 -0.07430
vn 0.97310 0.20420 -0.10680
vn 0.87440 0.30250 -0.37940
vn 0.88850 0.29800 -0.34900
vn 0.79180 -0.26610 -0.54980
vn 0.25700 0.69130 -0.67530
vn 0.24660 0.68830 -0.68220
vn 0.76080 0.35320 -0.54450
vn 0.05800 -0.84480 -0.53200
vn 0.02360 -0.84300 -0.53740
vn 0.70250 0.08310 -0.70680
vn 0.75040 0.32350 -0.57640
vn 0.23990 -0.96000 -0.14450
vn 0.09350 -0.95960 -0.26550
vn 0.07870 0.96160 -0.26300
vn 0.09660 0.96680 -0.23660
vn 0.61670 0.06350 -0.78470
vn 0.69610 -0.14920 -0.70220
vn 0.66220 -0.11400 -0.74060
vn 0.56170 0.17160 -0.80930
vn 0.07310 -0.84520 -0.52940
vn 0.51430 0.31120 -0.79920
vn 0.06630 0.99090 -0.11680
vn -0.38690 -0.88520 -0.25830
vn 0.11790 0.97170 -0.20460
vn 0.20500 0.29690 -0.93260
vn 0.19450 0.25550 -0.94700
vn 0.04670 0.26370 -0.96350
vn 0.23990 0.68640 -0.68660
vn 0.18940 -0.13170 -0.97300
vn 0.28360 -0.18520 -0.94090
vn 0.28730 -0.54480 -0.78780
vn 0.10800 0.25460 -0.96100
vn 0.05370 -0.05430 -0.99710
vn -0.24540 0.26410 -0.93280
vn -0.02350 0.27450 -0.96130
vn -0.25630 -0.49500 -0.83030
vn 0.29560 -0.95060 -0.09510
vn -0.31790 0.26720 -0.90970
vn -0.42750 0.79230 -0.43520
vn 0.28590 -0.49160 -0.82250
vn -0.30570 0.94270 0.13370
vn 0.30390 -0.93080 -0.20300
vn -0.49130 0.26380 -0.83010
vn -0.63720 0.66980 -0.38130
vn 0.17790 -0.09400 -0.97960
vn 0.29330 0.13150 -0.94690
vn 0.50250 -0.08790 -0.86010
vn 0.18290 0.03230 -0.98260
vn 0.01070 -0.98310 -0.18300
vn 0.04350 -0.99130 -0.12410
vn 0.06600 -0.97840 -0.19570
vn 0.05220 -0.99540 -0.07990
vn 0.05190 -0.99230 0.11280
vn -0.21920 0.17070 -0.96060
vn 0.16450 0.27910 -0.94610
vn 0.12550 -0.33860 -0.93250
vn 0.05790 0.97010 -0.23560
vn 0.07680 0.99060 -0.11280
vn 0.07680 0.99070 -0.11270
vn -0.03950 -0.95990 -0.27760
vn 0.04000 -0.97620 -0.21310
vn -0.03960 -0.95990 -0.27770
vn -0.11490 0.89680 -0.42720
vn -0.07020 0.94680 -0.31410
vn -0.00630 0.97270 -0.23180
vn -0.49530 0.00690 -0.86870
vn 0.11910 0.97160 0.20440
vn -0.00990 -0.99480 -0.10120
vn -0.05500 -0.62410 0.77940
vn -0.22480 0.68480 -0.69320
vn -0.20640 0.78690 -0.58160
vn -0.41540 0.52500 -0.74290
vn -0.05130 -0.99650 -0.06570
vn -0.77230 0.16620 -0.61310
vn -0.21300 0.85800 0.46750
vn 0.31210 0.76940 -0.55730
vn -0.25970 -0.94880 -0.17990
vn -0.26060 -0.85790 -0.44280
vn -0.85980 0.29950 -0.41350
vn -0.70840 0.00950 -0.70580
vn -0.90230 0.31390 -0.29540
vn -0.88470 0.42710 -0.18670
vn 0.26130 -0.18650 -0.94710
vn 0.24990 -0.14740 -0.95700
vn -0.00690 -0.99380 0.11070
vn -0.07850 -0.98810 0.13190
vn 0.05290 0.97350 -0.22260
vn 0.00670 -0.99990 -0.01340
vn -0.28510 0.91990 -0.26910
vn -0.74860 0.36550 -0.55320
vn -0.83200 0.32210 -0.45180
vn 0.37120 -0.92850 -0.01150
vn -0.67780 0.73520 0.00600
vn -0.82590 -0.52600 -0.20320
vn -0.92080 0.28350 -0.26800
vn 0.29440 -0.30850 -0.90450
vn -0.86770 -0.32170 -0.37910
vn -0.93340 -0.16680 -0.31770
vn -0.93260 -0.21260 -0.29160
vn -0.12580 -0.95090 0.28290
vn -0.59330 0.41820 -0.68780
vn -0.47560 0.82790 -0.29730
vn -0.91890 0.22040 0.32720
vn -0.62320 -0.78160 -0.02740
vn -0.95010 -0.15980 -0.26790
vn -0.94650 -0.08940 -0.31010
vn -0.94670 -0.21780 -0.23740
vn -0.97200 -0.13660 -0.19140
vn 0.24040 0.96840 0.06690
vn 0.96490 0.05030 0.25790
vn 0.95290 0.20100 -0.22710
vn 0.96840 0.23310 0.08880
vn -0.36490 -0.92620 -0.09460
vn -0.38500 -0.92290 -0.01130
vn -0.33040 -0.93470 -0.13130
vn 0.97200 0.23310 -0.02910
vn 0.93300 0.34370 0.10620
vn -0.32110 -0.93110 -0.17280
vn 0.76460 0.02220 -0.64410
vn 0.80560 0.25510 -0.53470
vn 0.94340 0.02950 0.33040
vn 0.88250 0.30510 -0.35790
vn 0.91460 0.40440 0.00110
vn -0.50140 -0.84930 -0.16550
vn -0.21200 -0.97480 0.06910
vn -0.28170 -0.95950 0.00850
vn 0.83640 -0.24480 0.49050
vn -0.10910 -0.98980 0.09190
vn 0.68910 -0.39170 0.60970
vn 0.59290 0.80520 -0.00160
vn 0.61090 0.79160 0.01250
vn 0.61480 0.78720 0.04810
vn 0.91130 -0.39950 0.09950
vn 0.86420 -0.35070 0.36090
vn 0.80520 -0.51140 -0.30020
vn 0.96060 -0.02500 0.27690
vn 0.61100 0.52610 -0.59150
vn 0.04490 -0.99170 0.12050
vn 0.64920 0.76030 0.02260
vn 0.49060 0.86440 -0.11020
vn 0.41480 0.90190 -0.12070
vn -0.07230 -0.86120 -0.50310
vn 0.60190 -0.44260 0.66470
vn 0.21310 0.94040 -0.26510
vn 0.13040 -0.59800 -0.79080
vn 0.38230 -0.74580 -0.54550
vn -0.01670 -0.92680 -0.37520
vn -0.05510 -0.63030 0.77440
vn -0.07820 -0.98820 0.13140
vn 0.05510 -0.94030 0.33580
vn 0.99800 0.03060 -0.05600
vn 0.99800 0.01730 -0.06160
vn 0.97950 -0.13050 -0.15350
vn 0.84640 0.01980 0.53210
vn 0.87110 0.06900 0.48630
vn 0.86670 0.10010 0.48870
vn 0.99890 0.01130 -0.04560
vn 0.91260 -0.40570 -0.05130
vn 0.99840 -0.02700 -0.04890
vn 0.89850 0.13860 0.41660
vn 0.56190 -0.11790 -0.81870
vn 0.56040 -0.05180 -0.82660
vn 0.84330 -0.35210 0.40610
vn 0.53070 -0.44220 -0.72310
vn 0.42220 -0.09940 0.90100
vn 0.40140 -0.14080 0.90500
vn 0.36310 0.04420 0.93070
vn 0.35560 0.06080 0.93270
vn 0.05140 -0.02340 -0.99840
vn -0.28320 0.06720 0.95670
vn -0.49970 -0.14370 -0.85420
vn -0.44290 -0.18130 -0.87800
vn -0.57020 -0.15440 -0.80690
vn 0.25950 -0.95940 -0.11070
vn 0.22210 -0.96930 -0.10520
vn 0.25080 -0.96100 -0.11620
vn 0.16080 -0.98230 -0.09600
vn -0.55160 -0.18350 -0.81360
vn -0.78060 -0.11790 -0.61380
vn -0.96390 -0.09880 -0.24710
vn -0.87230 -0.13970 0.46860
vn 0.02550 -0.99920 -0.02960
vn -0.96360 -0.10320 -0.24660
vn -0.86330 -0.13940 -0.48500
vn -0.99250 -0.07650 -0.09510
vn 0.34580 0.11150 0.93170
vn -0.99300 -0.08310 -0.08390
vn -0.59630 -0.79590 -0.10490
vn 0.40550 -0.62960 -0.66270
vn -0.67670 0.00530 0.73630
vn -0.67670 0.00540 0.73630
vn -0.60410 -0.35560 0.71320
vn -0.05290 -0.99120 0.12170
vn 0.12780 -0.98330 -0.12920
vn 0.04840 -0.99490 -0.08850
vn -0.94260 -0.19300 -0.27260
vn -0.93830 -0.09540 -0.33230
vn -0.97430 -0.11660 -0.19260
vn -0.04070 -0.99110 0.12700
vn -0.48540 0.15710 0.86010
vn -0.47200 0.31470 0.82350
vn -0.08100 -0.96010 0.26760
vn -0.06110 -0.97270 0.22370
vn -0.09980 -0.96800 0.23030
vn -0.45380 0.42750 0.78180
vn -0.57800 0.30120 -0.75840
vn -0.68630 0.04700 0.72580
vn -0.54930 -0.06360 0.83320
vn 0.30430 -0.92220 -0.23870
vn -0.04760 -0.99730 0.05580
vn -0.96120 -0.02310 -0.27500
vn -0.97020 -0.22370 -0.09300
vn -0.95790 0.08260 -0.27500
vn -0.93790 0.01880 -0.34650
vn -0.98480 -0.17390 -0.00060
vn -0.04460 -0.41840 -0.90720
vn -0.89150 0.18770 0.41240
vn -0.86290 0.19280 0.46720
vn -0.68050 0.09240 0.72690
vn -0.92520 0.15960 -0.34420
vn -0.92720 0.02970 -0.37330
vn -0.97940 0.03180 -0.19960
vn -0.92360 0.28900 0.25170
vn -0.91550 -0.22210 0.33540
vn -0.94980 -0.12980 0.28480
vn -0.02080 -0.98770 -0.15500
vn -0.99680 0.03730 0.07110
vn -0.99770 0.03920 0.05470
vn -0.71930 0.05600 0.69240
vn -0.95490 -0.10520 0.27770
vn 0.33170 -0.94060 -0.07270
vn 0.95270 0.26970 -0.14010
vn 0.97330 0.22950 0.00040
vn 0.95270 0.26970 -0.14020
vn 0.87730 0.32130 -0.35660
vn 0.87000 -0.19260 0.45390
vn 0.85310 -0.09720 0.51260
vn 0.89670 -0.13650 0.42100
vn 0.80780 0.00800 0.58940
vn 0.92600 -0.01740 0.37700
vn 0.93140 -0.08820 0.35310
vn 0.88640 -0.14260 0.44030
vn 0.91310 0.04150 0.40550
vn -0.35600 -0.91010 -0.21220
vn -0.31910 -0.93730 -0.14040
vn 0.83490 -0.12170 0.53680
vn 0.80290 -0.19220 0.56430
vn 0.71440 0.51180 0.47720
vn -0.36720 -0.90000 -0.23470
vn -0.11400 -0.97790 0.17510
vn -0.43760 -0.87470 -0.20830
vn -0.19370 -0.96720 0.16430
vn -0.46970 -0.88280 -0.01180
vn 0.19080 -0.87280 -0.44930
vn 0.19090 -0.87280 -0.44930
vn 0.18690 -0.92960 -0.31760
vn 0.55360 -0.01960 0.83250
vn 0.51480 0.18690 0.83670
vn -0.09560 -0.99160 0.08730
vn -0.08000 -0.96580 0.24680
vn -0.11120 0.02440 0.99350
vn 0.48480 0.20980 0.84910
vn 0.11800 0.06770 0.99070
vn 0.19120 -0.81360 -0.54910
vn 0.14740 -0.98880 0.02190
vn 0.06960 -0.99090 0.11550
vn -0.05580 0.16630 0.98450
vn 0.41500 0.15500 0.89650
vn -0.04060 -0.99130 0.12540
vn -0.04240 -0.99200 0.11890
vn -0.04050 -0.99130 0.12560
vn -0.11370 0.04900 0.99230
vn -0.04980 -0.99550 0.08110
vn -0.17690 0.02940 0.98380
vn -0.02590 -0.00510 0.99970
vn 0.06810 -0.87520 -0.47900
vn -0.33190 0.14750 0.93170
vn 0.14530 -0.98630 0.07790
vn 0.33040 0.24530 -0.91140
vn -0.04020 -0.99110 0.12660
vn 0.01280 -0.99050 0.13700
vn -0.19640 -0.93960 0.28020
vn 0.50090 0.13770 0.85450
vn 0.24420 0.05760 0.96800
vn -0.06870 -0.99760 -0.00200
vn -0.14250 0.15070 0.97830
usemtl Material
f 346/1085/822 221/1086/823 347/1087/824
f 205/658/499 220/659/500 221/660/501
f 223/1088/825 221/1089/826 220/1090/827
f 346/1085/822 348/1091/828 349/1092/829
f 223/1088/825 350/1093/830 221/1089/826
f 221/661/502 222/662/503 205/663/504
f 346/1085/822 351/1094/831 348/1091/828
f 347/1095/832 221/1096/832 350/1097/832
f 351/1094/831 346/1085/822 347/1087/824
f 207/664/505 223/665/506 220/659/500
f 205/658/499 204/666/507 220/659/500
f 223/1088/825 224/1098/833 350/1093/830
f 204/666/507 207/664/505 220/659/500
f 203/602/459 204/603/459 205/604/459
f 222/1099/834 221/1100/835 352/1101/836
f 346/1102/837 353/1103/838 221/1100/835
f 351/1104/839 347/1105/839 350/1106/839
f 223/667/508 213/668/509 224/669/510
f 223/667/508 207/720/554 213/668/509
f 224/1098/833 228/1107/840 350/1093/830
f 349/1108/841 353/1109/842 346/1110/843
f 226/1111/844 222/1099/834 352/1101/836
f 206/605/460 207/606/460 204/656/460
f 203/607/461 205/608/461 208/609/461
f 209/610/462 203/611/463 208/612/464
f 206/670/511 213/668/509 207/720/554
f 204/613/465 203/611/463 209/610/462
f 213/671/512 225/672/512 224/673/513
f 221/1100/835 353/1103/838 352/1101/836
f 209/610/462 206/614/466 204/615/467
f 222/662/503 192/674/514 205/663/504
f 210/616/468 206/614/466 209/610/462
f 349/1108/841 348/1112/845 353/1109/842
f 354/1113/846 351/1114/847 350/1115/846
f 208/617/469 205/618/470 192/619/469
f 209/610/462 211/620/471 210/616/468
f 213/671/512 212/675/515 225/672/512
f 348/1112/845 351/1116/848 354/1117/849
f 350/1115/846 228/1118/850 354/1113/846
f 354/1117/849 353/1109/842 348/1112/845
f 226/676/516 192/674/514 222/662/503
f 518/1715/1276 519/1716/1276 520/1717/1276
f 212/621/472 213/622/473 206/623/472
f 518/1718/1277 520/1719/1278 521/1720/1279
f 209/610/462 208/612/464 211/620/471
f 522/1721/1280 519/1722/1281 518/1723/1282
f 520/1719/1278 523/1724/1283 521/1720/1279
f 355/1119/851 352/1120/852 353/1121/853
f 208/617/469 192/619/469 191/624/474
f 521/1720/1279 523/1724/1283 465/1725/1284
f 522/1721/1280 518/1723/1282 508/1726/1285
f 488/1727/1286 487/1728/1287 520/1719/1278
f 518/1718/1277 521/1720/1279 524/1729/1288
f 523/1724/1283 520/1719/1278 525/1730/1289
f 224/1122/854 225/1123/854 228/1124/854
f 465/1725/1284 464/1731/1290 521/1720/1279
f 352/1120/852 355/1119/851 226/1125/855
f 508/1726/1285 510/1732/1291 522/1721/1280
f 519/1722/1281 492/1733/1292 520/1734/1293
f 227/1126/856 226/1125/855 355/1119/851
f 526/1735/1294 518/1718/1277 524/1729/1288
f 520/1734/1293 492/1733/1292 488/1736/1295
f 522/1721/1280 492/1733/1292 519/1722/1281
f 518/1718/1277 526/1735/1294 508/1737/1296
f 465/1738/1297 523/1739/1298 473/1740/1299
f 191/625/475 211/620/471 208/612/464
f 354/1127/857 355/1119/851 353/1121/853
f 522/1741/1300 510/1742/1300 527/1743/1300
f 464/1744/1301 524/1777/1301 521/1745/1301
f 355/1128/858 228/1129/858 229/1130/858
f 525/1730/1289 520/1719/1278 487/1728/1287
f 355/1119/851 354/1127/857 228/1131/859
f 210/626/476 212/621/472 206/623/472
f 467/1779/1318 530/1780/1319 466/1781/1320
f 466/1879/1398 530/1880/1398 554/1881/1398
f 317/1782/1321 531/1783/1322 530/1784/1323
f 355/1119/851 229/1132/860 227/1126/856
f 464/1882/1399 466/1883/1400 554/1884/1401
f 530/1780/1319 467/1779/1318 317/1785/1324
f 522/1746/1302 498/1747/1302 492/1748/1302
f 464/1550/1168 465/1551/1169 466/1552/1170
f 554/1884/1401 530/1885/1402 464/1882/1399
f 524/1729/1288 528/1749/1303 526/1735/1294
f 315/1786/1325 317/1785/1324 325/1787/1326
f 325/1787/1326 317/1785/1324 467/1779/1318
f 487/1619/1213 488/1620/1214 489/1621/1215
f 525/1730/1289 487/1728/1287 494/1750/1304
f 488/1622/1216 490/1623/1217 489/1624/1218
f 467/1553/1171 466/1554/1171 468/1555/1171
f 488/1736/1295 492/1733/1292 490/1751/1305
f 478/1752/1306 523/1739/1298 497/1753/1307
f 523/1739/1298 525/1754/1308 497/1753/1307
f 467/1556/1172 468/1557/1173 469/1558/1173
f 314/989/753 315/990/754 316/991/755
f 531/1783/1322 532/1788/1327 530/1784/1323
f 314/992/756 317/993/757 315/994/758
f 227/677/517 192/678/517 226/679/518
f 528/1755/1309 529/1756/1309 526/1757/1309
f 315/990/754 318/995/759 316/991/755
f 317/993/757 314/992/756 319/996/760
f 314/989/753 316/991/755 320/997/761
f 321/998/762 322/999/763 323/1000/764
f 324/1001/765 323/1002/765 322/1003/765
f 465/1551/1169 470/1559/1174 466/1552/1170
f 321/998/762 314/992/756 322/999/763
f 530/1886/1403 555/1887/1404 464/1888/1405
f 473/1740/1299 523/1739/1298 478/1752/1306
f 332/1789/1328 325/1790/1328 467/1791/1329
f 319/996/760 314/992/756 321/998/762
f 228/680/519 195/681/520 229/682/521
f 319/1792/1330 531/1783/1322 317/1782/1321
f 229/682/521 195/681/520 227/721/555
f 318/995/759 315/990/754 325/1004/766
f 508/1737/1296 526/1735/1294 529/1758/1310
f 195/681/520 228/680/519 225/683/522
f 468/1560/1175 466/1561/1176 471/1562/1175
f 326/1005/767 322/1006/767 314/1007/767
f 332/1563/1177 467/1564/1177 472/1565/1177
f 465/1551/1169 473/1566/1178 470/1559/1174
f 326/1008/768 314/989/753 320/997/761
f 320/997/761 316/991/755 318/995/759
f 190/558/429 191/559/429 192/560/429
f 200/627/477 211/628/477 191/629/477
f 195/681/520 190/684/523 227/721/555
f 227/677/517 190/685/524 192/678/517
f 556/1889/1406 528/1890/1407 524/1891/1408
f 557/1892/1409 558/1893/1410 528/1890/1407
f 327/1009/769 324/1010/770 322/1011/771
f 494/1759/1311 497/1753/1307 525/1754/1308
f 464/1888/1405 555/1887/1404 556/1889/1406
f 557/1892/1409 528/1890/1407 556/1889/1406
f 472/1567/1179 467/1568/1180 469/1569/1179
f 225/683/522 215/686/525 195/681/520
f 524/1891/1408 464/1888/1405 556/1889/1406
f 191/561/430 190/562/431 193/563/432
f 527/1760/1312 501/1761/1312 522/1762/1312
f 230/1133/861 232/1134/862 234/1135/862
f 323/1000/764 303/1012/772 328/1013/773
f 492/1763/1313 498/1764/1313 491/1765/1313
f 491/1625/1219 490/1623/1217 492/1626/1220
f 493/1627/1221 487/1619/1213 489/1621/1215
f 194/630/478 190/631/478 195/632/478
f 328/1013/773 321/998/762 323/1000/764
f 230/687/526 231/688/527 232/689/528
f 466/1570/1181 470/1571/1182 474/1572/1182
f 493/1627/1221 494/1628/1222 487/1619/1213
f 225/683/522 212/690/529 215/686/525
f 328/1136/863 303/1137/864 232/1138/865
f 194/564/433 195/565/434 196/566/435
f 212/633/479 210/634/480 214/635/481
f 528/1894/1411 558/1895/1412 559/1896/1411
f 557/1892/1409 556/1889/1406 560/1897/1413
f 232/1134/862 303/1139/866 234/1135/862
f 329/1014/774 319/996/760 321/998/762
f 324/1010/770 330/1015/775 323/1016/776
f 215/636/482 214/635/481 195/637/483
f 495/1629/1223 496/1630/1223 497/1631/1223
f 194/564/433 193/563/432 190/562/431
f 215/636/482 212/633/479 214/635/481
f 510/1766/1314 508/1767/1314 507/1768/1314
f 498/1769/1315 522/1770/1315 501/1771/1315
f 232/689/528 231/688/527 195/691/530
f 471/1573/1183 466/1574/1184 474/1575/1185
f 195/637/483 214/635/481 216/638/484
f 530/1886/1403 532/1898/1414 555/1887/1404
f 560/1899/1415 561/1900/1415 557/1901/1415
f 528/1894/1411 559/1896/1411 529/1902/1416
f 303/952/723 304/953/724 234/954/725
f 194/564/433 196/566/435 193/563/432
f 195/691/530 216/692/531 232/689/528
f 471/1573/1183 474/1575/1185 475/1576/1186
f 331/1017/777 322/1018/777 326/1019/777
f 325/1790/1328 332/1789/1328 318/1793/1331
f 356/1140/867 232/1141/868 233/1142/869
f 478/1632/1224 497/1633/1225 484/1634/1226
f 491/1635/1227 498/1636/1228 499/1637/1229
f 195/691/530 231/688/527 196/693/532
f 491/1625/1219 489/1624/1218 490/1623/1217
f 318/995/759 332/1020/778 320/997/761
f 339/1143/870 321/1144/870 328/1145/870
f 219/694/533 233/695/533 232/696/533
f 501/1772/1316 527/1773/1316 510/1778/1316
f 494/1638/1230 495/1639/1231 497/1640/1232
f 216/692/531 219/697/534 232/689/528
f 557/1903/1417 559/1937/1448 558/1938/1449
f 210/616/468 211/620/471 141/639/485
f 476/1577/1187 468/1560/1175 471/1562/1175
f 304/1021/779 303/1022/779 323/1023/779
f 327/1009/769 322/1011/771 331/1024/780
f 560/1904/1418 562/1905/1419 561/1906/1420
f 563/1907/1421 557/1908/1422 561/1909/1423
f 532/1898/1414 564/1910/1424 555/1887/1404
f 330/1015/775 304/1025/781 323/1016/776
f 319/1794/1332 341/1795/1333 531/1796/1334
f 231/688/527 230/687/526 196/698/535
f 321/1057/799 339/1058/800 329/1059/801
f 232/1138/865 239/1146/871 328/1136/863
f 193/567/436 197/568/436 191/569/437
f 232/1141/868 356/1140/867 239/1147/872
f 326/1026/782 320/997/761 332/1020/778
f 238/955/726 234/954/725 304/953/724
f 234/954/725 238/955/726 305/956/727
f 475/1576/1186 476/1578/1188 471/1573/1183
f 327/1009/769 330/1015/775 324/1010/770
f 493/1627/1221 489/1621/1215 500/1641/1233
f 191/570/438 198/571/439 199/572/438
f 484/1634/1226 497/1633/1225 496/1642/1234
f 199/572/438 200/573/440 191/570/438
f 477/1579/1189 473/1580/1189 478/1581/1189
f 214/635/481 217/640/486 216/638/484
f 565/1911/1425 560/1897/1413 556/1889/1406
f 556/1889/1406 555/1887/1404 564/1910/1424
f 470/1582/1190 474/1583/1190 475/1584/1190
f 234/699/536 235/700/537 230/701/538
f 141/639/485 211/620/471 199/641/487
f 196/574/441 197/568/436 193/567/436
f 491/1625/1219 500/1643/1235 489/1624/1218
f 234/1148/873 305/1149/873 235/1150/873
f 56/642/488 214/643/489 210/644/490
f 562/1905/1419 563/1912/1426 561/1906/1420
f 557/1903/1417 542/1913/1427 559/1937/1448
f 343/1797/1335 532/1819/1353 531/1796/1334
f 501/1644/1236 499/1645/1236 498/1646/1236
f 479/1585/1191 474/1572/1182 470/1571/1182
f 493/1647/1237 502/1648/1238 494/1638/1230
f 470/1586/1192 473/1587/1193 479/1588/1194
f 210/616/468 141/639/485 57/645/491
f 343/1914/1429 566/1915/1430 532/1939/1450
f 507/1666/1250 508/1667/1251 509/1668/1250
f 230/701/538 235/700/537 236/702/539
f 563/1907/1421 542/1916/1431 557/1908/1422
f 495/1639/1231 494/1638/1230 502/1648/1238
f 217/703/540 219/697/534 216/692/531
f 529/1774/1317 511/1775/1317 508/1776/1317
f 507/1669/1252 501/1670/1252 510/1671/1253
f 356/1140/867 233/1142/869 239/1147/872
f 237/704/541 233/722/556 219/705/542
f 529/1917/1432 559/1937/1448 538/1918/1433
f 477/1672/1254 478/1673/1254 484/1674/1254
f 327/1027/783 306/1028/783 330/1029/783
f 476/1589/1195 469/1558/1173 468/1557/1173
f 326/1030/784 306/1031/784 331/1032/784
f 198/575/442 191/569/437 197/568/436
f 508/1675/1255 511/1676/1255 509/1677/1255
f 341/1795/1333 343/1797/1335 531/1796/1334
f 239/1151/874 339/1152/874 328/1153/874
f 238/955/726 235/957/728 305/956/727
f 480/1590/1196 332/1618/1212 472/1591/1197
f 306/1033/785 327/1034/785 331/1035/785
f 484/1649/1239 496/1650/1239 503/1651/1239
f 474/1592/1198 479/1593/1198 475/1594/1198
f 501/1652/1240 500/1643/1235 491/1625/1219
f 493/1627/1221 500/1641/1233 504/1653/1241
f 496/1654/1242 495/1655/1242 503/1656/1242
f 239/1060/802 340/1061/802 339/1062/802
f 319/1063/803 329/1059/801 341/1064/804
f 479/1588/1194 473/1587/1193 477/1595/1199
f 335/1596/1200 332/1618/1212 480/1590/1196
f 105/258/194 106/259/195 43/260/196
f 332/1020/778 333/1036/786 326/1026/782
f 339/1058/800 340/1065/805 329/1059/801
f 342/1066/806 341/1064/804 329/1059/801
f 214/643/489 56/642/488 217/646/492
f 236/706/543 235/707/543 238/708/543
f 106/259/195 107/261/197 108/262/198
f 566/1915/1430 564/1940/1451 532/1939/1450
f 108/361/273 44/362/274 43/363/275
f 43/263/199 106/264/199 108/265/199
f 108/361/273 135/364/276 44/362/274
f 108/361/273 136/365/277 135/364/276
f 495/1657/1243 484/1658/1243 503/1659/1243
f 306/1037/787 304/1038/787 330/1039/787
f 199/641/487 211/620/471 200/647/493
f 106/259/195 105/258/194 107/261/197
f 237/1154/875 239/1147/872 233/1142/869
f 107/261/197 105/258/194 46/266/200
f 500/1643/1235 501/1652/1240 505/1660/1244
f 564/1940/1451 566/1915/1430 541/1919/1434
f 501/1661/1245 491/1635/1227 499/1637/1229
f 326/1026/782 333/1036/786 306/1040/788
f 108/361/273 111/366/278 136/365/277
f 105/267/201 43/268/202 46/269/203
f 556/1889/1406 567/1920/1435 565/1911/1425
f 560/1921/1436 565/1922/1437 547/1923/1438
f 479/1588/1194 481/1597/1201 475/1598/1202
f 567/1920/1435 556/1889/1406 564/1910/1424
f 304/958/729 306/959/730 307/960/731
f 343/1914/1428 533/1924/1439 566/1915/1430
f 502/1662/1246 493/1627/1221 504/1653/1241
f 332/1820/1336 335/1798/1336 334/1799/1336
f 217/646/492 218/648/494 219/649/495
f 481/1599/1203 476/1600/1203 475/1601/1203
f 472/1567/1179 469/1569/1179 482/1602/1204
f 46/269/203 43/268/202 109/270/204
f 43/271/205 42/272/205 46/292/205
f 108/273/206 110/274/207 111/275/208
f 108/273/206 107/261/197 110/274/207
f 42/88/73 43/89/74 44/90/75
f 135/367/279 136/424/313 137/368/280
f 57/650/496 56/657/496 210/651/496
f 238/955/726 304/953/724 308/961/732
f 504/1653/1241 500/1641/1233 505/1663/1247
f 332/1020/778 334/1041/789 333/1036/786
f 46/266/200 112/276/209 107/261/197
f 495/1678/1256 483/1679/1256 484/1680/1256
f 329/1059/801 340/1065/805 342/1066/806
f 44/369/281 135/367/279 125/370/282
f 479/1588/1194 477/1595/1199 483/1603/1205
f 196/574/441 201/576/443 198/575/442
f 111/366/278 137/425/314 136/365/277
f 563/1912/1426 543/1925/1440 542/1941/1452
f 484/1604/1206 483/1605/1206 477/1606/1206
f 125/370/282 48/371/283 44/369/281
f 562/1905/1419 543/1925/1440 563/1912/1426
f 54/577/444 199/578/445 198/575/442
f 199/579/446 48/580/447 140/581/448
f 110/274/207 107/261/197 112/276/209
f 481/1597/1201 479/1588/1194 483/1603/1205
f 480/1590/1196 472/1591/1197 482/1607/1207
f 476/1608/1208 482/1609/1208 469/1610/1208
f 559/1937/1448 542/1913/1427 538/1918/1433
f 48/580/447 199/579/446 49/582/449
f 20/91/76 42/88/73 44/90/75
f 230/701/538 201/709/544 196/710/545
f 567/1942/1453 547/1926/1441 565/1927/1442
f 135/367/279 138/372/284 125/370/282
f 138/372/284 135/367/279 137/368/280
f 343/1067/807 341/1064/804 342/1066/806
f 199/652/497 140/653/497 141/654/497
f 502/1662/1246 506/1664/1248 495/1665/1249
f 56/642/488 218/648/494 217/646/492
f 139/373/285 140/374/286 48/375/287
f 566/1915/1430 533/1924/1439 541/1919/1434
f 343/1821/1337 345/1800/1337 533/1801/1337
f 113/277/210 111/275/208 110/274/207
f 45/583/450 44/584/450 48/585/450
f 196/574/441 198/575/442 197/568/436
f 125/376/288 52/377/288 48/378/288
f 49/586/451 50/587/451 48/588/451
f 44/92/77 45/93/77 20/94/77
f 560/1928/1443 543/1929/1443 562/1930/1443
f 344/1068/808 342/1066/806 340/1065/805
f 541/1919/1434 567/1942/1453 564/1940/1451
f 201/709/544 230/701/538 236/702/539
f 46/95/78 42/88/73 2/96/79
f 502/1662/1246 504/1653/1241 506/1664/1248
f 482/1611/1209 476/1612/1209 481/1613/1209
f 506/1681/1257 483/1682/1257 495/1683/1258
f 219/705/542 218/711/546 237/704/541
f 307/960/731 306/959/730 309/962/733
f 50/589/452 53/590/452 48/591/452
f 550/1931/1444 547/1926/1441 567/1942/1453
f 333/1036/786 311/1042/790 306/1040/788
f 512/1684/1259 501/1670/1252 507/1669/1252
f 47/97/80 45/98/80 48/99/80
f 51/379/289 139/373/285 48/375/287
f 141/380/290 140/381/290 57/382/290
f 511/1932/1445 529/1917/1432 538/1918/1433
f 505/1685/1260 513/1686/1260 501/1687/1260
f 111/366/278 113/383/291 137/425/314
f 49/100/81 24/101/81 50/102/81
f 514/1688/1261 505/1689/1261 501/1690/1261
f 1/278/211 46/266/200 2/279/212
f 505/1691/1262 514/1692/1262 504/1693/1262
f 51/103/82 48/104/83 47/105/83
f 239/712/547 237/704/541 218/711/546
f 48/106/84 52/107/84 47/108/84
f 507/1666/1250 509/1668/1250 514/1694/1263
f 1/278/211 114/280/213 46/266/200
f 504/1695/1264 514/1696/1265 506/1697/1266
f 47/384/292 52/385/292 51/386/292
f 481/1597/1201 483/1603/1205 485/1614/1210
f 514/1698/1267 512/1699/1267 507/1700/1267
f 506/1681/1257 485/1701/1268 483/1682/1257
f 514/1702/1269 501/1703/1269 512/1704/1269
f 172/1069/809 296/1070/809 239/1071/809
f 20/91/76 2/96/79 42/88/73
f 54/592/453 49/582/449 199/579/446
f 137/425/314 113/383/291 117/387/293
f 511/1705/1270 514/1706/1270 509/1707/1270
f 53/109/85 50/110/85 24/111/85
f 49/112/86 54/113/87 24/114/87
f 46/266/200 114/280/213 112/276/209
f 514/1708/1271 511/1709/1271 515/1710/1271
f 560/1933/1446 546/1934/1446 543/1935/1446
f 515/1823/1355 511/1824/1355 538/1825/1355
f 340/1072/810 239/1073/811 296/1074/810
f 47/105/83 48/104/83 25/115/88
f 54/577/444 198/575/442 22/593/454
f 201/709/544 236/702/539 238/713/548
f 48/594/455 53/595/455 25/596/455
f 139/373/285 51/379/289 142/388/294
f 218/648/494 56/642/488 55/655/498
f 47/116/89 25/117/90 45/118/90
f 486/1615/1211 480/1616/1211 482/1617/1211
f 538/1826/1356 539/1827/1356 515/1828/1356
f 310/963/734 238/955/726 308/961/732
f 198/575/442 201/576/443 22/593/454
f 55/131/97 56/132/97 57/133/97
f 506/1697/1266 514/1696/1265 516/1711/1272
f 333/1036/786 334/1041/789 311/1042/790
f 560/1921/1436 547/1923/1438 546/1936/1447
f 202/714/549 201/709/544 238/713/548
f 138/372/284 130/389/295 125/390/296
f 59/391/297 140/392/297 139/393/297
f 550/1931/1444 567/1942/1453 541/1919/1434
f 533/1829/1357 540/1830/1358 541/1831/1359
f 514/1696/1265 515/1712/1273 516/1711/1272
f 506/1697/1266 516/1711/1272 485/1713/1274
f 27/119/91 53/120/91 24/121/91
f 335/1802/1338 480/1803/1339 534/1804/1340
f 542/1832/1360 543/1833/1361 544/1834/1362
f 517/1835/1363 535/1836/1364 485/1837/1365
f 110/274/207 115/281/214 113/277/210
f 545/1838/1366 546/1839/1366 547/1840/1366
f 540/1841/1367 548/1842/1368 541/1843/1368
f 481/1805/1341 535/1806/1342 482/1807/1343
f 538/1844/1369 549/1845/1370 539/1846/1371
f 138/372/284 128/394/298 130/389/295
f 128/394/298 138/372/284 137/368/280
f 24/114/87 54/113/87 22/122/92
f 541/1843/1368 548/1842/1368 550/1847/1372
f 486/1808/1344 482/1807/1343 535/1806/1342
f 517/1714/1275 485/1713/1274 516/1711/1272
f 549/1845/1370 538/1844/1369 542/1832/1360
f 112/276/209 116/282/215 110/274/207
f 25/123/93 53/124/93 27/125/93
f 51/395/299 52/396/299 142/397/299
f 485/1848/1373 535/1849/1373 481/1850/1373
f 22/593/454 201/576/443 30/597/456
f 550/1877/1396 545/1851/1374 547/1852/1375
f 114/280/213 116/282/215 112/276/209
f 311/964/735 309/962/733 306/959/730
f 202/714/549 171/715/550 201/709/544
f 1/1/1 2/2/2 3/3/3
f 544/1834/1362 543/1833/1361 546/1853/1376
f 45/118/90 25/117/90 20/126/94
f 20/91/76 4/127/95 2/96/79
f 115/281/214 117/283/216 113/277/210
f 534/1804/1340 480/1803/1339 486/1809/1345
f 544/1834/1362 551/1854/1377 542/1832/1360
f 335/1802/1338 534/1804/1340 336/1810/1346
f 516/1855/1378 552/1856/1379 517/1835/1363
f 551/1857/1380 516/1855/1378 515/1858/1381
f 344/1068/808 295/1075/812 342/1066/806
f 343/1067/807 342/1066/806 345/1076/813
f 25/128/96 21/129/96 20/130/96
f 517/1835/1363 552/1856/1379 537/1859/1382
f 140/398/300 59/399/301 57/400/301
f 544/1860/1383 546/1861/1383 551/1862/1383
f 128/394/298 137/368/280 117/426/315
f 118/284/217 110/274/207 116/282/215
f 84/285/218 117/283/216 115/281/214
f 114/280/213 1/278/211 116/282/215
f 537/1859/1382 535/1836/1364 517/1835/1363
f 550/1877/1396 548/1863/1384 553/1864/1385
f 124/401/302 52/402/302 125/403/302
f 52/404/303 121/405/303 142/406/303
f 338/1865/1386 540/1830/1358 533/1829/1357
f 4/4/4 3/5/4 2/33/4
f 549/1866/1387 515/1858/1381 539/1867/1388
f 345/1076/813 342/1066/806 295/1075/812
f 553/1868/1389 552/1856/1379 516/1855/1378
f 552/1869/1390 553/1864/1385 548/1863/1384
f 238/955/726 310/963/734 202/965/736
f 534/1804/1340 486/1809/1345 536/1811/1347
f 139/407/304 142/408/304 121/409/304
f 549/1845/1370 542/1832/1360 551/1854/1377
f 549/1866/1387 551/1857/1380 515/1858/1381
f 340/1072/810 296/1074/810 299/1077/814
f 548/1870/1391 540/1871/1392 552/1856/1379
f 338/1812/1348 533/1813/1348 345/1814/1348
f 545/1851/1374 550/1877/1396 553/1864/1385
f 118/284/217 115/281/214 110/274/207
f 311/1043/791 334/1044/792 313/1045/793
f 540/1871/1392 537/1859/1382 552/1856/1379
f 59/410/305 139/411/305 121/412/305
f 257/966/737 310/963/734 308/961/732
f 535/1806/1342 536/1815/1349 486/1808/1344
f 516/1855/1378 551/1857/1380 553/1868/1389
f 307/967/738 309/968/738 256/969/738
f 118/284/217 116/282/215 88/286/219
f 535/1872/1393 537/1873/1393 536/1874/1393
f 340/1065/805 299/1078/815 344/1068/808
f 3/6/5 4/7/5 5/8/5
f 338/1878/1397 537/1859/1382 540/1871/1392
f 553/1868/1389 551/1857/1380 546/1875/1394
f 546/1875/1394 545/1876/1395 553/1868/1389
f 257/966/737 308/961/732 258/970/739
f 20/38/30 21/39/31 4/40/32
f 335/1046/794 336/1047/795 313/1045/793
f 22/41/33 23/42/34 24/43/35
f 310/963/734 257/966/737 202/965/736
f 121/413/306 52/414/306 124/415/306
f 125/390/296 130/389/295 126/416/307
f 304/958/729 263/971/740 262/972/741
f 262/973/742 308/974/742 304/975/743
f 117/426/315 119/417/308 128/394/298
f 313/1045/793 334/1044/792 335/1046/794
f 263/971/740 304/958/729 307/960/731
f 201/576/443 171/598/457 30/597/456
f 336/1810/1346 534/1804/1340 536/1811/1347
f 25/44/36 26/45/36 21/46/36
f 27/47/37 26/48/38 25/49/39
f 256/976/744 263/977/744 307/978/744
f 57/400/301 59/399/301 55/418/309
f 312/979/745 309/980/746 311/981/747
f 6/9/6 1/1/1 3/3/3
f 4/10/7 7/11/8 5/12/9
f 536/1811/1347 337/1816/1350 336/1810/1346
f 256/982/748 309/983/748 254/984/748
f 336/1810/1346 337/1816/1350 313/1817/1351
f 537/1818/1352 338/1822/1354 536/1811/1347
f 55/716/551 239/712/547 218/711/546
f 27/50/40 24/51/41 23/52/42
f 3/3/3 5/12/9 7/11/8
f 119/417/308 117/426/315 84/419/310
f 337/1816/1350 536/1811/1347 338/1822/1354
f 311/981/747 313/985/749 312/979/745
f 89/287/220 88/286/219 116/282/215
f 312/979/745 254/986/750 309/980/746
f 258/987/751 308/974/742 262/973/742
f 274/1079/816 345/1080/817 295/1081/818
f 26/48/38 27/47/37 28/53/43
f 1/1/1 6/9/6 8/13/10
f 6/9/6 3/3/3 7/11/8
f 23/42/34 22/41/33 29/54/44
f 121/420/311 124/421/311 122/422/311
f 295/1075/812 344/1068/808 299/1082/819
f 115/281/214 118/284/217 85/288/221
f 313/1054/796 337/1048/796 312/1049/796
f 22/55/45 30/56/46 31/57/47
f 22/58/48 31/57/47 29/59/49
f 32/60/50 21/61/50 26/62/50
f 84/285/218 115/281/214 85/288/221
f 337/1055/797 338/1050/797 254/1051/797
f 118/284/217 88/286/219 85/288/221
f 27/50/40 23/52/42 28/63/51
f 274/1079/816 338/1083/820 345/1080/817
f 7/11/8 4/10/7 6/9/6
f 86/293/225 119/294/226 84/295/227
f 23/52/42 33/64/52 28/63/51
f 337/1052/798 254/1053/798 312/1056/798
f 338/1083/820 274/1079/816 254/1084/821
f 172/717/552 239/712/547 55/716/551
f 84/218/160 85/219/161 86/220/162
f 89/289/222 116/282/215 1/278/211
f 276/900/682 274/901/682 295/902/682
f 120/296/228 121/297/228 122/298/228
f 29/54/44 33/65/53 23/42/34
f 123/299/229 122/300/230 124/301/231
f 34/510/389 30/511/389 171/512/389
f 202/965/736 257/966/737 174/988/752
f 120/302/232 59/303/232 121/304/232
f 9/14/11 6/9/6 4/10/7
f 171/599/458 202/600/458 34/601/458
f 10/15/12 9/14/11 4/10/7
f 128/394/298 131/423/312 130/389/295
f 125/305/233 126/306/234 124/307/234
f 274/903/683 255/904/683 254/905/683
f 31/57/47 30/56/46 34/66/54
f 8/290/223 89/289/222 1/278/211
f 174/718/553 34/719/553 202/723/553
f 119/308/235 127/309/236 128/310/237
f 87/221/163 88/222/164 89/223/165
f 119/294/226 86/293/225 127/309/236
f 4/40/32 21/39/31 15/67/55
f 129/311/238 59/312/238 120/313/238
f 8/13/10 6/9/6 9/14/11
f 172/513/390 55/514/391 173/515/392
f 274/906/684 276/907/684 273/908/684
f 126/314/239 130/315/240 131/316/241
f 127/309/236 131/316/241 128/310/237
f 273/850/643 255/851/644 274/852/645
f 296/909/685 172/910/686 297/911/686
f 123/299/229 120/317/242 122/300/230
f 31/57/47 35/68/56 29/59/49
f 90/224/166 86/220/162 85/219/161
f 36/69/57 28/70/58 33/71/57
f 35/68/56 31/57/47 34/66/54
f 58/134/98 55/214/98 59/135/98
f 10/34/26 4/35/27 11/16/13
f 172/910/686 298/912/687 297/911/686
f 89/289/222 8/290/223 87/291/224
f 275/853/646 273/895/646 276/854/646
f 277/855/647 255/851/644 273/850/643
f 32/72/59 26/73/60 15/74/61
f 9/14/11 10/15/12 12/17/14
f 254/796/606 255/797/607 256/798/608
f 13/18/15 12/17/14 10/15/12
f 35/75/62 37/76/62 29/77/62
f 174/516/393 175/517/394 34/557/428
f 85/219/161 88/222/164 91/225/167
f 37/78/63 35/68/56 34/66/54
f 15/67/55 21/39/31 32/79/64
f 36/80/65 26/48/38 28/53/43
f 29/54/44 37/81/66 33/65/53
f 15/74/61 26/73/60 38/82/67
f 93/318/243 127/309/236 86/293/225
f 273/1385/1035 425/1386/1036 277/1387/1037
f 255/856/648 277/857/649 278/858/648
f 273/1385/1035 275/1388/1038 426/1389/1039
f 91/225/167 90/224/166 85/219/161
f 120/317/242 123/299/229 129/319/244
f 39/83/68 36/69/57 33/71/57
f 9/14/11 12/17/14 14/19/16
f 14/20/17 12/21/17 13/22/17
f 273/1385/1035 426/1389/1039 425/1386/1036
f 298/913/688 172/949/721 173/914/689
f 277/1390/1040 425/1391/1041 407/1392/1042
f 257/799/609 258/800/610 259/801/611
f 174/915/690 261/916/691 175/917/692
f 92/226/168 93/227/169 86/220/162
f 255/797/607 260/802/612 256/798/608
f 15/23/18 11/24/19 4/25/20
f 55/514/391 58/518/395 173/515/392
f 58/320/245 59/321/246 60/322/247
f 276/950/722 280/918/693 275/919/694
f 14/26/21 13/27/21 10/28/21
f 426/1427/1071 411/1428/1072 425/1429/1073
f 275/1388/1038 427/1393/1043 426/1389/1039
f 26/48/38 36/80/65 38/84/69
f 255/856/648 278/858/648 265/859/650
f 126/306/234 123/323/248 124/307/234
f 407/1392/1042 278/1394/1044 277/1390/1040
f 436/1430/1074 437/1431/1075 438/1432/1076
f 90/224/166 92/226/168 86/220/162
f 126/314/239 131/316/241 127/309/236
f 299/920/695 300/921/696 295/922/697
f 129/319/244 123/299/229 132/324/249
f 437/1431/1075 439/1433/1077 438/1432/1076
f 87/221/163 91/225/167 88/222/164
f 436/1430/1074 440/1434/1078 437/1431/1075
f 426/1435/1079 441/1436/1080 411/1437/1081
f 40/85/70 37/78/63 34/66/54
f 438/1438/1082 442/1439/1083 443/1440/1084
f 265/1395/1045 278/1394/1044 409/1396/1046
f 16/29/22 8/13/10 9/14/11
f 441/1436/1080 426/1435/1079 440/1434/1078
f 257/799/609 259/801/611 261/803/613
f 436/1430/1074 438/1438/1082 443/1440/1084
f 436/1430/1074 441/1436/1080 440/1434/1078
f 126/325/250 132/326/250 123/327/250
f 262/804/614 263/805/615 264/806/615
f 444/1441/1085 442/1442/1086 438/1443/1087
f 33/65/53 37/81/66 39/86/71
f 443/1440/1084 384/1444/1088 436/1430/1074
f 300/923/698 276/924/698 295/925/698
f 436/1430/1074 384/1444/1088 441/1436/1080
f 299/926/699 296/927/700 301/928/700
f 426/1445/1089 427/1446/1090 428/1447/1091
f 425/1429/1073 411/1428/1072 407/1448/1092
f 441/1436/1080 384/1444/1088 410/1449/1093
f 90/224/166 91/225/167 94/228/170
f 129/328/251 132/329/252 66/330/252
f 9/14/11 14/19/16 16/29/22
f 445/1450/1094 442/1442/1086 444/1441/1085
f 442/1451/1095 445/1452/1096 443/1453/1096
f 279/860/651 275/896/651 280/861/651
f 127/309/236 93/318/243 99/331/253
f 257/929/701 261/916/691 174/915/690
f 439/1454/1097 446/1455/1097 438/1456/1097
f 16/229/171 87/230/172 8/231/173
f 297/930/702 301/928/700 296/927/700
f 411/1437/1081 441/1436/1080 410/1449/1093
f 87/221/163 95/232/174 91/225/167
f 440/1457/1098 426/1445/1089 447/1458/1099
f 260/802/612 255/797/607 265/807/616
f 437/1459/1100 446/1460/1100 439/1461/1100
f 448/1462/1101 443/1463/1101 449/1464/1101
f 11/16/13 14/36/28 10/34/26
f 87/230/172 16/229/171 95/232/174
f 129/332/254 60/322/247 59/321/246
f 280/918/693 276/950/722 300/921/696
f 58/215/157 60/136/99 61/137/100
f 394/1465/1102 443/1440/1084 448/1466/1103
f 299/920/695 301/931/703 300/921/696
f 407/1307/992 408/1308/992 409/1309/992
f 258/808/617 262/809/618 264/810/617
f 176/519/396 40/520/397 34/557/428
f 58/518/395 143/521/398 173/515/392
f 37/81/66 41/87/72 39/86/71
f 126/314/239 127/309/236 99/331/253
f 36/138/101 39/139/101 62/140/101
f 409/1396/1046 278/1394/1044 407/1392/1042
f 94/228/170 91/225/167 95/232/174
f 94/228/170 92/226/168 90/224/166
f 410/1310/993 384/1311/993 387/1312/993
f 93/318/243 92/333/255 99/331/253
f 15/23/18 17/30/23 11/24/19
f 448/1467/1104 395/1468/1104 394/1469/1104
f 256/811/619 266/812/619 263/813/619
f 440/1470/1105 447/1471/1105 437/1492/1105
f 443/1440/1084 394/1465/1102 384/1444/1088
f 410/1472/1106 389/1473/1106 411/1474/1106
f 34/557/428 175/517/394 176/519/396
f 428/1447/1091 447/1458/1099 426/1445/1089
f 410/1313/994 387/1314/994 389/1315/994
f 411/1316/995 389/1317/995 412/1318/995
f 443/1475/1107 395/1476/1107 449/1477/1107
f 282/932/704 279/933/705 280/918/693
f 129/334/256 66/335/256 68/336/256
f 411/1397/1047 412/1398/1047 408/1399/1047
f 132/329/252 67/337/257 66/330/252
f 256/814/620 260/848/641 266/815/621
f 411/1428/1072 408/1478/1108 407/1448/1092
f 394/1243/949 395/1244/950 385/1245/950
f 60/322/247 68/338/258 73/339/259
f 395/1479/1109 448/1480/1109 449/1481/1109
f 384/1246/951 394/1247/951 385/1248/951
f 395/1482/1110 443/1483/1110 450/1484/1110
f 61/427/316 143/428/317 58/429/318
f 63/141/102 38/142/103 64/143/104
f 259/816/622 258/808/617 264/810/617
f 92/226/168 94/228/170 96/233/175
f 384/1306/952 383/1249/952 387/1250/952
f 438/1493/1114 446/1494/1115 451/1495/1116
f 14/36/28 18/31/24 16/37/29
f 11/16/13 19/32/25 14/36/28
f 300/921/696 282/932/704 280/918/693
f 261/916/691 179/934/706 175/917/692
f 132/340/260 126/341/260 67/342/260
f 14/36/28 19/32/25 18/31/24
f 454/1496/1117 446/1497/1118 437/1498/1119
f 65/144/105 15/145/106 38/146/105
f 17/147/107 19/148/108 11/149/109
f 444/1485/1111 438/1486/1111 451/1487/1111
f 38/142/103 36/150/110 64/143/104
f 133/343/261 126/314/239 99/331/253
f 383/1205/919 384/1206/920 385/1207/921
f 428/1400/1048 427/1393/1043 279/1401/1049
f 259/801/611 264/817/623 261/803/613
f 386/1208/922 387/1209/923 383/1205/919
f 63/151/111 64/152/111 65/153/111
f 385/1207/921 388/1210/924 383/1205/919
f 66/154/112 67/155/113 63/156/113
f 38/146/105 63/157/114 65/144/105
f 129/332/254 68/338/258 60/322/247
f 63/158/115 66/159/115 64/160/115
f 387/1211/925 386/1212/926 389/1213/926
f 63/141/102 68/161/116 66/162/117
f 97/234/176 95/232/174 16/229/171
f 445/1499/1120 444/1500/1121 455/1501/1122
f 134/344/262 126/345/262 133/346/262
f 98/235/177 94/228/170 95/232/174
f 69/163/118 41/164/118 37/165/118
f 67/155/113 70/166/119 63/156/113
f 97/234/176 16/229/171 18/236/178
f 396/1251/953 391/1252/953 385/1253/953
f 279/1401/1049 427/1393/1043 275/1388/1038
f 17/167/120 15/168/121 65/169/122
f 177/522/399 176/519/396 175/517/394
f 383/1205/919 388/1210/924 357/1214/927
f 383/1205/919 357/1214/927 386/1208/922
f 134/347/263 75/348/264 126/349/265
f 385/1254/954 397/1255/954 396/1256/954
f 41/170/123 71/171/124 39/172/125
f 62/173/126 64/174/126 36/175/126
f 397/1257/955 385/1245/950 395/1244/950
f 388/1210/924 390/1215/928 357/1214/927
f 266/815/621 260/848/641 267/818/624
f 65/169/122 70/176/127 17/167/120
f 94/228/170 98/235/177 96/233/175
f 67/350/266 126/351/266 70/352/266
f 391/1216/929 362/1217/929 385/1218/929
f 264/806/615 263/805/615 266/819/625
f 68/177/128 72/178/129 73/179/130
f 63/141/102 64/143/104 68/161/116
f 390/1219/930 388/1220/931 392/1221/932
f 447/1502/1123 454/1496/1117 437/1498/1119
f 388/1222/933 362/1223/934 392/1224/935
f 99/237/179 92/226/168 100/238/180
f 428/1503/1124 456/1504/1125 447/1505/1126
f 70/180/131 65/181/131 64/182/131
f 62/183/132 39/184/132 64/185/132
f 397/1258/956 395/1259/957 398/1260/958
f 37/186/133 40/187/134 69/188/135
f 413/1319/996 412/1320/996 389/1321/996
f 388/1222/933 385/1225/936 362/1223/934
f 297/935/707 298/913/688 178/936/708
f 360/1226/937 386/1208/922 357/1214/927
f 70/189/136 64/190/136 63/191/136
f 92/226/168 96/233/175 100/238/180
f 414/1322/997 408/1323/998 412/1324/999
f 457/1506/1127 451/1495/1116 446/1494/1115
f 415/1325/1000 409/1326/1000 408/1327/1000
f 39/172/125 71/171/124 64/143/104
f 173/914/689 178/936/708 298/913/688
f 68/161/116 64/143/104 71/171/124
f 41/192/137 69/193/138 72/178/129
f 133/353/267 99/360/272 100/354/268
f 75/355/269 70/356/269 126/357/269
f 457/1507/1128 446/1497/1118 454/1496/1117
f 74/194/139 70/176/127 75/195/140
f 376/1227/938 389/1213/926 386/1212/926
f 265/897/679 281/862/652 260/863/653
f 173/515/392 143/521/398 178/523/400
f 40/187/134 76/196/141 69/188/135
f 18/236/178 101/239/181 97/234/176
f 70/176/127 74/194/139 17/167/120
f 75/348/264 134/347/263 81/358/270
f 261/803/613 182/820/626 179/821/627
f 179/524/401 177/522/399 175/517/394
f 96/233/175 98/235/177 82/240/182
f 415/1328/1001 408/1329/1001 414/1330/1001
f 260/863/653 281/862/652 267/864/654
f 41/192/137 72/178/129 71/197/142
f 68/177/128 71/197/142 72/178/129
f 282/932/704 300/921/696 301/931/703
f 376/1331/1002 393/1332/1002 389/1333/1002
f 455/1508/1129 444/1509/1130 451/1495/1116
f 456/1510/1131 454/1496/1117 447/1502/1123
f 279/898/680 282/865/655 283/866/655
f 19/216/158 77/198/143 18/199/144
f 78/200/145 19/148/108 17/147/107
f 392/1224/935 362/1223/934 366/1228/939
f 81/358/270 134/347/263 133/353/267
f 82/240/182 100/238/180 96/233/175
f 395/1511/1132 450/1512/1133 399/1513/1134
f 390/1215/928 358/1229/940 357/1214/927
f 102/359/271 133/353/267 100/354/268
f 98/235/177 95/232/174 97/234/176
f 428/1503/1124 430/1514/1135 456/1504/1125
f 73/201/146 72/202/147 79/203/148
f 143/521/398 180/525/402 178/523/400
f 143/428/317 61/427/316 144/430/319
f 40/526/403 176/527/403 146/528/403
f 412/1334/1003 413/1335/1003 416/1336/1003
f 428/1503/1124 279/1515/1136 430/1514/1135
f 18/236/178 77/241/183 101/239/181
f 392/1221/932 366/1241/948 365/1230/941
f 443/1453/1096 445/1452/1096 452/1488/1112
f 412/1324/999 417/1337/1004 414/1322/997
f 102/359/271 81/358/270 133/353/267
f 390/1219/930 392/1221/932 365/1230/941
f 429/1402/1050 279/1426/1050 283/1403/1051
f 80/204/149 19/216/158 78/205/150
f 74/206/151 75/207/151 81/208/151
f 80/204/149 77/198/143 19/216/158
f 102/242/184 100/238/180 82/240/182
f 430/1404/1052 279/1426/1050 429/1402/1050
f 72/209/152 69/188/135 76/196/141
f 78/200/145 17/147/107 74/217/159
f 390/1219/930 365/1230/941 358/1231/942
f 97/234/176 101/239/181 103/243/185
f 452/1516/1137 445/1499/1120 455/1501/1122
f 74/217/159 82/210/153 78/200/145
f 60/211/154 79/203/148 83/212/155
f 297/937/709 302/938/710 301/939/711
f 98/235/177 97/234/176 82/240/182
f 82/240/182 97/234/176 103/243/185
f 455/1508/1129 451/1495/1116 457/1506/1127
f 181/529/404 176/519/396 177/522/399
f 393/1338/1005 418/1339/1006 389/1340/1007
f 454/1517/1138 456/1518/1139 458/1519/1140
f 281/1341/1008 265/1342/1009 409/1343/1010
f 301/931/703 302/940/712 289/941/713
f 77/241/183 80/244/186 101/239/181
f 443/1489/1113 453/1490/1113 450/1491/1113
f 81/245/187 82/240/182 74/246/188
f 80/247/189 78/248/189 82/249/189
f 396/1261/959 397/1262/960 398/1263/959
f 459/1520/1141 455/1521/1142 457/1522/1143
f 357/1155/876 358/1156/877 359/1157/878
f 371/1232/943 393/1233/944 376/1234/943
f 301/931/703 289/941/713 282/932/704
f 416/1344/1011 413/1345/1011 389/1346/1011
f 145/431/320 143/428/317 144/430/319
f 102/242/184 82/240/182 81/245/187
f 73/201/146 79/203/148 60/211/154
f 80/250/190 103/251/190 104/252/190
f 417/1347/1012 412/1348/1012 416/1349/1012
f 103/243/185 101/239/181 104/253/191
f 80/254/192 82/255/192 103/256/192
f 261/803/613 264/817/623 182/820/626
f 457/1523/1144 454/1517/1138 458/1519/1140
f 83/213/156 61/137/100 60/136/99
f 104/257/193 101/239/181 80/244/186
f 281/1341/1008 409/1343/1010 419/1350/1013
f 359/1157/878 360/1158/879 357/1155/876
f 453/1524/1145 399/1513/1134 450/1512/1133
f 373/1351/1014 418/1339/1006 393/1338/1005
f 267/818/624 268/822/628 266/815/621
f 269/823/629 266/824/629 270/825/629
f 180/525/402 143/521/398 145/530/405
f 430/1405/1053 429/1406/1054 431/1407/1055
f 399/1264/961 398/1260/958 395/1259/957
f 146/432/321 76/433/322 40/434/323
f 409/1352/1015 415/1353/1016 419/1354/1016
f 289/941/713 284/942/714 282/932/704
f 460/1525/1146 443/1526/1146 452/1527/1146
f 266/826/630 269/827/630 271/828/630
f 363/1265/962 362/1266/963 391/1267/964
f 177/522/399 179/524/401 181/529/404
f 443/1528/1147 460/1529/1148 453/1524/1145
f 358/1156/877 361/1159/880 359/1157/878
f 430/1530/1149 432/1531/1150 456/1518/1139
f 458/1519/1140 459/1532/1151 457/1523/1144
f 362/1160/881 363/1161/881 364/1162/881
f 389/1355/1017 420/1356/1017 416/1357/1017
f 360/1235/945 369/1236/945 386/1237/945
f 266/829/631 272/830/631 264/831/631
f 181/529/404 179/524/401 182/531/406
f 415/1358/1018 414/1359/1018 421/1360/1018
f 283/1408/1056 431/1407/1055 429/1406/1054
f 282/865/655 284/867/656 283/866/655
f 272/832/632 242/833/632 264/834/633
f 420/1361/1019 389/1340/1007 418/1339/1006
f 146/432/321 147/435/324 76/433/322
f 373/1351/1014 393/1338/1005 371/1362/1020
f 176/519/396 149/532/407 146/533/408
f 414/1322/997 417/1337/1004 421/1363/1021
f 176/519/396 181/529/404 183/534/409
f 302/938/710 185/943/715 241/944/716
f 83/436/325 144/430/319 61/427/316
f 297/937/709 185/943/715 302/938/710
f 365/1163/883 366/1164/884 367/1165/885
f 365/1163/882 361/1166/886 358/1167/887
f 285/868/657 267/864/654 281/862/652
f 266/835/634 268/836/634 270/837/634
f 149/532/407 176/519/396 183/534/409
f 266/838/635 271/839/635 272/840/635
f 178/936/708 185/945/717 297/935/707
f 148/437/326 72/438/326 76/439/327
f 361/1168/888 368/1169/889 359/1170/890
f 459/1520/1141 461/1533/1152 455/1521/1142
f 360/1171/891 359/1170/890 368/1169/889
f 431/1407/1055 432/1409/1057 430/1405/1053
f 72/438/326 148/437/326 79/440/328
f 455/1521/1142 461/1533/1152 460/1534/1153
f 369/1172/892 360/1173/892 370/1174/892
f 268/869/658 267/864/654 285/868/657
f 462/1535/1154 458/1519/1140 456/1518/1139
f 386/1238/946 369/1239/946 376/1242/946
f 241/946/718 289/951/718 302/947/719
f 461/1536/1155 459/1532/1151 458/1519/1140
f 396/1261/959 398/1263/959 400/1268/965
f 372/1240/947 371/1232/943 376/1234/943
f 455/1501/1122 460/1537/1156 452/1516/1137
f 371/1175/893 372/1176/894 373/1177/895
f 149/441/329 147/442/329 146/443/329
f 289/951/718 241/946/718 291/948/720
f 365/1163/882 374/1178/896 361/1166/886
f 145/444/330 144/445/331 150/446/332
f 365/1163/882 375/1179/897 374/1178/896
f 184/535/410 145/536/411 150/537/412
f 178/724/557 180/725/557 185/726/557
f 145/530/405 185/538/413 180/525/402
f 281/862/652 286/870/659 285/868/657
f 270/871/660 287/872/660 269/873/660
f 181/529/404 186/539/414 183/534/409
f 83/447/333 151/448/334 144/445/331
f 375/1179/897 365/1163/883 367/1165/885
f 368/1169/889 370/1180/898 360/1171/891
f 281/1410/1058 294/1411/1058 286/1412/1058
f 182/849/642 264/841/636 240/842/637
f 272/832/632 241/843/638 242/833/632
f 151/448/334 150/446/332 144/445/331
f 420/1361/1019 418/1339/1006 373/1351/1014
f 272/844/639 271/845/639 241/846/639
f 186/539/414 184/535/410 183/534/409
f 361/1168/888 374/1181/899 368/1169/889
f 456/1518/1139 432/1531/1150 462/1535/1154
f 461/1536/1155 458/1519/1140 460/1538/1157
f 416/1364/1022 420/1365/1023 422/1366/1024
f 182/727/558 240/728/558 181/729/558
f 240/842/637 264/841/636 242/847/640
f 362/1182/900 367/1165/885 366/1164/884
f 184/535/410 186/539/414 145/536/411
f 287/874/661 268/869/658 285/868/657
f 288/875/662 283/876/663 284/899/681
f 186/539/414 185/540/415 145/536/411
f 241/730/559 185/731/559 242/732/559
f 417/1367/1025 416/1368/1025 422/1369/1025
f 284/899/681 289/877/664 290/878/665
f 183/534/409 154/541/416 149/532/407
f 268/879/666 287/880/666 270/881/666
f 183/534/409 184/535/410 154/541/416
f 463/1539/1158 453/1524/1145 460/1529/1148
f 83/449/335 152/450/336 151/451/337
f 186/733/560 181/795/605 185/734/561
f 153/452/338 147/453/339 149/508/387
f 453/1524/1145 463/1539/1158 399/1513/1134
f 150/454/340 151/451/337 152/450/336
f 240/735/562 242/736/563 185/734/561
f 398/1269/966 399/1270/966 400/1271/966
f 284/899/681 290/878/665 288/875/662
f 241/882/667 271/883/668 291/884/669
f 283/1408/1056 433/1413/1059 431/1407/1055
f 285/885/670 286/886/671 292/887/672
f 154/455/341 153/452/338 149/508/387
f 271/888/673 269/889/674 293/890/674
f 417/1370/1026 422/1371/1026 423/1372/1026
f 240/735/562 185/734/561 181/795/605
f 432/1531/1150 434/1540/1159 462/1535/1154
f 422/1366/1024 420/1365/1023 423/1373/1027
f 289/877/664 291/884/669 290/878/665
f 372/1176/894 376/1183/901 369/1184/902
f 377/1185/903 362/1186/903 364/1187/903
f 150/542/417 152/543/418 187/544/419
f 148/456/342 76/457/342 147/458/342
f 271/883/668 293/891/675 291/884/669
f 402/1374/1028 420/1375/1028 373/1376/1028
f 433/1413/1059 432/1409/1057 431/1407/1055
f 373/1177/895 372/1176/894 369/1184/902
f 150/542/417 187/544/419 184/545/420
f 188/546/421 184/545/420 187/544/419
f 362/1188/904 377/1189/905 367/1190/906
f 293/890/674 269/889/674 287/892/676
f 458/1519/1140 405/1541/1160 403/1542/1161
f 155/459/343 148/460/344 147/461/345
f 399/1513/1134 463/1539/1158 401/1543/1162
f 391/1267/964 400/1272/967 363/1265/962
f 417/1337/1004 423/1377/1029 421/1363/1021
f 434/1414/1060 432/1409/1057 433/1413/1059
f 294/1415/1061 281/1416/1062 419/1417/1063
f 415/1378/1030 421/1379/1030 424/1380/1030
f 405/1541/1160 458/1519/1140 462/1535/1154
f 400/1273/968 391/1274/968 396/1275/968
f 154/547/422 161/548/423 153/549/424
f 290/878/665 293/891/675 288/875/662
f 287/893/677 285/885/670 292/887/672
f 420/1365/1023 402/1384/1034 423/1373/1027
f 153/462/346 156/463/346 147/464/346
f 189/550/425 161/548/423 154/547/422
f 415/1353/1016 424/1381/1031 419/1354/1016
f 189/550/425 154/547/422 184/545/420
f 463/1544/1163 460/1538/1157 401/1545/1164
f 367/1165/885 378/1191/907 375/1179/897
f 290/878/665 291/884/669 293/891/675
f 79/465/347 148/460/344 155/459/343
f 288/875/662 293/891/675 292/887/672
f 374/1178/896 375/1179/897 378/1191/907
f 399/1276/969 401/1277/969 400/1278/969
f 405/1541/1160 462/1535/1154 434/1540/1159
f 287/893/677 292/887/672 293/891/675
f 286/886/671 294/894/678 292/887/672
f 294/1415/1061 419/1417/1063 424/1418/1064
f 403/1542/1161 460/1538/1157 458/1519/1140
f 283/1408/1056 288/1419/1065 433/1413/1059
f 294/1420/1066 424/1421/1067 288/1419/1065
f 373/1279/970 369/1280/971 402/1281/972
f 184/545/420 188/546/421 189/550/425
f 403/1542/1161 401/1545/1164 460/1538/1157
f 288/875/662 292/887/672 294/894/678
f 378/1192/908 368/1169/889 374/1181/899
f 421/1363/1021 423/1377/1029 424/1382/1032
f 363/1282/973 400/1283/974 364/1284/974
f 156/551/426 153/552/426 161/553/426
f 434/1546/1165 435/1547/1166 405/1548/1166
f 288/1419/1065 424/1421/1067 433/1413/1059
f 435/1422/1068 424/1423/1068 423/1424/1069
f 400/1283/974 377/1285/975 364/1284/974
f 423/1373/1027 402/1384/1034 405/1383/1033
f 157/466/348 152/467/349 83/468/350
f 403/1286/976 400/1287/977 401/1288/978
f 423/1549/1167 405/1548/1166 435/1547/1166
f 404/1289/979 377/1290/980 400/1291/981
f 188/737/564 187/738/565 243/739/566
f 434/1425/1070 424/1423/1068 435/1422/1068
f 152/740/567 165/741/567 187/742/567
f 434/1414/1060 433/1413/1059 424/1421/1067
f 244/743/568 245/744/569 187/745/570
f 188/737/564 243/739/566 189/746/571
f 402/1281/972 381/1292/982 405/1293/983
f 405/1294/984 381/1295/985 403/1286/976
f 368/1169/889 379/1193/909 370/1194/910
f 367/1190/906 380/1195/911 378/1196/912
f 369/1280/971 381/1292/982 402/1281/972
f 369/1197/913 379/1198/914 381/1199/915
f 367/1190/906 377/1189/905 380/1195/911
f 400/1296/986 382/1297/986 404/1298/986
f 187/745/570 245/744/569 243/747/572
f 400/1287/977 403/1286/976 382/1299/987
f 379/1198/914 369/1197/913 370/1200/916
f 243/747/572 245/744/569 246/748/573
f 368/1169/889 378/1192/908 380/1201/917
f 379/1193/909 368/1169/889 380/1201/917
f 403/1286/976 381/1295/985 382/1299/987
f 382/1300/988 377/1290/980 404/1289/979
f 147/469/351 156/470/352 158/471/353
f 379/1301/989 382/1299/987 381/1295/985
f 379/1202/918 380/1203/918 382/1204/918
f 244/749/574 246/750/575 245/751/576
f 83/472/354 79/509/388 159/473/355
f 382/1300/988 380/1302/990 377/1290/980
f 382/1303/991 377/1304/991 406/1305/991
f 79/509/388 155/474/356 160/475/357
f 157/466/348 83/468/350 159/476/358
f 161/477/359 158/471/353 156/470/352
f 247/752/577 244/753/577 187/754/578
f 162/478/360 152/467/349 157/466/348
f 247/752/577 248/755/579 244/753/577
f 163/554/427 161/555/427 189/556/427
f 158/479/361 155/480/361 147/481/361
f 158/482/362 160/475/357 155/474/356
f 79/509/388 160/475/357 159/473/355
f 248/756/580 246/750/575 244/749/574
f 161/477/359 163/483/363 158/471/353
f 249/757/581 189/758/582 243/759/583
f 164/484/364 159/473/355 160/475/357
f 187/760/584 250/761/584 247/762/584
f 157/485/365 159/486/366 164/487/367
f 162/478/360 165/488/368 152/467/349
f 164/489/369 160/490/370 166/491/370
f 164/487/367 167/492/371 157/485/365
f 166/491/370 160/490/370 168/493/372
f 168/494/373 160/475/357 158/482/362
f 243/763/585 169/764/585 249/765/585
f 243/766/586 246/767/587 251/768/586
f 250/769/588 187/770/588 165/771/588
f 162/495/374 157/485/365 167/492/371
f 251/772/589 246/750/575 248/756/580
f 189/758/582 249/757/581 163/773/590
f 243/766/586 251/768/586 169/774/591
f 164/496/375 166/497/376 167/498/377
f 168/499/378 158/500/379 163/501/380
f 167/492/371 165/502/381 162/495/374
f 248/775/592 247/776/593 250/777/592
f 169/503/382 168/499/378 163/501/380
f 248/756/580 252/778/594 251/772/589
f 170/504/383 167/498/377 166/497/376
f 166/497/376 168/505/384 169/506/385
f 250/777/592 253/779/595 248/775/592
f 253/780/596 252/778/594 248/756/580
f 249/781/597 169/782/597 163/783/597
f 170/504/383 165/507/386 167/498/377
f 170/784/598 169/785/598 250/786/598
f 165/787/599 170/788/599 250/789/599
f 170/504/383 166/497/376 169/506/385
f 252/790/600 253/791/601 250/792/602
f 250/792/602 169/793/603 252/790/600
f 251/794/604 252/790/600 169/793/603
