# Delivery Dash City mesh (NPCWorker_Body); units = studs; +X right, +Y up, -Z forward
mtllib NPCWorker_Source.mtl
o NPCWorker_Body
v 0.15986 5.20000 0.26361
v 0.25809 5.14429 -0.09203
v 0.11403 5.18822 -0.22648
v 0.06055 5.12269 0.09602
v -0.15749 5.08335 -0.12230
v 0.17692 5.08371 -0.12057
v 0.12265 4.97009 -0.31271
v -0.24114 4.81390 -0.33492
v 0.26368 4.54130 -0.46767
v 0.14893 4.91323 -0.45930
v 0.13806 4.49052 -0.60835
v -0.15435 4.81756 -0.48432
v -0.22003 4.97706 -0.24754
v 0.45406 4.75665 -0.13075
v 0.11915 4.75678 -0.29025
v -0.36538 4.76344 0.17650
v -0.20577 4.54744 -0.36206
v 0.16597 4.54411 -0.38268
v -0.12144 4.53227 -0.52809
v -0.14879 5.14685 -0.25929
v -0.29123 4.70628 -0.28034
v -0.22726 5.16560 0.11548
v -0.12333 5.12792 0.51988
v -0.31292 5.03629 -0.03211
v -0.39579 4.69706 -0.14972
v -0.28237 5.08082 -0.21459
v -0.28462 4.52542 -0.37043
v -0.39219 4.89817 -0.09585
v -0.30323 4.60224 -0.42432
v -0.40947 4.94188 0.39391
v -0.39799 4.93167 -0.20597
v -0.44432 4.70083 0.23011
v -0.47669 4.91840 0.05784
v -0.39687 4.87181 0.35422
v -0.39326 4.68927 -0.31714
v -0.53226 4.64842 -0.16040
v -0.58640 4.55792 0.12294
v -0.07420 4.50125 -0.61941
v -0.15342 3.88334 -0.34827
v -0.41167 4.50406 -0.42658
v -0.21207 3.82906 -0.28032
v -0.37339 3.87173 -0.14264
v -0.49496 4.50901 0.17132
v -0.48629 4.51680 -0.18258
v -0.57863 4.55360 -0.16249
v -0.54412 4.51215 0.09530
v -0.58981 4.48790 0.31880
v 0.64948 4.49547 0.22904
v 0.62234 4.55322 -0.14460
v 0.61722 4.56054 0.15462
v 0.52405 4.52077 0.05707
v 0.45406 4.50131 -0.42226
v 0.51260 4.53112 -0.19890
v 0.54156 4.66485 -0.10749
v 0.41569 4.98589 -0.16593
v 0.40088 4.54755 -0.26314
v 0.42359 4.68035 -0.33600
v 0.50718 4.51449 0.27291
v 0.48269 3.90715 0.13862
v 0.28628 4.52803 -0.40431
v 0.29907 5.04545 0.45022
v 0.44556 4.86842 0.33724
v 0.47759 4.66235 -0.09943
v 0.48692 4.69675 0.21767
v 0.33089 4.84260 -0.38202
v 0.38209 4.99396 -0.06150
v 0.33697 4.69395 -0.42369
v 0.41671 4.71982 0.36091
v 0.31944 4.59772 -0.44458
v 0.26082 4.88097 -0.31651
v 0.38732 4.98603 0.28007
v 0.40177 3.86424 -0.15426
v 0.35470 3.93407 -0.27313
v 0.23131 3.82260 -0.28846
v 0.10247 3.88552 -0.37161
v -0.30904 4.49924 0.64517
v -0.22093 4.81021 0.57419
v 0.31666 4.50654 0.62156
v -0.13148 4.75040 0.48942
v 0.19853 4.73223 0.51848
v 0.19803 4.53535 0.73859
v -0.19325 4.54056 0.70154
v -0.14389 4.90486 0.68651
v -0.31809 4.55470 0.70006
v 0.09600 4.60648 0.75678
v -0.17794 5.03904 0.39914
v 0.14552 4.89900 0.57378
v -0.26869 5.01245 0.49242
v -0.03132 4.60433 0.62156
v -0.36640 4.70518 0.39413
v -0.14425 4.43118 0.59293
v -0.04145 4.48771 0.86407
v -0.38621 4.45171 0.43830
v -0.42087 4.55101 0.60281
v -0.50636 4.50133 0.34280
v -0.53036 4.63692 0.41595
v -0.55766 4.53585 0.41777
v 0.20252 4.43605 0.59004
v -0.18510 3.91293 0.57149
v -0.52116 3.89680 0.52588
v -0.30992 3.93132 0.49019
v -0.36665 4.47706 0.67564
v -0.43532 3.91202 0.24454
v 0.59185 4.54259 0.42760
v 0.45062 4.65759 0.59475
v 0.37972 4.62437 0.47576
v 0.26192 4.83737 0.55245
v 0.22440 5.02792 0.41034
v 0.16762 4.82301 0.70782
v 0.32685 4.59271 0.65990
v 0.17007 5.10824 0.51909
v 0.50947 4.50125 0.41535
v 0.44916 4.47934 0.64190
v 0.36045 3.93032 0.50532
v 0.25652 4.48262 0.79413
v 0.09493 4.53893 0.86324
v 0.54847 3.84148 0.58605
v 0.54186 3.65465 0.65453
v 1.59578 3.74825 -0.22720
v 1.63332 3.75866 0.47309
v 1.69005 3.03740 -0.17341
v 1.59418 3.81313 -0.16631
v 1.57134 3.76474 0.52544
v 1.64692 2.99270 0.52566
v 1.52639 3.84954 0.43178
v 0.88090 3.81316 0.50948
v 0.88054 3.77597 -0.23799
v 0.93317 3.73124 -0.24330
v 0.89508 3.54039 -0.18305
v 0.57197 3.84027 -0.24088
v 0.88894 3.57141 -0.29394
v 0.87787 3.74754 0.56334
v 0.73337 3.86427 0.51168
v 0.36252 3.52253 -0.44271
v 0.02882 3.52424 -0.40205
v 0.07687 3.16557 -0.49591
v -0.02945 3.12335 -0.46456
v -0.08783 2.63186 -0.51325
v 0.04318 2.52212 -0.47224
v -0.13167 3.63898 -0.37618
v -0.14037 3.66827 -0.43957
v -0.10410 3.24586 -0.50279
v -0.22410 3.60042 -0.41273
v -0.36403 3.54675 -0.44711
v -0.37339 2.62115 -0.46134
v -0.45830 2.81883 -0.44224
v -0.39689 3.71245 -0.34412
v -0.49975 3.32816 -0.43965
v -0.83964 3.62087 -0.30765
v -0.68782 3.29183 -0.37951
v -0.62730 2.45301 -0.33999
v -0.66572 2.82808 -0.34065
v -0.79351 2.82557 -0.23408
v -0.85987 3.27096 -0.25400
v -0.80832 2.56432 -0.20014
v -0.86796 3.09211 -0.12346
v -0.97737 2.97640 -0.21299
v -0.87881 3.48667 -0.16296
v -0.86472 3.78577 -0.23507
v 0.14700 3.37643 0.71013
v -0.49711 3.56720 0.67297
v 0.11857 2.45166 0.71046
v -0.10880 2.81052 0.72169
v -0.19135 2.61865 0.70341
v -0.45990 2.81464 0.66499
v -0.53636 3.85601 -0.22120
v -0.70128 3.71498 0.61729
v -0.70797 3.84261 0.54551
v -0.70918 3.83028 -0.21792
v -0.68237 3.33955 0.65208
v -0.86155 3.65187 0.58506
v -0.85894 3.85084 0.10895
v -0.86452 3.80151 0.52423
v -0.89337 3.12231 0.35826
v -1.56795 3.76766 -0.22995
v -0.87771 3.49184 0.46817
v -0.86915 3.21927 0.56065
v -0.98943 2.92570 0.52770
v -1.67868 2.58102 -0.22425
v -1.01175 2.36389 -0.21076
v -1.54797 3.84993 0.50197
v -1.51475 3.86176 -0.14377
v -1.63288 2.98802 -0.23163
v -1.64879 3.01240 0.52016
v -1.62449 3.77757 -0.17080
v -1.63120 3.78373 0.48042
v -1.68336 3.08229 -0.15929
v -1.72409 2.60084 0.46525
v -1.68432 2.57566 0.51920
v -0.69286 2.62649 0.52341
v -0.09611 2.44913 0.71060
v -0.70816 2.82406 0.55258
v -0.79401 2.46146 0.43679
v -0.82170 2.82552 0.41045
v -0.84179 2.46804 0.17862
v -0.85156 3.06990 0.40610
v -0.84729 2.99727 0.16689
v -0.96336 2.35101 0.46346
v -0.95266 2.54147 -0.12657
v -1.02158 2.54389 0.52891
v 0.98728 2.98444 -0.22188
v 0.90752 3.12974 0.36325
v 0.88079 3.17301 -0.21610
v 0.86433 2.99875 0.09836
v 0.80543 2.81605 -0.24074
v 0.70844 3.32747 -0.37759
v 0.50894 2.80895 -0.42867
v 0.49086 2.62228 -0.43412
v 0.82690 2.44288 -0.18974
v 0.52986 3.48741 -0.41238
v 0.16308 3.64826 -0.43965
v 0.23632 3.58614 -0.42462
v 0.16019 3.64124 -0.38282
v 0.08461 2.10043 -0.50420
v 1.73469 2.57213 -0.15137
v 1.67114 2.57392 0.52820
v 1.67929 2.56393 -0.21902
v 0.97743 2.98606 0.50945
v 1.01558 2.35901 0.52030
v 0.97977 2.53619 -0.18173
v 0.91555 3.04827 0.45242
v 0.95841 2.53905 0.46285
v 0.83518 2.82271 0.42394
v 0.85120 2.62101 0.17358
v 0.88151 3.14199 0.50728
v 0.87815 3.49514 0.59216
v 0.81195 2.52944 0.43539
v 0.68551 2.82830 0.56117
v 0.70304 3.28106 0.63306
v 0.51015 2.81654 0.65181
v 0.19886 2.62112 0.70493
v 0.22715 2.81019 0.72169
v 0.01451 2.81365 0.67047
v -0.63621 2.26631 0.57163
v -0.43686 2.45634 0.63584
v -0.66275 2.03121 0.52123
v -0.81619 2.04425 0.37615
v -0.86122 2.26161 -0.00948
v -0.85577 2.04131 0.03266
v -1.02171 2.36975 0.53106
v -0.99824 2.06605 0.45052
v -1.05089 2.06889 -0.19466
v -1.07123 2.07857 0.52151
v -1.05912 2.02058 -0.11815
v -1.66673 2.40446 0.52930
v -1.66861 2.39240 -0.22709
v -1.68779 2.11257 -0.20578
v -1.68355 2.11141 0.51130
v -1.74311 2.11788 -0.14856
v -1.74223 2.39959 -0.15005
v -1.74047 2.39947 0.45837
v -1.74265 2.13117 0.46115
v 0.06845 1.75767 -0.23309
v 0.01519 1.76508 0.09186
v -0.05758 1.74625 -0.21910
v -0.20690 1.80240 -0.34604
v 0.03985 1.95395 -0.41367
v -0.07767 2.45177 -0.51031
v -0.15796 2.24705 -0.51774
v -0.09383 2.07387 -0.46751
v -0.11381 2.05749 -0.50926
v -0.35687 2.26620 0.66846
v 0.01002 2.25401 0.69199
v -0.25418 2.03633 0.66540
v -0.56151 2.02361 -0.36137
v -0.69322 2.25013 -0.31359
v -0.54855 1.82962 -0.35909
v -0.67844 2.03652 -0.24853
v -0.77733 2.02441 -0.19326
v -0.80254 2.18432 -0.21602
v -0.34264 1.25492 -0.32956
v -0.15149 1.24664 -0.17875
v -0.59011 1.26373 -0.31808
v -0.63335 1.67155 -0.36837
v -0.68755 1.41390 -0.29402
v -0.79794 1.79651 -0.22552
v -0.77667 1.71564 -0.27129
v -0.77771 1.49625 -0.34558
v -0.73238 1.11202 -0.34786
v -0.86018 1.82491 -0.22287
v -0.89210 1.80116 0.02468
v -0.88811 1.69987 0.13317
v -0.92736 1.83482 -0.09500
v -0.83821 1.30942 0.35345
v -0.92403 1.31212 0.21773
v -0.91220 1.11714 -0.20311
v -0.92799 1.52174 -0.16984
v -0.88674 1.69065 0.03296
v -0.94968 1.05392 0.01757
v -0.98538 1.11477 -0.00301
v -0.96064 1.56267 -0.00398
v -0.02411 1.77433 0.36542
v -0.09066 1.23144 0.12164
v -0.13289 1.26318 0.35601
v -0.27111 1.27446 0.47312
v 0.02012 1.81539 0.48138
v -0.03575 2.04742 0.64627
v -0.59625 1.73846 0.51697
v -0.64648 1.28269 0.49390
v -0.54365 0.94341 0.51325
v 0.28124 2.01428 -0.46316
v 0.70866 2.24330 -0.30787
v 0.74047 2.02598 -0.25599
v 0.09603 2.44522 -0.50243
v 0.15837 2.24319 -0.50673
v 0.31655 1.24320 -0.31563
v 0.21433 1.82136 -0.35934
v 0.57693 1.83760 -0.35598
v 0.08824 2.09809 -0.43993
v 0.88767 1.72748 -0.19023
v 0.90331 1.74193 0.08492
v 0.94740 1.56925 0.00874
v 0.71793 1.55180 -0.38895
v 0.90322 1.70455 0.12095
v 1.01522 1.13836 0.03046
v 0.84856 2.03690 -0.12128
v 0.87545 2.05413 0.24148
v 0.84771 2.04216 0.09679
v 0.83573 1.86749 -0.15005
v 0.81886 2.18039 -0.20741
v 0.85907 2.46644 0.17069
v 0.94536 1.31680 0.21445
v 0.61180 1.70516 -0.34808
v 0.72600 1.54180 -0.28387
v 0.62000 1.24705 -0.32353
v 0.19289 1.26877 -0.22698
v 0.10503 1.24760 0.07796
v 0.88533 1.31743 0.32284
v 0.81707 2.04780 0.40695
v 0.49078 2.45843 0.61955
v 0.63883 2.26640 0.57623
v 0.60886 2.03250 0.56194
v 0.73544 1.26511 0.47711
v 0.34498 2.03341 0.64908
v 0.34127 1.86678 0.58324
v 0.57101 1.24389 0.52828
v 0.30367 2.26898 0.67817
v 0.26227 1.26574 0.47180
v 0.11824 1.24210 0.31277
v 1.74311 2.10332 0.46076
v 1.70064 2.09322 -0.19477
v 1.73681 2.38288 -0.16975
v 1.72759 2.37996 0.48471
v 1.68749 2.10197 0.51999
v 1.69968 2.04161 -0.11746
v 1.06093 2.05774 -0.20606
v 0.99570 2.06721 0.45586
v 1.06160 2.00866 0.42707
v 1.03137 2.33755 -0.22769
v 0.95472 2.34847 0.44444
v -0.45772 0.56385 -0.38031
v -0.18656 0.77736 -0.20030
v -0.20569 0.50845 -0.21594
v -0.45136 0.98343 -0.35730
v -0.62735 1.04208 -0.33203
v -0.83505 0.80634 -0.26887
v -0.65454 0.58507 -0.38571
v -0.85902 0.56267 -0.27591
v -0.76307 0.52725 -0.34351
v -0.75528 0.64494 -0.33355
v -0.93980 0.71177 -0.22700
v -0.74559 1.03391 -0.25398
v -0.85583 0.94522 -0.18404
v -0.86150 0.44663 -0.42903
v -0.91998 0.54214 -0.19975
v -0.84658 1.04081 -0.17443
v -0.97677 0.53118 -0.06299
v -0.99832 0.65881 0.10813
v -0.94451 0.31917 0.11121
v -1.02270 0.29016 -0.23771
v -0.65548 0.03680 -0.42069
v -0.66671 0.03322 -0.00780
v -0.91723 0.01808 -0.26477
v -0.81352 0.38919 -0.73157
v -0.51324 0.15402 -0.84813
v -0.91803 0.17136 -0.77308
v -0.74268 0.03124 -0.66796
v -0.73101 0.05708 -0.67941
v -0.84372 0.04974 -0.17201
v -0.91187 0.02648 -0.43186
v -0.87344 0.06036 -0.63444
v -0.77050 0.45846 -0.43395
v -1.00418 0.03603 -0.69788
v -0.77276 0.03922 -0.83999
v -0.95797 0.37812 -0.45562
v -0.93999 0.05073 -0.52877
v -0.99298 0.01984 -0.09789
v -1.04676 0.01742 -0.23573
v -0.93303 0.09933 0.11316
v -1.06696 0.02708 -0.54309
v -1.07406 0.02353 -0.42867
v -0.94156 0.16264 -0.02619
v -1.07194 0.16479 -0.42195
v -0.31562 0.13289 -0.64922
v -0.27094 0.16982 -0.46632
v -0.28336 0.00727 -0.56662
v -0.32302 0.00663 -0.66293
v -0.44253 0.00705 -0.50318
v -0.43661 0.01819 -0.80999
v -0.31520 0.31628 -0.48187
v -0.47988 0.36331 -0.73873
v -0.39365 0.00713 -0.38089
v -0.43906 0.03669 -0.60609
v -0.59820 0.44853 -0.48490
v -0.49945 0.04610 -0.68555
v -0.56361 0.03281 -0.86407
v -0.59873 0.06121 -0.70812
v -0.26715 0.14425 -0.13075
v -0.27163 0.00457 -0.37486
v -0.26706 0.00903 -0.22665
v -0.20384 0.09977 -0.01160
v -0.28804 0.29786 -0.31335
v -0.36538 0.52722 -0.31684
v -0.26478 0.49378 -0.18921
v -0.46012 0.04261 -0.17853
v -0.45128 0.50845 -0.42451
v -0.55895 0.00526 0.03816
v -0.16765 0.86841 0.38246
v -0.13652 0.51365 0.08341
v -0.28983 0.60208 0.49305
v -0.78677 0.85090 0.46808
v -0.82621 0.52590 0.45551
v -0.98500 0.51299 0.11275
v -0.44946 0.00460 0.41821
v -0.56182 0.00000 0.56546
v -0.53589 0.03685 0.41524
v -0.65664 0.02607 0.38851
v -0.35883 0.00432 0.55792
v -0.64040 0.14125 0.55762
v -0.52609 0.44666 0.55234
v -0.73343 0.03460 0.28489
v -0.73483 0.00707 0.49487
v -0.74683 0.02172 0.14784
v -0.80119 0.15364 0.42804
v -0.76120 0.35522 0.45141
v -0.83097 0.46155 0.44018
v -0.86931 0.00176 0.32661
v -0.92557 0.00743 0.19208
v -0.93419 0.20948 0.11647
v -0.93631 0.00732 0.12225
v -0.89312 0.47528 0.28062
v -0.12741 0.00449 0.22172
v -0.17307 0.14535 0.07136
v -0.14045 0.15034 0.40255
v -0.13778 0.00661 0.38438
v -0.19693 0.65628 0.36782
v -0.27805 0.03680 0.30759
v -0.19223 0.32919 0.11751
v -0.16179 0.44258 0.37781
v -0.16985 0.00358 0.08958
v -0.22283 0.00132 0.48603
v -0.20591 0.00162 -0.00398
v -0.26602 0.37870 0.48375
v -0.19454 0.45062 -0.00142
v -0.32057 0.03680 0.11974
v -0.31977 0.14029 0.54675
v -0.44999 0.03955 0.15971
v 1.05331 0.03102 -0.69521
v 0.89431 0.19190 -0.80489
v 1.11711 0.15782 -0.52825
v 0.83246 0.04184 -0.84040
v 1.10990 0.02637 -0.55033
v 0.98968 0.05232 -0.41367
v 0.92640 0.03625 -0.65467
v 0.68700 0.01497 -0.39905
v 0.96840 0.37201 -0.66741
v 0.77361 0.41635 -0.71272
v 0.78245 0.06438 -0.69111
v 0.64621 0.16856 -0.85890
v 0.59837 0.03140 0.02291
v 0.51706 0.35175 -0.74448
v 0.61973 0.02840 -0.85865
v 0.63332 0.02595 -0.74082
v 0.48712 0.01225 -0.62332
v 0.63616 0.44245 -0.47956
v 0.44930 0.03487 -0.48920
v 0.48797 0.01811 -0.81315
v 0.46590 0.14475 -0.78695
v 0.37647 0.00886 -0.66221
v 0.60572 0.48043 -0.51000
v 0.52964 0.51404 -0.41169
v 0.52887 0.04181 -0.14710
v 0.38737 0.33609 -0.51069
v 0.44278 0.03688 -0.36165
v 0.33620 0.00834 -0.56169
v 0.30062 0.49392 -0.19174
v 0.32296 0.00572 -0.23000
v 0.30818 0.00677 -0.42102
v 0.32153 0.17373 -0.46335
v 0.24001 0.49912 -0.20452
v 0.45279 0.61502 -0.36170
v 0.31889 0.14417 -0.15117
v 0.30070 0.69382 -0.29694
v 1.09561 0.01800 -0.23804
v 1.12248 0.02851 -0.39649
v 0.98753 0.16170 -0.04003
v 0.96529 0.04800 -0.29295
v 1.06625 0.01789 -0.13560
v 0.98045 0.39164 -0.47620
v 1.04957 0.30260 -0.20383
v 0.94393 0.74513 -0.21696
v 1.01789 0.50718 0.12569
v 0.92601 0.63272 -0.20540
v 1.00162 0.52191 -0.03098
v 0.90339 0.04641 -0.17198
v 0.91685 0.43854 -0.43005
v 0.90163 0.51467 -0.32083
v 0.79998 0.53911 -0.26991
v 0.83772 0.58466 -0.32961
v 0.79428 0.50190 -0.33600
v 0.65080 0.54494 -0.37013
v 0.57307 0.03333 0.41604
v 0.46243 0.01995 0.44915
v 0.77317 0.00980 0.30506
v 0.56394 0.01024 0.10295
v 0.47019 0.04753 0.17330
v 0.24543 0.09446 -0.00978
v 0.34702 0.01855 0.12734
v 0.35762 0.03303 0.38166
v 0.28539 0.01305 0.32257
v 0.24405 0.00440 -0.00420
v 0.19803 0.00787 0.09439
v 0.23299 0.32943 0.11718
v 0.16275 0.00435 0.22164
v 0.20585 0.14158 0.10868
v 0.24218 0.45285 0.00271
v 0.17877 0.00435 0.38871
v 0.16283 0.16324 0.31054
v 0.98362 0.09675 0.11465
v 0.98153 0.32591 0.11121
v 0.92962 0.33117 0.28767
v 0.98015 0.20896 0.12032
v 0.98001 0.00179 0.12230
v 0.95632 0.00361 0.23482
v 0.89920 0.13564 0.36129
v 0.89659 0.00743 0.35906
v 0.78369 0.00449 0.16265
v 0.77837 0.00724 0.49621
v 0.66393 0.03633 0.37927
v 1.02144 0.78564 0.20380
v 0.97924 1.06239 0.11944
v 0.91299 0.98772 0.34040
v 0.95767 1.13484 -0.17988
v 0.82932 1.12520 -0.30512
v 0.88010 1.20799 -0.28329
v 0.86450 1.05568 -0.21093
v 0.96135 0.73519 0.37128
v 0.65479 1.02306 0.44196
v 0.81055 0.77009 0.47780
v 0.75209 0.94756 -0.32482
v 0.21493 0.99532 0.41854
v 0.49127 1.12490 -0.37274
v 0.44294 1.13321 0.47962
v 0.19421 1.14576 0.35006
v 0.18956 0.85979 -0.18415
v 0.13013 0.69536 0.08250
v 0.55917 0.83284 0.53940
v 0.30931 0.70472 0.50830
v 0.22459 0.44275 0.44518
v 0.38652 0.43749 0.52809
v 0.16250 0.44242 0.08905
v 0.17087 0.43716 0.30814
v 0.20059 0.64978 0.34263
v 0.95084 0.47512 0.36625
v 0.81457 0.51916 0.50433
v 0.65188 0.45029 0.54686
v 0.76511 0.14161 0.51212
v 0.64676 0.00729 0.56034
v 0.27981 0.16611 0.49891
v 0.44239 0.00162 0.57072
v 0.29429 0.01021 0.51526
vt 0.119895 0.492773
vt 0.089523 0.462950
vt 0.097400 0.441307
vt 0.654499 0.786724
vt 0.616260 0.756951
vt 0.651627 0.766311
vt 0.632536 0.735768
vt 0.595731 0.717805
vt 0.652641 0.665392
vt 0.278340 0.289421
vt 0.248276 0.330801
vt 0.243465 0.279016
vt 0.590126 0.744674
vt 0.256095 0.356033
vt 0.225859 0.385639
vt 0.156297 0.353202
vt 0.966911 0.034524
vt 0.937414 0.068308
vt 0.925525 0.044078
vt 0.608608 0.665214
vt 0.122102 0.423272
vt 0.297324 0.252745
vt 0.981579 0.051705
vt 0.181015 0.400311
vt 0.268954 0.241319
vt 0.888777 0.454296
vt 0.899036 0.407583
vt 0.618179 0.786848
vt 0.164662 0.390408
vt 0.252560 0.234525
vt 0.607270 0.289894
vt 0.592545 0.279990
vt 0.613414 0.246593
vt 0.590082 0.773040
vt 0.521358 0.756255
vt 0.563010 0.747004
vt 0.544804 0.758226
vt 0.571433 0.767585
vt 0.212828 0.279028
vt 0.589872 0.207374
vt 0.231089 0.236411
vt 0.539768 0.774361
vt 0.143308 0.352297
vt 0.571846 0.273979
vt 0.572585 0.242544
vt 0.069879 0.217264
vt 0.022294 0.236790
vt 0.212165 0.260238
vt 0.195473 0.242507
vt 0.026698 0.260133
vt 0.531147 0.228909
vt 0.537482 0.262810
vt 0.900096 0.496540
vt 0.021030 0.217264
vt 0.060157 0.344059
vt 0.060157 0.281872
vt 0.096326 0.338242
vt 0.058662 0.599558
vt 0.058662 0.532583
vt 0.071989 0.558372
vt 0.854257 0.855504
vt 0.853595 0.955723
vt 0.808228 0.876968
vt 0.799737 0.884310
vt 0.899561 0.401801
vt 0.883455 0.390022
vt 0.896832 0.348852
vt 0.970788 0.499442
vt 0.994352 0.531876
vt 0.968390 0.548745
vt 0.842564 0.396757
vt 0.814833 0.386664
vt 0.855698 0.391087
vt 0.857705 0.301664
vt 0.787571 0.859562
vt 0.260084 0.987743
vt 0.245455 0.988561
vt 0.215674 0.958781
vt 0.778659 0.295245
vt 0.216373 0.977938
vt 0.181281 0.964395
vt 0.870930 0.408691
vt 0.886734 0.443001
vt 0.137333 0.984431
vt 0.873340 0.437710
vt 0.143735 0.973863
vt 0.921755 0.019529
vt 0.962994 0.019529
vt 0.958258 0.033129
vt 0.117289 0.278074
vt 0.120664 0.239499
vt 0.118187 0.312910
vt 0.572608 0.298843
vt 0.499156 0.298843
vt 0.468127 0.294798
vt 0.304562 0.331890
vt 0.345111 0.346649
vt 0.240582 0.349183
vt 0.470585 0.892115
vt 0.431035 0.879460
vt 0.464581 0.881945
vt 0.059941 0.954845
vt 0.072332 0.937148
vt 0.069059 0.973123
vt 0.059312 0.908646
vt 0.724539 0.019049
vt 0.770742 0.019049
vt 0.746505 0.022183
vt 0.431121 0.864585
vt 0.432906 0.835724
vt 0.802528 0.966963
vt 0.810487 0.976447
vt 0.803134 0.999754
vt 0.408163 0.861447
vt 0.061615 0.227089
vt 0.081245 0.220711
vt 0.088907 0.279537
vt 0.026930 0.111210
vt 0.015043 0.123957
vt 0.030780 0.099442
vt 0.513063 0.831415
vt 0.972815 0.209001
vt 0.993388 0.167726
vt 0.989859 0.197932
vt 0.984182 0.164571
vt 0.395195 0.877157
vt 0.016693 0.899375
vt 0.016693 0.933213
vt 0.008145 0.904027
vt 0.404212 0.844090
vt 0.010452 0.108336
vt 0.960413 0.170662
vt 0.009458 0.127348
vt 0.394298 0.851854
vt 0.456326 0.814383
vt 0.865995 0.609921
vt 0.909961 0.592969
vt 0.899319 0.604046
vt 0.375312 0.865905
vt 0.383304 0.858048
vt 0.854984 0.901837
vt 0.895075 0.890331
vt 0.877960 0.914293
vt 0.393044 0.803457
vt 0.372348 0.782500
vt 0.910087 0.932794
vt 0.005930 0.182702
vt 0.028836 0.144993
vt 0.034131 0.166420
vt 0.018960 0.135034
vt 0.914886 0.931471
vt 0.005113 0.144670
vt 0.364568 0.790910
vt 0.023119 0.609068
vt 0.034723 0.644782
vt 0.006013 0.640005
vt 0.380246 0.828577
vt 0.883328 0.882398
vt 0.915507 0.850614
vt 0.871380 0.526691
vt 0.356783 0.867031
vt 0.229115 0.017363
vt 0.237423 0.009055
vt 0.258217 0.017770
vt 0.855747 0.886083
vt 0.716218 0.653063
vt 0.716218 0.760981
vt 0.657281 0.642567
vt 0.662870 0.762798
vt 0.641954 0.748492
vt 0.228174 0.929498
vt 0.235024 0.901269
vt 0.259611 0.907399
vt 0.938625 0.081091
vt 0.964524 0.094288
vt 0.902838 0.110662
vt 0.793971 0.940795
vt 0.793932 0.876972
vt 0.806699 0.909291
vt 0.146747 0.831209
vt 0.185351 0.806465
vt 0.199616 0.933458
vt 0.810345 0.973996
vt 0.829018 0.973346
vt 0.662516 0.146123
vt 0.607459 0.163762
vt 0.585373 0.145229
vt 0.652081 0.161088
vt 0.162296 0.958065
vt 0.817041 0.204314
vt 0.817041 0.248245
vt 0.737355 0.228014
vt 0.890462 0.364795
vt 0.871846 0.404717
vt 0.870058 0.317078
vt 0.060478 0.620700
vt 0.065026 0.672688
vt 0.058173 0.689285
vt 0.120548 0.043351
vt 0.104492 0.092764
vt 0.069219 0.049381
vt 0.661109 0.948627
vt 0.660194 0.896237
vt 0.710822 0.928424
vt 0.611108 0.878400
vt 0.656698 0.857721
vt 0.604517 0.999919
vt 0.571327 0.999723
vt 0.577604 0.979933
vt 0.035425 0.366888
vt 0.023885 0.312695
vt 0.059420 0.353035
vt 0.015096 0.345737
vt 0.522815 0.980145
vt 0.646770 0.981154
vt 0.033990 0.479150
vt 0.066855 0.433915
vt 0.061931 0.477251
vt 0.690730 0.875244
vt 0.833228 0.030123
vt 0.849502 0.022535
vt 0.879141 0.029055
vt 0.896460 0.331135
vt 0.058076 0.314835
vt 0.566117 0.956116
vt 0.648415 0.963446
vt 0.668507 0.815406
vt 0.592495 0.944454
vt 0.714277 0.829655
vt 0.042078 0.954727
vt 0.037892 0.978472
vt 0.883771 0.310633
vt 0.638639 0.934985
vt 0.083824 0.965505
vt 0.083824 0.914664
vt 0.111100 0.898876
vt 0.653551 0.934743
vt 0.011080 0.984463
vt 0.599223 0.894765
vt 0.110379 0.921704
vt 0.654035 0.895557
vt 0.968044 0.997461
vt 0.970184 0.932991
vt 0.009089 0.945492
vt 0.059789 0.898896
vt 0.963248 0.970264
vt 0.858520 0.683192
vt 0.896572 0.709836
vt 0.862037 0.770360
vt 0.928600 0.302049
vt 0.914589 0.379861
vt 0.891927 0.313965
vt 0.988046 0.623571
vt 0.986756 0.669028
vt 0.978105 0.650884
vt 0.933362 0.372677
vt 0.493711 0.989374
vt 0.500992 0.999772
vt 0.450650 0.998414
vt 0.198336 0.331356
vt 0.301913 0.331356
vt 0.253232 0.344252
vt 0.512668 0.989299
vt 0.948864 0.628160
vt 0.969971 0.367090
vt 0.386115 0.989185
vt 0.489692 0.989185
vt 0.432203 0.993925
vt 0.920142 0.573821
vt 0.929376 0.581119
vt 0.937773 0.628745
vt 0.964682 0.286309
vt 0.543550 0.989863
vt 0.557298 0.996686
vt 0.169346 0.395779
vt 0.121762 0.461273
vt 0.126557 0.364857
vt 0.939769 0.560556
vt 0.937693 0.548602
vt 0.188503 0.015177
vt 0.215190 0.007177
vt 0.228288 0.015177
vt 0.351186 0.942229
vt 0.370064 0.972441
vt 0.286035 0.980392
vt 0.569753 0.600047
vt 0.536132 0.597469
vt 0.524650 0.571282
vt 0.577216 0.541152
vt 0.021339 0.013250
vt 0.000194 0.036261
vt 0.000521 0.011429
vt 0.320083 0.934489
vt 0.981525 0.311680
vt 0.970146 0.354498
vt 0.033587 0.028997
vt 0.608594 0.581447
vt 0.436035 0.092350
vt 0.423481 0.076847
vt 0.458393 0.075670
vt 0.624514 0.608031
vt 0.579721 0.614145
vt 0.275122 0.934359
vt 0.308288 0.918347
vt 0.465169 0.114593
vt 0.789018 0.554447
vt 0.789589 0.519232
vt 0.635089 0.588005
vt 0.813599 0.596118
vt 0.265585 0.977671
vt 0.492564 0.088871
vt 0.635647 0.659189
vt 0.601379 0.624198
vt 0.824081 0.411799
vt 0.724851 0.379557
vt 0.810458 0.379633
vt 0.278941 0.904357
vt 0.257160 0.974908
vt 0.233898 0.927130
vt 0.751490 0.520807
vt 0.654684 0.531075
vt 0.972786 0.901539
vt 0.972786 0.858520
vt 0.996911 0.873973
vt 0.221590 0.961170
vt 0.653559 0.622342
vt 0.747753 0.621851
vt 0.967307 0.299749
vt 0.809516 0.524571
vt 0.041053 0.098352
vt 0.005643 0.086847
vt 0.034365 0.085950
vt 0.755181 0.145130
vt 0.781167 0.170646
vt 0.737937 0.178268
vt 0.684862 0.079876
vt 0.622639 0.079876
vt 0.650016 0.071142
vt 0.764443 0.176497
vt 0.813975 0.177122
vt 0.395289 0.345432
vt 0.382156 0.294627
vt 0.466507 0.294627
vt 0.038625 0.795565
vt 0.016521 0.783915
vt 0.473375 0.476670
vt 0.505560 0.471673
vt 0.488187 0.323010
vt 0.467342 0.355150
vt 0.114487 0.083442
vt 0.135088 0.073835
vt 0.544340 0.480858
vt 0.865324 0.557910
vt 0.865324 0.654211
vt 0.859961 0.595796
vt 0.043302 0.953800
vt 0.058409 0.898659
vt 0.057364 0.923644
vt 0.385267 0.052905
vt 0.348630 0.059365
vt 0.326606 0.053045
vt 0.167679 0.083444
vt 0.302628 0.196652
vt 0.259892 0.137831
vt 0.348155 0.137675
vt 0.041442 0.900640
vt 0.348786 0.347031
vt 0.281261 0.315543
vt 0.378150 0.339860
vt 0.386399 0.314171
vt 0.095009 0.015205
vt 0.118508 0.006652
vt 0.136486 0.014807
vt 0.897677 0.060800
vt 0.919015 0.091273
vt 0.898037 0.114064
vt 0.409455 0.017376
vt 0.425626 0.006053
vt 0.438036 0.017792
vt 0.971192 0.497187
vt 0.995027 0.481969
vt 0.264826 0.981181
vt 0.349680 0.981181
vt 0.333067 0.996961
vt 0.009562 0.816681
vt 0.427344 0.513921
vt 0.455089 0.501739
vt 0.120247 0.059129
vt 0.994277 0.528960
vt 0.800874 0.438191
vt 0.855360 0.392472
vt 0.851388 0.490787
vt 0.801483 0.429187
vt 0.548476 0.181434
vt 0.549195 0.189654
vt 0.470675 0.184800
vt 0.738498 0.999795
vt 0.685133 0.969933
vt 0.690207 0.955992
vt 0.681986 0.956701
vt 0.625635 0.998580
vt 0.554154 0.483077
vt 0.578586 0.539136
vt 0.511544 0.567593
vt 0.489214 0.495058
vt 0.690909 0.083185
vt 0.690122 0.092175
vt 0.623050 0.087485
vt 0.301844 0.131050
vt 0.233850 0.131050
vt 0.229204 0.125781
vt 0.039525 0.994097
vt 0.059482 0.999445
vt 0.034905 0.999389
vt 0.972883 0.902252
vt 0.988866 0.929937
vt 0.973245 0.944743
vt 0.044001 0.644618
vt 0.035452 0.643547
vt 0.034072 0.627773
vt 0.473949 0.499262
vt 0.481002 0.577032
vt 0.459983 0.542868
vt 0.043615 0.609805
vt 0.063433 0.613669
vt 0.437311 0.510803
vt 0.033934 0.589361
vt 0.461731 0.573937
vt 0.970903 0.450661
vt 0.989466 0.456693
vt 0.970793 0.496184
vt 0.965745 0.579195
vt 0.997494 0.556128
vt 0.996422 0.598864
vt 0.206932 0.979702
vt 0.241866 0.988542
vt 0.240870 0.999930
vt 0.950826 0.229842
vt 0.963233 0.183537
vt 0.962713 0.241914
vt 0.969755 0.217282
vt 0.968345 0.210649
vt 0.988933 0.217567
vt 0.956513 0.170902
vt 0.190956 0.999554
vt 0.190324 0.989297
vt 0.015059 0.766388
vt 0.017847 0.743676
vt 0.031638 0.780417
vt 0.460658 0.029104
vt 0.473628 0.023056
vt 0.510529 0.026987
vt 0.029114 0.401975
vt 0.029160 0.408756
vt 0.019233 0.406096
vt 0.425816 0.918298
vt 0.421230 0.901223
vt 0.442538 0.892757
vt 0.511499 0.926214
vt 0.492197 0.933788
vt 0.409487 0.941406
vt 0.404744 0.956234
vt 0.385640 0.946806
vt 0.004621 0.403612
vt 0.438662 0.936897
vt 0.421347 0.980566
vt 0.448494 0.956937
vt 0.531399 0.951934
vt 0.495210 0.956833
vt 0.499006 0.973523
vt 0.452932 0.977258
vt 0.526191 0.977077
vt 0.997759 0.340154
vt 0.985618 0.314119
vt 0.997988 0.296706
vt 0.467525 0.198499
vt 0.456205 0.185009
vt 0.505576 0.194760
vt 0.534853 0.189836
vt 0.509646 0.893132
vt 0.892578 0.964756
vt 0.910527 0.996533
vt 0.852371 0.977449
vt 0.855786 0.999292
vt 0.014360 0.343874
vt 0.014360 0.370483
vt 0.003524 0.363074
vt 0.024200 0.265858
vt 0.038557 0.262011
vt 0.016088 0.276707
vt 0.032171 0.278154
vt 0.864519 0.917250
vt 0.836642 0.985687
vt 0.055903 0.691222
vt 0.045598 0.696027
vt 0.052477 0.666781
vt 0.046936 0.649191
vt 0.020547 0.287166
vt 0.829150 0.974999
vt 0.826921 0.980661
vt 0.034659 0.695817
vt 0.036074 0.306285
vt 0.837763 0.960646
vt 0.021861 0.298028
vt 0.034752 0.648010
vt 0.819726 0.974692
vt 0.025241 0.675329
vt 0.024574 0.697245
vt 0.024786 0.307785
vt 0.024595 0.649151
vt 0.034011 0.730215
vt 0.057395 0.752433
vt 0.046745 0.748401
vt 0.047610 0.735815
vt 0.054844 0.696648
vt 0.691091 0.029596
vt 0.716880 0.025049
vt 0.738616 0.027935
vt 0.931025 0.579815
vt 0.981047 0.616158
vt 0.939337 0.630319
vt 0.887605 0.925031
vt 0.019645 0.772185
vt 0.030787 0.781534
vt 0.008458 0.781715
vt 0.032262 0.500276
vt 0.022383 0.485349
vt 0.028530 0.472167
vt 0.022670 0.524356
vt 0.052851 0.935925
vt 0.070022 0.990553
vt 0.127614 0.455213
vt 0.127614 0.534851
vt 0.121765 0.482959
vt 0.033358 0.567285
vt 0.041599 0.585450
vt 0.983943 0.751405
vt 0.958369 0.716205
vt 0.986489 0.694199
vt 0.193030 0.507228
vt 0.131859 0.546107
vt 0.132031 0.490883
vt 0.693525 0.144848
vt 0.691599 0.083169
vt 0.759966 0.083169
vt 0.371607 0.172032
vt 0.451046 0.228109
vt 0.371607 0.233742
vt 0.751677 0.142075
vt 0.190865 0.544039
vt 0.447472 0.168347
vt 0.060004 0.753916
vt 0.058826 0.690599
vt 0.070334 0.695333
vt 0.188726 0.614432
vt 0.381133 0.060786
vt 0.439317 0.058831
vt 0.441520 0.071323
vt 0.063369 0.684733
vt 0.672110 0.322401
vt 0.671632 0.329806
vt 0.601207 0.329806
vt 0.382900 0.070393
vt 0.378026 0.164669
vt 0.780236 0.320010
vt 0.780236 0.378637
vt 0.710755 0.317072
vt 0.609297 0.321461
vt 0.717417 0.378275
vt 0.564352 0.328573
vt 0.672322 0.384369
vt 0.673109 0.322145
vt 0.033253 0.629694
vt 0.018411 0.594727
vt 0.023912 0.591370
vt 0.035294 0.989959
vt 0.057055 0.530794
vt 0.596282 0.480232
vt 0.565189 0.475273
vt 0.568370 0.466143
vt 0.584502 0.512363
vt 0.548957 0.476240
vt 0.641651 0.485573
vt 0.652463 0.461592
vt 0.600782 0.505809
vt 0.836759 0.295972
vt 0.670615 0.497984
vt 0.639158 0.506957
vt 0.669766 0.515060
vt 0.817913 0.242869
vt 0.844736 0.257020
vt 0.858334 0.300787
vt 0.892829 0.312448
vt 0.902405 0.287686
vt 0.860966 0.246088
vt 0.858169 0.234496
vt 0.875231 0.256722
vt 0.901896 0.260896
vt 0.126294 0.999929
vt 0.145214 0.996593
vt 0.164814 0.999730
vt 0.876677 0.240420
vt 0.847767 0.022272
vt 0.827821 0.008031
vt 0.819213 0.591506
vt 0.811451 0.542743
vt 0.827713 0.559784
vt 0.818219 0.493939
vt 0.868764 0.557074
vt 0.381936 0.975104
vt 0.371800 0.938685
vt 0.382796 0.927689
vt 0.810321 0.510149
vt 0.374355 0.990840
vt 0.088423 0.415058
vt 0.055845 0.356924
vt 0.088423 0.358450
vt 0.051170 0.413213
vt 0.829403 0.285535
vt 0.831975 0.262008
vt 0.814926 0.022272
vt 0.868608 0.509652
vt 0.971961 0.859122
vt 0.971961 0.933724
vt 0.933156 0.891670
vt 0.098656 0.430105
vt 0.041434 0.430105
vt 0.084199 0.424341
vt 0.956877 0.372622
vt 0.997917 0.359288
vt 0.997245 0.405739
vt 0.539919 0.134882
vt 0.545088 0.089082
vt 0.546741 0.107522
vt 0.538507 0.103899
vt 0.583202 0.144897
vt 0.781978 0.002397
vt 0.811663 0.000199
vt 0.322444 0.528296
vt 0.302292 0.521365
vt 0.340779 0.503889
vt 0.295787 0.540804
vt 0.264964 0.542711
vt 0.315653 0.537417
vt 0.257344 0.513421
vt 0.249946 0.522715
vt 0.248472 0.559151
vt 0.311123 0.503655
vt 0.312100 0.489196
vt 0.009336 0.737688
vt 0.007521 0.703444
vt 0.022263 0.726841
vt 0.024769 0.708630
vt 0.276070 0.471240
vt 0.749815 0.003429
vt 0.760533 0.001539
vt 0.767820 0.002967
vt 0.314331 0.477776
vt 0.859497 0.004425
vt 0.859497 0.000045
vt 0.866782 0.001481
vt 0.305340 0.461714
vt 0.317186 0.470350
vt 0.911360 0.015684
vt 0.882480 0.015684
vt 0.899252 0.008161
vt 0.837645 0.004351
vt 0.838779 0.000120
vt 0.851873 0.003478
vt 0.203185 0.479948
vt 0.645093 0.020694
vt 0.599530 0.028728
vt 0.798138 0.024640
vt 0.595841 0.020453
vt 0.587519 0.400251
vt 0.548624 0.336887
vt 0.587519 0.336963
vt 0.544160 0.401811
vt 0.989718 0.449910
vt 0.989718 0.406523
vt 0.997863 0.406552
vt 0.477558 0.341327
vt 0.522290 0.675808
vt 0.584151 0.670370
vt 0.584151 0.742302
vt 0.582612 0.631505
vt 0.520171 0.617585
vt 0.737549 0.510868
vt 0.747432 0.576810
vt 0.682177 0.582519
vt 0.746697 0.620920
vt 0.681778 0.624254
vt 0.520855 0.753006
vt 0.620897 0.094795
vt 0.561100 0.048188
vt 0.620897 0.047400
vt 0.557940 0.089805
vt 0.612853 0.102625
vt 0.029283 0.371035
vt 0.015179 0.401279
vt 0.014930 0.347354
vt 0.450041 0.105799
vt 0.423687 0.119812
vt 0.388916 0.095077
vt 0.387515 0.130030
vt 0.423332 0.084079
vt 0.825394 0.089460
vt 0.760796 0.083336
vt 0.808190 0.083198
vt 0.767145 0.090672
vt 0.772805 0.003398
vt 0.763688 0.000080
vt 0.783754 0.000919
vt 0.587444 0.148542
vt 0.600353 0.163927
vt 0.523343 0.158366
vt 0.183706 0.011271
vt 0.170908 0.006613
vt 0.211109 0.007293
vt 0.087019 0.223911
vt 0.081007 0.218821
vt 0.076092 0.162645
vt 0.074196 0.196270
vt 0.089242 0.159099
vt 0.881429 0.017416
vt 0.906426 0.035577
vt 0.879962 0.057596
vt 0.449805 0.004131
vt 0.463548 0.026172
vt 0.486780 0.389654
vt 0.517209 0.395019
vt 0.485247 0.408427
vt 0.549567 0.404357
vt 0.526920 0.416969
vt 0.572772 0.408416
vt 0.459490 0.388985
vt 0.481192 0.426310
vt 0.558010 0.438432
vt 0.458525 0.451659
vt 0.525587 0.469756
vt 0.476298 0.452524
vt 0.279097 0.055284
vt 0.274861 0.066922
vt 0.472321 0.472415
vt 0.990778 0.963754
vt 0.997853 0.979645
vt 0.011698 0.655015
vt 0.022200 0.648452
vt 0.010586 0.679913
vt 0.479653 0.004131
vt 0.221648 0.059433
vt 0.968863 0.996504
vt 0.758417 0.694529
vt 0.747482 0.721595
vt 0.731585 0.682495
vt 0.720445 0.701337
vt 0.778766 0.680055
vt 0.769169 0.660439
vt 0.720872 0.657590
vt 0.696644 0.625152
vt 0.733420 0.631561
vt 0.756165 0.627200
vt 0.104598 0.995862
vt 0.083669 0.992593
vt 0.085903 0.928624
vt 0.597909 0.028290
vt 0.579934 0.027890
vt 0.114740 0.921674
vt 0.133657 0.985761
vt 0.549479 0.029573
vt 0.548638 0.019017
vt 0.136401 0.976792
vt 0.899088 0.144607
vt 0.832505 0.130158
vt 0.899088 0.126628
vt 0.827883 0.158724
vt 0.756817 0.144822
vt 0.824496 0.139519
vt 0.341959 0.087486
vt 0.408165 0.087486
vt 0.342921 0.096816
vt 0.730682 0.146382
vt 0.665703 0.211509
vt 0.659782 0.152585
vt 0.757088 0.114059
vt 0.830786 0.099851
vt 0.894005 0.096553
vt 0.822901 0.110526
vt 0.830669 0.147858
vt 0.731308 0.220405
vt 0.737026 0.214479
vt 0.667388 0.145218
vt 0.665814 0.018581
vt 0.665814 0.029606
vt 0.646443 0.020822
vt 0.430756 0.018590
vt 0.429608 0.029101
vt 0.412082 0.026010
vt 0.694839 0.027819
vt 0.694834 0.019584
vt 0.458400 0.020291
vt 0.459955 0.028400
vt 0.131974 0.704799
vt 0.111796 0.698073
vt 0.129098 0.633501
vt 0.409891 0.018953
vt 0.737138 0.151529
vt 0.108313 0.635368
vt 0.080644 0.636611
vt 0.082752 0.699526
vt 0.578299 0.018614
vt 0.983289 0.799651
vt 0.994531 0.765050
vt 0.997338 0.800275
vt 0.809785 0.996303
vt 0.816744 0.974884
vt 0.842972 0.994657
vt 0.344124 0.560157
vt 0.341580 0.574571
vt 0.323762 0.571382
vt 0.774854 0.052026
vt 0.772142 0.047328
vt 0.826467 0.047905
vt 0.314638 0.582545
vt 0.351407 0.585099
vt 0.903192 0.556951
vt 0.913569 0.523008
vt 0.927444 0.561202
vt 0.941235 0.525869
vt 0.973396 0.264168
vt 0.996797 0.233100
vt 0.386061 0.591957
vt 0.017448 0.466428
vt 0.022790 0.465486
vt 0.019034 0.518617
vt 0.610956 0.123714
vt 0.610594 0.144421
vt 0.567414 0.093036
vt 0.578400 0.137907
vt 0.359978 0.541414
vt 0.414406 0.568647
vt 0.862540 0.497757
vt 0.890636 0.520510
vt 0.356387 0.516508
vt 0.407271 0.513358
vt 0.423385 0.543639
vt 0.553475 0.109375
vt 0.903371 0.491985
vt 0.950726 0.018654
vt 0.921107 0.018654
vt 0.933604 0.005688
vt 0.927464 0.480030
vt 0.004401 0.078034
vt 0.004401 0.108255
vt 0.002057 0.090401
vt 0.440553 0.537577
vt 0.439899 0.516176
vt 0.440951 0.575328
vt 0.533976 0.072424
vt 0.495983 0.060079
vt 0.536009 0.047298
vt 0.558662 0.070225
vt 0.995062 0.254522
vt 0.169212 0.110991
vt 0.108375 0.083609
vt 0.173294 0.087843
vt 0.110422 0.111622
vt 0.448552 0.166251
vt 0.383534 0.164035
vt 0.378571 0.135892
vt 0.443555 0.127026
vt 0.423779 0.120883
vt 0.021929 0.130014
vt 0.032716 0.100376
vt 0.155763 0.763880
vt 0.176030 0.780929
vt 0.146576 0.790106
vt 0.154203 0.820959
vt 0.176527 0.769215
vt 0.162326 0.741948
vt 0.317386 0.106184
vt 0.282201 0.099980
vt 0.347705 0.097492
vt 0.147657 0.695186
vt 0.165214 0.817818
vt 0.200667 0.772730
vt 0.307051 0.856277
vt 0.331400 0.869840
vt 0.290338 0.868613
vt 0.301317 0.882596
vt 0.194322 0.775680
vt 0.349109 0.884043
vt 0.304841 0.915493
vt 0.312970 0.017281
vt 0.316176 0.010069
vt 0.332806 0.008615
vt 0.343761 0.018708
vt 0.270421 0.873009
vt 0.393116 0.928328
vt 0.398976 0.905553
vt 0.658101 0.278686
vt 0.613250 0.260905
vt 0.662765 0.251269
vt 0.695984 0.268558
vt 0.350199 0.867150
vt 0.416900 0.883373
vt 0.420091 0.926069
vt 0.331506 0.852475
vt 0.615672 0.229350
vt 0.698722 0.259444
vt 0.096805 0.260264
vt 0.096805 0.311980
vt 0.087994 0.245070
vt 0.091728 0.318765
vt 0.662520 0.229014
vt 0.345223 0.830738
vt 0.277212 0.018014
vt 0.294577 0.007988
vt 0.307984 0.019334
vt 0.032405 0.148009
vt 0.228827 0.109341
vt 0.198315 0.175805
vt 0.195055 0.109341
vt 0.156170 0.113155
vt 0.227539 0.173162
vt 0.160840 0.175264
vt 0.058134 0.765250
vt 0.074656 0.703591
vt 0.078975 0.772812
vt 0.505948 0.145127
vt 0.580987 0.145127
vt 0.513114 0.159394
vt 0.968171 0.808930
vt 0.965083 0.844225
vt 0.892236 0.811779
vt 0.938446 0.847305
vt 0.234302 0.173621
vt 0.159001 0.183818
vt 0.304492 0.621633
vt 0.258553 0.657509
vt 0.271259 0.606136
vt 0.254312 0.226000
vt 0.364516 0.601161
vt 0.397184 0.652210
vt 0.359934 0.630008
vt 0.276988 0.580942
vt 0.210178 0.238699
vt 0.042841 0.174716
vt 0.058349 0.206887
vt 0.042841 0.210061
vt 0.050342 0.414097
vt 0.037356 0.386248
vt 0.052560 0.358382
vt 0.072952 0.217848
vt 0.073403 0.162091
vt 0.021384 0.737488
vt 0.027247 0.707325
vt 0.050648 0.701161
vt 0.059055 0.165853
vt 0.365895 0.071396
vt 0.307726 0.071396
vt 0.983238 0.792718
vt 0.983238 0.752240
vt 0.997388 0.753922
vt 0.299112 0.031751
vt 0.312440 0.018423
vt 0.349671 0.029193
vt 0.155723 0.030184
vt 0.120915 0.024046
vt 0.168703 0.022971
vt 0.026108 0.852161
vt 0.014131 0.889021
vt 0.015137 0.863581
vt 0.369009 0.070940
vt 0.321936 0.062640
vt 0.372522 0.060704
vt 0.049033 0.160692
vt 0.836764 0.004853
vt 0.822184 0.000115
vt 0.837031 0.000341
vt 0.021727 0.520753
vt 0.017039 0.535879
vt 0.004698 0.528754
vt 0.957832 0.500856
vt 0.965913 0.529545
vt 0.969854 0.574596
vt 0.000628 0.520806
vt 0.846002 0.000001
vt 0.858916 0.000001
vt 0.858239 0.004470
vt 0.970137 0.496939
vt 0.381989 0.069832
vt 0.319596 0.065713
vt 0.822649 0.679692
vt 0.850801 0.683553
vt 0.839933 0.700291
vt 0.042167 0.163131
vt 0.042167 0.210441
vt 0.024401 0.183316
vt 0.853900 0.687910
vt 0.834860 0.744973
vt 0.024445 0.460378
vt 0.031180 0.423491
vt 0.030258 0.438683
vt 0.857880 0.652894
vt 0.829256 0.665204
vt 0.015125 0.411974
vt 0.031571 0.417960
vt 0.019035 0.465323
vt 0.856382 0.729135
vt 0.031690 0.476658
vt 0.820709 0.644992
vt 0.878685 0.777078
vt 0.891519 0.782270
vt 0.880552 0.804851
vt 0.905940 0.802842
vt 0.890177 0.811929
vt 0.988161 0.115990
vt 0.976898 0.130690
vt 0.970410 0.114437
vt 0.971743 0.157297
vt 0.991338 0.139010
vt 0.027614 0.844092
vt 0.007516 0.871755
vt 0.005669 0.844146
vt 0.020252 0.297598
vt 0.023621 0.307966
vt 0.002211 0.305409
vt 0.907021 0.853301
vt 0.908039 0.828861
vt 0.838608 0.831529
vt 0.874534 0.882634
vt 0.690117 0.060871
vt 0.639937 0.047425
vt 0.699358 0.047947
vt 0.220434 0.108767
vt 0.187685 0.108767
vt 0.220847 0.056819
vt 0.187002 0.054671
vt 0.074900 0.496636
vt 0.061712 0.496636
vt 0.068223 0.430835
vt 0.089764 0.123307
vt 0.088849 0.112293
vt 0.154972 0.112293
vt 0.420179 0.028606
vt 0.369687 0.028606
vt 0.391187 0.024052
vt 0.104314 0.999988
vt 0.067072 0.999988
vt 0.081763 0.994547
vt 0.156451 0.149506
vt 0.508233 0.750608
vt 0.531654 0.763939
vt 0.514519 0.775561
vt 0.086967 0.142861
vt 0.476949 0.749508
vt 0.496638 0.730198
vt 0.509843 0.669338
vt 0.521354 0.671894
vt 0.468435 0.815743
vt 0.501914 0.797767
vt 0.534993 0.817669
vt 0.476948 0.777194
vt 0.456652 0.797570
vt 0.487706 0.663315
vt 0.996777 0.296019
vt 0.445413 0.782929
vt 0.012623 0.699638
vt 0.051460 0.699638
vt 0.021890 0.706720
vt 0.460340 0.704874
vt 0.971430 0.290786
vt 0.470192 0.652772
vt 0.038814 0.899856
vt 0.017529 0.946731
vt 0.017826 0.899856
vt 0.419801 0.785627
vt 0.042083 0.949125
vt 0.437075 0.803410
vt 0.030000 0.416207
vt 0.030000 0.362730
vt 0.031600 0.382253
vt 0.980789 0.261855
vt 0.996777 0.262027
vt 0.969153 0.932348
vt 0.949117 0.998799
vt 0.920625 0.986705
vt 0.902183 0.978736
vt 0.942066 0.920964
vt 0.923310 0.909795
vt 0.753390 0.018187
vt 0.724007 0.018187
vt 0.752665 0.009632
vt 0.956815 0.992704
vt 0.003719 0.694515
vt 0.023437 0.688108
vt 0.023603 0.697386
vt 0.157452 0.153150
vt 0.159233 0.220824
vt 0.149413 0.220824
vt 0.264587 0.238263
vt 0.331824 0.202830
vt 0.339648 0.231696
vt 0.449095 0.184610
vt 0.454613 0.178033
vt 0.528054 0.180749
vt 0.188151 0.216733
vt 0.121301 0.259440
vt 0.121483 0.228488
vt 0.455350 0.169482
vt 0.527850 0.175825
vt 0.448802 0.176767
vt 0.090380 0.154633
vt 0.088159 0.227376
vt 0.603644 0.227974
vt 0.594882 0.209184
vt 0.676355 0.213895
vt 0.335926 0.253206
vt 0.194969 0.245757
vt 0.202594 0.266625
vt 0.258465 0.207222
vt 0.967209 0.207824
vt 0.973056 0.274657
vt 0.963854 0.278018
vt 0.860505 0.177026
vt 0.862051 0.147252
vt 0.932325 0.147252
vt 0.516908 0.029181
vt 0.498476 0.019415
vt 0.518702 0.019006
vt 0.931983 0.177302
vt 0.548220 0.024646
vt 0.866202 0.198500
vt 0.934329 0.197396
vt 0.684280 0.535762
vt 0.715325 0.533157
vt 0.677961 0.586125
vt 0.667075 0.624488
vt 0.682404 0.646120
vt 0.661450 0.528744
vt 0.654004 0.589962
vt 0.643344 0.568403
vt 0.015086 0.084852
vt 0.015086 0.033877
vt 0.054462 0.039862
vt 0.950647 0.034723
vt 0.909263 0.048169
vt 0.919827 0.019889
vt 0.835060 0.165700
vt 0.803246 0.173863
vt 0.797127 0.153848
vt 0.119524 0.370957
vt 0.089888 0.413281
vt 0.088623 0.340320
vt 0.790723 0.023039
vt 0.811528 0.030612
vt 0.765223 0.028445
vt 0.779760 0.024129
vt 0.745658 0.030142
vt 0.733404 0.024006
vt 0.116054 0.293121
vt 0.116054 0.366094
vt 0.090106 0.325399
vt 0.082757 0.993161
vt 0.061371 0.998891
vt 0.047894 0.993995
vt 0.761562 0.149535
vt 0.701113 0.047760
vt 0.751021 0.061132
vt 0.692099 0.061530
vt 0.387125 0.053746
vt 0.411711 0.058081
vt 0.352819 0.060015
vt 0.994901 0.997979
vt 0.968834 0.997979
vt 0.982922 0.990098
vt 0.032692 0.552703
vt 0.020650 0.528106
vt 0.970292 0.991821
vt 0.970292 0.948567
vt 0.995927 0.951586
vt 0.990783 0.549836
vt 0.969201 0.549836
vt 0.991057 0.536105
vt 0.015991 0.545123
vt 0.030816 0.569054
vt 0.093527 0.032763
vt 0.112130 0.043503
vt 0.084031 0.038594
vt 0.022215 0.314590
vt 0.014070 0.339657
vt 0.000140 0.326251
vt 0.101094 0.018505
vt 0.179594 0.998991
vt 0.151550 0.996538
vt 0.190228 0.997168
vt 0.068198 0.043591
vt 0.017713 0.221071
vt 0.025275 0.258809
vt 0.339859 0.999303
vt 0.379962 0.999855
vt 0.031869 0.516887
vt 0.006022 0.257055
vt 0.358016 0.974313
vt 0.296210 0.808944
vt 0.325738 0.854737
vt 0.261961 0.843339
vt 0.033464 0.155426
vt 0.033464 0.100908
vt 0.065891 0.146968
vt 0.027979 0.215482
vt 0.063694 0.212357
vt 0.064917 0.216356
vt 0.613068 0.027433
vt 0.646027 0.024549
vt 0.662143 0.029102
vt 0.260720 0.808861
vt 0.275198 0.769819
vt 0.831376 0.004342
vt 0.810948 0.004342
vt 0.812866 0.000626
vt 0.022512 0.209515
vt 0.012929 0.197249
vt 0.039232 0.208393
vt 0.252579 0.756337
vt 0.236422 0.767920
vt 0.231718 0.732950
vt 0.252681 0.774969
vt 0.022004 0.188566
vt 0.026112 0.172502
vt 0.007890 0.539627
vt 0.029712 0.569662
vt 0.005558 0.567893
vt 0.250212 0.791815
vt 0.971267 0.220142
vt 0.972843 0.262719
vt 0.230149 0.889007
vt 0.233033 0.856291
vt 0.249778 0.860747
vt 0.337566 0.057458
vt 0.285676 0.071361
vt 0.279921 0.055812
vt 0.247724 0.840493
vt 0.018924 0.811258
vt 0.056390 0.838478
vt 0.015642 0.842989
vt 0.233926 0.791794
vt 0.239609 0.808974
vt 0.402439 0.442543
vt 0.379327 0.459891
vt 0.361531 0.425322
vt 0.375904 0.514569
vt 0.348608 0.508670
vt 0.360292 0.492821
vt 0.445307 0.426657
vt 0.461933 0.461201
vt 0.409266 0.472331
vt 0.340849 0.487052
vt 0.431361 0.486203
vt 0.456808 0.485097
vt 0.394726 0.509680
vt 0.417515 0.491282
vt 0.997933 0.228807
vt 0.390796 0.387742
vt 0.365650 0.352529
vt 0.385485 0.347874
vt 0.405059 0.352297
vt 0.766379 0.833648
vt 0.755466 0.852286
vt 0.725008 0.833985
vt 0.445172 0.353502
vt 0.376411 0.430566
vt 0.436378 0.428011
vt 0.710964 0.857407
vt 0.742401 0.820160
vt 0.982466 0.751147
vt 0.982466 0.815172
vt 0.928612 0.787157
vt 0.777861 0.796783
vt 0.748590 0.800311
vt 0.462474 0.380829
vt 0.477370 0.357994
vt 0.737533 0.780835
vt 0.767716 0.765822
vt 0.122142 0.775321
vt 0.115383 0.812026
vt 0.062811 0.842378
vt 0.715208 0.763799
vt 0.683639 0.810115
vt 0.058185 0.773122
vt 0.858561 0.665093
vt 0.907174 0.598183
vt 0.907957 0.667589
vt 0.740983 0.241000
vt 0.784666 0.241000
vt 0.736044 0.735738
vt 0.817176 0.269184
vt 0.731756 0.266823
vt 0.799517 0.753331
vt 0.799735 0.688813
vt 0.834907 0.731223
vt 0.832996 0.699560
vt 0.832294 0.761355
vt 0.811871 0.663692
vt 0.767339 0.724803
vt 0.023606 0.648387
vt 0.023606 0.686437
vt 0.012162 0.679611
vt 0.758859 0.754004
vt 0.722967 0.722633
vt 0.657964 0.464547
vt 0.631567 0.423898
vt 0.691334 0.441699
vt 0.796574 0.787873
vt 0.692358 0.484966
vt 0.668955 0.492177
vt 0.391096 0.051087
vt 0.429001 0.047771
vt 0.452421 0.050898
vt 0.684289 0.527504
vt 0.113945 0.496832
vt 0.135373 0.562780
vt 0.088174 0.551297
vt 0.450394 0.053764
vt 0.422951 0.058603
vt 0.390142 0.053171
vt 0.621681 0.078864
vt 0.634427 0.047316
vt 0.681350 0.059882
vt 0.859730 0.805104
vt 0.819356 0.778550
vt 0.859442 0.730778
vt 0.709481 0.505054
vt 0.720412 0.396490
vt 0.579507 0.017721
vt 0.551640 0.017721
vt 0.559210 0.005627
vt 0.846219 0.825109
vt 0.744986 0.475551
vt 0.224802 0.082099
vt 0.286879 0.081079
vt 0.288123 0.095293
vt 0.259165 0.113158
vt 0.224048 0.104909
vt 0.343220 0.406624
vt 0.302727 0.352761
vt 0.338077 0.347845
vt 0.298997 0.459695
vt 0.255052 0.421811
vt 0.253402 0.461892
vt 0.257150 0.351862
vt 0.145881 0.321569
vt 0.209392 0.326313
vt 0.154214 0.347215
vt 0.491759 0.171727
vt 0.449322 0.161539
vt 0.446167 0.125486
vt 0.185290 0.271172
vt 0.243864 0.295067
vt 0.516078 0.122361
vt 0.228047 0.685122
vt 0.234303 0.602716
vt 0.258953 0.660975
vt 0.040966 0.250768
vt 0.061878 0.276882
vt 0.036299 0.303370
vt 0.132688 0.267290
vt 0.088391 0.280999
vt 0.054533 0.234633
vt 0.110153 0.430183
vt 0.065685 0.418267
vt 0.123088 0.417309
vt 0.281640 0.731114
vt 0.009167 0.242853
vt 0.000741 0.231255
vt 0.384440 0.023357
vt 0.365966 0.028307
vt 0.333891 0.023506
vt 0.662700 0.994319
vt 0.691271 0.974881
vt 0.713240 0.993315
vt 0.752152 0.983555
vt 0.688146 0.953709
vt 0.790789 0.927264
vt 0.733498 0.907369
vt 0.736285 0.875056
vt 0.787674 0.876216
vt 0.660829 0.983561
vt 0.800676 0.987338
vt 0.028011 0.806859
vt 0.046077 0.825934
vt 0.061408 0.841799
vt 0.016646 0.220634
vt 0.045617 0.794068
vt 0.783801 0.866565
vt 0.761091 0.868692
vt 0.788949 0.853571
vt 0.799843 0.837903
vt 0.831005 0.806340
vt 0.832550 0.856387
vt 0.004229 0.071807
vt 0.001127 0.089396
vt 0.000242 0.059138
vt 0.272089 0.656727
vt 0.308950 0.690202
vt 0.283254 0.678641
vt 0.949368 0.453966
vt 0.970155 0.417961
vt 0.969707 0.496098
vt 0.797083 0.815351
vt 0.771388 0.843106
vt 0.742224 0.178893
vt 0.816538 0.203039
vt 0.739846 0.225975
vt 0.295507 0.702606
vt 0.808909 0.791735
vt 0.322767 0.717789
vt 0.329169 0.652893
vt 0.339618 0.690871
vt 0.354844 0.666525
vt 0.350318 0.675888
vt 0.778071 0.810649
vt 0.048930 0.643163
vt 0.058869 0.628968
vt 0.057329 0.685488
vt 0.802699 0.772618
vt 0.287730 0.729315
vt 0.778864 0.788748
vt 0.317744 0.784796
vt 0.350280 0.740361
vt 0.302959 0.774647
vt 0.812131 0.766678
vt 0.363583 0.759306
vt 0.369595 0.767669
vt 0.349022 0.783263
vt 0.274364 0.754742
vt 0.061501 0.837924
vt 0.044311 0.785017
vt 0.057165 0.781549
vt 0.337012 0.813703
vt 0.284842 0.772682
vt 0.288652 0.792406
vt 0.268756 0.765401
vt 0.348700 0.833943
vt 0.329592 0.828386
vt 0.147302 0.428914
vt 0.180516 0.426303
vt 0.150263 0.465721
vt 0.131684 0.450230
vt 0.394066 0.802765
vt 0.412713 0.792160
vt 0.433136 0.833522
vt 0.462782 0.227588
vt 0.487882 0.230036
vt 0.475294 0.251839
vt 0.202165 0.449131
vt 0.184051 0.490195
vt 0.163860 0.413848
vt 0.503467 0.243384
vt 0.199025 0.400041
vt 0.181459 0.408306
vt 0.168368 0.400935
vt 0.446978 0.676210
vt 0.437814 0.698040
vt 0.425732 0.668162
vt 0.406227 0.728383
vt 0.429002 0.745327
vt 0.442095 0.233343
vt 0.235879 0.448592
vt 0.252816 0.469633
vt 0.446013 0.257357
vt 0.427388 0.238283
vt 0.004996 0.088076
vt 0.037726 0.098710
vt 0.005997 0.098312
vt 0.392148 0.762039
vt 0.239182 0.395548
vt 0.252536 0.433658
vt 0.402936 0.686164
vt 0.403001 0.662752
vt 0.057974 0.532170
vt 0.057974 0.589539
vt 0.043367 0.585204
vt 0.431397 0.293821
vt 0.451461 0.277594
vt 0.359406 0.727611
vt 0.514264 0.264600
vt 0.492670 0.278658
vt 0.515484 0.296008
vt 0.353320 0.671863
vt 0.224582 0.465683
vt 0.446086 0.809737
vt 0.578540 0.885156
vt 0.605697 0.852733
vt 0.588303 0.913460
vt 0.584960 0.841377
vt 0.131772 0.683349
vt 0.131772 0.656044
vt 0.162469 0.676837
vt 0.152354 0.693856
vt 0.191225 0.688205
vt 0.164608 0.624776
vt 0.648345 0.860201
vt 0.654649 0.844474
vt 0.182773 0.667270
vt 0.607876 0.810663
vt 0.133178 0.568936
vt 0.641253 0.802288
vt 0.217276 0.670020
vt 0.573018 0.811090
vt 0.204707 0.657454
vt 0.208932 0.629845
vt 0.997803 0.008507
vt 0.985577 0.046138
vt 0.957487 0.010744
vt 0.199859 0.610945
vt 0.227890 0.650725
vt 0.575145 0.783359
vt 0.594194 0.772580
vt 0.562937 0.791977
vt 0.224947 0.622980
vt 0.852636 0.017904
vt 0.881591 0.008496
vt 0.878736 0.027768
vt 0.397370 0.012478
vt 0.396043 0.023289
vt 0.371631 0.022296
vt 0.426627 0.293163
vt 0.380119 0.244897
vt 0.426171 0.230739
vt 0.032540 0.570037
vt 0.032540 0.621717
vt 0.022105 0.573160
vt 0.389924 0.270974
vt 0.981664 0.105071
vt 0.934956 0.071135
vt 0.982580 0.053399
vt 0.355846 0.247686
vt 0.358091 0.226068
vt 0.090828 0.586957
vt 0.082472 0.563998
vt 0.130061 0.632846
vt 0.132133 0.563378
vt 0.374632 0.304980
vt 0.363411 0.277412
vt 0.440771 0.648082
vt 0.380246 0.623658
vt 0.395080 0.585921
vt 0.464370 0.631615
vt 0.434111 0.575770
vt 0.340884 0.232872
vt 0.457836 0.588311
vt 0.458078 0.716331
vt 0.485806 0.596453
vt 0.054721 0.431767
vt 0.066513 0.431972
vt 0.034331 0.476331
vt 0.522106 0.588072
vt 0.538284 0.600830
vt 0.033476 0.791683
vt 0.033476 0.736881
vt 0.060414 0.769733
vt 0.784919 0.599555
vt 0.808427 0.603688
vt 0.825277 0.625255
vt 0.831148 0.606362
vt 0.750643 0.619460
vt 0.324734 0.479578
vt 0.344011 0.473685
vt 0.335727 0.499642
vt 0.318372 0.456573
vt 0.339787 0.455914
vt 0.769177 0.598309
vt 0.853927 0.609959
vt 0.647513 0.285717
vt 0.619640 0.315607
vt 0.622538 0.271899
vt 0.672934 0.321245
vt 0.774578 0.642625
vt 0.120027 0.236850
vt 0.109871 0.298811
vt 0.105057 0.244810
vt 0.712700 0.307770
vt 0.340579 0.435795
vt 0.316030 0.440956
vt 0.061860 0.480620
vt 0.055821 0.490370
vt 0.036105 0.486704
vt 0.891431 0.049557
vt 0.926751 0.048742
vt 0.183362 0.077958
vt 0.151793 0.077984
vt 0.650858 0.112921
vt 0.686403 0.142748
vt 0.617620 0.144903
vt 0.815461 0.031229
vt 0.799844 0.023947
vt 0.845958 0.022919
vt 0.229512 0.110995
vt 0.275623 0.116186
vt 0.277785 0.128448
vt 0.088120 0.228263
vt 0.103100 0.277360
vt 0.369513 0.390572
vt 0.035010 0.499241
vt 0.983322 0.090857
vt 0.983322 0.052710
vt 0.993827 0.077199
vt 0.302033 0.112636
vt 0.056173 0.694144
vt 0.058585 0.710138
vt 0.052692 0.732132
vt 0.037939 0.535277
vt 0.305194 0.284759
vt 0.361740 0.294729
vt 0.285168 0.311041
vt 0.132788 0.043450
vt 0.701464 0.019024
vt 0.743544 0.022706
vt 0.695601 0.025188
vt 0.057854 0.750963
vt 0.061470 0.527956
vt 0.333871 0.280806
vt 0.381499 0.313332
vt 0.712563 0.047928
vt 0.771292 0.047928
vt 0.757611 0.061859
vt 0.981034 0.614379
vt 0.933521 0.579859
vt 0.971485 0.584725
vt 0.922515 0.092341
vt 0.185145 0.048933
vt 0.173035 0.038757
vt 0.905205 0.727243
vt 0.922653 0.748086
vt 0.911231 0.790715
vt 0.333591 0.022839
vt 0.316999 0.018393
vt 0.367551 0.021332
vt 0.222652 0.058551
vt 0.207170 0.018449
vt 0.257808 0.018449
vt 0.240593 0.055637
vt 0.957189 0.715934
vt 0.048871 0.871816
vt 0.035007 0.842666
vt 0.050604 0.852000
vt 0.955546 0.752803
vt 0.004340 0.068489
vt 0.001124 0.050248
vt 0.003373 0.036329
vt 0.090596 0.843060
vt 0.079105 0.873113
vt 0.035270 0.892523
vt 0.942342 0.776011
vt 0.051259 0.894290
vt 0.156641 0.018420
vt 0.206499 0.018420
vt 0.206337 0.031754
vt 0.300844 0.202164
vt 0.248407 0.207135
vt 0.229211 0.148056
vt 0.273919 0.160238
vt 0.723404 0.272511
vt 0.758335 0.284423
vt 0.069446 0.894542
vt 0.776999 0.290808
vt 0.777705 0.318871
vt 0.758692 0.271092
vt 0.774778 0.271030
vt 0.626716 0.019870
vt 0.595341 0.019870
vt 0.597441 0.010930
vt 0.092663 0.885821
vt 0.794270 0.270019
vt 0.807555 0.293416
vt 0.819069 0.269803
vt 0.905771 0.714004
vt 0.735178 0.292905
vt 0.533208 0.900788
vt 0.538359 0.875870
vt 0.557626 0.929799
vt 0.897269 0.244789
vt 0.945781 0.268790
vt 0.972578 0.284018
vt 0.962413 0.242559
vt 0.128763 0.955158
vt 0.147135 0.874450
vt 0.148812 0.935109
vt 0.544307 0.083015
vt 0.522685 0.144507
vt 0.521832 0.097058
vt 0.516830 0.884677
vt 0.478010 0.880183
vt 0.555900 0.865836
vt 0.485003 0.098436
vt 0.553371 0.844173
vt 0.510577 0.840884
vt 0.533808 0.821025
vt 0.905110 0.790265
vt 0.867369 0.763838
vt 0.904055 0.707499
vt 0.555125 0.818020
vt 0.969444 0.114037
vt 0.972659 0.136907
vt 0.938679 0.120013
vt 0.160854 0.954419
vt 0.074290 0.497430
vt 0.074290 0.563673
vt 0.058348 0.498360
vt 0.557757 0.785551
vt 0.950439 0.140855
vt 0.942123 0.161830
vt 0.969465 0.167070
vt 0.902500 0.132127
vt 0.962568 0.096045
vt 0.933299 0.175689
vt 0.132015 0.997872
vt 0.109538 0.999838
vt 0.093519 0.996188
vt 0.910145 0.280167
vt 0.899671 0.116832
vt 0.232255 0.602740
vt 0.201422 0.611976
vt 0.203068 0.564856
vt 0.253049 0.577715
vt 0.282702 0.570774
vt 0.080953 0.128774
vt 0.057806 0.096921
vt 0.093497 0.012828
vt 0.070052 0.006546
vt 0.112759 0.007502
vt 0.896997 0.065248
vt 0.888199 0.087869
vt 0.874182 0.096628
vt 0.267130 0.029062
vt 0.258375 0.018628
vt 0.308937 0.020293
vt 0.253897 0.564121
vt 0.233407 0.531094
vt 0.232484 0.544663
vt 0.850890 0.049878
vt 0.088969 0.156455
vt 0.313729 0.538686
vt 0.830276 0.096669
vt 0.071093 0.093244
vt 0.720302 0.230666
vt 0.698920 0.273032
vt 0.701509 0.239832
vt 0.726597 0.258789
vt 0.990223 0.686427
vt 0.976851 0.676712
vt 0.996820 0.677524
vt 0.882766 0.016562
vt 0.916042 0.016562
vt 0.911594 0.037586
vt 0.095696 0.091930
vt 0.049523 0.114644
vt 0.033370 0.077053
vt 0.039566 0.067866
vt 0.986105 0.361993
vt 0.986105 0.318087
vt 0.997005 0.357523
vt 0.212497 0.536769
vt 0.048863 0.048297
vt 0.715012 0.296744
vt 0.062602 0.082032
vt 0.696152 0.300879
vt 0.147675 0.703522
vt 0.149285 0.775862
vt 0.122184 0.724911
vt 0.650453 0.280981
vt 0.078027 0.068541
vt 0.352535 0.029971
vt 0.382840 0.032622
vt 0.333007 0.031635
vt 0.710368 0.070533
vt 0.651778 0.070533
vt 0.675368 0.064589
vt 0.096288 0.084614
vt 0.088172 0.772618
vt 0.034095 0.889695
vt 0.024987 0.859811
vt 0.033269 0.842049
vt 0.030929 0.774917
vt 0.018955 0.742018
vt 0.033206 0.727318
vt 0.756270 0.414425
vt 0.720691 0.379231
vt 0.769037 0.396742
vt 0.015582 0.888742
vt 0.970022 0.385729
vt 0.956571 0.390491
vt 0.951271 0.370714
vt 0.714500 0.392177
vt 0.799952 0.413306
vt 0.773417 0.473134
vt 0.747347 0.470170
vt 0.950991 0.448958
vt 0.800154 0.486641
vt 0.068400 0.155696
vt 0.896918 0.891106
vt 0.928278 0.893366
vt 0.915463 0.926752
vt 0.073417 0.566349
vt 0.073417 0.634347
vt 0.059220 0.601525
vt 0.926522 0.839766
vt 0.957528 0.869213
vt 0.974415 0.901894
vt 0.997657 0.894343
vt 0.997766 0.931788
vt 0.201031 0.032280
vt 0.153167 0.032280
vt 0.174369 0.024352
vt 0.975692 0.677625
vt 0.994005 0.690930
vt 0.975907 0.693463
vt 0.168665 0.006998
vt 0.186591 0.015357
vt 0.145252 0.014001
vt 0.666878 0.374949
vt 0.643697 0.389947
vt 0.631511 0.361238
vt 0.165298 0.006818
vt 0.137758 0.014197
vt 0.123822 0.006667
vt 0.968400 0.815933
vt 0.995474 0.830192
vt 0.995474 0.855701
vt 0.684858 0.413746
vt 0.618074 0.375753
vt 0.599611 0.398692
vt 0.588631 0.384084
vt 0.576903 0.433399
vt 0.586436 0.461912
vt 0.625090 0.421587
vt 0.967765 0.852725
vt 0.694831 0.434180
vt 0.341036 0.225983
vt 0.328403 0.187102
vt 0.370057 0.224742
vt 0.367186 0.179411
vt 0.331469 0.161313
vt 0.358673 0.151563
vt 0.075813 0.039134
vt 0.035055 0.035962
vt 0.032483 0.006568
vt 0.455160 0.048397
vt 0.486333 0.050457
vt 0.504677 0.072318
vt 0.386975 0.103558
vt 0.337774 0.122935
vt 0.354668 0.096100
vt 0.442169 0.070885
vt 0.322069 0.108470
vt 0.072086 0.008117
vt 0.369917 0.163711
vt 0.309001 0.127388
vt 0.552963 0.295321
vt 0.526158 0.273037
vt 0.548931 0.269866
vt 0.065323 0.662453
vt 0.072710 0.634887
vt 0.073772 0.703414
vt 0.865846 0.238753
vt 0.861131 0.199401
vt 0.940657 0.199401
vt 0.973996 0.649409
vt 0.975085 0.701319
vt 0.935309 0.714243
vt 0.904199 0.680324
vt 0.948703 0.634987
vt 0.571219 0.295364
vt 0.918133 0.644940
vt 0.934266 0.242725
vt 0.580057 0.277915
vt 0.583652 0.310628
vt 0.599566 0.293343
vt 0.592416 0.322782
vt 0.152840 0.819419
vt 0.125850 0.846209
vt 0.128062 0.821587
vt 0.142576 0.889087
vt 0.094238 0.890964
vt 0.611447 0.317503
vt 0.101142 0.822001
vt 0.091075 0.848044
vn 0.01680 0.99950 -0.02560
vn 0.33710 0.93990 -0.05410
vn 0.10870 -0.99160 0.07010
vn 0.12490 -0.93030 0.34500
vn -0.00070 -0.93690 0.34970
vn 0.08270 -0.54540 0.83410
vn 0.02450 -0.44840 0.89350
vn -0.00180 -0.44060 0.89770
vn -0.07820 0.47660 -0.87560
vn -0.02740 0.33300 -0.94250
vn -0.24710 0.48620 -0.83820
vn 0.39290 -0.63740 0.66290
vn 0.00480 0.99990 -0.00930
vn -0.05340 0.99610 -0.06960
vn -0.11850 0.98970 -0.08020
vn -0.06010 0.40610 -0.91190
vn -0.04750 0.38930 -0.91990
vn -0.11110 -0.59380 0.79690
vn -0.15430 0.98800 -0.00930
vn -0.06400 0.60070 -0.79690
vn -0.07400 0.42440 -0.90240
vn -0.15350 0.97710 -0.14720
vn -0.17540 0.55740 -0.81150
vn 0.29340 0.95590 0.01360
vn 0.24900 -0.96560 -0.07470
vn -0.47420 0.87030 -0.13290
vn -0.60130 0.37770 -0.70410
vn -0.47680 0.86730 -0.14310
vn -0.68730 0.72500 -0.04510
vn -0.70860 0.70290 -0.06220
vn 0.58630 -0.68030 0.43980
vn 0.87890 -0.18650 0.43900
vn 0.79410 -0.25450 0.55200
vn 0.82200 -0.15000 0.54940
vn 0.75530 -0.33630 0.56240
vn -0.62870 0.33250 -0.70290
vn -0.70550 0.70850 0.01440
vn -0.62400 0.32210 -0.71190
vn 0.77450 -0.17660 0.60750
vn -0.65620 0.74900 -0.09130
vn -0.90600 0.38570 -0.17420
vn -0.81020 0.57190 -0.12820
vn 0.97170 -0.23610 -0.00370
vn -0.69800 0.28720 -0.65600
vn -0.75500 0.26110 -0.60150
vn 0.99970 -0.02040 0.00920
vn -0.93140 0.32470 -0.16450
vn -0.90530 0.42310 -0.03780
vn 0.87110 -0.49070 -0.01970
vn -0.38320 0.00770 -0.92360
vn 0.06690 0.91600 -0.39560
vn -0.05560 -0.02510 -0.99810
vn -0.02620 -0.02280 -0.99940
vn -0.02650 0.00100 -0.99960
vn 0.07880 0.09510 -0.99230
vn -0.58470 0.45520 -0.67150
vn -0.42880 0.49110 -0.75820
vn -0.42900 0.49130 -0.75800
vn 0.68630 -0.18990 0.70210
vn -0.66580 -0.18550 -0.72270
vn -0.86010 -0.06040 -0.50660
vn -0.66910 -0.16350 -0.72500
vn -0.86430 -0.05680 -0.49980
vn -0.02910 0.44480 -0.89510
vn 0.23170 -0.87830 0.41830
vn 0.17760 -0.95370 0.24270
vn 0.15750 -0.97060 0.18220
vn -0.93220 0.00050 -0.36190
vn 0.07310 -0.99680 0.03220
vn 0.04520 -0.99890 0.01060
vn -0.67730 0.41880 -0.60480
vn -0.74120 0.38930 -0.54690
vn 0.01220 -0.99970 -0.02170
vn -0.74010 0.37420 -0.55880
vn -0.02850 -0.99930 -0.02270
vn -0.89770 0.43960 -0.03110
vn 0.57150 0.80980 0.13250
vn 0.90550 0.36020 0.22420
vn -0.46580 -0.87530 -0.13030
vn 0.89390 0.44820 0.00430
vn 0.80740 0.51790 -0.28250
vn 0.87720 0.47680 0.05640
vn 0.18910 -0.97980 -0.06550
vn 0.01120 -0.98810 -0.15350
vn 0.30320 -0.95290 -0.00560
vn -0.62370 0.77940 0.05940
vn 0.87020 0.39250 -0.29790
vn 0.86960 0.49350 -0.01600
vn -0.12590 -0.99140 -0.03440
vn 0.76280 0.41880 -0.49270
vn 0.99550 -0.05700 0.07620
vn -0.18320 -0.94270 0.27900
vn -0.16070 -0.97300 0.16580
vn -0.18400 -0.95860 0.21710
vn 0.82720 0.55240 0.10310
vn -0.95880 -0.27930 0.05190
vn -0.96660 -0.25190 0.04790
vn -0.96060 -0.27190 0.05780
vn -0.95820 -0.28170 0.04990
vn 0.73470 0.39180 -0.55380
vn 0.97290 0.22520 -0.05310
vn 0.65830 0.47980 -0.58000
vn -0.14640 -0.98430 0.09830
vn -0.95090 -0.30460 0.05540
vn -0.17070 -0.97490 -0.14320
vn 0.51380 0.25260 -0.81990
vn 0.72340 0.68680 0.07050
vn 0.07390 0.99400 0.08010
vn 0.49220 0.86450 0.10210
vn 0.27000 0.15700 -0.95000
vn 0.49030 0.23210 -0.84010
vn -0.63140 -0.55190 0.54470
vn -0.63650 -0.43660 0.63580
vn -0.75300 -0.28240 0.59430
vn 0.40060 0.68330 -0.61040
vn 0.54160 0.64680 -0.53700
vn -0.79260 -0.20040 0.57590
vn -0.38190 -0.92390 -0.02470
vn -0.39710 -0.91760 -0.01520
vn -0.09230 -0.97350 0.20940
vn -0.94130 -0.14390 0.30540
vn -0.37020 -0.92840 -0.03190
vn 0.57180 0.60710 -0.55190
vn 0.34180 0.60740 -0.71720
vn 0.51230 0.36900 -0.77550
vn -0.33060 -0.54570 0.77000
vn -0.23160 -0.39710 0.88810
vn 0.03730 0.99630 0.07750
vn 0.55600 0.26360 -0.78830
vn -0.11550 0.37450 -0.92000
vn -0.45600 -0.70880 0.53820
vn 0.92440 -0.11080 -0.36490
vn 0.94670 -0.07550 -0.31320
vn 0.94210 -0.07350 -0.32710
vn 0.95300 -0.04650 -0.29930
vn 0.91490 -0.06240 -0.39890
vn 0.50210 -0.45440 -0.73580
vn 0.42810 -0.09030 -0.89920
vn 0.58880 -0.57320 -0.56990
vn 0.44450 0.43990 -0.78030
vn -0.17480 -0.86590 0.46870
vn -0.29510 -0.78380 0.54640
vn -0.11450 -0.90670 0.40590
vn 0.25110 -0.02760 -0.96760
vn 0.45370 -0.01970 -0.89090
vn 0.16790 -0.05200 -0.98440
vn -0.04400 -0.93740 0.34540
vn -0.02630 -0.95060 0.30940
vn -0.03200 -0.79700 -0.60320
vn -0.02250 -0.81370 -0.58080
vn -0.05290 -0.75750 -0.65070
vn -0.09080 -0.00800 -0.99580
vn -0.03440 -0.21320 -0.97640
vn -0.06790 0.99340 0.09220
vn 0.05490 0.99850 0.00060
vn -0.12330 0.98630 0.10920
vn -0.07440 -0.72530 0.68440
vn -0.14860 0.11190 0.98250
vn 0.24800 -0.96610 -0.07150
vn 0.40440 -0.83020 -0.38380
vn 0.42130 -0.89810 -0.12620
vn 0.14890 -0.61830 -0.77170
vn 0.46250 -0.52940 -0.71120
vn -0.63970 0.41970 0.64390
vn -0.61530 0.67930 0.40000
vn -0.65240 0.53630 0.53550
vn -0.47680 0.28840 0.83040
vn -0.49240 0.25170 0.83320
vn -0.51380 0.19040 0.83650
vn -0.40890 0.44190 0.79840
vn -0.60170 0.76090 0.24300
vn -0.66520 0.36680 0.65040
vn -0.18030 0.76610 0.61700
vn 0.72210 -0.48030 -0.49790
vn 0.51600 -0.54640 -0.65970
vn -0.34380 0.90750 0.24140
vn -0.51790 0.18600 0.83500
vn -0.56990 0.78120 0.25480
vn -0.69040 0.34840 0.63400
vn 0.76660 -0.27310 -0.58110
vn -0.81300 0.37560 0.44490
vn 0.81540 -0.22450 -0.53360
vn -0.89540 0.14350 0.42150
vn -0.90400 0.12970 0.40740
vn -0.51000 0.83150 0.22030
vn -0.90740 0.33250 0.25700
vn 0.92990 -0.34680 0.12220
vn 0.94760 -0.31030 0.07620
vn 0.95990 -0.27800 0.03640
vn -0.91360 0.25250 0.31880
vn -0.91040 0.11890 0.39630
vn -0.93190 0.33960 0.12730
vn 0.96150 -0.26980 0.05180
vn -0.94960 0.29660 0.10160
vn -0.99930 -0.02620 -0.02680
vn -0.90400 0.12960 0.40740
vn 0.94290 -0.32240 0.08360
vn 0.00900 -0.04210 0.99910
vn -0.78670 -0.03640 0.61630
vn -0.54060 0.00620 0.84130
vn -0.53800 0.00750 0.84290
vn -0.14280 0.98400 0.10650
vn -0.09260 0.93120 0.35250
vn -0.79280 -0.05570 0.60690
vn -0.55510 0.08690 0.82720
vn -0.70580 -0.09360 0.70220
vn -0.50190 0.04210 0.86390
vn 0.07860 -0.99370 -0.07940
vn -0.76280 0.07320 0.64250
vn -0.16050 0.98700 0.00440
vn -0.90950 -0.06470 0.41060
vn 0.22850 0.94610 -0.22950
vn 0.18680 -0.97700 -0.10270
vn 0.15380 -0.98380 -0.09230
vn 0.19480 -0.97170 -0.13380
vn -0.92860 -0.04760 0.36800
vn -0.80330 -0.26040 0.53560
vn -0.76480 -0.44630 0.46470
vn -0.98260 -0.11590 -0.14510
vn 0.00520 -0.99900 -0.04450
vn 0.12380 -0.99040 -0.06220
vn -0.91990 0.37410 0.11770
vn 0.84830 0.48420 0.21430
vn 0.86090 0.49610 0.11260
vn 0.75960 0.49460 0.42240
vn -0.80180 -0.25760 -0.53920
vn -0.98080 -0.14760 -0.12770
vn -0.90420 -0.08120 -0.41940
vn -0.51860 -0.15670 -0.84050
vn 0.88170 0.20660 0.42420
vn 0.88940 0.22010 0.40070
vn 0.65340 0.42250 0.62820
vn -0.89690 -0.44220 0.00350
vn 0.87460 0.19520 0.44380
vn -0.59420 -0.39010 -0.70330
vn 0.41300 0.36290 0.83530
vn 0.49790 0.58140 0.64350
vn 0.35900 0.30360 0.88260
vn -0.24770 -0.86210 -0.44210
vn -0.59750 -0.56990 -0.56410
vn 0.33960 0.38300 0.85910
vn 0.40330 0.08930 0.91070
vn 0.31570 0.22680 0.92140
vn 0.10150 0.98650 0.12840
vn 0.23220 0.91830 0.32060
vn -0.07060 -0.38260 -0.92120
vn 0.69170 0.71790 0.07860
vn 0.58050 0.44580 0.68130
vn 0.28960 0.22840 0.92950
vn -0.13690 -0.96590 -0.21990
vn -0.32960 -0.93760 -0.11090
vn 0.05600 0.99840 -0.00110
vn 0.16470 0.16540 0.97240
vn 0.06790 0.56960 0.81910
vn 0.04700 0.47840 0.87690
vn -0.15020 0.98250 0.11030
vn 0.02550 -0.10990 -0.99360
vn -0.02990 0.65920 0.75140
vn 0.04220 0.59540 0.80230
vn -0.01330 -0.90650 -0.42200
vn -0.22020 0.97500 0.03090
vn 0.64760 0.74940 0.13750
vn 0.83260 0.54220 0.11300
vn -0.11920 -0.99110 -0.05880
vn -0.14050 -0.98760 -0.07050
vn -0.15030 -0.98680 -0.05990
vn 0.76530 -0.54000 0.35020
vn -0.17290 -0.98100 -0.08820
vn -0.12300 -0.98830 -0.08970
vn 0.84840 -0.00250 0.52940
vn 0.94100 -0.10880 0.32050
vn 0.83730 -0.04310 0.54500
vn 0.80300 0.14630 0.57780
vn -0.16820 -0.97590 -0.13920
vn -0.05610 -0.99470 -0.08640
vn 0.72340 -0.30470 0.61960
vn 0.71990 0.00960 0.69400
vn 0.37050 0.25810 0.89230
vn 0.37050 0.25810 0.89220
vn -0.03390 -0.99690 -0.07170
vn -0.18350 0.96320 -0.19620
vn 0.44520 0.73230 0.51530
vn 0.47920 0.64760 0.59250
vn -0.45120 0.64550 -0.61620
vn 0.38590 0.27670 0.88010
vn 0.12340 -0.12630 0.98430
vn 0.43170 0.75970 0.48630
vn 0.05830 0.73610 0.67440
vn 0.03060 0.49120 0.87050
vn 0.03050 0.49110 0.87060
vn 0.01480 0.34350 0.93900
vn 0.19070 -0.49400 0.84830
vn 0.01810 -0.94580 -0.32440
vn -0.29990 0.80690 0.50890
vn 0.01060 -0.16980 0.98540
vn 0.02100 -0.96570 0.25890
vn -0.25140 -0.95470 -0.15930
vn -0.08400 -0.99170 -0.09700
vn 0.35250 0.23660 0.90540
vn 0.99090 0.12300 -0.05500
vn 0.99040 0.12720 -0.05500
vn 0.99560 0.07560 -0.05450
vn 0.64770 0.06360 0.75930
vn 0.64150 0.76670 0.02600
vn 0.38670 0.83840 0.38410
vn 0.62880 0.77390 0.07490
vn 0.08620 0.75890 0.64550
vn 0.03730 0.74970 0.66070
vn -0.05420 0.99690 -0.05730
vn -0.04530 0.99680 -0.06580
vn 0.02930 0.99780 -0.06020
vn 0.01360 0.99870 -0.04970
vn 0.00010 0.68430 -0.72920
vn 0.08640 0.21660 -0.97240
vn -0.29240 -0.23430 -0.92720
vn 0.06430 0.26570 -0.96190
vn 0.18930 0.45500 0.87010
vn 0.22360 0.61250 0.75820
vn 0.18720 0.70530 0.68380
vn 0.24240 0.96840 -0.05860
vn 0.21670 0.97180 -0.09310
vn 0.20830 0.97560 -0.06880
vn 0.17460 0.54500 0.82000
vn 0.15940 0.33470 0.92880
vn 0.17450 0.98460 -0.00400
vn 0.13290 0.80570 0.57720
vn 0.05730 0.98540 -0.16020
vn -0.27580 0.63830 -0.71860
vn -0.01180 0.36280 -0.93180
vn -0.01790 0.19230 -0.98120
vn -0.34730 0.19350 -0.91760
vn -0.04170 0.15980 -0.98630
vn 0.40100 0.04300 -0.91510
vn 0.40110 0.04300 -0.91500
vn 0.33840 0.05290 -0.93950
vn -0.58840 -0.76180 -0.27120
vn 0.49140 0.02790 -0.87050
vn 0.09750 0.18690 -0.97750
vn 0.16830 0.43490 -0.88460
vn 0.64740 0.66230 -0.37720
vn 0.83320 0.38330 -0.39870
vn 0.44690 -0.74660 -0.49290
vn 0.48600 -0.76620 -0.42050
vn 0.44680 -0.74660 -0.49300
vn -0.04530 0.14370 -0.98860
vn 0.12480 0.28370 -0.95080
vn -0.11270 0.06390 -0.99160
vn -0.29520 -0.03450 -0.95480
vn -0.31380 -0.03760 -0.94870
vn -0.40170 0.42470 -0.81130
vn -0.22870 0.32890 -0.91630
vn -0.23220 0.47990 -0.84600
vn 0.41360 -0.72720 -0.54790
vn -0.20900 0.07680 -0.97490
vn -0.28920 0.14380 -0.94640
vn -0.47560 -0.06460 -0.87730
vn -0.51940 -0.06330 -0.85220
vn -0.52710 -0.07790 -0.84620
vn -0.61730 -0.09120 -0.78150
vn -0.57720 -0.10820 -0.80940
vn -0.63440 -0.06400 -0.77030
vn -0.95070 -0.15370 -0.26940
vn 0.66720 -0.05600 -0.74280
vn 0.80470 -0.09800 -0.58560
vn 0.80470 -0.09800 -0.58550
vn 0.90990 -0.13730 -0.39150
vn -0.17250 0.00450 -0.98500
vn -0.02760 0.10040 0.99460
vn -0.00370 0.24810 0.96870
vn -0.06100 0.15980 0.98530
vn -0.04260 0.31660 0.94760
vn -0.05980 -0.06910 0.99580
vn -0.48300 0.49790 -0.72030
vn -0.22180 0.71440 -0.66360
vn -0.09050 0.74130 -0.66510
vn -0.06820 0.68080 -0.72930
vn -0.15960 -0.01840 0.98700
vn -0.07030 0.41310 0.90800
vn -0.04270 0.99300 -0.11010
vn -0.16720 0.98380 -0.06470
vn -0.18510 0.97960 -0.07760
vn -0.23910 0.97040 -0.03470
vn -0.06110 0.58020 -0.81220
vn -0.11580 0.30800 0.94430
vn -0.19110 0.47350 0.85980
vn -0.14270 0.98870 -0.04630
vn -0.12630 0.48890 -0.86320
vn -0.20810 0.07990 0.97480
vn -0.05160 0.42040 -0.90590
vn -0.14740 0.98900 0.01040
vn -0.34210 0.44690 0.82660
vn -0.08810 0.99590 -0.01810
vn -0.25290 0.95140 -0.17570
vn -0.01370 0.40100 -0.91600
vn -0.26620 0.95760 0.11010
vn -0.98980 -0.03780 -0.13710
vn -0.96540 0.00060 -0.26080
vn -0.94280 0.00340 -0.33330
vn -0.99410 -0.04550 -0.09890
vn -0.99590 -0.05840 -0.06860
vn -0.99520 0.09760 -0.00180
vn -0.00660 -0.02640 -0.99960
vn -0.09040 0.01770 0.99570
vn -0.21850 0.36380 0.90550
vn -0.99310 0.01520 0.11650
vn -0.99410 0.02320 0.10570
vn -0.99240 0.01050 0.12280
vn -0.99910 0.04190 0.00140
vn 0.87300 -0.12260 0.47210
vn -0.99860 0.00630 -0.05310
vn 0.99820 0.03250 0.05060
vn 0.02240 -0.01120 -0.99970
vn 0.02500 -0.00650 -0.99970
vn 0.01870 -0.00470 -0.99980
vn 0.09280 0.99570 -0.00060
vn 0.07130 0.99720 -0.02070
vn -0.03520 0.01760 0.99920
vn -0.02070 0.01530 0.99970
vn -0.03190 0.00850 0.99950
vn 0.11940 0.99250 0.02430
vn 0.02830 -0.00740 -0.99960
vn -0.03840 0.02630 0.99890
vn -0.02290 0.68220 -0.73080
vn -0.06820 0.69440 -0.71630
vn -0.06810 0.69450 -0.71630
vn 0.02840 -0.00020 -0.99960
vn -0.61230 0.79050 -0.01540
vn -0.60610 0.79520 -0.01660
vn -0.42900 0.72990 -0.53220
vn -0.75110 0.05870 -0.65760
vn -0.71650 0.06120 -0.69490
vn -0.75540 0.06250 -0.65230
vn -0.62020 0.78430 -0.01380
vn -0.29170 0.05580 0.95490
vn -0.99970 0.02220 -0.01050
vn -0.99830 0.05280 0.02340
vn -0.99800 0.06260 0.01230
vn -0.77800 0.06320 -0.62510
vn -0.99760 0.04270 0.05520
vn -0.76930 0.07510 -0.63450
vn -0.99700 0.07780 -0.00500
vn -0.97960 0.18860 -0.06990
vn -0.78920 0.06290 0.61100
vn -0.27530 -0.12440 0.95330
vn -0.29000 -0.16830 0.94210
vn -0.15970 -0.02520 0.98680
vn -0.35030 -0.20550 0.91380
vn -0.33610 -0.14940 0.92990
vn -0.31380 -0.07610 0.94640
vn -0.09360 -0.01520 0.99550
vn -0.39090 -0.15760 0.90680
vn -0.88790 -0.06250 0.45580
vn -0.33900 0.00730 0.94080
vn -0.34400 -0.06040 0.93700
vn -0.17690 -0.05240 0.98280
vn -0.74320 -0.31480 0.59040
vn -0.95960 -0.09810 0.26380
vn -0.99990 -0.01000 -0.00950
vn -0.99600 0.04650 -0.07620
vn -0.99430 -0.05570 -0.09100
vn -0.99200 -0.12550 0.01570
vn -0.99150 -0.12980 0.01260
vn -0.99480 -0.09800 -0.02900
vn -0.96030 -0.27820 -0.02250
vn -0.39180 -0.81060 0.43530
vn -0.95240 -0.30310 -0.03120
vn -0.99330 0.00790 0.11510
vn 0.92340 -0.14480 0.35550
vn 0.87330 -0.06770 0.48240
vn 0.97730 -0.07900 0.19670
vn 0.98790 -0.10030 0.11860
vn 0.99320 -0.11500 0.01630
vn 0.77920 -0.07930 -0.62180
vn 0.77910 -0.07930 -0.62180
vn 0.69270 -0.10250 -0.71390
vn 0.66280 -0.05340 0.74690
vn 0.86430 -0.05030 -0.50040
vn -0.01290 0.00140 0.99990
vn -0.01300 0.00130 0.99990
vn -0.01090 0.00410 0.99990
vn -0.01470 -0.00100 0.99990
vn -0.47290 -0.16450 0.86560
vn -0.73080 -0.17650 0.65930
vn 0.98790 -0.15180 -0.03110
vn 0.02500 -0.02680 -0.99930
vn -0.72380 -0.07210 -0.68620
vn -0.98310 -0.15640 -0.09520
vn 0.99840 -0.02670 -0.05030
vn 0.99840 -0.00160 -0.05570
vn 0.99640 -0.03160 -0.07870
vn 0.99150 0.00510 0.12990
vn 0.99820 -0.03440 -0.04860
vn 0.97750 -0.20210 -0.06080
vn 0.07270 0.27490 -0.95870
vn 0.42150 0.03300 -0.90620
vn 0.23540 0.33070 -0.91390
vn 0.61760 -0.12300 -0.77680
vn 0.56300 -0.08980 -0.82160
vn 0.59070 -0.16630 -0.78950
vn 0.24810 -0.01000 -0.96870
vn 0.55110 -0.06440 -0.83200
vn 0.55770 -0.08080 -0.82610
vn 0.26740 0.15680 -0.95070
vn 0.15480 0.09000 -0.98380
vn 0.42720 0.55410 -0.71450
vn 0.38740 0.54980 -0.74010
vn 0.38740 0.54980 -0.74000
vn 0.32960 0.54160 -0.77330
vn 0.11680 0.04430 -0.99220
vn -0.41760 -0.64680 -0.63810
vn -0.12810 0.22920 -0.96490
vn -0.62630 -0.76920 -0.12700
vn -0.17990 0.25720 -0.94950
vn -0.21280 0.38650 -0.89740
vn -0.67960 0.61400 -0.40140
vn 0.66870 -0.74130 -0.05730
vn 0.16090 0.00890 -0.98690
vn -0.27510 -0.02100 -0.96120
vn 0.99370 0.07960 0.07940
vn 0.99600 0.05280 0.07180
vn 0.99400 0.05810 0.09280
vn 0.99660 0.05110 0.06480
vn 0.77020 0.04370 -0.63630
vn 0.99780 0.02200 0.06300
vn -0.02390 0.00270 0.99970
vn -0.02180 0.00570 0.99970
vn -0.02370 -0.00250 0.99970
vn -0.01380 0.00530 0.99990
vn -0.02020 0.01160 0.99970
vn 0.07360 -0.06550 -0.99510
vn 0.06890 -0.00200 -0.99760
vn 0.03670 -0.02560 -0.99900
vn 0.00760 0.00580 -1.00000
vn -0.04950 -0.08830 -0.99490
vn -0.02330 -0.00270 0.99970
vn -0.99610 -0.05390 -0.06990
vn -0.99680 -0.04040 -0.06830
vn -0.99590 -0.08450 -0.03260
vn -0.99430 -0.02630 -0.10330
vn -0.97790 -0.19080 -0.08590
vn 0.97780 -0.20080 -0.06010
vn 0.99670 -0.01890 0.07900
vn 0.99810 -0.01110 -0.06060
vn 0.99350 -0.00810 -0.11350
vn 0.99500 0.04510 -0.08870
vn 0.99810 -0.04350 -0.04420
vn -0.73340 -0.03960 0.67870
vn -0.73330 -0.03960 0.67870
vn -0.78680 -0.05360 0.61490
vn -0.69360 -0.02980 0.71980
vn 0.13140 0.73780 0.66210
vn -0.93420 -0.10900 0.33960
vn 0.75240 -0.63090 0.18940
vn 0.98940 0.00050 0.14510
vn 0.99910 0.00210 0.04150
vn 0.99250 0.00110 0.12220
vn 0.99970 0.00380 0.02410
vn 0.98410 0.00030 0.17750
vn 0.98920 -0.14600 0.00960
vn 0.98970 -0.07360 0.12260
vn 0.66370 -0.16110 0.73050
vn 0.52390 -0.20710 0.82620
vn 0.48200 -0.20770 0.85120
vn 0.32430 -0.08530 0.94210
vn 0.30510 -0.05560 0.95070
vn 0.21220 0.06610 0.97500
vn 0.44470 -0.18100 0.87720
vn 0.21670 -0.04290 0.97530
vn 0.16250 0.00570 0.98670
vn 0.28280 -0.22310 0.93290
vn 0.09560 0.00720 0.99540
vn 0.03760 -0.00430 0.99930
vn 0.38230 -0.15430 0.91110
vn -0.23440 -0.02280 0.97190
vn 0.05750 0.00520 0.99830
vn 0.32980 0.46310 0.82260
vn -0.58030 0.09010 0.80940
vn -0.48600 0.04050 0.87300
vn -0.59570 -0.01540 0.80300
vn -0.59580 -0.01540 0.80300
vn -0.98960 0.00720 0.14370
vn -0.48250 -0.15660 0.86180
vn -0.69270 -0.07040 0.71780
vn -0.68840 -0.06830 0.72210
vn -0.99280 0.03620 0.11410
vn -0.99600 0.03900 0.08060
vn -0.98880 0.14020 -0.05170
vn -0.99580 0.09150 0.00250
vn -0.99050 0.00540 0.13770
vn 0.98320 -0.16550 -0.07660
vn 0.95620 -0.28310 -0.07400
vn 0.98020 -0.18360 -0.07390
vn 0.75790 0.00740 0.65230
vn 0.74150 -0.08970 0.66500
vn 0.98720 -0.13920 -0.07750
vn 0.98420 -0.15770 -0.08100
vn 0.70470 -0.13040 0.69740
vn 0.68210 -0.11630 0.72190
vn 0.95440 -0.28800 -0.07910
vn -0.00700 0.03510 0.99940
vn -0.00660 -0.00880 0.99990
vn -0.00970 -0.03220 0.99940
vn 0.02550 0.01630 -0.99950
vn 0.02360 -0.02890 -0.99930
vn 0.01940 -0.04610 -0.99870
vn -0.04840 -0.84230 -0.53680
vn -0.10990 -0.99290 0.04450
vn -0.10430 -0.99380 0.03770
vn -0.05790 -0.99430 0.08900
vn 0.01740 -0.06670 -0.99760
vn -0.01200 -0.04580 0.99890
vn -0.01830 -0.02970 0.99940
vn 0.01210 -0.07670 -0.99700
vn -0.01190 0.05770 0.99830
vn -0.13890 -0.98940 -0.04210
vn -0.15480 -0.98790 0.00080
vn -0.05510 -0.99150 0.11820
vn -0.72210 -0.00950 -0.69170
vn -0.72350 -0.01230 -0.69030
vn -0.72400 -0.02840 -0.68920
vn -0.71870 0.00790 0.69530
vn -0.67840 -0.00530 0.73470
vn -0.73980 0.00340 0.67290
vn -0.72130 -0.00230 -0.69260
vn -0.71910 -0.00360 -0.69490
vn -0.67340 0.00270 0.73920
vn -0.64880 -0.00950 0.76090
vn -0.95010 0.30360 -0.07130
vn -0.99590 0.08920 -0.01460
vn -0.97950 0.19820 -0.03590
vn -0.79430 0.04390 0.60590
vn -0.33290 -0.94270 0.02080
vn -0.99920 0.03950 0.00290
vn -1.00000 0.00560 0.00180
vn -1.00000 0.00320 0.00070
vn 0.71780 -0.10070 0.68900
vn 0.09430 -0.99480 0.03820
vn 0.26940 -0.72270 -0.63650
vn -0.19260 -0.03020 -0.98080
vn 0.26540 -0.01910 -0.96390
vn 0.25400 -0.02580 -0.96690
vn 0.90400 -0.27970 -0.32330
vn 0.21300 0.00590 -0.97700
vn -0.03040 -0.01810 -0.99940
vn -0.15850 0.07740 0.98430
vn -0.19010 -0.05020 0.98050
vn -0.06650 -0.08340 0.99430
vn -0.24270 -0.12300 0.96230
vn 0.00020 0.04240 0.99910
vn -0.25190 -0.16410 -0.95370
vn 0.16710 -0.94240 0.28980
vn -0.13400 -0.52620 -0.83970
vn -0.12230 -0.36240 -0.92400
vn -0.08160 -0.27380 -0.95830
vn -0.05750 -0.16050 -0.98540
vn -0.33070 0.01200 -0.94370
vn -0.39990 -0.00170 -0.91650
vn -0.19690 0.31690 0.92780
vn -0.24490 0.14200 0.95910
vn -0.30390 -0.11310 -0.94600
vn -0.41450 -0.09350 -0.90520
vn -0.42230 -0.01950 -0.90620
vn 0.03740 -0.00940 -0.99930
vn -0.32690 -0.11520 0.93800
vn -0.69660 -0.05500 -0.71540
vn -0.32650 -0.16280 0.93110
vn 0.35840 -0.81010 0.46400
vn -0.61890 -0.05680 -0.78340
vn -0.60200 -0.20470 -0.77180
vn -0.60180 0.02420 -0.79830
vn -0.96430 -0.02960 -0.26300
vn -0.96220 -0.00330 -0.27220
vn -0.96620 -0.07130 -0.24790
vn 0.60240 -0.17440 -0.77890
vn 0.59970 -0.17220 -0.78150
vn 0.60490 -0.17640 -0.77650
vn -0.00050 -0.05150 -0.99870
vn -0.04700 -0.01840 -0.99870
vn 0.03100 -0.05610 -0.99790
vn 0.07580 -0.07760 -0.99410
vn 0.27160 -0.08940 -0.95830
vn -0.45730 -0.15650 -0.87540
vn -0.35160 0.18210 -0.91830
vn -0.48310 0.22080 -0.84730
vn -0.48300 0.21880 -0.84780
vn -0.48640 0.15990 -0.85900
vn -0.34220 0.32890 -0.88020
vn -0.25090 0.13780 -0.95820
vn 0.97730 -0.16820 0.12910
vn -0.14290 -0.01100 -0.98970
vn -0.49640 0.16560 -0.85220
vn -0.05770 0.36730 -0.92830
vn -0.92670 0.13360 -0.35120
vn -0.97300 0.12040 -0.19680
vn -0.93910 0.06080 -0.33820
vn -0.99460 0.08610 -0.05720
vn 0.20310 0.52230 -0.82820
vn -0.99120 0.10980 0.07330
vn -0.96170 0.08730 0.25980
vn 0.40760 0.90250 0.13910
vn 0.41590 0.89710 0.14890
vn 0.40760 0.90250 0.13920
vn 0.40440 0.90450 0.13530
vn -0.93170 -0.19080 -0.30920
vn -0.84320 -0.07890 0.53170
vn -0.96160 0.03080 0.27270
vn -0.75680 0.03730 -0.65260
vn -0.85930 0.00850 -0.51140
vn -0.87750 0.04020 -0.47790
vn -0.80620 0.07780 -0.58650
vn -0.99410 0.01770 0.10730
vn -0.99540 0.09570 -0.00480
vn -0.80620 -0.31040 0.50370
vn -0.96680 -0.05020 0.25050
vn -0.95980 0.02060 -0.27980
vn -0.87590 0.11390 -0.46890
vn -0.48650 0.02880 0.87320
vn -0.47750 0.02690 0.87820
vn -0.47750 0.02700 0.87820
vn -0.46720 0.02480 0.88380
vn -0.97720 0.05350 -0.20550
vn -0.96810 -0.05630 0.24400
vn -0.79060 0.53990 -0.28880
vn 0.96580 -0.19510 0.17070
vn 0.97890 -0.20100 -0.03650
vn 0.97930 -0.19680 -0.04660
vn 0.95760 -0.19920 -0.20810
vn 0.95740 -0.20750 0.20070
vn 0.95900 -0.19670 -0.20420
vn 0.63220 -0.14860 0.76040
vn 0.86920 -0.46550 -0.16660
vn 0.11690 -0.55640 0.82260
vn 0.11210 -0.54970 0.82780
vn 0.11220 -0.55000 0.82760
vn 0.10070 -0.53400 0.83950
vn 0.06030 -0.05200 0.99680
vn 0.06370 -0.04950 0.99670
vn -0.48620 -0.06120 0.87170
vn -0.33050 -0.08870 0.93960
vn -0.45580 -0.11640 0.88240
vn 0.05390 -0.05640 0.99700
vn -0.59450 -0.04690 0.80270
vn -0.59770 -0.13610 0.79010
vn -0.57090 -0.02570 0.82060
vn -0.58540 -0.02570 0.81030
vn 0.06020 -0.05200 0.99680
vn 0.34730 -0.07280 -0.93490
vn 0.37090 0.09060 -0.92420
vn 0.40960 -0.15470 -0.89910
vn 0.34790 -0.46070 -0.81650
vn 0.37650 0.29650 -0.87770
vn 0.33270 0.21030 -0.91930
vn -0.17070 0.00050 0.98530
vn 0.29180 0.03840 -0.95570
vn 0.15250 0.01400 -0.98820
vn -0.60300 -0.16560 -0.78040
vn 0.17300 0.34040 -0.92420
vn -0.25420 -0.75360 0.60610
vn 0.02440 -0.35160 -0.93580
vn 0.22480 -0.24710 -0.94260
vn 0.23700 -0.25050 -0.93870
vn 0.07730 -0.05740 -0.99540
vn -0.39940 -0.91670 -0.01090
vn -0.17870 -0.68020 -0.71090
vn -0.29670 -0.66970 -0.68080
vn -0.37110 0.03390 -0.92800
vn -0.37120 0.03390 -0.92790
vn -0.59890 0.00190 -0.80080
vn -0.02010 -0.67850 -0.73430
vn 0.13820 -0.98940 -0.04390
vn -0.20880 0.05350 -0.97650
vn 0.17590 -0.23320 -0.95640
vn 0.94590 0.31670 -0.07040
vn 0.96460 0.24940 -0.08630
vn 0.97400 0.21410 0.07460
vn 0.83760 -0.27630 -0.47120
vn 0.96220 0.16750 0.21460
vn 0.96910 0.16190 0.18610
vn 0.11690 -0.99280 0.02440
vn 0.28640 -0.95780 0.02430
vn 0.95950 0.24870 -0.13210
vn 0.93830 0.28570 -0.19480
vn 0.97950 0.09640 -0.17710
vn 0.93510 0.17580 0.30780
vn 0.07030 -0.99720 0.02440
vn 0.89350 0.34490 -0.28750
vn 0.53810 0.41100 -0.73590
vn 0.48240 0.35140 -0.80240
vn 0.16670 0.03890 -0.98520
vn 0.40410 0.48610 -0.77490
vn 0.42240 0.17030 -0.89030
vn 0.70940 -0.14300 -0.69010
vn 0.70060 -0.07070 -0.71000
vn 0.77180 -0.20210 -0.60290
vn 0.68230 0.02830 -0.73060
vn 0.66740 -0.02000 -0.74450
vn 0.62640 -0.13650 -0.76740
vn -0.82120 -0.57060 0.00870
vn 0.05210 -0.06280 -0.99670
vn 0.44580 -0.03990 -0.89420
vn -0.00480 -0.06560 -0.99780
vn -0.02500 -0.07970 -0.99650
vn -0.59680 -0.16170 -0.78590
vn -0.92830 -0.23980 -0.28410
vn -0.95480 -0.20160 -0.21830
vn -0.97390 -0.16490 -0.15590
vn 0.97570 0.09960 -0.19530
vn 0.76800 0.06610 0.63700
vn 0.87310 0.06510 0.48310
vn 0.79130 0.07760 0.60650
vn 0.79720 0.60030 0.06410
vn 0.06100 -0.99800 -0.01670
vn 0.74490 0.06600 0.66390
vn 0.25620 -0.13020 0.95780
vn 0.59830 -0.12500 0.79150
vn 0.36770 -0.06960 0.92730
vn 0.70990 0.03940 0.70320
vn 0.16680 -0.14630 0.97510
vn -0.10060 -0.11250 0.98850
vn -0.01130 -0.09200 0.99570
vn 0.18660 -0.05080 0.98110
vn 0.35090 0.14400 0.92530
vn 0.30880 0.09330 0.94650
vn 0.42110 0.30780 0.85320
vn 0.19390 -0.04370 0.98000
vn 0.15120 -0.04860 0.98730
vn -0.44280 -0.15420 0.88330
vn -0.10050 -0.50820 0.85530
vn 0.03390 -0.12940 0.99100
vn 0.05140 -0.94740 0.31590
vn -0.56590 -0.14910 0.81090
vn -0.15430 -0.59680 0.78740
vn -0.69800 -0.25290 0.66990
vn -0.97590 -0.21280 -0.04850
vn -0.98370 -0.17220 0.05130
vn 0.02620 -0.15240 0.98800
vn -0.96100 -0.24420 -0.12980
vn 0.00180 -0.09390 0.99560
vn -0.02200 -0.73520 -0.67750
vn -0.10050 -0.50820 0.85540
vn -0.02040 -0.36700 0.93000
vn 0.99880 -0.04090 -0.02840
vn 0.99110 -0.11730 -0.06240
vn 0.99960 -0.02330 -0.01530
vn 0.98830 0.14230 0.05400
vn 0.99360 0.10640 0.03770
vn 0.96150 0.25990 0.08930
vn 0.72930 -0.01840 0.68400
vn 0.99180 -0.11190 -0.06250
vn 0.76740 0.07050 -0.63720
vn -0.00550 -0.99010 -0.14030
vn 0.05590 -0.83080 -0.55380
vn 0.05910 -0.99780 -0.03110
vn 0.00090 -0.09000 0.99590
vn -0.01830 -0.04910 0.99860
vn 0.05040 -0.01560 0.99860
vn 0.04810 -0.99860 0.02230
vn 0.05110 0.00530 -0.99870
vn 0.05500 0.07100 -0.99600
vn 0.01290 0.08440 -0.99630
vn 0.01470 -0.42770 0.90380
vn 0.05860 -0.99820 0.00830
vn 0.13230 -0.98660 0.09540
vn -0.04030 -0.27420 -0.96080
vn 0.05480 -0.20320 0.97760
vn 0.07760 0.06380 -0.99490
vn 0.06410 0.24080 -0.96850
vn -0.07980 -0.20980 0.97450
vn -0.67680 -0.73410 -0.05620
vn -0.98230 -0.15590 -0.10400
vn -0.98910 -0.11190 -0.09590
vn -0.98620 -0.13000 -0.10290
vn -0.77330 -0.07040 0.63010
vn -0.77610 -0.04570 0.62890
vn -0.98810 -0.12610 -0.08850
vn -0.77120 -0.08670 0.63060
vn -0.99130 -0.11010 -0.07260
vn -0.99920 0.02250 -0.03320
vn 0.99710 0.04970 0.05840
vn 0.99680 0.02670 -0.07520
vn 0.99830 0.02510 0.05330
vn 0.99600 0.00400 -0.08920
vn 0.99590 -0.02460 -0.08730
vn 0.97170 0.03450 0.23380
vn 0.99860 0.05040 0.01680
vn 0.98490 0.01160 0.17250
vn 0.50450 -0.04550 0.86220
vn 0.54780 0.00960 -0.83660
vn -0.09520 0.13880 -0.98570
vn -0.13680 0.01610 -0.99050
vn 0.11200 0.55360 -0.82520
vn -0.09040 -0.92930 -0.35800
vn -0.16690 0.75610 -0.63280
vn 0.06320 -0.55220 -0.83130
vn 0.09830 0.74280 -0.66220
vn -0.17620 -0.10710 -0.97850
vn -0.32010 -0.06370 -0.94520
vn 0.22750 0.95230 -0.20330
vn -0.47100 -0.02410 -0.88180
vn -0.60330 0.30390 -0.73740
vn -0.60340 0.28590 -0.74440
vn -0.62680 -0.06930 -0.77610
vn -0.49710 -0.63140 -0.59510
vn -0.64070 0.32820 -0.69410
vn -0.60190 0.34880 -0.71840
vn -0.70670 0.57620 -0.41060
vn -0.81530 0.43040 -0.38730
vn -0.79660 0.46190 -0.38990
vn -0.54240 -0.19460 -0.81730
vn -0.69550 0.60010 -0.39510
vn 0.30200 0.06640 -0.95100
vn -0.89250 0.28760 -0.34750
vn -0.97070 -0.14440 -0.19230
vn -0.97590 0.02920 0.21620
vn -0.54390 0.26590 -0.79590
vn 0.05420 -0.99850 -0.01080
vn 0.06730 -0.99770 -0.00680
vn 0.05320 -0.99860 0.00080
vn -0.16520 0.26050 -0.95120
vn 0.82240 -0.49590 -0.27890
vn -0.63970 -0.41310 0.64810
vn -0.01790 -0.99720 -0.07260
vn -0.05170 -0.99700 -0.05720
vn -0.29540 -0.27230 -0.91570
vn -0.12530 0.79460 -0.59400
vn -0.12940 0.75030 -0.64830
vn -0.13140 0.79220 -0.59590
vn 0.06710 -0.98860 0.13460
vn 0.11180 -0.98980 0.08820
vn 0.07030 -0.99330 0.09220
vn -0.06780 -0.99660 -0.04690
vn -0.13130 0.72680 -0.67410
vn -0.11090 0.49170 -0.86370
vn -0.51670 -0.14040 -0.84460
vn 0.10510 -0.99200 -0.06930
vn -0.37340 0.91400 -0.15890
vn 0.09550 -0.97500 -0.20080
vn 0.12600 -0.98180 -0.14200
vn 0.11640 -0.99110 -0.06420
vn -0.48090 0.80890 -0.33830
vn 0.06200 -0.99810 0.00710
vn -0.06340 -0.92790 0.36750
vn 0.18300 -0.98310 0.00190
vn 0.05650 -0.99460 -0.08650
vn -0.89720 0.37250 -0.23710
vn -0.92270 0.36410 -0.12700
vn -0.95000 -0.15400 0.27160
vn -0.94170 0.29570 -0.16030
vn -0.94300 0.21010 0.25810
vn -0.95110 0.25520 0.17400
vn -0.96300 0.03360 0.26750
vn -0.96300 0.03350 0.26750
vn -0.82250 0.42370 -0.37940
vn -0.84550 0.39670 -0.35740
vn -0.94780 0.28410 -0.14490
vn -0.94770 -0.22040 0.23070
vn -0.90790 0.27360 -0.31760
vn -0.86860 0.36890 -0.33090
vn -0.91470 0.33370 0.22800
vn -0.96740 0.14150 0.21020
vn 0.80430 0.23260 -0.54680
vn 0.96420 0.08190 -0.25210
vn 0.95410 0.05100 -0.29500
vn 0.84630 0.00820 -0.53260
vn -0.19690 -0.98040 -0.00420
vn 0.00220 -1.00000 0.00220
vn -0.08720 -0.99000 -0.11100
vn 0.67670 0.09780 -0.72970
vn 0.80280 0.40090 -0.44130
vn 0.76290 0.32730 -0.55750
vn 0.00130 -1.00000 0.00000
vn -0.16700 -0.97350 -0.15620
vn 0.42190 0.90040 -0.10570
vn -0.20250 -0.97240 0.11580
vn -0.19720 -0.97520 0.10070
vn 0.66560 0.19020 -0.72160
vn 0.38770 -0.03990 -0.92090
vn -0.03000 -0.99700 -0.07090
vn -0.06020 -0.98810 0.14130
vn 0.03780 0.96350 -0.26490
vn -0.04540 0.94040 -0.33690
vn 0.03780 0.96360 -0.26480
vn -0.06250 -0.99800 -0.01340
vn -0.15090 -0.98800 -0.03340
vn 0.07010 0.96930 -0.23580
vn 0.01670 0.46110 -0.88720
vn -0.10740 0.17340 -0.97900
vn -0.14430 0.25840 -0.95520
vn -0.01720 -0.99320 0.11500
vn -0.16160 0.29860 -0.94060
vn -0.14430 0.25830 -0.95520
vn 0.99350 0.09660 -0.05980
vn 0.99370 0.08710 -0.07010
vn 0.99940 -0.01290 -0.03080
vn 0.96260 0.15720 -0.22080
vn 0.99740 -0.03830 -0.06140
vn 0.88900 0.26520 -0.37320
vn 0.98100 0.14800 -0.12550
vn 0.09020 -0.94360 -0.31840
vn 0.98670 0.05590 -0.15290
vn 0.98690 -0.01550 -0.16070
vn -0.08190 -0.96640 0.24350
vn -0.05850 -0.91350 0.40270
vn 0.00010 -0.96030 0.27900
vn 0.94250 0.26290 -0.20650
vn -0.00740 -0.99610 0.08830
vn -0.02130 -0.99980 0.00620
vn 0.51270 -0.16670 -0.84220
vn -0.02030 -0.99970 -0.01290
vn 0.64550 0.59860 -0.47430
vn 0.78300 -0.01740 -0.62180
vn 0.20000 0.40750 -0.89100
vn 0.14060 -0.98440 -0.10560
vn 0.14070 -0.98440 -0.10550
vn 0.25000 -0.96680 -0.05260
vn -0.11290 -0.99360 0.00140
vn -0.04600 -0.99780 0.04810
vn 0.61220 0.53530 -0.58190
vn -0.14970 -0.96070 -0.23390
vn -0.14300 -0.98960 -0.01240
vn -0.13050 0.72930 -0.67160
vn -0.16630 0.60320 -0.78010
vn -0.12630 0.75850 -0.63930
vn -0.11370 0.82970 -0.54650
vn -0.10950 0.80870 -0.57800
vn 0.97950 -0.07310 0.18750
vn 0.99740 -0.06490 -0.03180
vn 0.97970 -0.07370 0.18660
vn 0.99650 -0.06170 -0.05620
vn 0.97520 -0.05590 -0.21420
vn 0.97300 -0.05620 -0.22390
vn 0.97750 -0.06380 -0.20120
vn 0.29290 -0.03380 0.95550
vn 0.40250 0.01370 0.91530
vn 0.64620 -0.00570 0.76320
vn 0.54270 -0.04960 -0.83850
vn 0.60660 -0.16340 -0.77800
vn 0.24580 0.03680 0.96860
vn 0.35860 0.21290 0.90890
vn 0.51070 0.00130 -0.85980
vn -0.19730 0.04040 0.97950
vn -0.12470 -0.15070 0.98070
vn -0.26580 0.04510 -0.96300
vn -0.06840 0.07420 -0.99490
vn -0.04380 0.07020 -0.99660
vn 0.05670 0.07400 0.99560
vn -0.41370 0.02610 -0.91000
vn -0.55080 -0.00380 -0.83460
vn 0.98870 -0.14950 0.01470
vn -0.25440 0.20760 0.94450
vn -0.60700 0.13720 -0.78270
vn 0.02530 0.99820 -0.05450
vn -0.58160 -0.75050 -0.31380
vn -0.58150 -0.75060 -0.31380
vn -0.49950 -0.80670 -0.31600
vn -0.87250 0.04990 0.48610
vn -0.92380 0.08670 0.37300
vn -0.95240 0.08900 0.29160
vn -0.98260 0.17260 -0.06830
vn -0.82890 0.30930 -0.46610
vn -0.94560 0.17070 -0.27700
vn -0.77880 -0.55540 -0.29150
vn -0.87870 0.08840 0.46920
vn -0.99410 -0.09260 -0.05610
vn -0.97630 0.09560 -0.19430
vn -0.88650 0.31040 -0.34320
vn -0.97630 0.09550 -0.19420
vn -0.32770 -0.90290 -0.27810
vn -0.07550 -0.96530 -0.24990
vn -0.02700 -0.97720 -0.21080
vn -0.02800 -0.99930 -0.02490
vn -0.06690 -0.99580 0.06320
vn -0.10730 -0.99380 0.02920
vn -0.16930 -0.36900 0.91390
vn 0.03540 0.07510 0.99650
vn -0.46370 0.11010 0.87910
vn -0.16550 -0.03730 0.98550
vn -0.13330 0.52360 0.84150
vn 0.02080 -0.99970 0.01030
vn 0.09760 -0.98500 -0.14250
vn -0.06550 -0.03070 0.99740
vn -0.62200 -0.04940 0.78140
vn 0.09600 -0.99120 0.09140
vn -0.76880 0.08640 0.63370
vn -0.46750 0.03440 0.88330
vn -0.36960 -0.07230 0.92640
vn -0.34710 -0.19280 0.91780
vn -0.34770 -0.15470 0.92470
vn 0.14740 -0.98670 -0.06900
vn -0.24630 -0.96910 -0.01270
vn 0.05530 -0.98780 0.14580
vn -0.88170 0.07280 0.46620
vn 0.06270 -0.99570 -0.06820
vn -0.92610 -0.08900 0.36670
vn -0.88420 -0.09870 0.45660
vn -0.94630 0.04040 0.32060
vn -0.00490 -1.00000 0.00240
vn -0.88450 -0.34440 0.31470
vn -0.90440 -0.10590 0.41340
vn -0.86760 -0.25580 0.42630
vn -0.95280 0.07470 0.29420
vn -0.21710 -0.08830 -0.97210
vn -0.93520 -0.16110 0.31540
vn -0.99660 0.00070 0.08250
vn -0.99630 -0.05140 0.06820
vn -0.98720 0.05010 0.15160
vn -0.90420 -0.06920 0.42150
vn -0.97680 -0.20350 -0.06680
vn 0.98830 0.11180 -0.10330
vn 0.96440 0.14150 -0.22350
vn 0.98930 0.10880 -0.09750
vn 0.99790 0.01060 0.06360
vn 0.91440 -0.15210 0.37510
vn 0.93710 0.00910 0.34880
vn 0.97920 0.01120 0.20240
vn -0.19270 -0.98080 0.03110
vn -0.17120 -0.98250 -0.07350
vn -0.05560 -0.99660 -0.06030
vn 0.98240 -0.05320 -0.17920
vn 0.99340 -0.08160 -0.08060
vn 0.94440 -0.02580 -0.32770
vn -0.11500 -0.98050 -0.15940
vn 0.95440 0.01060 -0.29840
vn 0.92880 0.02470 -0.36970
vn 0.93230 -0.04740 -0.35850
vn 0.76700 -0.06630 0.63820
vn 0.65830 0.06820 0.74970
vn 0.62280 0.00740 0.78240
vn 0.48370 0.08610 0.87100
vn 0.70980 0.10420 0.69660
vn -0.19320 -0.97910 0.06330
vn 0.94860 -0.17130 -0.26620
vn 0.83390 -0.52040 -0.18360
vn -0.05890 -0.98690 0.15040
vn -0.03620 -0.96950 0.24220
vn 0.11810 -0.95720 -0.26410
vn 0.60690 0.00700 0.79470
vn 0.96770 -0.08280 -0.23810
vn 0.93930 0.09690 -0.32910
vn 0.29090 0.07030 0.95420
vn 0.17850 0.02960 0.98350
vn -0.11900 -0.07450 -0.99010
vn 0.17010 -0.97470 0.14470
vn 0.15080 -0.98770 -0.04150
vn 0.17260 0.05520 0.98340
vn 0.02170 -0.99590 -0.08810
vn 0.16410 -0.98180 -0.09600
vn 0.02080 -0.99970 -0.01530
vn 0.03390 0.02550 0.99910
vn 0.92810 -0.35550 -0.11110
vn 0.97820 0.16660 0.12420
vn 0.68560 0.20060 -0.69970
vn 0.31970 0.37920 -0.86830
vn 0.74800 0.35870 -0.55840
vn 0.30730 0.03640 -0.95090
vn -0.08540 -0.99480 0.05590
vn 0.08840 -0.99430 0.06000
vn -0.03680 -0.99930 -0.01050
vn -0.04450 -0.99900 -0.01060
vn -0.05520 -0.99490 0.08460
vn 0.07180 -0.99740 -0.01110
vn 0.30220 0.49660 -0.81370
vn 0.13230 0.43660 -0.88990
vn 0.05310 -0.99770 -0.04210
vn -0.04890 0.29280 -0.95490
vn 0.12530 -0.99000 0.06490
vn 0.06450 0.48230 -0.87360
vn 0.11090 -0.99190 0.06200
vn -0.18720 0.05200 -0.98090
vn 0.14870 -0.98880 0.01590
vn 0.08000 -0.99670 -0.01530
vn -0.21060 0.95000 -0.23050
vn -0.13120 -0.98300 0.12880
vn 0.05980 -0.99780 -0.03000
vn -0.37470 0.18310 -0.90890
vn -0.38750 0.27620 -0.87950
vn -0.33290 0.13500 -0.93330
vn 0.04140 -0.99870 -0.03060
vn -0.80370 -0.01700 -0.59480
vn 0.64560 0.72040 0.25330
vn -0.08330 -0.99570 0.03960
vn -0.01740 -0.99790 0.06190
vn -0.09970 -0.99410 0.04330
vn 0.29490 -0.44220 -0.84710
vn 0.18360 -0.98300 0.00880
vn -0.37330 0.91620 -0.14580
vn 0.14700 -0.98670 0.06980
vn 0.07380 -0.99030 0.11790
vn -0.65220 0.40260 -0.64230
vn -0.50650 0.69150 -0.51500
vn -0.47940 0.72770 -0.49050
vn 0.22800 -0.97340 -0.02290
vn 0.21800 -0.97590 0.00100
vn -0.87390 0.26300 -0.40870
vn -0.84250 0.30000 -0.44740
vn -0.87040 0.24780 -0.42550
vn -0.94710 0.16200 -0.27690
vn -0.89600 0.18720 -0.40270
vn 0.02850 -0.99960 0.00640
vn -0.95960 0.07620 -0.27100
vn -0.89380 0.25470 -0.36910
vn -0.99680 0.06990 -0.03920
vn 0.04500 -0.83220 -0.55270
vn -0.99930 0.02730 0.02580
vn -0.99970 -0.02330 -0.01070
vn -0.48510 -0.24700 -0.83880
vn 0.91670 0.32640 0.23060
vn 0.99480 0.09010 0.04800
vn 0.98200 0.10850 0.15490
vn 0.97410 -0.01560 -0.22570
vn 0.95600 0.14510 0.25490
vn -0.17830 -0.98290 -0.04580
vn -0.07960 -0.99650 -0.02370
vn -0.17980 -0.98330 0.02860
vn -0.17660 -0.98060 -0.08460
vn -0.10380 -0.99220 -0.06910
vn 0.90930 0.32410 0.26110
vn 0.93150 0.00990 -0.36360
vn 0.89210 0.44130 -0.09710
vn 0.85400 0.51520 -0.07230
vn 0.84790 0.51930 -0.10680
vn 0.90490 0.41520 -0.09380
vn 0.95870 -0.12520 0.25550
vn 0.90280 -0.18400 -0.38860
vn 0.92770 -0.18150 -0.32630
vn 0.88220 -0.19800 -0.42710
vn 0.94000 0.31280 -0.13620
vn -0.17180 -0.98210 -0.07770
vn -0.16200 -0.98560 -0.04750
vn 0.21010 0.81560 -0.53920
vn 0.12240 0.84400 -0.52230
vn 0.06190 0.82290 -0.56490
vn 0.77920 0.14480 -0.60980
vn 0.24560 0.96260 -0.11430
vn 0.17370 0.97470 -0.14070
vn 0.40020 0.87420 -0.27480
vn 0.15380 -0.73520 0.66020
vn 0.39060 -0.83400 -0.38960
vn 0.34970 -0.83810 -0.41860
vn 0.83340 -0.21050 -0.51100
vn 0.83310 -0.22610 -0.50480
vn 0.01750 -0.99930 -0.03210
vn 0.10930 0.88450 -0.45350
vn 0.15050 0.97430 -0.16750
vn 0.27930 -0.84030 -0.46470
vn 0.16230 -0.22160 -0.96150
vn 0.23720 0.02070 -0.97120
vn 0.23720 0.02080 -0.97120
vn 0.14160 0.84970 -0.50790
vn 0.11090 0.49630 -0.86100
vn 0.07890 0.58020 -0.81070
vn 0.07430 0.60310 -0.79420
vn 0.03030 0.99520 -0.09350
vn -0.13780 0.54960 0.82400
vn 0.27810 0.17900 -0.94370
vn 0.12090 0.77170 -0.62430
vn 0.10800 0.41390 -0.90390
vn 0.03740 0.67670 -0.73530
vn -0.20490 0.97080 -0.12460
vn -0.26310 -0.65860 -0.70500
vn 0.32630 0.92620 -0.18870
vn 0.14580 0.97780 -0.15070
vn -0.16410 -0.98430 -0.06520
vn -0.05020 -0.99340 0.10360
vn -0.15980 -0.98710 0.00490
vn 0.28080 -0.70150 0.65500
vn -0.12040 -0.99270 -0.00740
vn -0.02280 -0.99950 0.02140
vn -0.43260 -0.89580 -0.10170
vn -0.10100 -0.99110 0.08660
vn 0.07340 -0.99280 0.09440
vn -0.00930 -0.96890 0.24720
vn 0.12860 -0.99090 0.03970
vn 0.08690 -0.97420 0.20820
vn -0.53930 -0.33500 0.77260
vn 0.10720 -0.98960 -0.09590
vn 0.11850 -0.99250 -0.03150
vn 0.00400 -0.99460 0.10380
vn 0.19390 -0.97950 -0.05530
vn 0.06620 -0.99750 0.02350
vn 0.31800 -0.06350 -0.94600
vn -0.98890 -0.06710 -0.13290
vn -0.98180 0.08140 -0.17160
vn -0.92860 -0.36870 -0.04280
vn -0.89640 0.19910 -0.39590
vn -0.91000 0.14680 -0.38780
vn 0.07470 -0.99720 -0.00620
vn -0.93410 0.13550 -0.33040
vn -0.90730 0.14890 -0.39330
vn -0.90630 -0.01230 -0.42240
vn -0.94110 0.06550 -0.33170
vn -0.03790 -0.97530 -0.21740
vn 0.07670 -0.99700 -0.00730
vn -0.99130 0.05270 -0.12070
vn -0.99620 0.04270 -0.07540
vn -0.99400 -0.05280 0.09530
vn -0.13950 -0.94080 -0.30880
vn -0.90280 0.17380 -0.39330
vn 0.94620 0.31370 0.07930
vn 0.95820 0.24810 0.14250
vn 0.90840 0.37680 0.18120
vn 0.95670 -0.19000 0.22070
vn 0.95200 -0.19760 0.23390
vn 0.93290 -0.22500 0.28120
vn 0.95260 -0.20880 0.22120
vn -0.11250 -0.96160 -0.25020
vn -0.05110 -0.98640 -0.15590
vn 0.93470 0.34960 -0.06420
vn 0.96030 0.26870 -0.07450
vn 0.96950 0.06790 0.23570
vn 0.85710 0.50360 -0.10890
vn 0.97490 0.00150 0.22270
vn 0.85340 0.51980 -0.03980
vn 0.94570 0.03640 0.32310
vn 0.95030 -0.03110 0.30970
vn 0.91490 0.00850 0.40350
vn 0.08260 -0.94240 0.32420
vn 0.82620 -0.02670 0.56270
vn -0.02530 -0.99860 -0.04740
vn -0.07420 -0.99720 0.00900
vn 0.00450 -0.99780 -0.06570
vn 0.06060 -0.99800 0.01790
vn 0.24480 -0.08730 -0.96560
vn 0.75730 -0.02690 0.65250
vn -0.05150 -0.99600 0.07280
vn -0.10520 -0.99280 -0.05740
vn -0.10400 -0.98420 -0.14320
vn -0.00650 -0.99740 -0.07240
vn -0.07740 -0.99700 -0.00000
vn -0.04750 -0.97920 -0.19730
vn 0.29630 -0.67360 0.67710
vn 0.95130 -0.18930 0.24320
vn -0.01170 -0.99240 -0.12250
vn 0.98390 0.07910 -0.16050
vn 0.98200 0.03930 -0.18470
vn 0.96500 0.12250 -0.23170
vn 0.97550 0.13690 -0.17230
vn 0.97670 0.12230 0.17660
vn 0.82680 0.12660 0.54810
vn 0.85850 0.10750 0.50140
vn 0.08010 -0.99680 -0.00530
vn 0.91770 0.17630 -0.35600
vn 0.81280 0.53460 -0.23130
vn 0.87960 0.21060 -0.42660
vn 0.64370 -0.69080 -0.32950
vn 0.96030 0.11300 0.25500
vn 0.89610 -0.12400 -0.42610
vn 0.92360 0.13550 -0.35860
vn 0.87940 0.18930 -0.43680
vn 0.89560 0.21890 0.38720
vn 0.96410 0.15640 0.21440
vn 0.83560 0.24270 -0.49280
vn 0.76790 0.09810 0.63300
vn 0.47300 0.30040 0.82830
vn 0.28260 -0.10280 0.95370
vn 0.58180 0.45390 0.67490
vn 0.36210 -0.03170 0.93160
vn 0.68710 -0.24060 -0.68560
vn 0.61450 0.17210 -0.76990
vn 0.69730 0.09630 0.71020
vn 0.15190 0.08090 -0.98510
vn 0.23830 0.10830 -0.96510
vn 0.14450 0.08610 -0.98580
vn -0.90750 -0.41900 0.02970
vn 0.80480 -0.29260 -0.51640
vn 0.17030 0.08770 -0.98150
vn 0.32280 -0.24060 0.91540
vn 0.15000 0.16840 -0.97420
vn 0.07060 -0.33990 0.93780
vn 0.14320 -0.35620 -0.92340
vn 0.02860 -0.15940 -0.98680
vn 0.02870 -0.15940 -0.98680
vn -0.02590 -0.37250 0.92770
vn 0.14130 0.23810 -0.96090
vn 0.00590 0.39670 -0.91790
vn -0.56170 -0.82730 -0.00470
vn -0.02890 0.39960 -0.91620
vn -0.04330 -0.03270 -0.99850
vn -0.43800 0.24570 0.86470
vn -0.45230 0.13570 0.88150
vn -0.18130 -0.64770 0.74000
vn -0.89370 -0.07790 -0.44180
vn -0.66680 -0.03450 -0.74450
vn -0.80360 -0.14590 -0.57700
vn -0.42370 0.32630 0.84500
vn -0.69250 -0.29030 0.66040
vn -0.69250 -0.29030 0.66050
vn -0.68890 -0.28520 0.66640
vn -0.59160 -0.07920 -0.80240
vn -0.98040 -0.10340 -0.16760
vn -0.98610 -0.03830 -0.16180
vn -0.96030 -0.02130 -0.27810
vn -0.69380 -0.29230 0.65810
vn -0.99750 -0.04490 0.05510
vn 0.87050 0.15030 0.46860
vn 0.07140 0.42610 0.90190
vn -0.04200 0.35410 0.93430
vn 0.29880 0.31180 0.90190
vn 0.11090 -0.43360 0.89430
vn -0.15390 0.35880 0.92060
vn -0.23000 0.21820 0.94840
vn -0.45640 -0.06610 0.88730
vn -0.91680 -0.23270 -0.32460
vn -0.59410 -0.52270 -0.61140
vn -0.06630 -0.99560 0.06660
vn -0.83770 0.01170 0.54600
vn -0.92170 0.00260 0.38780
vn -0.92020 0.10760 0.37630
vn -0.10660 -0.97060 -0.21570
vn -0.95660 0.07660 -0.28120
vn -0.91250 0.14910 -0.38090
vn -0.93680 -0.03730 0.34780
vn -0.98130 -0.13210 0.13990
vn -0.96920 -0.10630 -0.22210
vn -0.85050 -0.52560 0.01990
vn -0.95680 0.19630 -0.21470
vn -0.93770 -0.01740 -0.34710
vn -0.99640 -0.03890 0.07550
vn -0.97710 0.02680 -0.21100
vn -0.96610 -0.01580 0.25780
vn 0.94450 -0.04450 0.32540
vn 0.95540 -0.11770 0.27070
vn 0.95630 -0.06880 0.28410
vn 0.95300 -0.16250 0.25550
vn 0.93790 -0.23830 0.25230
vn 0.93610 -0.21030 0.28180
vn 0.65210 0.02350 0.75770
vn 0.57050 -0.03900 0.82040
vn 0.47120 -0.52690 0.70740
vn 0.43610 -0.63860 0.63400
vn 0.47110 -0.52690 0.70740
vn 0.72070 0.17020 0.67200
vn 0.70250 0.12330 0.70090
vn 0.74660 0.07690 0.66080
vn 0.48400 -0.47320 0.73610
vn 0.62820 -0.02990 0.77750
vn 0.72250 0.08410 0.68620
vn 0.71170 0.18480 0.67770
vn 0.43710 -0.06300 0.89720
vn -0.01430 -0.98520 -0.17060
vn -0.06980 -0.98730 -0.14260
vn -0.00170 -0.98690 -0.16150
vn -0.08470 0.66070 0.74580
vn 0.04290 0.09560 0.99450
vn 0.04660 0.10570 0.99330
vn -0.03590 0.00310 0.99940
vn -0.06350 -0.13460 0.98890
vn -0.04410 -0.10990 0.99300
vn -0.01510 0.11970 0.99270
vn 0.00640 0.37360 0.92760
vn 0.02100 -0.98570 -0.16710
vn 0.03390 0.42780 0.90320
vn 0.03900 0.08500 0.99560
vn 0.00430 -0.98790 -0.15510
vn 0.07380 -0.98920 -0.12640
vn 0.09640 -0.99210 -0.08040
vn 0.15740 -0.98730 -0.02180
vn -0.34650 0.06600 0.93570
vn -0.74380 0.11740 0.65810
vn -0.56760 0.03360 0.82260
vn -0.69960 0.20140 0.68560
vn -0.76910 0.13110 0.62560
vn 0.07020 -0.99740 -0.01790
vn -0.80190 0.09950 0.58920
vn -0.84720 0.08230 0.52490
usemtl Material
f 340/1086/842 341/1087/843 342/1088/844
f 215/1089/845 343/1090/846 342/1088/844
f 342/1088/844 343/1090/846 340/1086/842
f 216/1091/847 343/1090/846 215/1089/845
f 340/1092/848 343/1093/848 344/1094/848
f 340/1086/842 345/1095/849 341/1087/843
f 215/675/519 124/676/520 216/677/521
f 124/676/520 215/675/519 121/678/522
f 342/1096/850 217/1097/850 215/1098/850
f 121/679/523 215/680/523 217/681/523
f 346/1099/851 341/1100/852 345/1101/853
f 124/676/520 121/678/522 120/682/524
f 119/390/300 120/391/300 121/392/301
f 120/391/300 119/390/300 122/393/302
f 120/394/303 123/395/303 124/396/303
f 219/1102/854 344/1103/855 343/1104/856
f 122/397/304 125/398/305 120/399/306
f 120/399/306 125/398/305 123/400/307
f 218/683/525 124/684/526 123/685/527
f 340/1105/857 344/1106/857 347/1107/857
f 346/1108/858 342/1109/859 341/1110/860
f 348/1111/861 340/1112/861 347/1113/861
f 216/686/528 124/684/526 219/687/529
f 348/1114/862 345/1101/853 340/1115/863
f 217/1116/864 342/1117/864 220/1118/864
f 219/1102/854 343/1104/856 216/1119/865
f 346/1108/858 349/1120/866 342/1109/859
f 119/688/530 121/689/531 201/690/532
f 121/689/531 217/691/533 201/690/532
f 218/683/525 219/687/529 124/684/526
f 345/1101/853 348/1114/862 346/1099/851
f 125/398/305 126/401/308 123/400/307
f 125/402/309 122/403/310 127/404/311
f 349/1120/866 220/1121/867 342/1109/859
f 220/692/534 201/690/532 217/691/533
f 125/402/309 127/404/311 126/405/312
f 347/1122/868 344/1103/855 219/1102/854
f 494/1564/1207 495/1565/1208 460/1566/1209
f 495/1565/1208 462/1567/1210 460/1566/1209
f 496/1568/1211 494/1564/1207 460/1566/1209
f 495/1569/1212 463/1570/1213 462/1571/1214
f 494/1572/1215 497/1573/1216 495/1569/1212
f 494/1564/1207 496/1568/1211 498/1574/1217
f 462/1567/1210 458/1575/1218 460/1566/1209
f 499/1576/1219 460/1577/1220 466/1578/1221
f 499/1576/1219 500/1579/1222 460/1577/1220
f 500/1580/1223 496/1568/1211 460/1566/1209
f 496/1681/1299 529/1682/1300 498/1683/1301
f 496/1722/1332 500/1684/1302 530/1685/1303
f 346/1123/869 348/1124/869 347/1125/869
f 122/406/313 119/407/313 128/408/313
f 458/1494/1152 459/1495/1153 460/1496/1154
f 530/1685/1303 531/1686/1304 496/1722/1332
f 540/1724/1334 502/1725/1335 501/1726/1336
f 501/1581/1224 502/1582/1225 503/1583/1226
f 502/1687/1305 530/1685/1303 500/1684/1302
f 498/1688/1306 470/1689/1307 505/1690/1307
f 502/1691/1308 500/1692/1309 504/1693/1308
f 499/1576/1219 504/1584/1227 500/1579/1222
f 547/1841/1421 564/1842/1422 540/1843/1423
f 540/1843/1423 564/1842/1422 502/1844/1424
f 119/623/485 201/624/485 128/625/485
f 505/1585/1228 494/1572/1215 498/1586/1229
f 529/1682/1300 496/1681/1299 532/1694/1310
f 458/1494/1152 461/1497/1155 459/1495/1153
f 540/1724/1334 541/1727/1337 322/1728/1338
f 497/1573/1216 463/1570/1213 495/1569/1212
f 531/1695/1311 532/1694/1310 496/1681/1299
f 349/1126/870 346/1127/871 347/1128/872
f 529/1682/1300 532/1694/1310 533/1696/1312
f 502/1691/1308 504/1693/1308 503/1697/1313
f 219/1129/873 222/1130/874 350/1131/873
f 533/1696/1312 532/1694/1310 534/1698/1314
f 542/1729/1339 540/1802/1395 322/1730/1340
f 462/1498/1156 463/1499/1157 464/1500/1158
f 543/1731/1341 315/1732/1341 544/1733/1341
f 540/1724/1334 501/1726/1336 541/1727/1337
f 349/1126/870 347/1128/872 350/1132/875
f 122/409/314 128/410/314 127/411/314
f 350/1131/873 347/1133/876 219/1129/873
f 315/1734/1342 543/1735/1343 545/1736/1344
f 219/707/547 221/708/548 222/709/549
f 220/1134/877 349/1126/870 350/1132/875
f 497/1573/1216 494/1572/1215 505/1585/1228
f 315/1737/1345 541/1738/1345 544/1739/1345
f 531/1699/1315 535/1700/1316 532/1694/1310
f 322/1728/1338 541/1727/1337 315/1740/1346
f 544/1741/1347 541/1727/1337 546/1742/1348
f 315/1734/1342 545/1736/1344 312/1743/1349
f 564/1842/1422 531/1845/1425 502/1844/1424
f 499/1587/1230 506/1588/1231 507/1589/1232
f 547/1744/1350 540/1802/1395 542/1729/1339
f 460/1632/1233 459/1590/1233 466/1591/1233
f 531/1845/1425 530/1846/1426 502/1844/1424
f 220/1134/877 350/1132/875 222/1135/878
f 464/1500/1158 458/1501/1159 462/1498/1156
f 126/693/535 218/683/525 123/685/527
f 314/1745/1351 322/1728/1338 315/1740/1346
f 498/1701/1317 529/1702/1317 470/1703/1317
f 219/707/547 218/710/550 221/708/548
f 501/1726/1336 546/1742/1348 541/1727/1337
f 535/1700/1316 534/1698/1314 532/1694/1310
f 499/1633/1261 466/1592/1234 467/1593/1235
f 221/694/536 220/695/537 222/696/538
f 508/1594/1236 504/1595/1236 499/1596/1236
f 458/1501/1159 464/1500/1158 461/1502/1160
f 507/1597/1237 508/1598/1237 499/1599/1237
f 220/695/537 221/694/536 201/697/539
f 221/711/551 218/712/551 202/713/551
f 310/994/773 311/995/774 312/996/775
f 536/1704/1318 534/1698/1314 535/1700/1316
f 312/997/776 313/998/776 310/999/776
f 312/996/775 314/1000/777 315/1001/778
f 312/996/775 311/995/774 314/1000/777
f 128/412/315 129/413/315 127/414/315
f 128/626/486 201/627/486 129/628/486
f 504/1600/1238 508/1601/1239 509/1602/1239
f 201/697/539 221/694/536 202/698/540
f 129/629/487 201/630/487 202/631/487
f 509/1603/1240 503/1583/1226 504/1604/1241
f 202/714/552 218/715/552 126/716/552
f 313/1746/1352 312/1743/1349 545/1736/1344
f 202/717/553 225/718/553 204/719/553
f 465/1503/1161 464/1500/1158 463/1499/1157
f 564/1847/1427 547/1848/1428 549/1849/1427
f 534/1705/1319 536/1706/1320 537/1707/1321
f 204/699/541 203/700/541 202/701/541
f 470/1605/1242 463/1570/1213 497/1573/1216
f 328/1747/1353 542/1729/1339 322/1730/1340
f 497/1708/1322 505/1690/1307 470/1689/1307
f 533/1709/1323 470/1710/1323 529/1711/1323
f 535/1700/1316 538/1712/1324 536/1704/1318
f 547/1748/1354 548/1749/1355 549/1750/1356
f 203/632/488 127/633/489 129/634/490
f 547/1748/1354 542/1751/1357 548/1749/1355
f 131/635/491 127/633/489 203/632/488
f 129/634/490 202/636/492 203/632/488
f 126/720/554 132/721/555 225/722/556
f 226/723/557 225/722/556 132/721/555
f 316/1002/779 317/1003/780 318/1004/779
f 314/1000/777 311/995/774 318/1005/781
f 126/720/554 225/722/556 202/724/558
f 317/1136/879 316/1137/880 321/1138/881
f 310/994/773 319/1006/782 311/995/774
f 466/1504/1162 459/1495/1153 467/1505/1163
f 316/1007/783 320/1008/783 321/1009/783
f 209/1139/882 321/1138/881 320/1140/883
f 225/725/559 223/726/559 204/727/559
f 318/1005/781 311/995/774 319/1006/782
f 545/1752/1358 543/1753/1358 544/1754/1358
f 204/706/546 223/702/542 224/703/543
f 205/704/544 204/706/546 224/703/543
f 203/673/493 204/637/493 205/638/493
f 564/1850/1429 565/1851/1430 566/1852/1431
f 317/1136/879 321/1138/881 329/1141/884
f 314/1000/777 318/1005/781 322/1010/784
f 461/1502/1160 464/1500/1158 468/1506/1164
f 318/1040/807 317/1041/807 322/1042/807
f 224/1142/885 321/1138/881 209/1139/882
f 506/1588/1231 510/1606/1243 507/1589/1232
f 316/1002/779 318/1004/779 303/1011/785
f 531/1853/1432 567/1854/1433 535/1855/1434
f 328/1043/808 322/1044/809 317/1045/810
f 531/1856/1435 564/1850/1429 566/1852/1431
f 501/1755/1359 550/1756/1359 546/1757/1359
f 319/1006/782 303/1012/786 318/1005/781
f 503/1583/1226 509/1603/1240 501/1581/1224
f 321/1138/881 224/1142/885 227/1143/886
f 469/1507/1165 459/1495/1153 461/1497/1155
f 224/728/560 223/750/560 227/729/560
f 223/730/561 225/731/562 228/732/563
f 538/1857/1436 535/1855/1434 567/1854/1433
f 227/1143/886 329/1141/884 321/1138/881
f 549/1849/1427 565/1858/1437 564/1847/1427
f 514/1713/1325 537/1707/1321 536/1706/1320
f 465/1503/1161 463/1499/1157 470/1508/1166
f 226/733/564 229/734/565 225/731/562
f 319/1013/787 310/1014/788 308/1015/789
f 542/1729/1339 328/1747/1353 333/1758/1360
f 205/704/544 224/703/543 209/705/545
f 567/1854/1433 531/1853/1432 566/1859/1438
f 310/1014/788 313/1016/790 323/1017/791
f 130/415/316 127/416/316 131/417/316
f 536/1706/1320 539/1714/1326 514/1713/1325
f 132/418/317 126/419/318 133/420/319
f 303/1018/792 320/1019/793 316/1020/794
f 329/1144/887 227/1145/887 330/1146/887
f 225/731/562 229/734/565 228/732/563
f 131/639/494 206/640/495 130/641/496
f 538/1715/1327 539/1714/1326 536/1706/1320
f 203/642/497 205/643/498 206/640/495
f 329/1046/811 330/1047/811 331/1048/811
f 324/1759/1361 545/1760/1362 544/1761/1363
f 313/1762/1364 545/1763/1364 324/1764/1364
f 209/1021/795 320/1019/793 302/1022/796
f 546/1742/1348 550/1765/1365 544/1741/1347
f 332/1049/812 317/1050/812 329/1051/812
f 467/1505/1163 459/1495/1153 471/1509/1167
f 464/1500/1158 465/1503/1161 468/1506/1164
f 507/1607/1244 511/1608/1244 508/1609/1244
f 506/1634/1262 499/1633/1261 467/1593/1235
f 203/642/497 206/640/495 131/644/499
f 509/1602/1239 508/1601/1239 511/1610/1245
f 332/1052/813 328/1043/808 317/1045/810
f 126/405/312 127/404/311 133/421/320
f 461/1502/1160 468/1506/1164 472/1510/1168
f 132/735/566 229/734/565 226/733/564
f 537/1707/1321 470/1723/1333 534/1705/1319
f 130/422/321 133/421/320 127/404/311
f 470/1723/1333 537/1707/1321 515/1716/1328
f 538/1857/1436 567/1854/1433 568/1860/1439
f 319/1023/797 308/1024/797 303/1025/797
f 507/1611/1246 510/1612/1247 511/1613/1248
f 510/1606/1243 506/1588/1231 481/1614/1249
f 324/1759/1361 544/1761/1363 550/1766/1366
f 548/1749/1355 542/1751/1357 333/1767/1367
f 533/1717/1329 534/1705/1319 470/1723/1333
f 228/732/563 227/736/567 223/730/561
f 325/1768/1368 324/1759/1361 550/1766/1366
f 461/1497/1155 472/1511/1169 469/1507/1165
f 512/1861/1440 538/1862/1441 568/1863/1442
f 59/423/322 133/421/320 130/422/321
f 548/1803/1396 557/1804/1397 549/1805/1398
f 310/1014/788 323/1017/791 308/1015/789
f 313/1026/798 324/1027/798 323/1028/798
f 539/1714/1326 538/1715/1327 512/1718/1330
f 514/1719/1331 539/1720/1331 512/1721/1331
f 469/1507/1165 471/1509/1167 459/1495/1153
f 205/643/498 207/645/500 206/640/495
f 509/1615/1250 491/1616/1251 501/1617/1252
f 320/1019/793 303/1018/792 302/1022/796
f 473/1512/1170 472/1510/1168 468/1506/1164
f 325/1029/799 323/1017/791 324/1030/800
f 332/1053/814 329/1054/815 331/1055/816
f 566/1864/1443 565/1865/1443 560/1866/1443
f 470/1635/1263 482/1636/1264 465/1637/1265
f 132/418/317 133/420/319 117/424/323
f 467/1593/1235 475/1618/1253 506/1634/1262
f 48/99/80 49/100/81 50/101/82
f 468/1506/1164 474/1513/1171 473/1512/1170
f 475/1619/1254 506/1620/1254 480/1621/1254
f 333/1056/817 328/1043/808 332/1052/813
f 510/1612/1247 481/1622/1255 511/1613/1248
f 301/948/747 302/949/748 303/950/749
f 506/1588/1231 475/1623/1256 481/1614/1249
f 336/1769/1369 548/1749/1355 333/1767/1367
f 208/646/501 205/643/498 209/647/502
f 331/1055/816 334/1057/818 332/1053/814
f 50/330/263 104/331/263 48/332/263
f 468/1506/1164 465/1503/1161 474/1513/1171
f 228/732/563 229/734/565 230/737/568
f 467/1514/1172 471/1515/1172 475/1516/1172
f 474/1513/1171 465/1503/1161 476/1517/1173
f 473/1512/1170 477/1518/1174 472/1510/1168
f 132/418/317 117/424/323 118/425/324
f 51/102/83 49/103/83 48/104/84
f 308/1015/789 323/1017/791 325/1029/799
f 208/646/501 207/645/500 205/643/498
f 132/735/566 118/738/569 229/734/565
f 210/648/503 130/641/496 206/640/495
f 478/1519/1175 469/1507/1165 472/1511/1169
f 565/1867/1444 549/1868/1445 558/1869/1444
f 515/1716/1328 537/1707/1321 514/1713/1325
f 509/1615/1250 511/1624/1257 491/1616/1251
f 501/1617/1252 491/1616/1251 493/1625/1258
f 478/1519/1175 471/1520/1176 469/1507/1165
f 501/1770/1370 493/1771/1371 550/1772/1372
f 49/103/83 51/102/83 52/105/85
f 475/1526/1180 480/1527/1180 481/1528/1180
f 567/1870/1446 566/1871/1447 560/1872/1448
f 59/423/322 114/426/325 133/421/320
f 114/427/326 117/424/323 133/420/319
f 48/333/264 112/334/265 51/335/266
f 482/1529/1181 476/1530/1182 465/1531/1183
f 569/1873/1449 568/1874/1450 567/1870/1446
f 336/1769/1369 551/1773/1373 548/1749/1355
f 52/106/86 51/107/86 53/108/86
f 568/1863/1442 513/1875/1451 512/1861/1440
f 335/1058/819 336/1059/820 333/1060/821
f 54/109/87 50/101/82 49/100/81
f 512/1638/1266 513/1639/1266 514/1640/1266
f 231/1061/822 330/1062/823 227/1063/824
f 113/336/267 48/337/267 104/338/267
f 552/1774/1374 325/1768/1368 550/1766/1366
f 515/1641/1267 514/1642/1268 513/1643/1267
f 325/1029/799 307/1031/801 308/1015/789
f 478/1519/1175 472/1511/1169 477/1521/1177
f 228/732/563 231/739/570 227/736/567
f 118/738/569 230/737/568 229/734/565
f 553/1775/1375 551/1776/1375 336/1777/1375
f 207/645/500 210/648/503 206/640/495
f 550/1778/1376 306/1779/1376 552/1780/1376
f 473/1512/1170 474/1513/1171 477/1518/1174
f 58/339/268 51/335/266 112/334/265
f 515/1641/1267 513/1643/1267 516/1644/1269
f 482/1636/1264 470/1635/1263 517/1645/1270
f 568/1874/1450 569/1873/1449 570/1876/1452
f 558/1806/1399 549/1807/1399 557/1808/1399
f 231/739/570 228/732/563 230/737/568
f 486/1626/1259 511/1627/1259 481/1628/1259
f 332/1053/814 335/1058/819 333/1060/821
f 558/1869/1444 560/1877/1453 565/1867/1444
f 557/1804/1397 548/1803/1396 551/1809/1400
f 54/109/87 55/110/88 50/101/82
f 51/166/132 59/167/133 56/168/134
f 470/1635/1263 515/1679/1297 517/1645/1270
f 475/1532/1184 483/1533/1184 480/1534/1184
f 56/111/89 53/112/89 51/113/89
f 306/1032/802 307/1031/801 325/1029/799
f 54/109/87 49/100/81 57/114/90
f 51/115/91 58/116/91 59/117/91
f 210/648/503 134/649/504 130/641/496
f 482/1529/1181 484/1535/1185 476/1530/1182
f 104/283/223 50/284/224 61/285/225
f 62/286/226 64/287/227 58/288/228
f 56/118/92 60/119/93 53/120/94
f 567/1870/1446 560/1872/1448 569/1873/1449
f 55/110/88 61/121/95 50/101/82
f 513/1875/1451 568/1863/1442 570/1878/1454
f 552/1774/1374 306/1781/1377 325/1768/1368
f 62/286/226 58/288/228 78/289/229
f 518/1646/1271 515/1647/1272 516/1648/1273
f 112/334/265 78/340/269 58/339/268
f 72/169/135 56/168/134 59/167/133
f 331/1055/816 330/1062/823 337/1064/825
f 114/341/270 59/342/271 58/343/272
f 62/122/96 63/123/97 64/124/98
f 14/125/99 63/123/97 62/122/96
f 304/951/750 208/952/750 209/953/750
f 550/1772/1372 493/1771/1371 306/1782/1378
f 59/423/322 130/422/321 72/428/327
f 49/100/81 52/126/100 57/114/90
f 511/1629/1260 486/1630/1260 491/1631/1260
f 517/1645/1270 487/1649/1274 482/1636/1264
f 209/954/751 302/949/748 304/955/752
f 230/737/568 160/740/571 232/741/572
f 113/344/273 104/385/273 105/345/273
f 14/127/101 64/128/101 63/129/101
f 48/386/297 113/346/274 112/387/298
f 208/956/753 304/957/753 214/958/753
f 475/1536/1186 471/1537/1186 483/1538/1186
f 55/110/88 54/109/87 65/130/102
f 485/1539/1187 474/1540/1188 476/1530/1182
f 68/290/230 58/291/230 64/292/231
f 481/1541/1189 480/1542/1190 486/1543/1190
f 52/131/103 53/120/94 60/119/93
f 72/429/328 130/430/328 134/431/328
f 105/293/232 104/283/223 61/285/225
f 66/132/104 14/125/99 62/122/96
f 477/1518/1174 474/1513/1171 479/1522/1178
f 113/346/274 115/347/275 112/387/298
f 62/328/233 71/294/233 66/295/233
f 479/1523/1179 478/1524/1179 477/1525/1179
f 486/1543/1190 480/1542/1190 483/1544/1191
f 58/343/272 106/348/276 98/349/277
f 337/1064/825 334/1057/818 331/1055/816
f 106/296/234 58/291/230 68/290/230
f 335/1058/819 332/1053/814 334/1057/818
f 305/959/754 302/949/748 301/948/747
f 56/168/134 72/169/135 73/170/136
f 65/130/102 54/109/87 57/114/90
f 231/739/570 230/737/568 232/741/572
f 214/960/755 207/961/755 208/993/755
f 304/955/752 302/949/748 305/959/754
f 476/1530/1182 484/1535/1185 485/1539/1187
f 9/133/105 52/131/103 60/119/93
f 57/114/90 52/126/100 67/134/106
f 2/135/107 61/121/95 55/110/88
f 554/1783/1379 553/1784/1379 336/1785/1380
f 513/1650/1275 519/1651/1275 520/1652/1275
f 516/1648/1273 513/1653/1276 520/1654/1277
f 518/1646/1271 521/1655/1278 515/1647/1272
f 487/1545/1192 488/1546/1193 484/1535/1185
f 336/1786/1381 338/1787/1381 554/1788/1381
f 484/1656/1279 482/1636/1264 487/1649/1274
f 557/1804/1397 551/1809/1400 558/1810/1401
f 483/1547/1194 471/1548/1195 478/1549/1196
f 207/645/500 134/649/504 210/648/503
f 74/171/137 73/172/138 72/173/139
f 14/136/108 68/137/108 64/138/109
f 518/1646/1271 516/1648/1273 520/1654/1277
f 52/139/110 69/140/111 67/134/106
f 489/1550/1197 478/1549/1196 479/1551/1198
f 98/349/277 114/341/270 58/343/272
f 489/1550/1197 483/1547/1194 478/1549/1196
f 231/1061/822 162/1065/826 330/1062/823
f 66/141/112 70/142/113 14/143/114
f 488/1546/1193 485/1539/1187 484/1535/1185
f 485/1539/1187 479/1552/1199 474/1540/1188
f 513/1875/1451 570/1878/1454 519/1879/1455
f 107/297/235 62/286/226 78/289/229
f 55/144/115 65/130/102 2/145/116
f 336/1059/820 335/1058/819 338/1066/827
f 113/350/278 105/388/299 110/351/279
f 67/134/106 65/130/102 57/114/90
f 115/347/275 92/352/280 112/387/298
f 555/1789/1382 306/1790/1383 493/1791/1384
f 106/298/236 68/299/237 80/300/238
f 479/1551/1198 485/1553/1200 489/1550/1197
f 112/353/281 92/354/281 78/355/281
f 483/1547/1194 489/1550/1197 486/1554/1201
f 522/1657/1280 521/1655/1278 518/1646/1271
f 551/1792/1385 553/1784/1379 554/1783/1379
f 107/297/235 108/301/239 62/286/226
f 515/1658/1281 521/1659/1281 517/1660/1281
f 571/1880/1456 520/1881/1457 519/1879/1455
f 306/962/756 253/963/756 307/964/756
f 326/1033/803 253/1034/803 306/1035/803
f 570/1882/1458 569/1883/1459 571/1884/1460
f 571/1880/1456 519/1879/1455 570/1878/1454
f 72/650/505 134/651/506 74/652/507
f 523/1661/1282 486/1662/1283 489/1663/1282
f 485/1553/1200 488/1555/1202 489/1550/1197
f 486/1556/1203 490/1557/1203 491/1558/1203
f 489/1550/1197 487/1559/1204 492/1560/1205
f 70/142/113 60/146/117 14/143/114
f 489/1550/1197 488/1555/1202 487/1559/1204
f 489/1663/1282 492/1664/1284 523/1661/1282
f 108/301/239 71/302/240 62/286/226
f 487/1665/1285 517/1666/1286 492/1680/1298
f 559/1811/1402 560/1812/1402 558/1813/1402
f 69/174/140 52/175/140 11/176/140
f 71/147/118 6/148/118 66/149/119
f 491/1561/1206 490/1562/1206 493/1563/1206
f 113/356/282 116/357/282 115/358/283
f 11/177/141 52/178/142 9/179/143
f 303/965/757 308/966/757 257/967/757
f 60/119/93 56/118/92 18/150/120
f 9/151/121 60/146/117 70/142/113
f 520/1654/1277 524/1667/1287 518/1646/1271
f 109/303/241 110/304/242 105/293/232
f 6/165/131 70/142/113 66/141/112
f 6/148/118 71/147/118 4/152/122
f 118/738/569 160/740/571 230/737/568
f 3/153/123 2/145/116 65/130/102
f 14/154/124 60/155/124 15/156/124
f 339/1793/1386 554/1794/1387 338/1795/1388
f 73/172/138 18/180/144 56/181/145
f 211/653/508 74/652/507 134/651/506
f 80/300/238 98/305/243 106/298/236
f 136/654/509 134/649/504 207/645/500
f 61/285/225 109/303/241 105/293/232
f 61/329/262 1/306/244 111/307/245
f 297/1067/828 335/1084/840 334/1085/841
f 560/1885/1461 562/1886/1462 569/1883/1459
f 92/359/284 81/360/284 78/361/284
f 486/1814/1403 523/1815/1403 526/1816/1403
f 492/1680/1298 525/1668/1288 523/1669/1289
f 571/1880/1456 527/1887/1463 520/1881/1457
f 67/134/106 10/157/125 65/130/102
f 134/655/510 212/656/510 211/657/510
f 67/134/106 69/140/111 10/157/125
f 492/1680/1298 517/1666/1286 525/1668/1288
f 524/1667/1287 522/1657/1280 518/1646/1271
f 517/1666/1286 521/1670/1290 522/1671/1291
f 517/1666/1286 522/1671/1291 525/1668/1288
f 6/165/131 7/158/126 70/142/113
f 107/297/235 87/308/246 108/301/239
f 326/1796/1389 306/1790/1383 555/1789/1382
f 526/1817/1404 523/1818/1404 561/1819/1404
f 301/968/758 303/969/758 309/970/758
f 526/1672/1292 490/1673/1292 486/1674/1292
f 1/1/1 2/2/2 3/3/1
f 559/1820/1405 562/1821/1405 560/1822/1405
f 75/182/146 73/172/138 74/171/137
f 2/309/247 1/306/244 61/329/262
f 527/1888/1464 571/1884/1460 569/1883/1459
f 111/310/248 109/303/241 61/285/225
f 334/1057/818 337/1064/825 263/1068/829
f 558/1823/1406 563/1824/1407 559/1825/1408
f 85/362/285 113/350/278 110/351/279
f 490/1826/1409 526/1827/1409 561/1828/1409
f 98/305/243 80/300/238 89/311/249
f 524/1667/1287 520/1654/1277 527/1675/1293
f 136/654/509 212/658/511 134/649/504
f 569/1883/1459 528/1889/1465 527/1888/1464
f 569/1883/1459 562/1886/1462 528/1889/1465
f 162/1065/826 337/1064/825 330/1062/823
f 562/1829/1410 523/1830/1411 525/1831/1410
f 563/1824/1407 558/1823/1406 551/1832/1412
f 562/1833/1413 561/1834/1414 523/1835/1415
f 18/180/144 73/172/138 75/182/146
f 213/659/512 211/660/512 212/661/512
f 257/971/759 308/972/759 307/973/759
f 7/158/126 9/159/127 70/142/113
f 65/130/102 10/157/125 3/153/123
f 490/1836/1416 561/1834/1414 493/1837/1417
f 108/301/239 4/312/250 71/313/251
f 114/363/286 98/364/286 99/365/286
f 113/356/282 85/366/287 116/357/282
f 559/1825/1408 563/1824/1407 556/1838/1418
f 292/1069/830 335/1070/830 296/1071/830
f 528/1839/1419 562/1829/1410 525/1831/1410
f 78/289/229 87/308/246 107/297/235
f 525/1668/1288 522/1671/1291 524/1676/1294
f 68/314/252 16/315/252 80/316/252
f 114/367/288 99/368/289 117/369/290
f 68/137/108 14/136/108 16/160/128
f 109/303/241 85/317/253 110/304/242
f 493/1791/1384 556/1797/1390 555/1789/1382
f 135/662/513 213/663/514 212/658/511
f 309/974/760 303/975/761 257/976/760
f 162/1065/826 263/1068/829 337/1064/825
f 525/1668/1288 524/1676/1294 528/1677/1295
f 327/1798/1391 326/1799/1392 555/1789/1382
f 524/1676/1294 527/1678/1296 528/1677/1295
f 555/1789/1382 556/1797/1390 327/1798/1391
f 214/977/762 304/955/752 305/959/754
f 335/1058/819 292/1072/831 338/1066/827
f 109/303/241 111/318/254 83/319/255
f 559/1825/1408 556/1838/1418 562/1833/1413
f 561/1834/1414 556/1838/1418 493/1837/1417
f 214/978/763 301/979/763 309/980/763
f 556/1838/1418 563/1824/1407 551/1832/1412
f 11/161/129 10/157/125 69/140/111
f 9/179/143 38/183/147 11/177/141
f 561/1834/1414 562/1833/1413 556/1838/1418
f 163/742/573 233/743/573 160/751/573
f 160/481/368 118/482/369 161/483/370
f 556/1838/1418 551/1832/1412 554/1840/1420
f 135/662/513 212/658/511 136/654/509
f 4/4/3 5/5/4 6/6/5
f 19/184/148 38/183/147 9/179/143
f 301/948/747 214/977/762 305/959/754
f 339/1793/1386 556/1800/1393 554/1794/1387
f 339/1801/1394 327/1798/1391 556/1797/1390
f 296/1073/832 335/1084/840 297/1067/828
f 60/162/130 18/163/130 15/164/130
f 326/1036/804 327/1037/805 253/1038/805
f 257/981/764 307/982/765 253/983/764
f 118/370/291 117/369/290 99/368/289
f 135/664/515 74/665/515 211/666/515
f 338/1066/827 292/1072/831 339/1074/833
f 41/185/149 75/186/149 74/187/150
f 135/432/329 41/433/329 74/434/329
f 109/303/241 83/319/255 85/317/253
f 339/1075/834 254/1076/834 327/1077/835
f 1/306/244 23/320/256 111/307/245
f 75/186/149 41/185/149 39/188/151
f 87/308/246 78/289/229 77/321/257
f 264/1078/836 334/1057/818 263/1068/829
f 7/7/6 8/8/7 9/9/8
f 211/667/516 213/668/516 135/669/516
f 253/1038/805 327/1037/805 254/1039/806
f 207/645/500 214/670/517 136/654/509
f 80/322/258 79/323/258 89/324/258
f 111/318/254 23/325/259 83/319/255
f 99/484/371 161/483/370 118/482/369
f 115/371/292 116/372/292 92/373/292
f 6/6/5 5/5/4 7/7/6
f 233/744/574 232/741/572 160/740/571
f 214/984/766 139/985/767 136/986/768
f 292/1079/837 254/1076/834 339/1075/834
f 233/744/574 231/739/570 232/741/572
f 108/301/239 86/326/260 4/312/250
f 257/981/764 253/983/764 255/987/769
f 10/10/9 11/11/10 12/12/11
f 139/671/518 137/672/518 136/674/518
f 5/5/4 13/13/12 7/7/6
f 260/988/770 214/989/770 309/990/770
f 81/374/293 92/375/293 82/376/293
f 253/812/637 254/813/637 255/814/637
f 98/247/198 91/248/198 99/249/198
f 76/190/153 77/191/153 78/192/153
f 14/14/13 15/15/14 16/16/15
f 92/377/294 116/378/294 85/379/294
f 260/991/771 139/985/767 214/984/766
f 17/17/16 15/18/16 18/19/17
f 19/20/18 9/9/8 8/8/7
f 162/745/575 231/746/575 163/752/575
f 20/21/19 1/1/1 3/3/1
f 135/435/330 136/436/331 137/437/332
f 191/1080/838 263/1068/829 162/1065/826
f 3/22/20 10/10/9 12/12/11
f 233/747/576 163/748/576 231/749/576
f 138/438/333 137/439/334 139/440/335
f 98/389/295 89/380/295 91/381/295
f 292/921/724 293/922/725 254/923/726
f 140/441/336 141/442/336 135/443/336
f 12/55/50 11/56/50 29/57/50
f 108/301/239 87/308/246 86/326/260
f 255/815/638 256/816/638 257/817/638
f 258/818/639 139/819/640 259/820/641
f 260/821/642 261/822/642 139/823/642
f 79/193/154 80/194/155 16/195/156
f 18/180/144 75/182/146 39/189/152
f 29/58/51 11/59/51 38/60/51
f 334/1081/839 264/1082/839 297/1083/839
f 259/820/641 139/819/640 261/824/643
f 139/819/640 258/818/639 138/825/644
f 18/61/52 39/62/53 17/63/54
f 13/13/12 8/8/7 7/7/6
f 142/444/337 137/439/334 138/438/333
f 81/196/157 82/197/157 76/198/157
f 135/435/330 143/445/338 140/446/339
f 135/435/330 137/437/332 143/445/338
f 255/924/727 254/923/726 293/922/725
f 294/925/728 293/922/725 292/921/724
f 17/17/16 21/23/21 15/18/16
f 15/15/14 21/24/22 16/16/15
f 76/382/296 78/383/296 81/384/296
f 141/447/340 41/448/340 135/449/340
f 260/992/772 309/974/760 257/976/760
f 137/450/341 142/451/341 143/452/341
f 418/1346/1026 293/1347/1027 294/1348/1028
f 3/22/20 12/12/11 20/25/23
f 442/1447/1109 443/1448/1110 444/1449/1111
f 445/1450/1112 442/1447/1109 444/1449/1111
f 418/1346/1026 419/1349/1029 293/1347/1027
f 293/922/725 272/926/729 255/924/727
f 23/320/256 1/306/244 20/327/261
f 418/1451/1113 446/1452/1114 419/1453/1115
f 442/1454/1116 445/1455/1117 447/1456/1118
f 191/826/645 262/827/646 263/828/647
f 448/1457/1119 449/1458/1120 444/1449/1111
f 444/1449/1111 443/1448/1110 448/1457/1119
f 352/1350/1030 293/1347/1027 419/1349/1029
f 294/927/730 292/928/730 295/929/730
f 83/199/158 84/200/158 85/201/158
f 448/1457/1119 419/1492/1150 449/1458/1120
f 419/1349/1029 353/1351/1031 352/1350/1030
f 162/485/372 163/486/372 164/487/372
f 141/453/342 140/454/343 143/455/344
f 272/1352/1032 293/1347/1027 352/1350/1030
f 419/1453/1115 446/1452/1114 449/1493/1151
f 4/202/159 86/203/160 24/204/161
f 443/1448/1110 442/1447/1109 450/1459/1121
f 264/829/648 263/828/647 262/827/646
f 445/1455/1117 451/1460/1122 447/1456/1118
f 86/203/160 87/205/162 77/206/163
f 20/53/24 22/26/24 23/27/24
f 295/1353/1033 418/1354/1034 294/1355/1035
f 27/64/55 17/63/54 39/62/53
f 191/863/649 162/830/649 164/831/649
f 24/28/25 5/5/4 4/4/3
f 448/1457/1119 443/1448/1110 408/1461/1123
f 411/1462/1124 443/1448/1110 450/1459/1121
f 452/1463/1125 411/1462/1124 450/1459/1121
f 445/1464/1126 444/1465/1127 451/1466/1128
f 83/207/164 23/208/165 88/209/166
f 443/1448/1110 411/1462/1124 408/1461/1123
f 89/210/167 90/211/168 91/212/169
f 453/1467/1129 444/1465/1127 449/1468/1130
f 93/250/199 99/251/200 91/252/201
f 79/213/170 90/211/168 89/210/167
f 88/209/166 23/208/165 22/214/171
f 447/1456/1118 450/1469/1131 442/1454/1116
f 161/483/370 163/522/403 160/481/368
f 83/207/164 88/209/166 84/215/172
f 454/1470/1132 419/1492/1150 448/1457/1119
f 353/1471/1133 419/1492/1150 454/1470/1132
f 85/216/173 84/217/173 92/218/173
f 450/1469/1131 455/1472/1134 452/1473/1135
f 21/24/22 25/29/26 16/16/15
f 353/1474/1136 454/1475/1136 414/1476/1136
f 420/1477/1137 446/1452/1114 418/1451/1113
f 24/204/161 86/203/160 34/219/174
f 296/930/731 295/931/731 292/932/731
f 454/1470/1132 448/1457/1119 412/1478/1138
f 412/1478/1138 414/1479/1139 454/1470/1132
f 138/825/644 258/818/639 145/832/650
f 40/65/56 29/66/57 38/67/58
f 261/833/651 260/834/651 265/835/651
f 446/1452/1114 420/1477/1137 449/1468/1130
f 255/864/674 271/865/674 256/866/675
f 26/30/27 20/25/23 12/12/11
f 20/31/28 26/32/29 22/33/30
f 453/1467/1129 449/1468/1130 420/1477/1137
f 13/13/12 5/5/4 24/34/31
f 444/1465/1127 456/1480/1140 451/1466/1128
f 144/456/345 143/457/346 142/458/347
f 145/459/348 146/460/349 138/480/367
f 76/220/175 82/221/175 92/222/175
f 8/68/59 27/69/59 19/70/59
f 79/193/154 16/195/156 90/223/176
f 395/1300/992 408/1301/993 409/1302/994
f 77/206/163 34/219/174 86/203/160
f 91/212/169 90/211/168 93/224/177
f 410/1303/995 409/1302/994 408/1301/993
f 447/1456/1118 455/1472/1134 450/1469/1131
f 409/1302/994 396/1304/996 395/1300/992
f 411/1305/997 410/1303/995 408/1301/993
f 271/865/674 255/864/674 272/867/676
f 100/253/202 99/254/203 101/255/202
f 27/35/32 8/36/33 21/37/34
f 41/71/60 42/72/61 39/73/62
f 99/251/200 93/250/199 101/256/204
f 394/1265/961 395/1266/962 396/1267/963
f 408/1461/1123 412/1478/1138 448/1457/1119
f 28/38/35 8/36/33 13/13/12
f 29/39/36 26/30/27 12/12/11
f 456/1480/1140 428/1481/1141 451/1466/1128
f 444/1465/1127 453/1467/1129 456/1480/1140
f 42/72/61 27/74/63 39/73/62
f 41/488/373 141/489/374 42/490/375
f 351/1147/888 352/1148/888 353/1149/888
f 412/1306/998 408/1301/993 395/1300/992
f 296/933/732 297/934/733 298/935/734
f 260/836/652 257/837/653 265/838/654
f 417/1482/1142 411/1483/1142 452/1484/1142
f 354/1356/1036 271/1357/1037 272/1358/1036
f 84/257/205 102/258/206 92/259/207
f 144/461/350 147/462/351 141/463/352
f 17/63/54 27/64/55 21/75/64
f 22/33/30 26/32/29 30/40/37
f 413/1307/999 353/1308/999 414/1309/999
f 412/1306/998 400/1310/1000 414/1311/1001
f 295/1353/1033 300/1359/1038 418/1354/1034
f 410/1312/1002 411/1313/1003 415/1314/1004
f 420/1360/1039 418/1354/1034 300/1359/1038
f 412/1306/998 395/1300/992 394/1315/1005
f 24/34/31 28/38/35 13/13/12
f 22/214/171 30/225/178 88/209/166
f 84/215/172 88/209/166 94/226/179
f 402/1316/1006 409/1317/1007 410/1312/1002
f 353/1318/1008 413/1319/1008 351/1320/1008
f 412/1306/998 394/1315/1005 400/1310/1000
f 396/1267/963 397/1268/964 394/1265/961
f 141/453/342 143/455/344 144/464/353
f 77/206/163 76/227/180 34/219/174
f 409/1317/1007 402/1316/1006 396/1321/1009
f 256/839/655 265/838/654 257/837/653
f 452/1473/1135 455/1472/1134 417/1485/1143
f 414/1322/1010 400/1323/1010 416/1324/1010
f 138/480/367 146/460/349 148/465/354
f 38/76/65 19/77/66 40/78/67
f 455/1472/1134 447/1456/1118 457/1486/1144
f 354/1356/1036 272/1358/1036 352/1361/1040
f 416/1325/1011 413/1326/1011 414/1327/1011
f 165/578/444 164/579/445 163/580/446
f 29/39/36 31/41/38 26/30/27
f 397/1269/965 396/1270/966 398/1271/967
f 94/226/179 88/209/166 30/228/181
f 164/579/445 190/581/447 191/582/448
f 138/480/367 148/465/354 142/458/347
f 258/818/639 259/840/656 151/841/657
f 28/38/35 21/37/34 8/36/33
f 394/1265/961 397/1268/964 399/1272/968
f 21/37/34 28/38/35 25/42/39
f 34/219/174 76/227/180 95/229/182
f 417/1485/1143 455/1472/1134 457/1486/1144
f 42/490/375 141/489/374 147/491/376
f 453/1467/1129 420/1477/1137 430/1487/1145
f 404/1328/1012 416/1329/1012 400/1330/1012
f 428/1488/1146 447/1456/1118 451/1460/1122
f 415/1314/1004 402/1316/1006 410/1312/1002
f 191/826/645 190/842/658 235/843/659
f 142/458/347 148/465/354 144/456/345
f 235/843/659 262/827/646 191/826/645
f 298/935/734 297/934/733 264/936/735
f 32/43/40 16/16/15 25/29/26
f 428/1488/1146 424/1489/1147 447/1456/1118
f 457/1486/1144 447/1456/1118 424/1489/1147
f 145/832/650 258/818/639 151/841/657
f 47/260/208 92/261/208 102/262/208
f 400/1273/969 394/1265/961 401/1274/970
f 90/230/183 32/231/184 93/244/196
f 26/32/29 31/44/41 33/45/42
f 43/79/68 27/74/63 42/72/61
f 402/1275/971 398/1271/967 396/1270/966
f 34/46/43 28/47/43 24/54/49
f 190/581/447 164/579/445 165/578/444
f 398/1271/967 403/1276/972 397/1269/965
f 33/45/42 30/40/37 26/32/29
f 148/465/354 147/462/351 144/461/350
f 261/844/660 265/845/661 259/840/656
f 32/232/185 90/223/176 16/195/156
f 84/257/205 94/263/209 102/258/206
f 27/80/69 44/81/70 40/78/67
f 103/264/210 100/253/202 101/255/202
f 266/846/662 151/841/657 259/840/656
f 93/250/199 103/265/211 101/256/204
f 35/82/71 29/66/57 40/65/56
f 92/266/212 47/267/212 76/268/212
f 298/937/736 295/947/746 296/938/737
f 265/838/654 256/839/655 267/847/663
f 31/41/38 35/48/44 36/49/45
f 31/41/38 29/39/36 35/48/44
f 45/83/72 35/82/71 40/65/56
f 425/1490/1148 424/1489/1147 428/1488/1146
f 25/50/46 28/47/43 34/46/43
f 400/1277/973 401/1278/973 404/1279/973
f 417/1331/1013 415/1332/1014 411/1333/1015
f 165/492/377 163/522/403 161/483/370
f 399/1280/974 397/1269/965 405/1281/975
f 259/840/656 265/845/661 266/846/662
f 394/1265/961 399/1272/968 375/1282/976
f 47/269/213 95/270/214 76/271/215
f 397/1269/965 403/1276/972 405/1281/975
f 30/228/181 96/233/186 94/226/179
f 375/1282/976 401/1274/970 394/1265/961
f 27/80/69 40/78/67 19/77/66
f 262/827/646 235/843/659 234/848/664
f 161/483/370 99/484/371 100/493/378
f 25/234/187 34/245/197 32/235/188
f 398/1334/1016 402/1316/1006 372/1335/1017
f 43/84/73 44/81/70 27/80/69
f 103/265/211 93/250/199 43/272/216
f 298/939/738 264/940/739 236/941/740
f 42/494/379 166/495/380 103/496/381
f 102/258/206 97/273/217 47/274/218
f 32/235/188 34/245/197 95/236/189
f 94/226/179 96/233/186 97/237/190
f 32/231/184 43/238/191 93/244/196
f 271/1150/889 354/1151/890 355/1152/890
f 103/496/381 166/495/380 100/497/382
f 421/1362/1041 420/1363/1042 300/1364/1041
f 45/83/72 36/85/74 35/82/71
f 103/275/219 43/276/219 42/277/219
f 413/1336/1018 416/1337/1018 351/1338/1018
f 30/228/181 33/239/192 96/233/186
f 166/498/383 42/490/375 147/491/376
f 43/240/193 32/235/188 95/236/189
f 97/273/217 102/258/206 94/263/209
f 417/1485/1143 457/1486/1144 424/1489/1147
f 399/1272/968 406/1283/977 375/1282/976
f 402/1316/1006 415/1314/1004 372/1335/1017
f 264/829/648 262/827/646 234/848/664
f 43/84/73 46/86/75 44/81/70
f 407/1284/978 403/1276/972 398/1271/967
f 295/947/746 298/937/736 299/942/741
f 33/45/42 31/44/41 37/51/47
f 43/278/220 95/270/214 46/279/221
f 405/1281/975 407/1284/978 406/1285/979
f 170/583/449 165/578/444 161/584/450
f 403/1276/972 407/1284/978 405/1281/975
f 405/1281/975 406/1285/979 399/1280/974
f 36/52/48 37/51/47 31/44/41
f 424/1396/1068 425/1397/1069 426/1398/1070
f 417/1331/1013 372/1339/1019 415/1332/1014
f 192/585/451 190/581/447 165/578/444
f 355/1365/1043 273/1366/1044 271/1367/1045
f 429/1491/1149 428/1481/1141 456/1480/1140
f 295/1353/1033 299/1368/1046 300/1359/1038
f 456/1480/1140 453/1467/1129 430/1487/1145
f 351/1153/891 356/1154/891 352/1155/891
f 96/233/186 33/239/192 37/241/194
f 372/1335/1017 371/1340/1020 398/1334/1016
f 234/753/577 235/754/578 193/755/580
f 427/1399/1071 417/1400/1072 424/1401/1073
f 147/462/351 148/465/354 149/466/355
f 256/868/677 271/869/678 273/870/679
f 96/233/186 37/241/194 97/237/190
f 37/87/76 36/88/76 45/89/76
f 100/493/378 167/499/384 161/483/370
f 95/270/214 47/269/213 46/279/221
f 456/1480/1140 430/1487/1145 429/1491/1149
f 357/1156/892 351/1157/892 358/1158/892
f 382/1286/980 404/1287/981 401/1288/982
f 44/90/77 46/91/77 40/92/77
f 426/1402/1074 427/1403/1074 424/1404/1074
f 378/1289/983 398/1271/967 371/1290/984
f 148/465/354 146/460/349 150/467/356
f 40/93/78 46/94/78 47/95/78
f 359/1341/1021 351/1342/1022 416/1343/1023
f 267/871/680 256/868/677 273/870/679
f 267/849/665 268/850/665 265/851/665
f 428/1405/1075 429/1406/1076 425/1407/1077
f 100/493/378 168/500/385 167/499/384
f 267/871/680 273/870/679 274/872/681
f 416/1343/1023 404/1344/1024 382/1345/1025
f 192/585/451 165/578/444 170/583/449
f 97/282/222 37/280/222 47/281/222
f 275/873/682 274/874/682 273/920/682
f 169/501/386 100/497/382 166/495/380
f 45/96/79 40/97/79 47/98/79
f 193/755/579 235/754/578 190/756/582
f 351/1159/893 359/1160/893 358/1161/893
f 148/465/354 150/467/356 149/466/355
f 430/1408/1078 420/1409/1078 422/1410/1078
f 264/829/648 234/848/664 236/852/666
f 378/1289/983 407/1284/978 398/1271/967
f 371/1206/916 372/1207/917 373/1208/918
f 166/498/383 147/491/376 149/502/387
f 47/242/195 37/246/195 45/243/195
f 431/1411/1079 417/1400/1072 427/1399/1071
f 352/1162/894 356/1163/894 354/1164/894
f 374/1291/985 382/1286/980 401/1288/982
f 275/1369/1047 273/1366/1044 355/1365/1043
f 146/460/349 151/468/357 152/469/358
f 432/1412/1080 427/1399/1071 426/1398/1070
f 161/483/370 167/499/384 170/503/388
f 284/943/742 300/944/743 299/945/744
f 269/853/667 265/854/667 268/855/667
f 355/1365/1043 362/1370/1048 275/1369/1047
f 422/1413/1081 420/1414/1081 421/1415/1081
f 151/468/357 146/460/349 145/459/348
f 432/1412/1080 426/1398/1070 425/1397/1069
f 146/460/349 152/469/358 150/467/356
f 274/875/683 276/876/684 267/877/685
f 375/1292/986 374/1293/986 401/1294/986
f 407/1284/978 378/1289/983 406/1285/979
f 166/498/383 149/502/387 169/504/389
f 351/1165/895 357/1166/895 360/1167/895
f 356/1168/896 355/1152/890 354/1151/890
f 265/845/661 270/856/668 266/846/662
f 356/1169/897 351/1170/897 361/1171/897
f 425/1407/1077 429/1406/1076 432/1416/1082
f 152/469/358 153/470/359 150/467/356
f 417/1400/1072 431/1411/1079 433/1417/1083
f 434/1418/1084 429/1406/1076 430/1419/1085
f 168/505/390 100/497/382 169/501/386
f 276/876/684 268/878/686 267/877/685
f 360/1172/898 361/1173/898 351/1174/898
f 277/879/687 274/875/683 278/880/688
f 434/1418/1084 430/1419/1085 435/1420/1086
f 359/1341/1021 416/1343/1023 382/1345/1025
f 275/881/689 279/882/689 274/883/689
f 237/946/745 298/939/738 236/941/740
f 190/619/482 192/620/483 193/586/452
f 279/1371/1049 275/1372/1049 362/1373/1049
f 374/1209/919 375/1210/919 376/1211/919
f 170/583/449 167/587/453 177/588/454
f 274/875/683 279/884/690 278/880/688
f 406/1295/987 384/1296/988 375/1299/991
f 151/841/657 266/846/662 270/856/668
f 384/1297/989 406/1285/979 378/1289/983
f 371/1212/920 377/1213/920 378/1214/920
f 430/1419/1085 422/1421/1087 436/1422/1088
f 357/1175/899 358/1176/899 360/1177/899
f 274/875/683 277/879/687 276/876/684
f 154/471/360 149/466/355 150/467/356
f 168/500/385 171/506/391 167/499/384
f 372/1215/921 379/1216/921 373/1217/921
f 154/471/360 150/467/356 153/470/359
f 432/1416/1082 429/1406/1076 434/1418/1084
f 270/856/668 265/845/661 269/857/669
f 155/858/670 151/841/657 270/856/668
f 427/1399/1071 432/1412/1080 437/1423/1089
f 371/1206/916 380/1218/922 377/1219/923
f 170/583/449 177/588/454 192/585/451
f 276/876/684 269/885/691 268/878/686
f 381/1220/924 378/1221/924 377/1222/924
f 172/507/392 169/501/386 159/508/393
f 433/1417/1083 431/1411/1079 437/1423/1089
f 421/1362/1041 300/1364/1041 284/1374/1050
f 435/1420/1086 430/1419/1085 436/1422/1088
f 151/468/357 153/470/359 152/469/358
f 372/1424/1090 417/1425/1090 389/1426/1090
f 375/1299/991 384/1296/988 376/1298/990
f 167/587/453 171/589/455 177/588/454
f 151/468/357 155/472/361 153/470/359
f 356/1178/900 362/1179/901 355/1203/915
f 193/755/580 236/757/583 234/753/577
f 172/507/392 168/505/390 169/501/386
f 159/509/394 169/504/389 149/502/387
f 438/1427/1091 417/1400/1072 433/1417/1083
f 237/946/745 284/943/742 299/945/744
f 359/1223/925 382/1224/926 358/1225/927
f 177/590/456 194/591/457 192/620/483
f 280/886/692 277/879/687 278/880/688
f 278/1180/902 279/1181/902 286/1182/902
f 276/887/693 281/888/694 269/889/695
f 378/1226/928 383/1227/929 384/1228/930
f 173/523/404 171/524/404 168/525/404
f 237/946/745 299/945/744 298/939/738
f 432/1416/1082 434/1418/1084 437/1428/1092
f 437/1423/1089 438/1429/1093 433/1417/1083
f 193/586/452 192/620/483 194/591/457
f 239/890/696 269/889/695 281/888/694
f 193/755/580 237/758/584 236/757/583
f 431/1411/1079 427/1399/1071 437/1423/1089
f 371/1206/916 373/1208/918 380/1218/922
f 280/886/692 276/891/697 277/879/687
f 193/586/452 194/591/457 195/592/458
f 369/1430/1094 434/1418/1084 435/1431/1095
f 155/593/459 195/592/458 153/594/460
f 362/1183/903 286/1184/903 279/1185/903
f 196/595/461 194/591/457 177/596/462
f 196/595/461 197/597/463 194/591/457
f 153/473/362 156/474/362 154/475/362
f 197/597/463 195/592/458 194/591/457
f 153/594/460 195/592/458 197/597/463
f 172/507/392 173/510/395 168/505/390
f 363/1375/1051 366/1376/1051 362/1394/1051
f 378/1226/928 381/1229/931 383/1227/929
f 364/1230/932 358/1225/927 382/1224/926
f 434/1418/1084 439/1432/1096 437/1428/1092
f 238/859/671 155/860/672 270/861/671
f 356/1178/900 363/1186/904 362/1179/901
f 153/594/460 197/597/463 156/598/464
f 438/1427/1091 440/1433/1097 417/1400/1072
f 195/759/586 155/760/587 238/761/588
f 239/890/696 282/892/698 237/893/699
f 436/1434/1098 422/1435/1099 441/1436/1100
f 276/894/700 280/895/701 283/896/702
f 276/894/700 283/896/702 281/897/703
f 356/1178/900 361/1187/905 363/1186/904
f 193/755/581 239/762/589 237/758/585
f 269/889/695 239/890/696 270/898/704
f 364/1230/932 382/1224/926 385/1231/933
f 239/762/589 193/755/581 195/759/586
f 238/859/671 270/861/671 239/862/673
f 284/899/705 237/893/699 285/900/706
f 239/762/589 195/759/586 238/761/588
f 435/1431/1095 436/1434/1098 441/1436/1100
f 278/901/707 286/902/708 287/903/709
f 176/526/405 171/527/405 173/528/406
f 176/526/405 177/529/407 171/527/405
f 358/1188/906 364/1189/907 365/1190/908
f 154/511/396 159/512/397 149/513/398
f 360/1191/909 365/1192/909 361/1193/909
f 177/599/465 174/600/465 197/601/465
f 281/888/694 282/892/698 239/890/696
f 369/1430/1094 435/1431/1095 441/1436/1100
f 280/904/710 278/901/707 287/903/709
f 362/1377/1052 366/1378/1052 289/1379/1052
f 158/514/399 159/512/397 154/511/396
f 177/596/462 197/597/463 196/595/461
f 358/1188/906 365/1190/908 360/1194/910
f 197/597/463 174/602/466 156/598/464
f 384/1232/934 383/1233/934 376/1234/934
f 381/1229/931 377/1219/923 380/1218/922
f 176/576/408 158/530/408 174/531/408
f 439/1432/1096 438/1437/1101 437/1428/1092
f 154/511/396 174/515/400 158/514/399
f 176/603/467 174/621/467 177/604/467
f 173/532/409 178/533/409 176/534/409
f 156/535/410 174/577/410 154/536/410
f 288/905/711 289/906/712 282/892/698
f 289/1380/1053 286/1381/1054 362/1382/1055
f 174/537/411 156/538/411 158/539/411
f 417/1438/1102 440/1439/1102 389/1440/1102
f 369/1430/1094 439/1432/1096 434/1418/1084
f 176/605/468 178/606/469 174/607/470
f 381/1229/931 386/1235/935 383/1227/929
f 363/1195/911 361/1196/911 366/1197/911
f 174/607/470 198/608/471 156/609/472
f 284/899/705 285/900/706 289/907/713
f 173/516/401 172/517/401 159/518/401
f 385/1236/936 382/1264/936 374/1237/936
f 372/1238/937 387/1239/938 379/1240/939
f 288/905/711 282/892/698 281/888/694
f 156/476/363 157/477/364 158/478/365
f 157/477/364 159/479/366 158/478/365
f 367/1241/940 364/1242/940 385/1243/940
f 285/900/706 237/893/699 282/892/698
f 285/900/706 282/892/698 289/906/712
f 364/1189/907 367/1198/912 365/1190/908
f 373/1208/918 379/1240/939 388/1244/941
f 381/1229/931 380/1218/922 386/1235/935
f 421/1383/1056 284/1384/1057 368/1385/1058
f 281/888/694 283/908/714 288/905/711
f 441/1436/1100 422/1435/1099 423/1441/1103
f 439/1432/1096 389/1442/1104 438/1437/1101
f 369/1430/1094 441/1436/1100 423/1441/1103
f 284/1384/1057 289/1386/1059 368/1385/1058
f 366/1387/1060 361/1388/1061 289/1386/1059
f 289/1380/1053 290/1389/1062 286/1381/1054
f 178/606/469 198/608/471 174/607/470
f 368/1385/1058 422/1390/1063 421/1383/1056
f 369/1430/1094 392/1443/1105 439/1432/1096
f 286/902/708 290/909/715 287/903/709
f 283/910/716 280/904/710 287/903/709
f 438/1437/1101 389/1442/1104 440/1444/1106
f 291/911/717 290/912/718 288/913/719
f 199/610/473 157/611/474 156/612/475
f 387/1245/942 372/1246/942 389/1247/942
f 390/1248/943 383/1227/929 386/1235/935
f 392/1443/1105 389/1442/1104 439/1432/1096
f 391/1249/944 386/1235/935 380/1218/922
f 289/914/720 288/913/719 290/912/718
f 200/613/476 198/608/471 178/606/469
f 287/903/709 290/909/715 291/915/721
f 288/905/711 283/908/714 287/916/722
f 287/917/723 291/918/723 288/919/723
f 156/609/472 198/608/471 199/622/484
f 386/1235/935 391/1249/944 390/1248/943
f 368/1445/1107 423/1441/1103 422/1435/1099
f 157/611/474 199/610/473 180/614/477
f 180/763/590 199/764/591 198/765/592
f 385/1250/945 370/1251/946 367/1252/948
f 379/1240/939 387/1239/938 388/1244/941
f 198/811/636 200/766/593 240/767/594
f 241/768/595 180/763/590 198/765/592
f 387/1253/949 389/1254/950 392/1255/951
f 289/1386/1059 361/1388/1061 368/1385/1058
f 374/1256/953 376/1257/954 393/1258/955
f 365/1204/913 368/1199/913 361/1200/913
f 423/1391/1064 368/1395/1067 367/1392/1065
f 385/1250/945 374/1256/953 393/1258/955
f 368/1395/1067 365/1393/1066 367/1392/1065
f 180/763/590 241/768/595 242/769/596
f 367/1446/1108 369/1430/1094 423/1441/1103
f 369/1201/914 367/1205/914 370/1202/914
f 388/1244/941 380/1218/922 373/1208/918
f 198/811/636 243/770/597 241/771/598
f 370/1251/947 392/1255/952 369/1259/956
f 157/519/402 175/520/402 159/521/402
f 385/1250/945 393/1258/955 370/1251/946
f 393/1258/955 392/1255/951 370/1251/947
f 390/1260/957 376/1257/954 383/1261/958
f 388/1262/959 387/1253/949 392/1255/951
f 243/770/597 198/811/636 240/767/594
f 393/1258/955 376/1257/954 390/1260/957
f 388/1244/941 391/1249/944 380/1218/922
f 241/768/595 244/772/599 242/769/596
f 392/1255/951 391/1263/960 388/1262/959
f 392/1255/951 393/1258/955 391/1263/960
f 391/1263/960 393/1258/955 390/1260/957
f 179/540/412 157/541/413 180/542/414
f 200/773/600 245/774/601 240/775/602
f 179/776/603 180/777/604 246/778/605
f 184/615/478 200/616/479 178/617/480
f 244/779/606 247/780/606 242/781/606
f 248/782/607 244/783/608 241/784/609
f 200/616/479 184/615/478 189/618/481
f 242/785/610 246/778/605 180/777/604
f 181/543/415 173/544/416 159/545/415
f 248/786/611 243/787/612 240/775/602
f 181/546/417 178/547/418 173/548/419
f 181/543/415 159/545/415 182/549/420
f 183/550/421 157/541/413 179/540/412
f 240/775/602 245/774/601 248/786/611
f 247/788/613 246/778/605 242/785/610
f 178/547/418 181/546/417 184/551/422
f 245/774/601 200/773/600 189/789/614
f 247/790/615 244/783/608 249/791/616
f 248/782/607 241/784/609 243/792/617
f 159/552/423 175/553/424 182/554/425
f 249/791/616 244/783/608 248/782/607
f 183/550/421 175/555/426 157/541/413
f 181/556/427 182/557/428 185/558/427
f 182/554/425 175/553/424 185/559/429
f 185/560/430 175/561/431 183/562/432
f 185/558/427 186/563/433 181/556/427
f 186/564/434 184/551/422 181/546/417
f 186/565/435 185/566/436 184/567/437
f 185/560/430 183/562/432 187/568/438
f 184/567/437 185/566/436 187/569/439
f 183/562/432 179/570/440 187/568/438
f 246/793/618 250/794/619 179/795/620
f 251/796/621 245/797/622 189/798/623
f 187/569/439 179/571/441 184/567/437
f 249/799/624 246/793/618 247/800/625
f 245/797/622 252/801/626 248/802/627
f 179/571/441 188/572/442 184/567/437
f 184/573/443 188/574/443 189/575/443
f 252/801/626 245/797/622 251/796/621
f 250/794/619 246/793/618 249/799/624
f 179/803/628 250/804/629 188/805/630
f 251/796/621 189/798/623 188/806/631
f 252/807/632 249/791/616 248/782/607
f 251/808/633 250/804/629 252/809/634
f 250/804/629 251/808/633 188/805/630
f 250/804/629 249/810/635 252/809/634
