# Delivery Dash City vehicle mesh (Scooter_Body); units = studs; +X right, +Y up, -Z forward; origin = chassis centre
mtllib Scooter.mtl
o Scooter_Body
v 0.62042 1.97549 1.53902
v -0.75897 1.98693 1.32550
v -0.76737 2.10736 1.32728
v 0.63203 2.18978 1.52789
v -0.80083 2.26209 1.36131
v -0.79576 1.98502 1.35879
v -0.81365 2.12002 1.41486
v -0.84818 1.92171 1.41873
v -0.77591 1.66594 1.37642
v -0.74989 2.32383 1.43330
v 0.71475 2.34977 1.63198
v -0.81387 1.87744 1.43561
v -0.86856 2.14141 1.42740
v -0.87452 2.25253 1.88697
v -0.89398 1.91838 1.63361
v -0.89694 2.14447 1.63442
v -0.84362 1.88266 1.65606
v -0.94470 2.31778 2.86034
v -0.86791 1.98461 1.66248
v -0.84824 2.12059 1.66644
v -0.82168 1.11866 1.48057
v -1.01275 1.12579 2.93618
v -0.96940 2.12094 2.55785
v -0.98844 2.10210 2.54979
v -0.96747 1.87728 2.56941
v -1.00078 1.91119 2.55993
v -0.96745 2.16532 2.56985
v -1.02809 2.14044 2.57352
v -1.04345 2.13991 2.78685
v -1.01259 2.25013 2.91952
v -0.99756 2.16875 2.78672
v -1.03211 1.99834 2.79527
v -0.99766 1.87201 2.78858
v -1.01357 2.12324 2.90754
v -0.98872 1.95746 2.91812
v -0.87898 0.96069 2.89117
v -0.70489 0.96483 2.95494
v -1.03716 0.96947 2.97795
v -1.01712 1.06062 2.86189
v -1.03853 1.10437 2.87115
v -1.03394 0.96609 2.87411
v -1.05166 1.99059 2.89245
v -1.03368 1.09800 2.98135
v -0.98607 1.94199 2.94215
v -0.87723 1.10307 2.96090
v -0.99527 1.94908 3.00158
v -0.99581 2.09108 3.02234
v 0.38946 1.12210 3.12748
v -0.86953 1.95091 3.02059
v -0.60411 0.32891 2.31870
v -0.61898 0.57761 2.34245
v -0.59331 0.42592 1.84075
v -0.83746 0.96218 1.86276
v -0.65287 0.96092 1.88935
v -0.83730 0.97110 1.39112
v -0.53528 0.55812 1.79151
v -0.49966 0.59051 2.04119
v -0.75896 0.71027 2.08877
v -0.31797 0.87810 1.80614
v -0.42376 0.90303 2.15444
v -0.32207 0.90532 2.16763
v -0.47305 0.58929 1.87777
v -0.45730 0.76570 1.98180
v -0.67968 0.77803 2.00043
v -0.54889 0.78076 1.90071
v -0.27658 0.72458 2.02182
v -0.28151 0.78536 2.00584
v 0.27138 0.74504 2.09852
v -0.38436 0.66248 1.89449
v -0.37724 0.68852 2.01815
v -0.40052 0.77557 1.99306
v -0.41837 0.88358 2.03595
v -0.52788 0.88522 2.02817
v -0.29871 0.88006 2.04993
v 0.26144 0.89440 2.12386
v 0.23513 0.91722 2.20147
v -0.49335 0.60634 2.17508
v -0.51934 0.89900 2.09899
v -0.71295 0.76667 1.87162
v -0.32287 0.86722 2.13305
v -0.57470 0.82523 2.09685
v -0.49078 0.84139 2.10767
v -0.57582 0.73477 2.11277
v -0.49025 0.72309 2.12701
v 0.21240 0.75270 2.22543
v -0.29446 0.72484 2.15757
v -0.41487 0.69604 2.31056
v 0.25960 0.74837 2.39915
v -0.47708 0.63305 2.35707
v -0.80373 0.96897 2.51581
v 0.52092 0.97527 2.02111
v -0.68438 0.77941 2.86197
v -0.10437 0.71246 2.42732
v -0.67602 0.85251 2.80185
v -0.40813 0.33034 2.35331
v -0.25368 0.32941 2.50265
v -0.52309 0.31928 2.53153
v -0.31008 0.22207 2.41300
v -0.54370 0.54838 2.55615
v -0.58395 0.86847 2.80870
v 0.05565 0.25878 2.55096
v -0.15833 0.23718 2.52741
v -0.25429 0.21814 2.51009
v -0.08588 0.32915 2.61841
v 0.53585 0.97912 2.68941
v -0.59233 0.97546 2.88115
v -0.58188 0.76720 2.79470
v -0.69004 0.97135 2.87133
v 0.27113 0.79916 2.90904
v -0.59701 0.84745 2.90970
v 0.40345 0.99556 3.17336
v -0.38180 0.95484 1.36834
v -0.25036 0.80925 0.14923
v -0.46662 0.88841 1.37987
v 0.13585 0.98634 1.46376
v 0.46946 1.00162 1.45018
v -0.78438 1.07219 1.33888
v -0.76877 0.96449 1.33624
v 0.55277 0.94729 1.48137
v 0.61166 1.08386 1.53889
v -0.77960 1.08941 1.38302
v -0.35727 0.92490 1.50181
v -0.82730 1.10959 1.38735
v 0.05705 0.96348 1.51209
v 0.33024 0.96768 1.57406
v -0.47803 0.67803 1.43134
v -0.40639 0.79811 1.58500
v -0.53201 0.73746 1.44820
v 0.53864 0.97556 1.89351
v -0.39309 0.72870 1.54993
v 0.56807 0.73453 1.53649
v 0.38758 0.83789 1.65988
v 0.10360 0.76024 1.61918
v -0.59221 0.65953 1.52904
v -0.58142 0.55948 1.67838
v -0.03819 0.67232 1.76743
v 0.46481 0.78070 1.68779
v 0.28134 0.69070 1.78901
v -0.82180 0.96108 1.72543
v -0.63336 0.95772 1.74719
v -0.74783 0.86893 1.60422
v -0.30285 0.81990 1.66481
v -0.69381 0.75406 1.54901
v -0.26745 0.66015 1.73489
v -0.72348 0.47470 1.65888
v 0.23075 0.84116 1.72941
v -0.67332 0.69888 1.64119
v 0.21946 0.95042 1.79508
v -0.68757 0.76244 1.74085
v -0.75399 0.67787 1.64461
v -0.75336 0.75057 1.69714
v 0.31609 0.88160 1.88735
v -0.48510 0.71990 1.83978
v -0.26568 0.69475 1.90662
v 0.29848 0.72128 1.97010
v 0.26712 0.80523 2.09013
v 0.75992 1.98442 1.79872
v 0.64905 1.99398 2.76735
v 0.76322 1.91054 1.79877
v 0.62932 2.19517 2.78292
v 0.76498 2.20446 1.77851
v 0.78762 2.28754 1.57237
v 0.79376 1.41341 1.58872
v 0.60403 1.14747 3.05983
v 0.52023 2.34299 3.05706
v 0.58346 1.69757 3.13293
v 0.57605 2.27500 3.13397
v 0.65094 1.90133 2.79735
v 0.67532 2.16864 2.79551
v 0.62843 2.16754 3.01217
v 0.60031 1.89935 3.00006
v 0.47253 0.99452 3.00277
v 0.25009 0.99045 2.97103
v 0.65087 1.93977 2.99282
v 0.26511 0.90086 2.92335
v 0.35441 0.89092 2.93701
v 0.34301 0.98499 2.99139
v 0.25292 0.87705 3.02325
v 0.33552 0.98301 3.08137
v 0.34954 0.81555 3.00408
v 0.61714 1.99480 3.01352
v 0.63383 0.99461 3.05820
v 0.62197 0.99270 3.13707
v 0.57500 2.14236 3.14880
v 0.56415 2.00174 3.15519
v 0.23557 0.98315 3.06607
v 0.61235 1.13845 3.14404
v 0.53927 1.53810 3.13512
v 0.52696 1.95687 3.15684
v 0.53022 0.98815 3.18839
v 0.53813 1.15294 3.16782
v 0.37925 2.13053 3.12993
v 0.51191 2.12583 3.20000
v 0.51804 1.98295 3.19888
v 0.64366 0.97238 1.50873
v 0.76617 1.12591 1.54494
v 0.76298 0.96194 1.54544
v 0.75319 2.16837 1.52309
v 0.77156 1.97497 1.54480
v 0.82287 2.17146 1.56937
v 0.59746 0.80494 1.56616
v 0.80426 0.96986 1.60062
v 0.76291 1.08435 1.58510
v 0.80865 1.90890 1.58038
v 0.81012 1.06810 1.60487
v 0.81479 1.94010 1.78683
v 0.56049 0.72147 1.73582
v 0.62034 0.81087 1.69446
v 0.65057 0.91490 1.76093
v 0.61607 0.80481 1.85742
v 0.46223 0.88699 1.85586
v 0.55313 0.67889 1.79177
v 0.67090 0.72736 1.82651
v 0.70286 0.97119 2.04063
v 0.66537 0.79696 1.86830
v 0.46629 0.82977 1.89409
v 0.59525 0.76898 2.26625
v 0.46087 0.63005 2.15772
v 0.43899 0.80253 2.00708
v 0.39107 0.90627 2.14690
v 0.46218 0.64309 2.48905
v 0.56559 0.49457 1.98866
v 0.53816 0.60336 1.93946
v 0.35397 0.93053 2.26192
v 0.59112 0.82960 2.24473
v 0.40249 0.81942 2.13678
v 0.45176 0.86071 2.23515
v 0.40242 0.65094 2.28320
v 0.36164 0.76249 2.24543
v 0.36351 0.87693 2.22998
v 0.44974 0.77301 2.25353
v 0.23624 0.91706 2.24995
v 0.33867 0.59895 2.68079
v 0.34176 0.36927 2.41386
v 0.35456 0.36680 2.65244
v 0.16484 0.35074 2.55149
v 0.46524 0.38142 2.46534
v 0.60069 0.88852 -0.06056
v 0.74021 0.57320 0.43784
v 0.71715 0.53273 -0.11690
v -0.34427 0.50902 0.28716
v -0.17568 0.47303 -0.25155
v -0.11792 0.35622 -0.12964
v -0.10673 0.85444 -0.16453
v -0.11782 0.07407 -0.04304
v -0.16223 0.07753 0.08673
v -0.30531 -0.31329 -0.05154
v -0.28976 0.44010 0.32428
v -0.46287 0.38395 0.44990
v 0.64983 0.87814 0.52332
v -0.50402 0.00051 0.76370
v -0.31778 -0.29721 0.12051
v -0.41383 -0.22115 0.71421
v -0.22498 0.40454 0.30626
v -0.36142 0.65081 0.45849
v 0.68092 0.48241 0.46035
v 0.65669 0.41721 -0.03663
v 0.64517 0.57281 0.62678
v 0.70934 0.69389 0.60178
v -0.30003 0.53483 0.49775
v 0.78812 0.51865 0.69444
v 0.84062 0.42716 0.57520
v -0.43649 0.47928 0.54495
v 0.72028 0.55207 1.87660
v 0.84329 0.04258 0.90563
v -0.52523 -0.25888 0.81395
v -0.49802 -0.30712 0.29372
v -0.46279 -0.50330 0.56935
v -0.44287 -0.48769 0.77318
v -0.48358 0.02045 0.83969
v -0.35914 -0.21464 0.76531
v -0.40079 -0.26098 0.91310
v -0.30019 -0.00889 0.87264
v 0.60436 0.65290 1.12209
v 0.72272 0.03158 0.98256
v 0.63027 0.18424 1.52917
v 0.61078 0.03464 0.98428
v -0.29247 -0.48215 0.91630
v -0.31566 0.06122 1.07246
v 0.54958 0.17718 1.51722
v -0.35287 0.04453 1.24948
v 0.55165 0.07102 1.36484
v 0.26369 -0.46181 0.95258
v 0.67228 0.74173 1.67676
v 0.73554 0.30358 1.64453
v 0.39875 0.06431 1.34754
v -0.38124 0.12364 1.36028
v 0.24025 -0.18002 1.39422
v 0.00329 -0.52705 1.27403
v -0.04227 -0.21973 1.43603
v -0.25026 0.08584 1.40980
v -0.62479 0.23947 1.47587
v -0.18878 -0.02732 1.40290
v -0.39658 0.02005 1.38995
v -0.19855 0.03938 1.38779
v -0.39529 -0.04720 1.40976
v -0.24326 0.05036 1.43126
v -0.18830 -0.06488 1.40920
v -0.37788 -0.18425 1.44032
v -0.35731 0.13463 1.56680
v -0.17897 -0.12861 1.42708
v -0.23640 -0.02465 1.45148
v -0.16068 0.00714 1.54390
v -0.17396 -0.16793 1.43495
v -0.16531 -0.23705 1.45088
v 0.47142 0.12169 1.53411
v -0.16609 0.07118 1.52511
v -0.15768 -0.02726 1.55847
v -0.36909 -0.28935 1.46794
v -0.22784 -0.12898 1.47539
v -0.25052 0.07063 1.53741
v -0.47240 0.03677 1.49478
v -0.46485 -0.03048 1.51421
v -0.44541 0.16827 1.53393
v -0.46616 -0.06639 1.52385
v -0.43028 0.06252 1.56326
v -0.43801 0.12480 1.54541
v -0.41846 -0.01806 1.58061
v -0.53721 0.17874 1.56915
v -0.24622 -0.71830 -0.18156
v -0.42487 -0.69456 0.39374
v -0.35137 -0.71715 -0.19714
v -0.26744 -0.40514 -0.03774
v -0.12604 -0.30955 -0.08801
v -0.26274 -0.41057 0.02728
v -0.31340 -0.41391 -0.18674
v -0.38109 -0.55352 -0.29526
v -0.44722 -0.51929 0.19833
v -0.30850 -0.49498 -0.14759
v -0.24484 -0.70202 0.24987
v -0.07288 -0.92633 0.21173
v -0.04013 -0.71033 0.43039
v 0.26430 -0.70565 0.52527
v -0.15784 -0.89841 0.29034
v -0.19232 -0.70884 0.39376
v -0.30469 -0.93304 0.38071
v 0.51147 -0.82117 0.41221
v 0.28517 -0.90592 0.41843
v 0.58966 -0.93416 0.51739
v -0.34380 -0.62373 0.50934
v 0.56223 -0.90645 0.65968
v -0.27940 -0.92338 0.57922
v -0.34923 -0.51813 0.60989
v 0.02686 -1.02252 0.64807
v 0.06146 -0.90768 0.64047
v 0.04947 -0.93462 0.55708
v -0.08241 -0.89771 0.63046
v 0.23449 -0.46945 0.87802
v -0.28379 -0.49933 0.79946
v -0.05088 -0.92472 0.70649
v -0.10597 -0.90763 0.69832
v -0.05393 -0.99933 0.70812
v 0.00563 -1.01448 1.09456
v -0.16432 -0.89958 0.68680
v -0.17777 -1.01394 0.77283
v 0.01104 -0.57160 0.79968
v 0.03158 -0.58939 0.84885
v 0.07113 -0.92808 1.07738
v -0.19085 -0.56996 0.83435
v -0.13380 -0.56755 0.78844
v -0.23821 -0.95432 0.76430
v -0.28827 -0.64353 0.91381
v -0.02235 -0.54024 0.86141
v -0.29719 -0.69483 1.10478
v -0.22437 -0.54653 0.95945
v -0.19386 -1.01194 1.07462
v -0.05080 -0.51931 0.97971
v -0.30233 -0.94283 1.06820
v -0.00805 -0.72189 1.25466
v -0.05460 -0.63258 1.27151
v -0.18717 -0.64148 1.23000
v -0.23445 -0.94198 1.19336
v -0.00277 -0.97377 1.28148
v -0.24631 -0.70826 1.21629
v 0.38728 -0.85606 1.17704
v 0.27284 -0.49108 1.22152
v -0.03610 -0.77134 1.45195
v 0.92787 -0.43775 -0.05104
v 0.82141 -0.41288 0.08502
v 0.81414 -0.41487 0.15509
v 0.95372 -0.46252 0.20295
v 0.67908 -0.35792 0.00804
v 0.87488 -0.73362 -0.01571
v 0.98818 -0.74320 -0.12388
v 0.73548 -0.70544 0.43806
v 0.86259 -0.29368 0.09443
v 0.67068 0.09333 0.19694
v 0.65625 0.08540 0.06768
v 0.91727 -0.52112 -0.03967
v 0.90703 -0.68622 0.55387
v 0.97316 -0.51672 0.38732
v 0.83105 -0.28364 0.25278
v 1.02133 -0.58955 -0.34307
v 0.63210 -0.93989 0.26101
v 0.84299 -0.69434 0.56031
v 0.87867 -0.92311 0.43940
v 0.72717 -0.90802 0.32912
v 0.98266 -0.29410 0.47634
v 0.52360 -0.70899 0.46900
v 0.82728 -0.91375 0.62750
v 0.79155 -0.18907 0.85188
v 0.88872 -0.47345 0.73571
v 0.77727 -0.48798 0.74866
v 0.54161 -0.91165 0.71754
v 0.59363 -1.02514 0.60847
v 0.88477 -0.20999 0.98156
v 0.65053 -0.91330 0.68573
v 0.71572 -0.48181 0.86301
v 0.72894 -0.88876 0.69021
v 0.66307 -0.99615 0.67983
v 0.59302 -1.02172 0.81371
v 0.66835 -0.55817 0.82919
v 0.81665 -0.94017 0.77725
v 0.76868 -1.00507 0.76609
v 0.71336 -0.99869 1.07364
v 0.54881 -1.01865 1.06374
v 0.52094 -0.57487 0.82746
v 0.80610 -0.63840 0.95061
v 0.83057 -0.45496 0.93720
v 0.75946 -0.69758 1.12876
v 0.79305 -0.91818 1.09162
v 0.71211 -0.12369 0.92419
v 0.76738 -0.21864 1.03946
v 0.71269 -0.54679 0.98700
v 0.55193 -0.52402 0.97596
v 0.64767 -0.45240 1.03032
v 0.52912 -0.66211 1.25167
v 0.61720 -0.64484 1.22063
v 0.70571 -0.91027 1.20690
v 0.68133 -0.70292 1.20709
v 0.47818 -0.76207 1.36838
v 0.43994 -0.82407 1.34303
v 0.35572 -0.49531 1.25670
v 0.36426 -0.19644 1.41453
v 0.44066 -0.29104 1.50594
v 0.44043 -0.51475 1.35999
v -0.31334 0.24044 2.20582
v -0.40769 0.29679 1.70626
v -0.08560 -0.09685 2.05304
v 0.03509 -0.12845 2.40054
v -0.02176 -0.03507 2.05756
v -0.04556 -0.28551 2.12276
v 0.04137 -0.55345 2.42767
v 0.20376 -0.09427 2.57659
v -0.29247 -0.09738 2.49960
v 0.02444 -0.49349 2.59494
v -0.21899 -0.55035 3.00629
v -0.18404 0.21055 2.72953
v -0.18379 -0.14327 2.77578
v -0.20231 -0.16130 2.95869
v 0.10007 0.22876 2.72980
v 0.12646 -0.54787 2.97275
v 0.06722 -0.15314 2.81020
v 0.10391 -0.15801 2.96406
v -0.23040 0.08703 1.65787
v -0.45777 0.06468 1.63090
v -0.45138 0.00365 1.64989
v -0.44548 -0.03062 1.66484
v -0.28858 0.00276 1.61346
v -0.22754 0.02678 1.67585
v -0.56829 0.30645 1.71774
v -0.35560 0.24918 1.70957
v 0.48376 0.18367 1.68508
v 0.42698 0.28836 1.81169
v -0.02362 -0.57782 1.47283
v -0.07643 -0.38975 1.54640
v -0.10160 -0.07936 1.72921
v 0.21514 -0.00451 1.73698
v -0.15767 -0.27292 1.46033
v -0.15139 -0.34187 1.47615
v -0.36128 -0.39477 1.49821
v -0.21211 -0.26090 1.51126
v -0.25942 -0.12595 1.64280
v -0.14168 -0.13171 1.56762
v -0.14649 -0.37913 1.49038
v -0.13436 -0.44861 1.50972
v -0.34921 -0.46533 1.51338
v -0.40263 -0.12112 1.59996
v -0.45637 -0.13187 1.54610
v -0.44576 -0.27178 1.58658
v -0.19512 -0.33945 1.54912
v -0.13203 -0.20457 1.59728
v -0.24539 -0.22976 1.67276
v -0.14688 -0.09423 1.57217
v -0.44716 -0.23693 1.57430
v -0.12247 -0.24526 1.60884
v -0.32955 -0.46063 1.55067
v -0.18066 -0.44701 1.57406
v -0.12237 -0.30827 1.63961
v -0.38875 -0.22265 1.64505
v -0.09894 -0.41931 1.66117
v -0.45636 -0.16943 1.55986
v -0.34619 -0.43811 1.69360
v -0.43588 -0.34160 1.60883
v -0.03373 -0.29885 1.83942
v -0.23619 -0.30843 1.70050
v -0.20757 -0.41872 1.72219
v -0.22257 -0.00802 1.68741
v -0.19008 -0.21699 1.75130
v -0.09944 -0.25422 1.79287
v -0.20890 -0.11186 1.72430
v -0.11053 -0.34666 1.63992
v 0.00117 -0.51929 1.65653
v -0.10800 -0.68521 1.65047
v -0.42982 -0.20047 1.71718
v -0.43675 -0.09967 1.68642
v -0.20161 -0.17524 1.74128
v -0.43608 -0.38065 1.61870
v -0.21751 -0.07615 1.70939
v -0.36309 -0.35192 1.67803
v -0.41562 -0.34466 1.76127
v -0.42509 -0.44541 1.63227
v -0.17442 -0.32106 1.78537
v -0.44011 -0.14117 1.69578
v -0.18895 -0.28727 1.77678
v -0.41848 -0.30719 1.75186
v -0.42654 -0.24531 1.73438
v -0.40569 -0.41313 1.78291
v -0.22577 -0.68026 1.79139
v -0.02991 -0.38859 1.85844
v -0.16756 -0.39373 1.80558
v 0.12285 -0.42418 1.86199
v 0.00786 -0.41618 2.05174
v 0.02292 -0.36741 2.24264
v 0.02355 -0.41763 1.98796
v 0.35207 0.02190 2.01448
v 0.59373 0.35393 1.85094
v 0.47973 0.34720 1.83713
v 0.26341 0.26450 2.28767
v 0.43158 -0.10785 2.31273
v 0.49407 -0.22702 2.22019
v 0.17422 0.23424 2.57062
v 0.11235 -0.54382 3.04769
v 0.09960 -0.41842 2.66907
v 0.06822 0.07253 2.66452
v 0.62716 0.10549 1.55193
v 0.63544 0.24256 1.73448
v 0.61658 0.22322 1.67795
v 0.61244 0.13926 1.70918
v 0.49076 0.13484 1.70566
v 0.64945 0.09181 1.50297
v 0.64839 0.02279 1.51725
v 0.47822 -0.02064 1.54657
v 0.65634 -0.01340 1.52938
v 0.65849 -0.08635 1.54397
v 0.48080 -0.12852 1.57321
v 0.67920 0.12003 1.61991
v 0.61996 0.02367 1.57429
v 0.39869 -0.56100 1.46917
v 0.39865 -0.36474 1.59509
v 0.66293 -0.19451 1.57395
v 0.65667 -0.12606 1.55416
v 0.62041 -0.10403 1.61780
v 0.49331 -0.22390 1.63199
v 0.68581 -0.09552 1.66976
v 0.66490 -0.30504 1.60453
v 0.49514 -0.31037 1.62279
v 0.67079 -0.23211 1.58546
v 0.41245 0.00137 1.66521
v 0.41436 0.10714 1.62014
v 0.65438 -0.03229 1.81227
v 0.49025 -0.24170 1.60011
v 0.62405 -0.21380 1.65639
v 0.49259 -0.30428 1.66871
v 0.41573 -0.20550 1.75062
v 0.65841 0.07386 1.77229
v 0.45880 0.03188 1.78175
v 0.41447 0.03824 1.64674
v 0.41375 -0.16606 1.70395
v 0.46557 0.06246 1.77002
v 0.68897 -0.16794 1.69365
v 0.45876 0.13103 1.74971
v 0.45916 -0.04181 1.79949
v 0.41334 -0.05776 1.68046
v 0.46835 -0.14326 1.84992
v 0.48630 -0.18438 1.80146
v 0.60976 -0.04874 1.77800
v 0.61051 0.05556 1.73107
v 0.65766 0.03999 1.79057
v 0.65487 0.14338 1.75281
v 0.61563 -0.29253 1.69972
v 0.41178 -0.10557 1.69293
v 0.41725 -0.27379 1.75546
v 0.66155 -0.13829 1.84512
v 0.49425 -0.27105 1.82869
v 0.66652 -0.23971 1.88223
v 0.61373 -0.26398 1.82380
v 0.61680 -0.15373 1.79788
v 0.40787 -0.37612 1.81640
v 0.38180 -0.25909 1.81472
v 0.66118 -0.06923 1.82704
v 0.66053 -0.17055 1.85927
v 0.45893 -0.18164 1.85992
v 0.46715 -0.25017 1.88189
v 0.41442 -0.34277 2.04796
v 0.39730 -0.26243 1.96818
v 0.45370 -0.34278 2.19825
v -0.08803 -0.60024 2.22676
v -0.02770 -0.59964 1.89177
v -0.12480 -0.50139 1.88825
v 0.14560 -0.42496 2.01420
v -0.33714 -0.74176 2.17725
v -0.34123 -0.93879 1.96253
v -0.31860 -0.89679 2.16724
v -0.18166 -0.84809 2.08348
v -0.20796 -0.91694 1.86410
v -0.12231 -0.85861 2.11667
v -0.30081 -0.53717 1.87127
v -0.28145 -0.63851 2.20549
v 0.01403 -0.74865 2.29771
v -0.00943 -0.65539 1.94408
v 0.25758 -0.68995 2.15059
v 0.20755 -0.54823 2.01949
v 0.25320 -0.55758 2.27741
v 0.14280 -0.60430 2.07212
v 0.11387 -0.52195 2.19829
v -0.33344 -0.57556 1.78112
v -0.03587 -0.90095 2.06259
v -0.04586 -0.90029 2.23854
v -0.08662 -0.83459 2.03369
v 0.21027 -0.74615 2.08413
v 0.33588 -0.97477 2.14282
v 0.41254 -0.92346 2.25404
v 0.33014 -0.91396 2.23965
v -0.20598 -0.92130 2.24587
v -0.21333 -0.99026 1.97567
v 0.03849 -0.82500 2.18289
v 0.15272 -0.59295 2.29105
v 0.06012 -1.15206 2.04701
v 0.01840 -1.27867 2.11232
v 0.06660 -1.05858 2.20811
v 0.32857 -0.73194 2.19688
v 0.32953 -0.81683 2.06249
v 0.03836 -0.57490 2.28338
v 0.13117 -1.48548 2.28184
v 0.49758 -1.46930 2.13449
v 0.49137 -1.22424 2.48339
v 0.31546 -0.67773 2.28987
v 0.33426 -0.64236 2.04334
v 0.07089 -1.06371 2.35537
v 0.05938 -0.84410 2.33274
v 0.23074 -0.82341 2.29947
v 0.46700 -1.01619 2.22298
v 0.03370 -1.43759 2.16599
v 0.09419 -1.23549 2.58713
v 0.03078 -1.09058 2.36131
v -0.29114 -0.81243 2.32320
v 0.03915 -1.19159 2.51383
v -0.03486 -0.78539 2.35821
v -0.24237 -0.75888 2.36630
v -0.06149 -0.70675 2.37134
v 0.03269 -0.84924 2.45439
v -0.22828 -0.81906 2.36032
v 0.21444 -1.23743 2.58271
v 0.04180 -0.84130 2.64370
v 0.10941 -0.82990 2.74101
v -0.22797 -0.55053 2.95146
v 0.39243 -0.53087 2.29723
v 0.40282 -0.66499 2.31837
v 0.41704 -0.71760 2.11770
v 0.41820 -0.70648 2.07239
v 0.41636 -0.53031 2.36029
v 0.30344 -0.54000 2.26941
v 0.39407 -0.54695 2.06638
v 0.32458 -0.55229 2.06495
v 0.41244 -0.72552 2.21246
v 0.55550 -0.79063 2.20265
v 0.55108 -0.76637 2.41775
v 0.53456 -0.70896 2.18635
v 0.56958 -0.64522 2.16669
v 0.49452 -0.66315 2.29191
v 0.51104 -0.52089 2.20096
v 0.47234 -0.82337 2.40100
v 0.98752 -0.62724 2.45395
v 0.94326 -0.31249 2.32281
v 0.88200 -0.56512 2.65011
v 0.46150 -0.54540 2.35500
v 0.66996 -0.26216 2.25767
v 0.63892 -0.33086 2.58579
v 0.82196 -0.25608 2.25274
v 0.48879 -0.50827 2.40098
v 0.51346 -0.68100 2.44752
v 0.97121 -0.46796 2.21888
v 0.47947 -1.06186 2.29987
v 0.94942 -0.74514 2.43051
v 1.02171 -0.62589 2.28042
v 0.52821 -0.34969 2.32733
v 0.58219 -0.61411 2.65547
v 0.81078 -0.32112 2.59821
v 0.51514 -0.80539 2.46543
v 0.51978 -1.10399 2.33770
v 0.44152 -0.43909 2.59130
v 0.76256 -0.91048 2.00786
v 0.61960 -0.73303 2.56487
v 0.87130 -0.71780 2.54843
v 0.49440 -0.82343 2.64518
v 0.73226 -0.59122 2.69821
v -0.19581 -0.92035 1.78650
v 0.01344 -1.28523 1.43576
v -0.09830 -0.94610 1.83947
v -0.03185 -1.13159 1.56019
v -0.03569 -0.92784 1.48530
v 0.00440 -0.84952 1.46813
v -0.21923 -0.77105 1.64221
v 0.00377 -0.86060 1.54979
v -0.06235 -0.85169 1.74872
v 0.01335 -1.09391 1.61654
v -0.14729 -0.69427 1.63331
v 0.16032 -0.85931 1.61361
v 0.15545 -0.62718 1.63104
v 0.01503 -0.91472 1.58759
v 0.01730 -1.05201 1.68060
v 0.03705 -0.63372 1.59676
v 0.06066 -1.00320 1.66596
v 0.10593 -0.75807 1.77483
v 0.18212 -0.97050 1.65037
v -0.23352 -0.76386 1.71002
v 0.17587 -0.87588 1.91616
v 0.00097 -0.75059 1.80176
v -0.10322 -0.52409 1.77725
v 0.03538 -1.15500 1.86305
v -0.29090 -0.87121 1.71216
v -0.27607 -0.78249 1.65522
v -0.12739 -0.64048 1.78596
v -0.35170 -0.81560 1.78717
v 0.01810 -0.80401 1.88319
v -0.23580 -1.03351 1.93608
v -0.06058 -1.00832 1.94233
v -0.09423 -0.92117 1.88334
v 0.03214 -0.83400 1.94930
v 0.41004 -0.75278 1.55806
v 0.41203 -0.58804 1.58853
v 0.12265 -0.51601 1.69059
v 0.19038 -0.68499 1.74780
v 0.21155 -0.74978 1.74548
v 0.32639 -0.76951 1.73674
v 0.39015 -0.77087 1.70979
v 0.39328 -0.84967 1.81684
v 0.31681 -0.62291 1.73589
v 0.37989 -0.61738 1.71220
v 0.33199 -0.73858 1.82976
v 0.08938 -0.66635 1.88445
v 0.17632 -0.59858 1.82722
v 0.26656 -0.84182 1.86230
v 0.32609 -0.72338 1.86405
v 0.32288 -0.65312 1.83072
v 0.31539 -0.56275 1.83950
v 0.33793 -0.80395 1.90893
v 0.40166 -0.78716 1.85204
v 0.09865 -0.76303 1.85957
v -0.00579 -0.68090 1.87977
v 0.18747 -0.57144 1.87531
v 0.37500 -0.71535 1.84527
v 0.30090 -0.38513 1.94003
v 0.16124 -0.82761 1.94711
v 0.10546 -0.63038 1.96645
v 0.11437 -0.57635 2.00155
v 0.32683 -0.65884 2.02035
v 0.32652 -0.72141 2.04098
v 0.03297 -0.81683 2.02907
v 0.23667 -0.80684 2.11826
v 0.31515 -0.56848 1.92514
v 0.33047 -0.73181 2.12024
v 0.41358 -1.24080 1.36580
v 0.30786 -1.23918 1.34164
v 0.45944 -1.13625 1.48992
v 0.46280 -1.25169 1.71607
v 0.32411 -1.50000 1.73489
v 0.42679 -1.45272 1.72391
v 0.02718 -1.49161 1.73438
v 0.41356 -0.82328 1.44969
v 0.43425 -1.06535 1.55864
v 0.43021 -1.19141 1.74702
v 0.40831 -1.01872 1.66403
v 0.41687 -1.11092 1.78849
v -0.01659 -1.30226 1.82417
v 0.21915 -1.11015 1.83326
v 0.03292 -1.22552 1.82726
v 0.10043 -1.13002 1.83682
v 0.53302 -1.27676 2.03630
v 0.46558 -1.22124 2.04694
v 0.23664 -0.98453 1.90647
v 0.25148 -1.12306 1.96286
v 0.16342 -1.12745 1.95423
v 0.42852 -1.11764 2.01885
v 0.25200 -1.04642 1.93315
v 0.42049 -0.87494 1.91015
v 0.25019 -1.04911 2.00236
v 0.43007 -0.81116 1.99695
v 0.41501 -0.98553 2.14263
v 0.23812 -0.98154 2.05963
v 0.18743 -1.12633 2.03574
v 0.74253 -0.47554 1.44412
v 0.60455 -0.42735 1.88887
v 0.56310 -0.68372 1.59990
v 0.54400 -0.60928 1.88528
v 0.56944 -0.60543 1.81755
v 0.56047 -0.81616 1.58907
v 0.44408 -0.53970 1.73490
v 0.61621 -0.43651 1.74784
v 0.56421 -0.85818 1.66115
v 0.56972 -0.52020 1.75845
v 0.59664 -0.57903 1.46734
v 0.54212 -0.69759 1.58220
v 0.55522 -0.80480 1.86025
v 0.89706 -0.46109 1.43647
v 1.01491 -0.70402 2.11099
v 1.09445 -0.81030 1.70344
v 0.50184 -0.60622 1.92543
v 0.55986 -0.52180 1.90822
v 0.56637 -0.85480 2.20934
v 0.55501 -0.89513 1.65815
v 0.40046 -0.63776 1.80338
v 0.45690 -0.92261 1.93130
v 0.42282 -0.93634 1.80095
v 0.44214 -0.49378 1.89662
v 0.39630 -0.59259 1.90477
v 0.40630 -0.46125 1.89500
v 0.38946 -0.54078 1.97311
v 0.37872 -0.36567 1.94402
v 1.06528 -0.65057 1.61941
v 0.40028 -0.64568 1.95131
v 1.03974 -0.95226 1.66503
v 0.38484 -0.60313 2.00345
v 1.04550 -0.54668 1.49788
v 0.33472 -0.54927 1.97299
v 0.42288 -0.42437 2.10766
v 0.38366 -0.65843 2.00282
v 0.48906 -0.91011 2.09949
v 0.49099 -0.64877 1.51959
v 0.77017 -0.85673 1.31292
v 0.71413 -0.64703 1.31453
v 0.98283 -0.65965 1.34050
v 0.98344 -0.85092 1.36096
v 0.61493 -0.86399 1.48131
v 0.72668 -0.94367 1.43879
v 0.49404 -0.68620 1.38529
v 1.07584 -0.83881 1.51866
v 0.96684 -0.96142 1.52616
v 0.78559 -0.98091 1.71732
v 1.09199 -0.77609 1.61651
v 0.01796 1.67489 -1.63975
v -0.01731 1.95587 -1.62083
v 0.04030 1.70343 -1.81948
v 0.17225 2.10147 -1.64571
v -0.22750 1.57135 -1.67106
v -0.28499 1.90550 -1.64611
v -0.50355 1.87249 -1.69853
v -0.49054 1.67064 -1.71211
v -0.49079 1.56187 -1.67356
v -0.25182 1.59724 -1.63882
v -0.30110 1.93978 -1.55396
v -0.36152 1.90899 -1.61709
v -0.19904 1.55202 -1.48863
v -0.38000 1.58309 -1.55447
v -0.68034 2.46807 -1.67992
v -0.53474 2.17655 -1.66614
v -1.10299 2.14033 -1.66069
v -0.52871 2.25015 -1.64735
v -0.49221 1.67443 -1.60943
v -0.50264 1.75315 -1.62478
v -0.74865 2.47590 -1.51571
v -1.14886 1.67640 -1.73653
v -0.50245 1.81258 -1.55800
v -1.13496 1.57124 -1.72186
v -1.15170 1.59083 -1.52220
v -0.44650 1.90144 -1.60650
v -0.44814 1.99870 -1.60843
v -0.36488 2.03123 -1.61624
v -0.59046 1.60567 -1.53402
v 0.12258 2.03287 -1.30297
v -1.15162 1.74319 -1.67911
v 0.04581 1.58647 -1.56943
v -0.59063 2.10858 -1.62276
v -0.01912 1.97157 -1.33731
v -0.50736 1.87086 -1.39351
v -0.45622 1.99195 -1.53318
v -0.25149 1.59180 -1.54866
v -0.15073 1.95731 -1.54127
v -0.55533 2.20109 -1.53557
v -0.37795 2.03357 -1.52902
v -1.12478 1.52747 -1.60948
v -0.33794 1.87572 -1.53560
v -0.48365 1.64065 -1.53047
v -1.17202 1.72379 -1.54688
v -0.37444 1.58197 -1.48608
v -1.12281 2.44220 -1.66476
v -0.56653 2.25182 -1.47924
v -0.39742 1.89403 -1.52493
v -1.11913 2.12363 -1.48096
v -0.45708 1.89842 -1.53071
v -0.31468 1.66740 -1.54450
v -1.05787 2.05206 -1.60568
v -0.38552 1.64642 -1.49923
v -0.39426 1.86581 -1.53541
v -0.31462 1.71095 -1.47641
v -0.15470 1.92122 -1.40728
v -0.01935 1.93300 -1.38990
v 0.56381 2.04700 -1.23863
v -0.31201 1.88786 -1.38933
v -0.64307 2.09099 -1.52601
v -0.27328 1.59621 -1.45554
v -1.11801 2.43875 -1.48109
v -0.60801 1.66026 -1.44888
v -0.61724 1.79765 -1.46617
v -0.49808 1.78858 -1.47078
v -0.49347 1.67958 -1.45936
v -0.28271 1.59411 -1.40399
v -0.50036 1.56842 -1.42209
v 0.02750 1.56955 -1.42007
v -0.99226 2.42241 -1.47012
v -1.00869 2.13070 -1.45668
v 0.02286 1.57834 -1.32358
v 0.15881 1.76611 -1.16090
v 0.55094 1.78286 -1.11216
v 0.39275 0.92064 -2.40128
v 0.63500 0.92665 -2.37083
v 0.33710 0.81313 -2.40188
v 0.67090 0.85107 -2.39071
v 0.74616 1.05819 -2.35023
v 0.27078 1.03038 -2.43508
v 0.15452 1.00552 -2.39441
v 0.52231 1.12664 -2.42004
v 0.66161 1.45017 -2.36798
v 0.63661 1.38213 -2.37495
v 0.35586 1.36256 -2.37024
v 0.74463 1.26833 -2.33713
v 0.28976 1.43445 -2.38897
v 0.16903 1.25516 -2.40592
v 0.27157 1.23394 -2.42171
v 0.19982 0.95544 -2.24465
v 0.14075 1.25778 -2.29090
v 0.18559 1.34741 -2.17289
v 0.60441 1.46843 -2.14773
v 0.35569 0.79084 -2.25780
v 0.61082 0.79088 -2.22588
v 0.34727 1.47807 -2.17145
v 0.13244 0.65206 -2.25224
v -0.05478 0.82783 -2.05818
v 0.04875 0.98560 -2.03758
v 0.28348 1.59138 -1.83874
v 0.62553 1.60604 -1.79399
v 0.02767 1.54297 -1.82891
v 0.68570 1.70579 -1.86698
v 0.26620 1.67832 -1.93371
v 0.25387 1.79685 -1.92091
v 0.06312 1.59646 -1.79786
v 0.03058 0.96846 -1.78350
v 0.05786 1.53409 -1.64124
v -0.06330 0.86311 -1.76566
v 0.00534 1.53960 -1.66170
v 0.63673 2.13168 -1.58174
v 0.13314 0.94554 -1.76794
v 0.12769 1.22910 -1.70206
v 0.12046 0.74883 -1.53263
v 0.02723 1.44580 -1.37391
v 0.13582 1.54561 -1.62915
v 0.27504 1.55709 -1.62739
v -0.06752 0.17062 -1.54196
v 0.23602 1.49897 -1.47126
v 0.23686 1.58553 -1.43455
v 0.29663 0.80153 -1.46756
v 0.30734 0.22045 -1.33411
v 0.18149 1.42514 -1.24190
v 0.75796 0.78557 -1.46751
v 0.27824 1.61279 -1.26543
v 0.29437 1.45366 -1.32014
v 0.54287 1.43090 -1.21623
v 0.55481 1.64031 -1.16558
v 0.08997 0.49555 -0.24860
v 0.07767 0.79727 -0.19757
v 0.82664 1.92348 -1.48987
v 0.82568 2.01304 -1.47680
v 0.80770 1.98320 -1.44437
v 1.03143 2.02380 -1.36826
v 1.04093 1.72370 -1.40969
v 1.32720 1.79417 -1.38062
v 1.31878 2.03955 -1.34224
v 1.01700 1.70062 -1.31216
v 0.86306 2.00157 -1.40303
v 1.04522 2.19783 -1.38197
v 1.11513 2.03907 -1.33636
v 1.10970 2.15524 -1.33916
v 1.13353 2.04613 -1.24797
v 1.26274 1.81944 -1.27420
v 1.30478 1.70867 -1.30939
v 1.21472 2.41057 -1.29865
v 1.01017 2.18785 -1.29076
v 0.73119 1.97463 -1.25499
v 1.16382 2.44480 -1.17498
v 1.34902 2.74638 -1.28638
v 1.23267 2.45614 -1.34826
v 1.23135 1.75174 -1.18737
v 1.26457 1.94457 -1.26395
v 1.25682 2.34497 -1.25988
v 1.02012 1.92616 -1.28942
v 1.03552 1.80245 -1.33555
v 1.03733 1.95261 -1.32380
v 1.15265 1.95771 -1.28252
v 1.30450 2.31539 -1.25191
v 1.15542 1.69700 -1.26572
v 1.15385 1.79452 -1.26910
v 1.02091 1.80896 -1.29813
v 1.00313 2.03318 -1.29851
v 0.79743 2.03637 -1.25056
v 1.25077 2.34101 -1.19463
v 1.19306 2.40705 -1.21838
v 1.71567 2.44602 -1.08869
v 1.81315 1.80986 -1.07862
v 0.99259 1.69342 -1.25607
v 1.00392 1.76296 -1.24785
v 1.08574 2.14251 -1.26521
v 1.71870 2.73042 -1.08247
v 0.98291 1.96705 -1.20585
v 1.11791 1.69755 -1.21033
v 1.09969 2.04415 -1.16001
v 1.51302 2.77335 -1.00724
v 1.80746 1.92845 -1.07797
v 0.95030 2.03636 -1.20028
v 1.27525 2.73733 -1.12609
v 1.19892 1.70231 -1.09100
v 1.64860 2.34324 -1.03454
v 1.09780 1.97360 -1.14753
v 1.23553 1.99310 -1.17030
v 1.57452 2.32363 -1.00199
v 0.92745 1.71793 -1.14797
v 0.95201 1.63348 -1.21720
v 1.75161 1.73503 -1.00601
v 0.98096 2.03928 -1.21314
v 1.65445 2.72213 -0.91111
v 0.92803 1.91739 -1.11830
v 1.71467 1.79011 -0.92147
v 0.69469 1.89527 -1.20683
v 1.18718 2.01685 -1.04232
v 0.94560 2.01063 -1.15098
v 1.19890 1.80890 -1.09900
v 0.70488 1.71406 -1.21064
v 0.94924 1.91762 -1.14826
v 1.67147 2.41284 -0.92440
v 1.52894 2.71751 -0.93680
v 1.72648 1.98399 -0.99234
v 1.70673 1.91361 -0.90941
v 1.55290 2.40502 -0.93404
v 1.20032 1.93265 -1.09267
v 0.85262 1.04976 -2.35591
v 0.84171 1.31023 -2.35079
v 0.85979 1.31631 -2.28495
v 0.81530 1.03055 -2.15125
v 0.79175 1.31262 -2.13002
v 0.83521 0.80334 -2.17214
v 1.10883 0.85537 -1.95821
v 1.00537 0.68677 -2.16116
v 0.78671 1.37044 -2.10544
v 0.93647 1.03012 -1.95946
v 0.87804 1.02400 -1.73020
v 0.89774 1.55864 -1.76560
v 1.02981 0.88246 -1.65357
v 1.07141 0.07887 -1.62138
v 0.62784 1.60748 -1.70484
v 0.69089 1.82980 -1.85022
v 0.84831 1.76058 -1.66329
v 0.87121 1.56549 -1.59407
v 0.79649 1.01192 -1.70798
v 0.82950 1.64104 -1.65227
v 0.72817 1.55437 -1.54949
v 0.65144 1.56573 -1.57837
v 0.58348 1.59622 -1.65207
v 0.73756 1.46215 -1.29729
v 0.81616 1.60554 -1.51760
v 0.81487 1.72034 -1.48124
v 0.63972 1.50164 -1.39958
v 0.99667 0.19565 -1.42550
v 0.77491 1.64182 -1.40818
v 0.63630 1.60891 -1.36044
v 1.01836 1.65014 -1.34288
v 0.59861 0.21077 -1.34384
v 0.71963 1.62100 -1.28217
v 0.55465 1.45361 -1.28477
v 0.54804 1.63086 -1.21969
v 0.66963 1.63297 -1.19166
v 1.04206 -0.41465 -1.47703
v 0.98824 -0.38776 -1.42401
v 0.12095 -0.28404 -1.70126
v 0.13003 0.01040 -1.77691
v 0.07447 -0.64251 -1.50808
v 0.01396 0.10737 -1.67128
v -0.09082 0.07227 -1.73108
v -0.05038 -0.35454 -1.49984
v -0.08663 -0.38329 -1.55394
v 0.00625 -0.27192 -1.72062
v -0.06031 -0.76273 -1.46669
v 0.99968 -0.78932 -1.42193
v 1.00214 -0.20382 -1.70850
v 0.91036 0.09651 -1.56565
v 0.88186 -0.37419 -1.40851
v 0.02034 -0.34774 -1.47565
v 0.86982 -0.86769 -1.41654
v 0.75528 -0.82684 -1.33460
v 0.82922 -0.11554 -1.65278
v 0.52314 0.25735 -1.84284
v 0.85882 0.19871 -1.43492
v 0.83424 -0.40133 -1.21490
v 0.02349 -0.36751 -1.27755
v 0.05833 0.19605 -1.40288
v 0.02492 0.20126 -1.38869
v 0.96704 -0.49663 -1.26294
v 0.07570 -0.83208 -1.38627
v 0.84113 0.22418 -1.29787
v 1.06052 -0.63623 -1.18646
v -0.06268 -0.43854 -1.36581
v -0.16886 -0.62889 -1.22747
v 1.01652 -0.83789 -1.15838
v 0.88194 -0.95384 -1.10281
v 0.84475 -0.37994 -0.61950
v 0.01796 -0.39069 -1.38349
v 0.35234 -0.39017 -1.20282
v -0.10151 -0.57300 -1.23539
v 0.02372 -0.89916 -1.10051
v -0.03514 -0.92198 -1.15278
v -0.13615 -0.79569 -1.25139
v 1.03225 -0.67296 -1.11540
v 0.96040 -0.61642 -1.11252
v 0.09511 -0.95910 -1.00994
v -0.14248 -0.35409 -0.71866
v 0.89512 -0.85108 -0.77168
v 0.93457 -0.57172 -0.49840
v -0.23858 -0.35092 -0.18925
v -0.10165 -0.34946 -0.17019
v 0.68832 -0.35610 -0.06553
v 0.42486 -0.24813 -0.15184
v 0.68872 -0.25940 -0.07572
v -0.09946 -0.25615 -0.18180
v 0.78605 0.28923 -2.78572
v 0.44385 0.34572 -2.75131
v 0.72201 0.52037 -2.08802
v 0.82460 0.38312 -2.04523
v 0.83575 0.11533 -2.15508
v 0.83483 0.12513 -2.77554
v 0.54057 0.04890 -2.20030
v 0.41493 0.11709 -2.45788
v 0.30789 0.00517 -2.21222
v 0.17099 0.40605 -2.11317
v 0.27860 0.49588 -2.16298
v 0.32283 0.13315 -2.15028
v 0.67416 0.12812 -2.13200
v 0.80707 0.15135 -1.93811
v 0.87182 -0.79854 -2.34764
v 0.73625 -0.04148 -2.26443
v 0.83105 0.54388 -2.14294
v 0.70702 -0.00277 -2.20959
v 0.28664 0.54316 -2.18692
v 0.40912 0.15378 -2.91254
v 0.20552 0.11488 -2.24079
v 0.19873 0.36213 -2.08467
v 0.26486 -0.00974 -2.29530
v 0.63301 -0.33100 -1.75842
v 0.42776 0.12132 -2.05824
v 0.85383 0.59128 -1.92608
v 0.16520 0.02775 -2.25364
v 0.82110 -0.81577 -2.31692
v 0.75860 0.11760 -1.92039
v 0.70238 -0.12702 -2.04015
v 0.69614 -0.08307 -2.02690
v 0.22437 0.45072 -2.04637
v 0.16369 -0.79570 -2.41321
v 0.18490 0.14355 -1.95217
v 0.24196 -0.11742 -2.07405
v 0.72607 0.44782 -2.00829
v 0.55201 0.20677 -2.05692
v 0.35847 0.21557 -2.08001
v 0.85641 -0.04772 -1.82731
v 0.84472 0.38770 -1.97799
v 0.77037 0.46360 -1.97030
v 0.18028 0.57748 -1.99518
v 0.25347 -0.35031 -2.17056
v 0.17327 -0.33667 -1.81948
v 0.42078 0.07248 -1.98373
v 0.51418 0.26561 -1.99292
v 0.59820 0.40036 -1.99687
v 0.16216 0.28092 -1.89577
v 0.36932 0.35547 -1.98235
v 0.36955 0.26871 -2.01290
v 0.83413 0.28993 -1.85668
v 0.36675 0.19667 -1.90308
v 0.21605 0.34075 -1.88928
v 0.74863 0.36471 -1.84668
v 0.49963 0.19678 -1.88401
v 0.37024 0.26005 -1.86190
v 0.64665 -0.45062 -1.94616
v 0.76345 0.27877 -1.81541
v 0.59495 -0.75609 -1.62511
v 0.63001 -0.75262 -1.86116
v 0.14750 -0.77761 -1.71376
v 0.37646 -0.36349 -3.02194
v 0.32111 -0.25035 -2.69638
v 0.35160 -0.08506 -2.82614
v 0.84435 0.13699 -2.88136
v 0.40959 0.11937 -2.91792
v 0.58747 -0.02691 -2.80056
v 0.85053 -0.33745 -2.97609
v 0.41251 -0.07955 -2.90398
v 0.77992 -0.07985 -2.75112
v 0.77870 -0.24448 -2.63818
v 0.76239 -0.00334 -2.44821
v 0.29183 0.05081 -2.45328
v 0.71773 -0.23643 -2.45960
v 0.73384 -0.25614 -2.63735
v 0.76345 -0.16822 -2.37344
v 0.33243 -0.33081 -2.60690
v 0.33060 -0.22958 -2.52142
v 0.36284 -0.26431 -2.68102
v 0.32244 -0.44961 -2.37258
v 0.31346 -0.34062 -2.41879
v 0.73666 -0.34224 -2.54139
v 0.26133 -0.18314 -2.44916
v 0.73597 -0.26204 -2.35125
v 0.66177 -0.41535 -2.39648
v 0.85178 -0.74318 -2.54397
v 0.22981 -0.73724 -2.59223
v 0.66588 -0.48215 -2.07313
v 0.71929 -0.56007 -2.22533
v 0.22456 -0.78236 -1.93616
v 0.23181 -0.44256 -2.01448
v 0.39512 -0.43543 -2.87337
v 0.46836 -0.33540 -3.11078
v 0.37039 -0.47360 -2.77255
v 0.41187 -0.76221 -2.92683
v 0.49511 -0.75813 -2.77415
v 0.52751 -0.56042 -2.73613
v 0.47563 -0.49253 -2.72753
v 0.61174 -0.57116 -2.73188
v 0.56620 -0.37847 -2.50181
v 0.56621 -0.49141 -2.67836
v 0.63582 -0.51554 -2.57185
v 0.62364 -0.59460 -2.50752
v 0.45305 -0.67483 -2.59805
v 0.35140 -0.79955 -2.60900
v 0.34775 -0.65661 -2.62972
v 0.33954 -0.56028 -2.53682
v 0.45045 -0.78318 -2.57896
v 0.61387 -0.38029 -2.54316
v 0.44192 -0.56674 -2.51701
v 0.33537 -0.73810 -2.57247
v 0.43683 -0.82437 -2.47174
v 0.33825 -0.87077 -2.53120
v 0.44353 -0.66670 -2.53813
v 0.33564 -0.62286 -2.51514
v 0.38460 -0.37041 -2.54307
v 0.32985 -0.81328 -2.50071
v 0.54965 -0.65007 -2.51662
v 0.38306 -0.42914 -2.42762
v 0.22555 -0.83900 -2.51455
v 0.43665 -0.86738 -2.48182
v 0.31436 -0.81513 -2.50113
v 0.18297 -0.75586 -2.55556
v 0.50249 -0.63401 -2.41529
v 0.33506 -0.76201 -2.46448
v 0.52400 -0.63673 -2.37849
v 0.33127 -0.69898 -2.49163
v 0.41920 -0.62320 -2.36037
v 0.51973 -0.82485 -2.40787
v 0.31377 -0.62750 -2.37804
v 0.54208 -0.43945 -2.40282
v 0.59494 -0.42242 -2.42204
v 0.29369 -0.54994 -2.25254
v 0.40163 -0.54702 -2.21892
v 0.48036 -0.72683 -2.29383
v 0.27746 -0.46949 -2.21752
v 0.45994 -0.52065 -2.13800
v 0.77837 -0.42301 -2.83471
v 0.80168 -0.76482 -2.78921
v 0.76143 -0.45087 -2.69327
v 0.69349 -0.62502 -2.65498
v 0.76733 -0.63060 -2.65924
v 0.75555 -0.79721 -2.65115
v 0.66270 -0.77920 -2.63555
v 0.65531 -0.64386 -2.64161
v 0.69910 -0.54717 -2.56619
v 0.75070 -0.54984 -2.57489
v 0.75062 -0.64104 -2.55820
v 0.49291 -0.88540 -2.47233
v 0.56833 -0.77101 -2.54130
v 0.55631 -0.92413 -2.69052
v 0.57362 -0.96593 -2.27315
v 0.64566 -0.78232 -2.53515
v 0.73974 -0.78424 -2.54041
v 0.75267 -0.81250 -2.47594
v 0.84075 -0.82830 -2.46332
v 0.89132 -0.75691 -2.49595
v 0.74645 -0.73143 -2.51042
v 0.75969 -0.74377 -2.55037
v 0.75674 -0.62231 -2.50074
v 0.62899 -0.81683 -2.47021
v 0.61983 -0.56129 -2.43909
v 0.68962 -0.62887 -2.37463
v 0.73044 -0.65989 -2.32780
v 0.61627 -0.61281 -2.41255
v 0.62429 -0.53754 -2.12604
v 0.69521 -0.81027 -2.37506
v 0.58999 -0.74803 -2.30417
v 0.49745 -0.71456 -3.20000
v 0.69731 -0.70875 -3.15072
v 0.48824 -1.12206 -3.10486
v 0.41767 -1.12372 -3.06810
v 0.84432 -1.17063 -2.93926
v 0.40411 -0.72628 -3.09128
v 0.43518 -1.45928 -2.78189
v 0.88289 -0.73783 -3.05677
v 0.39766 -1.02338 -2.83711
v 0.84964 -1.07985 -2.83915
v 0.86926 -0.74439 -2.91379
v 0.82324 -0.75979 -2.89769
v 0.79666 -1.02275 -2.78397
v 0.39167 -0.77828 -2.83044
v 0.35938 -1.21106 -2.61127
v 0.77328 -1.46562 -2.57561
v 0.75148 -1.20373 -2.50968
v 0.78546 -0.97822 -2.68777
v 0.37251 -1.01962 -2.71322
v 0.52455 -1.00526 -2.66116
v 0.61817 -0.96963 -2.66603
v 0.59106 -1.04814 -2.55038
v 0.65564 -0.97865 -2.24390
v 0.41283 -0.95265 -2.27653
v 0.29912 -0.80885 -2.36132
v 0.50404 -0.79872 -2.37768
v 0.30476 -0.95254 -2.30821
v 0.29675 -0.91492 -2.26453
v 0.42698 -0.80682 -2.36735
v 0.30521 -0.75239 -2.36182
v 0.56063 -0.90663 -2.20050
v 0.30788 -0.68832 -2.32891
v 0.67848 -0.72615 -2.28884
v 0.54542 -0.54018 -2.16266
v 0.41250 -0.67635 -2.31095
v 0.64161 -0.92000 -2.16313
v 0.29929 -0.74158 -2.27395
v 0.40214 -0.67267 -2.19433
v 0.57177 -0.73557 -2.23520
v 0.65320 -0.73430 -2.20479
v 0.40201 -0.74615 -2.25871
v 0.54698 -0.67772 -2.14332
v 0.29564 -0.66533 -2.21993
v 0.48996 -0.94231 -2.23694
v 0.67089 -0.98367 -2.07207
v 0.70420 -1.11764 -2.24366
v 0.68702 -1.05749 -1.93971
v 0.24842 -1.06356 -2.01561
v 0.26054 -1.00534 -2.10251
v 0.29941 -1.15328 -2.31197
v 0.24182 -0.78396 -2.02505
v 0.62667 -0.66481 -2.10258
v 0.47173 -0.95007 -2.11601
v 0.65213 -0.74816 -1.99117
v 0.45752 -0.78414 -2.05141
v 0.18624 -1.18815 -1.82558
v 0.26478 -1.23896 -2.30270
v 0.62126 -1.18324 -1.77352
v 0.32883 -1.48538 -2.63055
v 0.30012 -1.34221 -2.64907
v 0.79359 -1.25808 -2.54863
v 0.69867 -1.49865 -2.61374
v 0.34043 -1.15709 -2.54277
v 0.69954 -1.47900 -2.12884
v 0.49926 -1.05226 -2.58448
v 0.74533 -1.10498 -2.48692
v 0.54946 -1.09677 -2.47136
v 0.49693 -1.09818 -2.29984
v 0.74226 -1.26450 -2.19017
v 0.58356 -1.49866 -2.08959
v 0.31705 -1.48583 -2.13813
v 0.24903 -1.45618 -2.21686
vt 0.622602 0.285025
vt 0.516575 0.286355
vt 0.515775 0.277218
vt 0.623011 0.268707
vt 0.513352 0.265160
vt 0.368364 0.246429
vt 0.366890 0.242957
vt 0.376722 0.242653
vt 0.375063 0.235252
vt 0.386637 0.235374
vt 0.360241 0.239021
vt 0.344232 0.251796
vt 0.795282 0.588602
vt 0.795282 0.700898
vt 0.788556 0.583951
vt 0.357011 0.240691
vt 0.784579 0.000174
vt 0.794714 0.000174
vt 0.791618 0.003362
vt 0.127576 0.007774
vt 0.125642 0.011923
vt 0.110808 0.008202
vt 0.349546 0.769988
vt 0.314578 0.779148
vt 0.309322 0.772884
vt 0.710352 0.020972
vt 0.710352 0.004280
vt 0.727110 0.020259
vt 0.553414 0.007606
vt 0.569048 0.010362
vt 0.551154 0.011586
vt 0.370584 0.217885
vt 0.350396 0.225137
vt 0.446011 0.011994
vt 0.430053 0.007718
vt 0.446944 0.007091
vt 0.727527 0.004389
vt 0.423797 0.772663
vt 0.429319 0.012101
vt 0.292035 0.031427
vt 0.289155 0.026353
vt 0.292396 0.014254
vt 0.330294 0.761761
vt 0.287935 0.015982
vt 0.302757 0.260903
vt 0.287907 0.034231
vt 0.935120 0.774067
vt 0.935120 0.833638
vt 0.933061 0.766362
vt 0.509458 0.018122
vt 0.488522 0.018122
vt 0.490340 0.013696
vt 0.823571 0.582907
vt 0.757838 0.485860
vt 0.898332 0.717682
vt 0.888520 0.734677
vt 0.887679 0.666344
vt 0.361724 0.434573
vt 0.518579 0.434573
vt 0.438112 0.512902
vt 0.220416 0.664456
vt 0.220416 0.596498
vt 0.222513 0.596150
vt 0.766342 0.555126
vt 0.601903 0.900419
vt 0.533952 0.890959
vt 0.601903 0.889977
vt 0.532946 0.905477
vt 0.650693 0.215962
vt 0.720384 0.212321
vt 0.719835 0.215962
vt 0.042690 0.033234
vt 0.042623 0.029739
vt 0.043989 0.028111
vt 0.891050 0.665417
vt 0.047276 0.031274
vt 0.046252 0.013735
vt 0.087084 0.410657
vt 0.070223 0.415606
vt 0.070837 0.410657
vt 0.897156 0.638556
vt 0.891099 0.648782
vt 0.756867 0.572043
vt 0.747015 0.554628
vt 0.764583 0.554449
vt 0.766827 0.571930
vt 0.737186 0.212869
vt 0.086837 0.414767
vt 0.746126 0.570851
vt 0.887527 0.639568
vt 0.096443 0.412448
vt 0.760361 0.581811
vt 0.037559 0.765542
vt 0.032741 0.778780
vt 0.030902 0.753543
vt 0.745424 0.000713
vt 0.742761 0.003376
vt 0.737909 0.000664
vt 0.747069 0.580333
vt 0.803994 0.003376
vt 0.793481 0.003376
vt 0.796841 0.001674
vt 0.988396 0.741384
vt 0.988396 0.730838
vt 0.995947 0.741216
vt 0.012005 0.751291
vt 0.001631 0.751291
vt 0.005659 0.747194
vt 0.428557 0.765553
vt 0.038795 0.753757
vt 0.001130 0.328715
vt 0.000571 0.318960
vt 0.008932 0.318229
vt 0.767075 0.003313
vt 0.758682 0.003313
vt 0.762156 0.000727
vt 0.003721 0.650179
vt 0.016481 0.650179
vt 0.007036 0.654871
vt 0.761538 0.583646
vt 0.747635 0.580899
vt 0.009025 0.328741
vt 0.206085 0.498007
vt 0.211491 0.559808
vt 0.201135 0.562094
vt 0.624555 0.285172
vt 0.623434 0.280989
vt 0.635078 0.283855
vt 0.760855 0.588195
vt 0.750062 0.589728
vt 0.732122 0.281919
vt 0.000002 0.638928
vt 0.009190 0.635942
vt 0.010604 0.640320
vt 0.206450 0.985511
vt 0.206450 0.999843
vt 0.199106 0.991787
vt 0.823571 0.471383
vt 0.697916 0.180427
vt 0.697916 0.200886
vt 0.658253 0.184547
vt 0.678628 0.756334
vt 0.683339 0.741836
vt 0.757358 0.786241
vt 0.640623 0.749806
vt 0.098872 0.770003
vt 0.080338 0.779414
vt 0.067795 0.759341
vt 0.652633 0.195678
vt 0.092691 0.757924
vt 0.062865 0.757924
vt 0.064233 0.749652
vt 0.014976 0.545645
vt 0.014976 0.562436
vt 0.003206 0.552330
vt 0.033125 0.403893
vt 0.014855 0.403893
vt 0.021820 0.396612
vt 0.811006 0.061376
vt 0.810111 0.056301
vt 0.856051 0.056962
vt 0.800819 0.191779
vt 0.839986 0.184565
vt 0.846393 0.190971
vt 0.004246 0.152587
vt 0.017471 0.142978
vt 0.014172 0.155507
vt 0.550209 0.038286
vt 0.545416 0.038035
vt 0.551455 0.028756
vt 0.870830 0.007948
vt 0.877760 0.004717
vt 0.872249 0.012533
vt 0.887756 0.012960
vt 0.528343 0.031532
vt 0.542806 0.026360
vt 0.799122 0.047203
vt 0.845323 0.047203
vt 0.034007 0.818695
vt 0.048780 0.837870
vt 0.035755 0.829730
vt 0.626082 0.054965
vt 0.624874 0.048117
vt 0.671074 0.048438
vt 0.070125 0.783589
vt 0.009855 0.520801
vt 0.008824 0.526649
vt 0.000881 0.520889
vt 0.026803 0.835976
vt 0.671591 0.058448
vt 0.053500 0.834266
vt 0.172385 0.289166
vt 0.167711 0.243764
vt 0.171853 0.243034
vt 0.474025 0.962135
vt 0.482896 0.961652
vt 0.474954 0.965303
vt 0.466409 0.965061
vt 0.496145 0.953200
vt 0.492087 0.967300
vt 0.172658 0.229015
vt 0.167241 0.235393
vt 0.492685 0.974725
vt 0.888955 0.156676
vt 0.859526 0.185401
vt 0.853656 0.173172
vt 0.898962 0.170245
vt 0.847347 0.190294
vt 0.836391 0.174403
vt 0.815636 0.182912
vt 0.805340 0.172350
vt 0.819258 0.164281
vt 0.256457 0.460629
vt 0.246116 0.472953
vt 0.227964 0.420217
vt 0.800987 0.179269
vt 0.487783 0.329225
vt 0.367773 0.329225
vt 0.481782 0.323805
vt 0.731708 0.762700
vt 0.710292 0.649113
vt 0.825403 0.853950
vt 0.826027 0.846822
vt 0.887223 0.858551
vt 0.231654 0.449975
vt 0.873110 0.876577
vt 0.815331 0.884086
vt 0.815381 0.876577
vt 0.223203 0.071370
vt 0.240382 0.075021
vt 0.208122 0.077471
vt 0.222967 0.088731
vt 0.877006 0.869857
vt 0.002173 0.247358
vt 0.002173 0.234460
vt 0.014494 0.234844
vt 0.226372 0.489379
vt 0.466507 0.139102
vt 0.409250 0.150094
vt 0.464331 0.132404
vt 0.783405 0.185036
vt 0.235928 0.037732
vt 0.261426 0.031553
vt 0.253546 0.039274
vt 0.261547 0.040669
vt 0.716559 0.199804
vt 0.716542 0.180893
vt 0.257029 0.075764
vt 0.470260 0.929192
vt 0.479715 0.912815
vt 0.512063 0.929609
vt 0.411222 0.157495
vt 0.764258 0.657184
vt 0.764074 0.750729
vt 0.881111 0.850547
vt 0.396811 0.152395
vt 0.392982 0.143375
vt 0.449442 0.135718
vt 0.448586 0.127403
vt 0.761926 0.758471
vt 0.760902 0.773992
vt 0.886310 0.780338
vt 0.988407 0.719039
vt 0.988407 0.707729
vt 0.996039 0.718400
vt 0.996441 0.707823
vt 0.367771 0.322123
vt 0.489805 0.314241
vt 0.880437 0.885193
vt 0.000043 0.862791
vt 0.008543 0.862791
vt 0.004474 0.872562
vt 0.807643 0.005175
vt 0.824681 0.005175
vt 0.818695 0.013007
vt 0.887194 0.883514
vt 0.000586 0.433312
vt 0.009515 0.426825
vt 0.008687 0.440346
vt 0.768468 0.760855
vt 0.740674 0.319743
vt 0.740674 0.330257
vt 0.621953 0.324520
vt 0.826460 0.185050
vt 0.799847 0.055827
vt 0.000751 0.530714
vt 0.841400 0.180234
vt 0.502783 0.976598
vt 0.489114 0.322123
vt 0.432730 0.848875
vt 0.489878 0.841858
vt 0.432759 0.853927
vt 0.563577 0.044282
vt 0.548228 0.041576
vt 0.588135 0.043089
vt 0.222228 0.475396
vt 0.227075 0.456403
vt 0.227226 0.474514
vt 0.009098 0.317600
vt 0.009098 0.298057
vt 0.011609 0.302218
vt 0.224389 0.431963
vt 0.218874 0.409719
vt 0.179560 0.476140
vt 0.177319 0.411091
vt 0.158704 0.577154
vt 0.156638 0.571266
vt 0.158704 0.572078
vt 0.157049 0.544384
vt 0.426284 0.849535
vt 0.159524 0.529412
vt 0.068073 0.526450
vt 0.065802 0.552408
vt 0.065834 0.525523
vt 0.752827 0.003500
vt 0.745153 0.003500
vt 0.747355 0.000035
vt 0.065260 0.519309
vt 0.181533 0.406994
vt 0.181533 0.388883
vt 0.184357 0.409974
vt 0.420875 0.830895
vt 0.926204 0.241153
vt 0.932681 0.241153
vt 0.925881 0.245516
vt 0.186511 0.367930
vt 0.206798 0.399453
vt 0.188331 0.354993
vt 0.414668 0.819400
vt 0.900147 0.241376
vt 0.010862 0.201913
vt 0.001765 0.198583
vt 0.010862 0.198087
vt 0.202368 0.344066
vt 0.429149 0.861408
vt 0.422078 0.855663
vt 0.003664 0.201733
vt 0.019822 0.806090
vt 0.031097 0.806287
vt 0.038258 0.818152
vt 0.990090 0.814136
vt 0.990090 0.807076
vt 0.997284 0.813844
vt 0.399738 0.953352
vt 0.376308 0.953352
vt 0.399922 0.949678
vt 0.288170 0.173448
vt 0.280184 0.176043
vt 0.285527 0.163931
vt 0.239479 0.939133
vt 0.276682 0.940615
vt 0.241403 0.946313
vt 0.270335 0.151569
vt 0.275709 0.142657
vt 0.267784 0.127425
vt 0.264860 0.137649
vt 0.273668 0.947735
vt 0.362704 0.950707
vt 0.199836 0.407942
vt 0.200115 0.399100
vt 0.763308 0.057872
vt 0.784059 0.061491
vt 0.764978 0.064107
vt 0.274931 0.161356
vt 0.771896 0.046205
vt 0.757747 0.056994
vt 0.752637 0.046036
vt 0.281568 0.183686
vt 0.796931 0.047743
vt 0.773131 0.054413
vt 0.258999 0.020003
vt 0.255633 0.012772
vt 0.257460 0.008011
vt 0.809420 0.056600
vt 0.250091 0.013105
vt 0.798878 0.055406
vt 0.783925 0.055038
vt 0.788781 0.003515
vt 0.778896 0.003515
vt 0.781386 0.000525
vt 0.809119 0.062560
vt 0.251893 0.004745
vt 0.974903 0.157381
vt 0.978133 0.149463
vt 0.996309 0.151694
vt 0.274677 0.174581
vt 0.724309 0.000101
vt 0.726595 0.003248
vt 0.719869 0.003434
vt 0.736676 0.001205
vt 0.739727 0.003341
vt 0.733000 0.003198
vt 0.937995 0.169028
vt 0.944541 0.144599
vt 0.942565 0.174341
vt 0.015073 0.363665
vt 0.014379 0.358010
vt 0.024334 0.367120
vt 0.989173 0.380006
vt 0.996330 0.385205
vt 0.989024 0.391207
vt 0.008469 0.300671
vt 0.002081 0.311330
vt 0.002278 0.300129
vt 0.939915 0.122938
vt 0.987823 0.144942
vt 0.008525 0.311487
vt 0.531090 0.018016
vt 0.510324 0.018016
vt 0.528401 0.014813
vt 0.754251 0.002832
vt 0.751618 0.000198
vt 0.759998 0.000466
vt 0.012906 0.681246
vt 0.001235 0.681246
vt 0.008981 0.675825
vt 0.206278 0.408159
vt 0.992400 0.141095
vt 0.000088 0.992633
vt 0.008933 0.986041
vt 0.011023 0.995870
vt 0.029561 0.347022
vt 0.208366 0.344395
vt 0.003303 0.988886
vt 0.003362 0.985947
vt 0.370166 0.025491
vt 0.365188 0.025927
vt 0.368434 0.015739
vt 0.953924 0.148196
vt 0.951015 0.174536
vt 0.987601 0.138578
vt 0.212814 0.998348
vt 0.207250 0.998055
vt 0.207250 0.972238
vt 0.008487 0.273962
vt 0.008487 0.285634
vt 0.000604 0.279959
vt 0.008918 0.706575
vt 0.008918 0.716153
vt 0.004213 0.711862
vt 0.213457 0.971855
vt 0.693295 0.004058
vt 0.687772 0.005538
vt 0.676402 0.004672
vt 0.916146 0.010627
vt 0.915668 0.021432
vt 0.908602 0.024727
vt 0.908638 0.015013
vt 0.821585 0.003507
vt 0.809728 0.003507
vt 0.814269 0.001039
vt 0.369874 0.031231
vt 0.997270 0.684691
vt 0.989599 0.684691
vt 0.994870 0.678946
vt 0.992746 0.664138
vt 0.986499 0.659600
vt 0.995824 0.659679
vt 0.008465 0.286412
vt 0.005239 0.296573
vt 0.000120 0.294608
vt 0.006105 0.404640
vt 0.019652 0.404640
vt 0.009453 0.409501
vt 0.511081 0.010020
vt 0.503202 0.007152
vt 0.521546 0.007893
vt 0.007997 0.299951
vt 0.071147 0.998339
vt 0.045015 0.996353
vt 0.070899 0.995509
vt 0.070880 0.991055
vt 0.692510 0.005232
vt 0.704162 0.004213
vt 0.709511 0.005888
vt 0.931697 0.310363
vt 0.679848 0.387503
vt 0.686520 0.463773
vt 0.674056 0.387928
vt 0.702441 0.463932
vt 0.696947 0.384532
vt 0.702191 0.367791
vt 0.514314 0.785935
vt 0.632086 0.774444
vt 0.589152 0.690177
vt 0.427010 0.690177
vt 0.510298 0.609318
vt 0.486788 0.311531
vt 0.373846 0.311531
vt 0.492177 0.304496
vt 0.626083 0.731253
vt 0.368429 0.304125
vt 0.710885 0.491233
vt 0.400537 0.952951
vt 0.406802 0.948564
vt 0.437847 0.952394
vt 0.024078 0.629232
vt 0.020366 0.627089
vt 0.022513 0.606121
vt 0.679439 0.466663
vt 0.012761 0.776840
vt 0.030168 0.776840
vt 0.013411 0.797907
vt 0.677814 0.468445
vt 0.680070 0.484696
vt 0.665882 0.497360
vt 0.489874 0.011903
vt 0.471742 0.011903
vt 0.488657 0.007794
vt 0.701155 0.482018
vt 0.727208 0.387540
vt 0.731599 0.407776
vt 0.709819 0.390082
vt 0.028746 0.794821
vt 0.709999 0.464788
vt 0.280268 0.815186
vt 0.226977 0.856822
vt 0.222257 0.850327
vt 0.275276 0.808834
vt 0.110981 0.012034
vt 0.094574 0.012034
vt 0.109438 0.007158
vt 0.990049 0.197190
vt 0.997158 0.197812
vt 0.990348 0.205764
vt 0.220412 0.684519
vt 0.228578 0.684495
vt 0.228578 0.751869
vt 0.997830 0.205840
vt 0.636440 0.016834
vt 0.643204 0.005119
vt 0.643863 0.019629
vt 0.462953 0.017263
vt 0.458876 0.013842
vt 0.476546 0.017460
vt 0.455272 0.017472
vt 0.220457 0.751844
vt 0.636847 0.008264
vt 0.574732 0.007130
vt 0.564534 0.008022
vt 0.557086 0.007309
vt 0.725198 0.376506
vt 0.796155 0.832667
vt 0.789607 0.757815
vt 0.796252 0.750667
vt 0.922756 0.758482
vt 0.932114 0.832632
vt 0.926683 0.840388
vt 0.027093 0.302968
vt 0.928764 0.765342
vt 0.937253 0.757592
vt 0.019174 0.321073
vt 0.012643 0.319281
vt 0.700698 0.493697
vt 0.689835 0.495910
vt 0.687738 0.484206
vt 0.988170 0.137369
vt 0.987416 0.129347
vt 0.995413 0.130758
vt 0.737161 0.741525
vt 0.729505 0.620387
vt 0.737161 0.625443
vt 0.995325 0.139844
vt 0.714274 0.472934
vt 0.739406 0.409871
vt 0.937850 0.765509
vt 0.729704 0.746280
vt 0.638683 0.773380
vt 0.641242 0.784575
vt 0.635210 0.786268
vt 0.560546 0.848328
vt 0.516619 0.846337
vt 0.529120 0.842787
vt 0.492676 0.844733
vt 0.496193 0.841802
vt 0.031297 0.310016
vt 0.571986 0.849326
vt 0.559468 0.842197
vt 0.389102 0.785780
vt 0.499273 0.772806
vt 0.514979 0.783803
vt 0.388556 0.775786
vt 0.514735 0.773325
vt 0.572475 0.841078
vt 0.601374 0.376627
vt 0.481540 0.370218
vt 0.493078 0.304783
vt 0.593240 0.310654
vt 0.197282 0.542173
vt 0.194637 0.511935
vt 0.196383 0.479039
vt 0.603138 0.362379
vt 0.723124 0.360222
vt 0.613156 0.367050
vt 0.605218 0.313605
vt 0.754322 0.403914
vt 0.012373 0.365580
vt 0.002490 0.360434
vt 0.013503 0.359168
vt 0.715329 0.000091
vt 0.720530 0.000091
vt 0.718446 0.003444
vt 0.001143 0.365458
vt 0.481704 0.297110
vt 0.595795 0.300339
vt 0.003936 0.968790
vt 0.007967 0.979866
vt 0.003144 0.984240
vt 0.715903 0.496726
vt 0.401128 0.275427
vt 0.509478 0.275427
vt 0.399108 0.284674
vt 0.605834 0.300564
vt 0.723001 0.364168
vt 0.880487 0.004656
vt 0.897291 0.004656
vt 0.889270 0.012516
vt 0.744132 0.433026
vt 0.756878 0.443977
vt 0.756878 0.552327
vt 0.745448 0.542901
vt 0.591697 0.716762
vt 0.021406 0.300139
vt 0.013630 0.309574
vt 0.747571 0.404251
vt 0.027883 0.319783
vt 0.813183 0.866217
vt 0.820170 0.863643
vt 0.823575 0.872998
vt 0.813434 0.873996
vt 0.875421 0.859562
vt 0.888118 0.866733
vt 0.876173 0.868930
vt 0.888765 0.859110
vt 0.640921 0.892668
vt 0.643221 0.904594
vt 0.638040 0.905047
vt 0.845421 0.001017
vt 0.852811 0.002997
vt 0.840624 0.003024
vt 0.014636 0.505498
vt 0.014636 0.520530
vt 0.004051 0.504218
vt 0.810730 0.860631
vt 0.810765 0.834590
vt 0.002547 0.366876
vt 0.013110 0.366876
vt 0.011864 0.371002
vt 0.811089 0.001121
vt 0.807974 0.002919
vt 0.800527 0.001284
vt 0.898239 0.583736
vt 0.891155 0.586315
vt 0.637557 0.888703
vt 0.898860 0.477991
vt 0.898860 0.577565
vt 0.893059 0.481929
vt 0.891467 0.484392
vt 0.636577 0.857914
vt 0.639125 0.839943
vt 0.418586 0.996679
vt 0.411430 0.999309
vt 0.412490 0.996145
vt 0.803112 0.247168
vt 0.797626 0.257273
vt 0.799670 0.249762
vt 0.636605 0.837377
vt 0.301936 0.844343
vt 0.273822 0.831753
vt 0.279680 0.819191
vt 0.391010 0.997132
vt 0.821673 0.263267
vt 0.795990 0.263150
vt 0.509912 0.248145
vt 0.418824 0.256115
vt 0.509917 0.242025
vt 0.004508 0.518637
vt 0.375367 0.041862
vt 0.390300 0.028961
vt 0.391718 0.041862
vt 0.802230 0.276825
vt 0.032706 0.245944
vt 0.040161 0.225459
vt 0.038744 0.249794
vt 0.170046 0.990023
vt 0.169047 0.997856
vt 0.144671 0.997856
vt 0.173910 0.965798
vt 0.177269 0.978334
vt 0.173741 0.979657
vt 0.367878 0.040991
vt 0.373589 0.028340
vt 0.018393 0.724580
vt 0.023280 0.718756
vt 0.036153 0.724678
vt 0.508892 0.010531
vt 0.495197 0.011551
vt 0.492341 0.008146
vt 0.490603 0.011489
vt 0.143085 0.990064
vt 0.009493 0.859012
vt 0.001597 0.859088
vt 0.004485 0.850200
vt 0.030041 0.228385
vt 0.065291 0.474597
vt 0.039603 0.466410
vt 0.055623 0.465582
vt 0.066457 0.465325
vt 0.014060 0.848993
vt 0.028681 0.440637
vt 0.028368 0.446829
vt 0.020291 0.445405
vt 0.830584 0.252859
vt 0.031162 0.442617
vt 0.057451 0.461708
vt 0.456983 0.953251
vt 0.456639 0.981092
vt 0.452613 0.978035
vt 0.047393 0.461262
vt 0.023446 0.432463
vt 0.042841 0.432572
vt 0.031162 0.815011
vt 0.011767 0.815011
vt 0.019261 0.808221
vt 0.065215 0.320474
vt 0.062892 0.306898
vt 0.087860 0.304274
vt 0.001120 0.262889
vt 0.008241 0.273127
vt 0.000239 0.272963
vt 0.075766 0.999131
vt 0.072845 0.995999
vt 0.083181 0.999324
vt 0.300972 0.762222
vt 0.008347 0.261217
vt 0.090854 0.991139
vt 0.676425 0.965953
vt 0.708985 0.960212
vt 0.710948 0.967566
vt 0.132966 0.995410
vt 0.141034 0.973245
vt 0.141316 0.999493
vt 0.348292 0.005778
vt 0.357928 0.012779
vt 0.344597 0.022505
vt 0.010046 0.412262
vt 0.020115 0.426121
vt 0.005138 0.422521
vt 0.574585 0.041300
vt 0.550667 0.040717
vt 0.562131 0.028847
vt 0.570556 0.028397
vt 0.643125 0.030223
vt 0.628435 0.026716
vt 0.635405 0.017868
vt 0.642046 0.024388
vt 0.643166 0.020772
vt 0.097862 0.988049
vt 0.453072 0.954114
vt 0.091169 0.996609
vt 0.315191 0.011015
vt 0.320667 0.010824
vt 0.315538 0.024529
vt 0.647827 0.032637
vt 0.132926 0.975135
vt 0.912337 0.032610
vt 0.915378 0.024254
vt 0.915946 0.038877
vt 0.096558 0.995586
vt 0.082021 0.543572
vt 0.078859 0.543267
vt 0.083619 0.535759
vt 0.055069 0.310701
vt 0.113565 0.535074
vt 0.107258 0.541795
vt 0.097995 0.540165
vt 0.103242 0.535619
vt 0.395826 0.030902
vt 0.392053 0.029832
vt 0.392053 0.024248
vt 0.871127 0.262299
vt 0.829636 0.264192
vt 0.392163 0.038378
vt 0.091550 0.540877
vt 0.133705 0.972224
vt 0.098196 0.551795
vt 0.893909 0.255663
vt 0.095159 0.302029
vt 0.081331 0.303044
vt 0.086014 0.292883
vt 0.371064 0.947298
vt 0.333481 0.947298
vt 0.340468 0.938560
vt 0.097622 0.310371
vt 0.100992 0.290046
vt 0.100315 0.324600
vt 0.128071 0.573027
vt 0.120919 0.572451
vt 0.120919 0.530775
vt 0.215630 0.596699
vt 0.200110 0.568157
vt 0.862274 0.345761
vt 0.212502 0.560756
vt 0.127182 0.529498
vt 0.109792 0.397302
vt 0.102086 0.384613
vt 0.115476 0.384536
vt 0.002051 0.021041
vt 0.016636 0.006514
vt 0.015589 0.021041
vt 0.348687 0.088056
vt 0.354219 0.134988
vt 0.348687 0.135177
vt 0.040060 0.467919
vt 0.064991 0.476020
vt 0.045064 0.475243
vt 0.139833 0.374847
vt 0.201841 0.623588
vt 0.144230 0.086553
vt 0.149793 0.087040
vt 0.149793 0.130578
vt 0.127249 0.373405
vt 0.354344 0.093313
vt 0.418831 0.246437
vt 0.850616 0.110701
vt 0.876585 0.119892
vt 0.872084 0.133744
vt 0.819375 0.116502
vt 0.981899 0.709252
vt 0.987384 0.708285
vt 0.987798 0.752349
vt 0.144146 0.130619
vt 0.982971 0.756361
vt 0.891476 0.574132
vt 0.511479 0.269591
vt 0.219587 0.574254
vt 0.002314 0.004717
vt 0.810215 0.338837
vt 0.789747 0.304855
vt 0.823712 0.318054
vt 0.778933 0.621492
vt 0.777055 0.584516
vt 0.787375 0.589987
vt 0.303567 0.608185
vt 0.327724 0.640489
vt 0.307523 0.630619
vt 0.572182 0.986024
vt 0.571399 0.977077
vt 0.591227 0.989269
vt 0.690580 0.512936
vt 0.710879 0.492637
vt 0.686940 0.542286
vt 0.699902 0.548728
vt 0.776012 0.321470
vt 0.918809 0.568606
vt 0.952403 0.522367
vt 0.948939 0.580905
vt 0.288744 0.169529
vt 0.276319 0.131843
vt 0.590901 0.959721
vt 0.785143 0.622150
vt 0.318514 0.651818
vt 0.789339 0.619472
vt 0.684070 0.538218
vt 0.757343 0.262747
vt 0.790191 0.262747
vt 0.757843 0.269979
vt 0.744928 0.264992
vt 0.745014 0.274109
vt 0.774462 0.635391
vt 0.776597 0.307807
vt 0.783418 0.634990
vt 0.407368 0.834429
vt 0.308026 0.781347
vt 0.407368 0.787573
vt 0.686537 0.555235
vt 0.910344 0.368594
vt 0.899704 0.371149
vt 0.895633 0.361557
vt 0.907895 0.356218
vt 0.696502 0.557038
vt 0.889172 0.581997
vt 0.882453 0.583182
vt 0.890779 0.482474
vt 0.882771 0.519989
vt 0.715177 0.289951
vt 0.534396 0.254385
vt 0.474678 0.192585
vt 0.540729 0.221805
vt 0.716177 0.301139
vt 0.784619 0.697157
vt 0.784619 0.799308
vt 0.777502 0.777668
vt 0.681526 0.266321
vt 0.111567 0.568133
vt 0.077322 0.568158
vt 0.093947 0.553349
vt 0.107369 0.552549
vt 0.524196 0.252253
vt 0.826928 0.919783
vt 0.855518 0.918285
vt 0.823022 0.929091
vt 0.786139 0.700332
vt 0.948955 0.586219
vt 0.286636 0.116614
vt 0.272872 0.128336
vt 0.814179 0.923588
vt 0.822641 0.917374
vt 0.274895 0.112794
vt 0.313040 0.717573
vt 0.509821 0.049611
vt 0.508017 0.067483
vt 0.500231 0.053881
vt 0.790690 0.697481
vt 0.908849 0.401511
vt 0.712050 0.262792
vt 0.148869 0.831845
vt 0.152100 0.849202
vt 0.142048 0.846473
vt 0.168561 0.416042
vt 0.168222 0.453679
vt 0.161342 0.417315
vt 0.175946 0.410244
vt 0.701447 0.616356
vt 0.161724 0.836268
vt 0.968832 0.774753
vt 0.981168 0.775274
vt 0.981168 0.789173
vt 0.305258 0.837340
vt 0.521520 0.070772
vt 0.162863 0.453616
vt 0.162497 0.877246
vt 0.085713 0.861599
vt 0.081555 0.850176
vt 0.086121 0.825270
vt 0.533156 0.068322
vt 0.900406 0.170066
vt 0.938178 0.129100
vt 0.936912 0.170066
vt 0.472403 0.210748
vt 0.496895 0.194247
vt 0.878488 0.127409
vt 0.888565 0.127730
vt 0.650593 0.213399
vt 0.725381 0.204656
vt 0.731730 0.211005
vt 0.908048 0.429248
vt 0.320053 0.202674
vt 0.253684 0.249406
vt 0.257923 0.214750
vt 0.178052 0.461978
vt 0.302579 0.712422
vt 0.709587 0.622009
vt 0.541184 0.072611
vt 0.978607 0.808755
vt 0.062595 0.898069
vt 0.062595 0.926678
vt 0.047506 0.909406
vt 0.659371 0.198723
vt 0.684321 0.261749
vt 0.161674 0.631216
vt 0.182145 0.586002
vt 0.173989 0.627916
vt 0.299916 0.198574
vt 0.900133 0.437519
vt 0.263161 0.991640
vt 0.276173 0.996744
vt 0.263161 0.996162
vt 0.276738 0.992189
vt 0.169307 0.636175
vt 0.306908 0.012656
vt 0.311001 0.013304
vt 0.300615 0.021162
vt 0.330836 0.008262
vt 0.345427 0.005753
vt 0.342842 0.014646
vt 0.182265 0.637735
vt 0.331988 0.004041
vt 0.991383 0.729875
vt 0.988443 0.719710
vt 0.995395 0.721271
vt 0.019953 0.621157
vt 0.017092 0.617741
vt 0.020981 0.607608
vt 0.010332 0.622190
vt 0.988661 0.730290
vt 0.043213 0.025021
vt 0.038535 0.025021
vt 0.043716 0.011635
vt 0.009487 0.826290
vt 0.005731 0.837852
vt 0.000108 0.834856
vt 0.177750 0.979392
vt 0.173548 0.992325
vt 0.173260 0.981475
vt 0.307286 0.004595
vt 0.007237 0.840492
vt 0.017511 0.840492
vt 0.007469 0.844862
vt 0.036587 0.011343
vt 0.009827 0.770215
vt 0.009950 0.774735
vt 0.000482 0.774735
vt 0.016805 0.750574
vt 0.020079 0.754476
vt 0.006689 0.754106
vt 0.010297 0.202740
vt 0.010402 0.215442
vt 0.894741 0.003352
vt 0.884391 0.000579
vt 0.897932 0.000183
vt 0.763750 0.000009
vt 0.770829 0.000380
vt 0.771604 0.003022
vt 0.000151 0.770364
vt 0.014502 0.629907
vt 0.008087 0.635289
vt 0.001660 0.629862
vt 0.008559 0.316788
vt 0.000280 0.312531
vt 0.008559 0.312179
vt 0.302356 0.007221
vt 0.989954 0.186516
vt 0.989954 0.177819
vt 0.994894 0.186827
vt 0.026602 0.499791
vt 0.010772 0.499791
vt 0.012297 0.494654
vt 0.975437 0.820810
vt 0.000680 0.817828
vt 0.012523 0.825101
vt 0.000059 0.824925
vt 0.000026 0.317114
vt 0.996423 0.373826
vt 0.988930 0.379270
vt 0.989548 0.368205
vt 0.016356 0.073862
vt 0.020588 0.077413
vt 0.008704 0.077653
vt 0.012492 0.822118
vt 0.017697 0.072530
vt 0.010187 0.069028
vt 0.021632 0.068884
vt 0.969661 0.823732
vt 0.981844 0.659094
vt 0.989873 0.663729
vt 0.982241 0.708078
vt 0.937700 0.438036
vt 0.913698 0.440247
vt 0.012567 0.817848
vt 0.726277 0.001025
vt 0.732814 0.001025
vt 0.731180 0.003521
vt 0.986637 0.018633
vt 0.982913 0.014195
vt 0.994359 0.014247
vt 0.842677 0.000804
vt 0.836595 0.003018
vt 0.830555 0.000517
vt 0.288572 0.121562
vt 0.000709 0.205856
vt 0.167997 0.256472
vt 0.157071 0.300807
vt 0.159976 0.255770
vt 0.009605 0.327031
vt 0.009605 0.319434
vt 0.022718 0.323921
vt 0.280927 0.976700
vt 0.272781 0.965488
vt 0.303987 0.954108
vt 0.748306 0.900412
vt 0.749719 0.890496
vt 0.760479 0.895514
vt 0.605880 0.961981
vt 0.603806 0.966480
vt 0.596203 0.975541
vt 0.745634 0.893301
vt 0.063259 0.930788
vt 0.063259 0.898505
vt 0.072600 0.903059
vt 0.780084 0.189164
vt 0.734981 0.190739
vt 0.786247 0.175901
vt 0.596140 0.943651
vt 0.054604 0.576046
vt 0.054604 0.544156
vt 0.060042 0.548286
vt 0.973896 0.019753
vt 0.994648 0.019284
vt 0.977957 0.030910
vt 0.361652 0.938996
vt 0.399459 0.938996
vt 0.372287 0.946862
vt 0.170037 0.289108
vt 0.815982 0.895525
vt 0.565261 0.981183
vt 0.558586 0.960639
vt 0.590909 0.955685
vt 0.748439 0.176008
vt 0.995801 0.037282
vt 0.298494 0.047635
vt 0.331600 0.048791
vt 0.288097 0.063476
vt 0.165578 0.935135
vt 0.189732 0.935135
vt 0.153703 0.951069
vt 0.153738 0.934506
vt 0.341797 0.989889
vt 0.335958 0.977916
vt 0.354890 0.979744
vt 0.727991 0.141982
vt 0.723524 0.164963
vt 0.707027 0.129987
vt 0.743185 0.156015
vt 0.685603 0.136418
vt 0.174686 0.299750
vt 0.720319 0.177323
vt 0.739631 0.160271
vt 0.186363 0.301805
vt 0.289791 0.581485
vt 0.280208 0.590737
vt 0.245409 0.587693
vt 0.221320 0.584182
vt 0.188611 0.952363
vt 0.357476 0.964152
vt 0.820725 0.029398
vt 0.834048 0.037900
vt 0.825589 0.046360
vt 0.845437 0.045343
vt 0.241261 0.511233
vt 0.237910 0.579676
vt 0.226778 0.578702
vt 0.930826 0.910124
vt 0.938056 0.896782
vt 0.956294 0.912086
vt 0.966861 0.908851
vt 0.844961 0.036153
vt 0.988994 0.307622
vt 0.996359 0.312973
vt 0.991102 0.317126
vt 0.226475 0.514646
vt 0.224396 0.540821
vt 0.605239 0.325488
vt 0.610153 0.335635
vt 0.610759 0.349929
vt 0.677766 0.357303
vt 0.688818 0.328958
vt 0.728599 0.347144
vt 0.974225 0.895490
vt 0.000103 0.437981
vt 0.008483 0.441538
vt 0.000224 0.447934
vt 0.002545 0.561816
vt 0.006778 0.558316
vt 0.015637 0.564752
vt 0.005800 0.448887
vt 0.005684 0.564916
vt 0.989227 0.221897
vt 0.990161 0.255744
vt 0.981093 0.256538
vt 0.095903 0.508968
vt 0.088416 0.506094
vt 0.099788 0.506608
vt 0.091811 0.510618
vt 0.000043 0.694457
vt 0.009364 0.699589
vt 0.000447 0.705833
vt 0.659290 0.346309
vt 0.335468 0.164765
vt 0.365635 0.172286
vt 0.340020 0.193306
vt 0.555111 0.185235
vt 0.563404 0.181248
vt 0.576997 0.188174
vt 0.116635 0.528249
vt 0.648518 0.349463
vt 0.009553 0.706048
vt 0.331463 0.166201
vt 0.919161 0.988479
vt 0.919449 0.993964
vt 0.893178 0.998895
vt 0.639938 0.360875
vt 0.797509 0.987996
vt 0.824930 0.988537
vt 0.825723 0.997611
vt 0.525554 0.997793
vt 0.499230 0.993152
vt 0.527537 0.992611
vt 0.126836 0.667903
vt 0.158353 0.680280
vt 0.129123 0.675384
vt 0.126880 0.012010
vt 0.128756 0.008192
vt 0.139764 0.008192
vt 0.130869 0.685881
vt 0.799359 0.998872
vt 0.143827 0.011971
vt 0.567010 0.195257
vt 0.981051 0.223402
vt 0.142032 0.008315
vt 0.158978 0.008315
vt 0.146354 0.011887
vt 0.609561 0.165349
vt 0.615091 0.167906
vt 0.033963 0.427034
vt 0.035345 0.400675
vt 0.048516 0.430638
vt 0.582739 0.195065
vt 0.728611 0.020125
vt 0.728368 0.007007
vt 0.738299 0.006138
vt 0.152207 0.694167
vt 0.128236 0.697023
vt 0.129580 0.690702
vt 0.737943 0.019528
vt 0.633866 0.977675
vt 0.632091 0.968390
vt 0.641908 0.970121
vt 0.338760 0.152335
vt 0.333022 0.159719
vt 0.055431 0.412951
vt 0.364808 0.150851
vt 0.039753 0.858732
vt 0.026409 0.859899
vt 0.038614 0.835050
vt 0.028523 0.838103
vt 0.618902 0.978579
vt 0.161043 0.700517
vt 0.379648 0.163018
vt 0.150776 0.703815
vt 0.361000 0.144120
vt 0.021541 0.068054
vt 0.010782 0.067324
vt 0.010782 0.049515
vt 0.170815 0.142891
vt 0.160146 0.112875
vt 0.179309 0.111871
vt 0.197983 0.132280
vt 0.194161 0.111655
vt 0.020113 0.049117
vt 0.610113 0.975421
vt 0.986767 0.207604
vt 0.224198 0.125570
vt 0.378264 0.143057
vt 0.711673 0.042307
vt 0.715266 0.027895
vt 0.730752 0.029314
vt 0.610193 0.968585
vt 0.814875 0.943073
vt 0.852802 0.943073
vt 0.819581 0.952382
vt 0.074013 0.856974
vt 0.065109 0.849093
vt 0.063866 0.844456
vt 0.073205 0.839518
vt 0.055785 0.856067
vt 0.170191 0.583544
vt 0.179258 0.577878
vt 0.154580 0.611933
vt 0.898947 0.886351
vt 0.897933 0.897950
vt 0.890365 0.885587
vt 0.323207 0.171870
vt 0.311044 0.196223
vt 0.306451 0.188626
vt 0.277850 0.199260
vt 0.796517 0.012990
vt 0.796517 0.007212
vt 0.813584 0.010970
vt 0.217215 0.391401
vt 0.213090 0.393858
vt 0.208782 0.386397
vt 0.277955 0.377903
vt 0.258237 0.420199
vt 0.261722 0.382253
vt 0.164417 0.622121
vt 0.217908 0.380218
vt 0.984593 0.521721
vt 0.989297 0.559902
vt 0.864821 0.901787
vt 0.062110 0.729772
vt 0.041930 0.723216
vt 0.055748 0.698006
vt 0.073265 0.826359
vt 0.252784 0.030143
vt 0.232395 0.029829
vt 0.235294 0.019006
vt 0.242810 0.337173
vt 0.160025 0.621626
vt 0.209690 0.327354
vt 0.832803 0.901617
vt 0.112417 0.160369
vt 0.125108 0.144387
vt 0.125225 0.160369
vt 0.252959 0.013796
vt 0.017517 0.884683
vt 0.016391 0.876151
vt 0.025697 0.863802
vt 0.032094 0.884034
vt 0.782368 0.104206
vt 0.795759 0.111937
vt 0.782019 0.152360
vt 0.831356 0.887772
vt 0.386580 0.954246
vt 0.417270 0.955635
vt 0.401827 0.961355
vt 0.342857 0.199848
vt 0.026673 0.848518
vt 0.009186 0.863231
vt 0.015562 0.848906
vt 0.107576 0.147982
vt 0.386835 0.969924
vt 0.021768 0.865624
vt 0.401425 0.969952
vt 0.463366 0.914732
vt 0.470995 0.925626
vt 0.453230 0.926682
vt 0.605597 0.073806
vt 0.578298 0.085212
vt 0.564190 0.073374
vt 0.145959 0.137699
vt 0.248794 0.352635
vt 0.419481 0.971007
vt 0.271801 0.359812
vt 0.251561 0.369447
vt 0.714338 0.021931
vt 0.734147 0.028584
vt 0.714723 0.026334
vt 0.434083 0.922712
vt 0.857348 0.084695
vt 0.845592 0.076898
vt 0.853858 0.073954
vt 0.613608 0.081306
vt 0.845465 0.077092
vt 0.853401 0.083261
vt 0.114869 0.137610
vt 0.979223 0.408074
vt 0.944855 0.407844
vt 0.974332 0.401584
vt 0.861337 0.000223
vt 0.874016 0.000223
vt 0.866311 0.002808
vt 0.264513 0.336367
vt 0.733420 0.020910
vt 0.003822 0.421635
vt 0.000719 0.412087
vt 0.009382 0.410688
vt 0.012088 0.618431
vt 0.008042 0.622478
vt 0.002053 0.618728
vt 0.429005 0.915455
vt 0.995215 0.847294
vt 0.986603 0.847294
vt 0.990986 0.843615
vt 0.082262 0.195940
vt 0.072451 0.192369
vt 0.086252 0.190109
vt 0.949618 0.403360
vt 0.034049 0.965156
vt 0.043161 0.965493
vt 0.047464 0.989894
vt 0.989982 0.405787
vt 0.989087 0.396520
vt 0.997277 0.399181
vt 0.995061 0.408026
vt 0.077319 0.203830
vt 0.056040 0.203045
vt 0.055162 0.191767
vt 0.866625 0.079660
vt 0.854545 0.108709
vt 0.033850 0.988877
vt 0.058092 0.424774
vt 0.057608 0.430304
vt 0.881829 0.087914
vt 0.278237 0.346994
vt 0.287829 0.061446
vt 0.287783 0.047909
vt 0.295374 0.049248
vt 0.948295 0.393339
vt 0.935928 0.376269
vt 0.281617 0.054268
vt 0.041682 0.025831
vt 0.023055 0.048523
vt 0.021450 0.033195
vt 0.036228 0.048917
vt 0.249576 0.047194
vt 0.973557 0.390065
vt 0.648055 0.918720
vt 0.648055 0.929569
vt 0.639542 0.919689
vt 0.698013 0.996988
vt 0.709058 0.988963
vt 0.706787 0.999925
vt 0.790305 0.009623
vt 0.798211 0.015367
vt 0.782433 0.024215
vt 0.618638 0.073920
vt 0.000131 0.673030
vt 0.013505 0.662373
vt 0.011218 0.673030
vt 0.633514 0.097246
vt 0.648518 0.088517
vt 0.651574 0.096915
vt 0.003398 0.662323
vt 0.803931 0.020417
vt 0.791000 0.024099
vt 0.250209 0.052637
vt 0.660154 0.912855
vt 0.079577 0.423381
vt 0.045155 0.683741
vt 0.044188 0.674539
vt 0.057695 0.679689
vt 0.274166 0.064422
vt 0.513168 0.936579
vt 0.538448 0.951805
vt 0.518117 0.946291
vt 0.681165 0.928765
vt 0.639321 0.109968
vt 0.061522 0.668227
vt 0.682143 0.109661
vt 0.019575 0.906381
vt 0.015163 0.888469
vt 0.026251 0.888469
vt 0.072984 0.683929
vt 0.067131 0.691874
vt 0.062731 0.674069
vt 0.025239 0.909510
vt 0.549458 0.951150
vt 0.819868 0.034989
vt 0.823994 0.046324
vt 0.798734 0.046057
vt 0.893424 0.112915
vt 0.244896 0.932285
vt 0.202073 0.932285
vt 0.244253 0.905594
vt 0.989834 0.282087
vt 0.983700 0.282377
vt 0.981499 0.257212
vt 0.989425 0.306425
vt 0.980873 0.305236
vt 0.855399 0.027685
vt 0.845106 0.026479
vt 0.798846 0.036861
vt 0.990154 0.509795
vt 0.078885 0.431165
vt 0.088856 0.426741
vt 0.848383 0.049278
vt 0.246245 0.397290
vt 0.260603 0.382931
vt 0.254213 0.449399
vt 0.510456 0.170238
vt 0.446949 0.190873
vt 0.444090 0.170563
vt 0.737035 0.941996
vt 0.775086 0.941996
vt 0.739079 0.950933
vt 0.245962 0.375853
vt 0.444131 0.169523
vt 0.463991 0.162295
vt 0.506374 0.168119
vt 0.729261 0.481423
vt 0.746864 0.553397
vt 0.706167 0.521423
vt 0.797442 0.374385
vt 0.812601 0.359226
vt 0.811741 0.405407
vt 0.788490 0.381679
vt 0.782062 0.372151
vt 0.220425 0.411497
vt 0.228336 0.374277
vt 0.251798 0.440369
vt 0.801541 0.475117
vt 0.059273 0.804929
vt 0.074247 0.789955
vt 0.074566 0.821156
vt 0.788812 0.428474
vt 0.778308 0.382767
vt 0.197486 0.133544
vt 0.241907 0.148587
vt 0.205419 0.153178
vt 0.992284 0.895395
vt 0.963078 0.847535
vt 0.992284 0.850340
vt 0.706728 0.601405
vt 0.082137 0.969032
vt 0.055186 0.985770
vt 0.056106 0.966755
vt 0.248473 0.166456
vt 0.086733 0.984680
vt 0.960746 0.894080
vt 0.075789 0.209950
vt 0.084766 0.196592
vt 0.088268 0.205160
vt 0.989905 0.166933
vt 0.989905 0.157815
vt 0.996964 0.158322
vt 0.812730 0.021756
vt 0.820603 0.013882
vt 0.819972 0.033592
vt 0.095869 0.223356
vt 0.105019 0.223715
vt 0.091083 0.229670
vt 0.004277 0.791627
vt 0.011853 0.777138
vt 0.011885 0.792293
vt 0.004926 0.776394
vt 0.028575 0.256736
vt 0.019308 0.259570
vt 0.013344 0.252046
vt 0.324872 0.968184
vt 0.333298 0.970130
vt 0.318722 0.974603
vt 0.022542 0.100690
vt 0.011802 0.115472
vt 0.012851 0.100803
vt 0.326091 0.953528
vt 0.331883 0.945598
vt 0.025442 0.462370
vt 0.032269 0.462270
vt 0.032269 0.487225
vt 0.025307 0.486941
vt 0.045104 0.879802
vt 0.063987 0.872930
vt 0.045721 0.901313
vt 0.261312 0.881546
vt 0.281115 0.883008
vt 0.283483 0.890296
vt 0.115069 0.734809
vt 0.111332 0.713616
vt 0.130410 0.733983
vt 0.133116 0.700034
vt 0.108803 0.694989
vt 0.395386 0.262083
vt 0.303099 0.262083
vt 0.392332 0.242462
vt 0.062606 0.896726
vt 0.231839 0.719720
vt 0.243187 0.784077
vt 0.226510 0.789371
vt 0.026980 0.796711
vt 0.042717 0.791598
vt 0.039766 0.817998
vt 0.215325 0.543715
vt 0.206136 0.491604
vt 0.219621 0.478507
vt 0.330102 0.860208
vt 0.938724 0.666306
vt 0.938724 0.757431
vt 0.889053 0.736162
vt 0.624097 0.468743
vt 0.614158 0.495709
vt 0.573884 0.514872
vt 0.565501 0.482322
vt 0.954800 0.452399
vt 0.951053 0.409570
vt 0.991829 0.458426
vt 0.993391 0.408240
vt 0.206361 0.972036
vt 0.206364 0.981277
vt 0.178485 0.986193
vt 0.563780 0.942514
vt 0.556254 0.948829
vt 0.559571 0.921420
vt 0.400984 0.988228
vt 0.371238 0.988228
vt 0.379572 0.982480
vt 0.856179 0.028185
vt 0.856281 0.018888
vt 0.874661 0.018888
vt 0.130404 0.614904
vt 0.134991 0.605556
vt 0.156487 0.606306
vt 0.767140 0.988434
vt 0.767970 0.997914
vt 0.739101 0.988445
vt 0.163588 0.635514
vt 0.181165 0.640888
vt 0.152933 0.650260
vt 0.739927 0.997929
vt 0.178752 0.971888
vt 0.321854 0.933698
vt 0.323507 0.911192
vt 0.331076 0.917726
vt 0.027197 0.572770
vt 0.009166 0.586335
vt 0.013591 0.568349
vt 0.053836 0.831266
vt 0.040522 0.822239
vt 0.053923 0.808839
vt 0.131445 0.412065
vt 0.154943 0.408763
vt 0.130534 0.423101
vt 0.119841 0.597937
vt 0.131307 0.584034
vt 0.391236 0.018730
vt 0.391236 0.027734
vt 0.371391 0.027677
vt 0.516307 0.472887
vt 0.028894 0.448960
vt 0.010346 0.458346
vt 0.011051 0.444179
vt 0.575301 0.955500
vt 0.993494 0.637442
vt 0.995742 0.655748
vt 0.987086 0.658517
vt 0.124906 0.283032
vt 0.120126 0.285791
vt 0.127303 0.263489
vt 0.113273 0.898344
vt 0.122770 0.878026
vt 0.130297 0.895342
vt 0.029459 0.775153
vt 0.020219 0.775153
vt 0.030286 0.753130
vt 0.911474 0.990130
vt 0.889176 0.998246
vt 0.883475 0.988623
vt 0.103588 0.197358
vt 0.094821 0.188590
vt 0.119570 0.187996
vt 0.025222 0.500657
vt 0.015182 0.522071
vt 0.015743 0.501486
vt 0.021357 0.755004
vt 0.876145 0.029092
vt 0.288116 0.914586
vt 0.304406 0.907475
vt 0.297755 0.928624
vt 0.290804 0.934248
vt 0.029048 0.458020
vt 0.118708 0.257784
vt 0.144037 0.284102
vt 0.018342 0.589227
vt 0.158894 0.600366
vt 0.149202 0.577586
vt 0.160462 0.581961
vt 0.584574 0.570020
vt 0.097360 0.523437
vt 0.078993 0.510325
vt 0.097548 0.512687
vt 0.199359 0.020419
vt 0.200352 0.029076
vt 0.181048 0.029076
vt 0.126552 0.391845
vt 0.117031 0.405683
vt 0.147104 0.265770
vt 0.135716 0.877186
vt 0.595036 0.948789
vt 0.384278 0.861278
vt 0.138483 0.252040
vt 0.938369 0.025491
vt 0.940304 0.035620
vt 0.917971 0.035620
vt 0.025098 0.521110
vt 0.142573 0.643071
vt 0.622190 0.531185
vt 0.612231 0.864376
vt 0.625535 0.905321
vt 0.607294 0.897908
vt 0.149002 0.566409
vt 0.488121 0.935925
vt 0.496208 0.949933
vt 0.477982 0.940650
vt 0.326967 0.899272
vt 0.120820 0.576804
vt 0.043649 0.803077
vt 0.027582 0.498433
vt 0.009210 0.492464
vt 0.030184 0.489754
vt 0.020986 0.196536
vt 0.020858 0.215080
vt 0.011338 0.215080
vt 0.017349 0.015229
vt 0.036255 0.015229
vt 0.016270 0.024253
vt 0.573213 0.561430
vt 0.082985 0.264926
vt 0.082985 0.231033
vt 0.102873 0.232344
vt 0.298206 0.897065
vt 0.099711 0.494326
vt 0.101000 0.481253
vt 0.119685 0.480927
vt 0.217799 0.071086
vt 0.225571 0.054249
vt 0.243078 0.046086
vt 0.585523 0.940514
vt 0.113382 0.858222
vt 0.012259 0.196569
vt 0.237863 0.057822
vt 0.128989 0.018342
vt 0.109841 0.027343
vt 0.110041 0.018342
vt 0.030468 0.726433
vt 0.031065 0.747269
vt 0.021656 0.728794
vt 0.508924 0.936058
vt 0.179951 0.020960
vt 0.035381 0.024670
vt 0.516967 0.947218
vt 0.130058 0.027618
vt 0.012656 0.484900
vt 0.136777 0.294930
vt 0.917271 0.027059
vt 0.021461 0.748820
vt 0.157172 0.669252
vt 0.110906 0.525029
vt 0.226114 0.019770
vt 0.205573 0.029725
vt 0.205178 0.019770
vt 0.144424 0.374879
vt 0.143873 0.388213
vt 0.086376 0.493807
vt 0.049431 0.364421
vt 0.040094 0.335073
vt 0.049431 0.335122
vt 0.917550 0.016167
vt 0.936373 0.024593
vt 0.916711 0.025752
vt 0.156596 0.291014
vt 0.464873 0.072553
vt 0.498785 0.056740
vt 0.509370 0.072458
vt 0.039963 0.363918
vt 0.595766 0.917733
vt 0.583400 0.921612
vt 0.144236 0.673576
vt 0.116269 0.385671
vt 0.936824 0.016173
vt 0.963130 0.027344
vt 0.943817 0.018284
vt 0.963130 0.018617
vt 0.832157 0.834297
vt 0.158060 0.259822
vt 0.083965 0.195670
vt 0.538514 0.992932
vt 0.567042 0.992932
vt 0.554951 0.999492
vt 0.987052 0.097607
vt 0.995641 0.097607
vt 0.987986 0.127630
vt 0.096533 0.955016
vt 0.078855 0.949272
vt 0.102458 0.920237
vt 0.996281 0.128151
vt 0.062825 0.934667
vt 0.072528 0.933963
vt 0.072528 0.965027
vt 0.075472 0.824044
vt 0.075472 0.790602
vt 0.094225 0.798667
vt 0.263515 0.070304
vt 0.064100 0.964792
vt 0.226640 0.029610
vt 0.942930 0.027675
vt 0.244090 0.978838
vt 0.253914 0.947975
vt 0.253487 0.979660
vt 0.421123 0.855829
vt 0.244066 0.947612
vt 0.413803 0.829824
vt 0.856447 0.825375
vt 0.585634 0.621322
vt 0.589366 0.644893
vt 0.882134 0.826524
vt 0.992812 0.067498
vt 0.950622 0.065287
vt 0.950666 0.053714
vt 0.910057 0.036500
vt 0.917459 0.040773
vt 0.891631 0.039181
vt 0.447802 0.854760
vt 0.474044 0.896755
vt 0.120414 0.286226
vt 0.125103 0.283315
vt 0.393063 0.885833
vt 0.350594 0.872287
vt 0.802715 0.822948
vt 0.832157 0.846243
vt 0.407269 0.872741
vt 0.878540 0.927559
vt 0.837621 0.927559
vt 0.859154 0.917895
vt 0.261799 0.269285
vt 0.265574 0.289064
vt 0.248923 0.340311
vt 0.820098 0.212015
vt 0.882395 0.198591
vt 0.880190 0.212015
vt 0.228365 0.323417
vt 0.818797 0.200439
vt 0.379099 0.191663
vt 0.418523 0.237016
vt 0.371881 0.195973
vt 0.928141 0.333669
vt 0.892061 0.297590
vt 0.925094 0.248654
vt 0.090773 0.658299
vt 0.090773 0.692206
vt 0.074379 0.690038
vt 0.260805 0.831994
vt 0.295476 0.843259
vt 0.249206 0.868749
vt 0.400172 0.238435
vt 0.280565 0.881642
vt 0.874693 0.136275
vt 0.826927 0.170978
vt 0.802075 0.131042
vt 0.416418 0.263892
vt 0.811494 0.717100
vt 0.811283 0.764136
vt 0.790021 0.742691
vt 0.803318 0.651015
vt 0.054021 0.556217
vt 0.054021 0.583176
vt 0.043959 0.562744
vt 0.903425 0.205263
vt 0.333622 0.857015
vt 0.771999 0.679543
vt 0.783086 0.688820
vt 0.770954 0.691491
vt 0.780923 0.710841
vt 0.528197 0.890976
vt 0.516079 0.905489
vt 0.506072 0.891196
vt 0.056672 0.158876
vt 0.074693 0.134072
vt 0.075146 0.162898
vt 0.478876 0.891743
vt 0.779882 0.738023
vt 0.773406 0.784093
vt 0.470288 0.905272
vt 0.996349 0.213231
vt 0.990584 0.221166
vt 0.987995 0.208127
vt 0.385853 0.753918
vt 0.363139 0.759940
vt 0.363139 0.742273
vt 0.888726 0.023664
vt 0.888448 0.013860
vt 0.906909 0.013860
vt 0.908017 0.024524
vt 0.370498 0.743669
vt 0.020173 0.591075
vt 0.019616 0.597440
vt 0.004069 0.587086
vt 0.378792 0.729300
vt 0.950370 0.275465
vt 0.932977 0.296193
vt 0.933428 0.262760
vt 0.481003 0.017440
vt 0.467692 0.013873
vt 0.488874 0.014361
vt 0.948035 0.267343
vt 0.005056 0.597762
vt 0.957932 0.256569
vt 0.322871 0.754082
vt 0.373886 0.725016
vt 0.347335 0.722175
vt 0.355140 0.716043
vt 0.344388 0.735609
vt 0.378106 0.624404
vt 0.956742 0.294332
vt 0.054032 0.626568
vt 0.033342 0.611536
vt 0.053242 0.610806
vt 0.321218 0.730289
vt 0.953357 0.308582
vt 0.764501 0.929170
vt 0.758274 0.913759
vt 0.797282 0.926498
vt 0.040332 0.326774
vt 0.029275 0.346435
vt 0.021284 0.343043
vt 0.023610 0.321242
vt 0.911462 0.025541
vt 0.910966 0.034693
vt 0.888538 0.038647
vt 0.054833 0.634125
vt 0.060392 0.630148
vt 0.070083 0.634667
vt 0.143063 0.975106
vt 0.141047 0.953275
vt 0.147878 0.957138
vt 0.054792 0.611568
vt 0.027042 0.347026
vt 0.011342 0.358432
vt 0.013356 0.346618
vt 0.889417 0.024989
vt 0.020254 0.189913
vt 0.020402 0.181460
vt 0.038332 0.194297
vt 0.572877 0.168034
vt 0.552766 0.140689
vt 0.567891 0.139758
vt 0.853954 0.772846
vt 0.808672 0.774428
vt 0.844503 0.675987
vt 0.017246 0.956195
vt 0.033259 0.938516
vt 0.025623 0.958917
vt 0.463683 0.028329
vt 0.473571 0.024924
vt 0.482782 0.040733
vt 0.828654 0.777043
vt 0.020129 0.934012
vt 0.231886 0.959550
vt 0.217473 0.954868
vt 0.234243 0.951064
vt 0.023922 0.426328
vt 0.023922 0.405294
vt 0.033149 0.427580
vt 0.603820 0.955364
vt 0.609232 0.947656
vt 0.618602 0.952025
vt 0.595982 0.935040
vt 0.009447 0.979747
vt 0.003573 0.963877
vt 0.016589 0.959647
vt 0.870312 0.971666
vt 0.869861 0.962997
vt 0.885062 0.961667
vt 0.006144 0.031345
vt 0.018760 0.046586
vt 0.006144 0.048958
vt 0.982018 0.790843
vt 0.981954 0.757137
vt 0.991119 0.757137
vt 0.096061 0.375482
vt 0.095667 0.379976
vt 0.073753 0.374394
vt 0.032847 0.405248
vt 0.752155 0.211092
vt 0.797825 0.191434
vt 0.799491 0.206950
vt 0.079406 0.624318
vt 0.644378 0.967657
vt 0.610672 0.967657
vt 0.635826 0.961636
vt 0.034147 0.179367
vt 0.040827 0.194371
vt 0.022809 0.181114
vt 0.110494 0.458512
vt 0.102962 0.437160
vt 0.108660 0.437558
vt 0.567613 0.112269
vt 0.079595 0.383358
vt 0.902361 0.971245
vt 0.054663 0.611527
vt 0.063485 0.602202
vt 0.075907 0.609732
vt 0.125927 0.995628
vt 0.132154 0.976461
vt 0.132145 0.997781
vt 0.068852 0.871153
vt 0.053076 0.869216
vt 0.081267 0.859655
vt 0.021129 0.037807
vt 0.003161 0.095664
vt 0.005767 0.080885
vt 0.017041 0.095770
vt 0.401569 0.988667
vt 0.401928 0.984565
vt 0.431259 0.986511
vt 0.173094 0.952758
vt 0.219751 0.945750
vt 0.105540 0.394834
vt 0.040938 0.304850
vt 0.040938 0.275454
vt 0.048456 0.290366
vt 0.080414 0.604748
vt 0.077930 0.322964
vt 0.093364 0.323126
vt 0.086042 0.331076
vt 0.087706 0.229606
vt 0.057749 0.229606
vt 0.071579 0.221909
vt 0.016629 0.977517
vt 0.587368 0.998988
vt 0.558591 0.998988
vt 0.579821 0.995961
vt 0.428244 0.039966
vt 0.421782 0.059852
vt 0.424055 0.034088
vt 0.754344 0.972750
vt 0.774059 0.971879
vt 0.780807 0.978626
vt 0.085741 0.628353
vt 0.098760 0.452278
vt 0.013098 0.078978
vt 0.747981 0.978317
vt 0.091227 0.427309
vt 0.010674 0.773975
vt 0.019592 0.758434
vt 0.019629 0.775554
vt 0.167553 0.958668
vt 0.871442 0.369233
vt 0.891765 0.445191
vt 0.719196 0.191698
vt 0.201692 0.938934
vt 0.024664 0.565555
vt 0.015740 0.545993
vt 0.024664 0.546084
vt 0.096716 0.401436
vt 0.007149 0.546847
vt 0.002212 0.531739
vt 0.009364 0.529416
vt 0.082678 0.437219
vt 0.016382 0.567138
vt 0.901931 0.962355
vt 0.627268 0.937078
vt 0.796961 0.988586
vt 0.780165 0.998283
vt 0.768191 0.989236
vt 0.574001 0.117774
vt 0.111464 0.329833
vt 0.075365 0.458550
vt 0.083083 0.451963
vt 0.009670 0.715845
vt 0.010658 0.699508
vt 0.017975 0.697548
vt 0.991278 0.789964
vt 0.010822 0.757275
vt 0.975923 0.990763
vt 0.975923 0.970853
vt 0.979633 0.988977
vt 0.864981 0.410786
vt 0.060782 0.740699
vt 0.076415 0.733409
vt 0.090733 0.741338
vt 0.947289 0.053505
vt 0.943656 0.028313
vt 0.948941 0.034628
vt 0.172351 0.976535
vt 0.015970 0.543799
vt 0.099771 0.040861
vt 0.079872 0.040166
vt 0.102956 0.031866
vt 0.053513 0.657222
vt 0.053513 0.666122
vt 0.029724 0.657110
vt 0.493423 0.138483
vt 0.478991 0.141600
vt 0.948385 0.070638
vt 0.944039 0.078167
vt 0.944853 0.048096
vt 0.199090 0.947330
vt 0.635331 0.941308
vt 0.029315 0.665946
vt 0.001064 0.454220
vt 0.010048 0.447693
vt 0.009223 0.456348
vt 0.023664 0.716089
vt 0.075326 0.408939
vt 0.180781 0.039261
vt 0.204665 0.029982
vt 0.205312 0.039261
vt 0.026512 0.531967
vt 0.031365 0.513855
vt 0.032074 0.539176
vt 0.965360 0.036377
vt 0.100185 0.408595
vt 0.446904 0.041807
vt 0.119955 0.578139
vt 0.085376 0.577836
vt 0.084591 0.568867
vt 0.967455 0.028794
vt 0.075600 0.433968
vt 0.852708 0.004674
vt 0.853442 0.013074
vt 0.837952 0.004098
vt 0.180547 0.029931
vt 0.119720 0.568831
vt 0.739042 0.035806
vt 0.763988 0.031408
vt 0.739093 0.044596
vt 0.836456 0.012891
vt 0.762884 0.045360
vt 0.362929 0.039073
vt 0.362152 0.047959
vt 0.338077 0.038405
vt 0.855205 0.468646
vt 0.337576 0.047394
vt 0.484025 0.111240
vt 0.167218 0.203825
vt 0.176721 0.177717
vt 0.175725 0.196687
vt 0.168704 0.145165
vt 0.259888 0.269804
vt 0.220415 0.324135
vt 0.476009 0.122839
vt 0.077818 0.646621
vt 0.091879 0.652743
vt 0.096830 0.375555
vt 0.096066 0.380001
vt 0.102777 0.436301
vt 0.108489 0.436317
vt 0.856098 0.379977
vt 0.497224 0.165528
vt 0.223216 0.285996
vt 0.077818 0.680146
vt 0.351849 0.070169
vt 0.374984 0.050311
vt 0.382084 0.060450
vt 0.106274 0.655202
vt 0.095075 0.655397
vt 0.106352 0.649318
vt 0.141418 0.628024
vt 0.116283 0.620971
vt 0.134411 0.615888
vt 0.066533 0.790722
vt 0.046118 0.787122
vt 0.070548 0.786046
vt 0.765078 0.106128
vt 0.781177 0.104730
vt 0.781177 0.136061
vt 0.337437 0.060527
vt 0.368103 0.048820
vt 0.996306 0.999862
vt 0.978441 0.999862
vt 0.995249 0.983471
vt 0.016657 0.598585
vt 0.028558 0.605456
vt 0.010331 0.604992
vt 0.148760 0.635955
vt 0.116497 0.657345
vt 0.125747 0.657216
vt 0.710001 0.043199
vt 0.691009 0.029400
vt 0.709220 0.028518
vt 0.369579 0.032588
vt 0.364180 0.047421
vt 0.363249 0.027831
vt 0.099872 0.031563
vt 0.091534 0.034598
vt 0.075381 0.031620
vt 0.078497 0.632703
vt 0.092723 0.636414
vt 0.763504 0.137847
vt 0.014552 0.617632
vt 0.001609 0.617632
vt 0.006215 0.611661
vt 0.154412 0.021962
vt 0.162601 0.023703
vt 0.144317 0.030800
vt 0.218024 0.040781
vt 0.205689 0.030431
vt 0.230675 0.030610
vt 0.840751 0.987559
vt 0.853920 0.996263
vt 0.839768 0.998805
vt 0.580359 0.040885
vt 0.582182 0.030010
vt 0.595871 0.028812
vt 0.372667 0.621802
vt 0.361816 0.628705
vt 0.382636 0.595556
vt 0.140429 0.016852
vt 0.156518 0.016170
vt 0.023021 0.839810
vt 0.006272 0.839810
vt 0.010921 0.826352
vt 0.341518 0.048667
vt 0.456890 0.952287
vt 0.439152 0.940506
vt 0.457971 0.939929
vt 0.096737 0.625916
vt 0.969953 0.839494
vt 0.971521 0.846870
vt 0.953227 0.840360
vt 0.603984 0.040358
vt 0.431953 0.950721
vt 0.894713 0.112976
vt 0.885870 0.089124
vt 0.901791 0.097645
vt 0.429739 0.240874
vt 0.419295 0.207046
vt 0.457489 0.207046
vt 0.990781 0.037692
vt 0.966290 0.037692
vt 0.969024 0.028470
vt 0.022400 0.566687
vt 0.044772 0.566687
vt 0.384002 0.580759
vt 0.086443 0.627350
vt 0.994871 0.955546
vt 0.979186 0.954174
vt 0.996328 0.933365
vt 0.960238 0.933343
vt 0.654069 0.036307
vt 0.651580 0.027016
vt 0.675222 0.031008
vt 0.565089 0.723735
vt 0.564392 0.739616
vt 0.530047 0.744283
vt 0.043075 0.334142
vt 0.040637 0.306276
vt 0.044717 0.304747
vt 0.150483 0.615951
vt 0.651613 0.046405
vt 0.373137 0.953847
vt 0.335954 0.953847
vt 0.349862 0.950194
vt 0.827587 0.995810
vt 0.676198 0.046722
vt 0.893481 0.076798
vt 0.391161 0.503508
vt 0.383752 0.511026
vt 0.362220 0.469779
vt 0.004788 0.399954
vt 0.018709 0.382908
vt 0.019454 0.397368
vt 0.423104 0.939632
vt 0.825877 0.988296
vt 0.780133 0.154361
vt 0.335593 0.070525
vt 0.001696 0.069650
vt 0.009920 0.063674
vt 0.009250 0.071174
vt 0.867400 0.073387
vt 0.157454 0.619820
vt 0.406557 0.550327
vt 0.024136 0.629829
vt 0.024136 0.652999
vt 0.020308 0.631910
vt 0.004829 0.382369
vt 0.419302 0.944985
vt 0.763268 0.154105
vt 0.702551 0.027368
vt 0.702551 0.010500
vt 0.710075 0.027677
vt 0.708106 0.010202
vt 0.990072 0.798472
vt 0.990072 0.790922
vt 0.994776 0.795503
vt 0.475052 0.550291
vt 0.464456 0.232487
vt 0.465158 0.243244
vt 0.389870 0.152536
vt 0.456727 0.734852
vt 0.428345 0.722670
vt 0.464270 0.726937
vt 0.425113 0.542020
vt 0.503937 0.240439
vt 0.461726 0.206250
vt 0.493051 0.740573
vt 0.495000 0.726952
vt 0.914133 0.824990
vt 0.914133 0.882601
vt 0.910614 0.886121
vt 0.246963 0.929436
vt 0.244984 0.906811
vt 0.287844 0.934142
vt 0.225343 0.900039
vt 0.243586 0.873986
vt 0.294859 0.900256
vt 0.061488 0.543921
vt 0.055429 0.513428
vt 0.060236 0.512140
vt 0.054674 0.543334
vt 0.030022 0.572707
vt 0.528042 0.727842
vt 0.562789 0.715313
vt 0.406204 0.566775
vt 0.452183 0.556955
vt 0.367950 0.202009
vt 0.352049 0.200338
vt 0.286927 0.904242
vt 0.038634 0.198195
vt 0.051475 0.197073
vt 0.055230 0.216392
vt 0.053897 0.220604
vt 0.084630 0.097431
vt 0.074473 0.069525
vt 0.101284 0.102848
vt 0.020861 0.920155
vt 0.040212 0.911858
vt 0.040277 0.918456
vt 0.480255 0.040698
vt 0.456614 0.040698
vt 0.460286 0.027989
vt 0.101247 0.068364
vt 0.073920 0.759293
vt 0.108403 0.759293
vt 0.096188 0.767475
vt 0.018309 0.911663
vt 0.056557 0.207480
vt 0.075507 0.204767
vt 0.588837 0.064497
vt 0.568422 0.062711
vt 0.590168 0.056479
vt 0.000046 0.575771
vt 0.000998 0.567730
vt 0.012580 0.567730
vt 0.257685 0.004234
vt 0.271608 0.004234
vt 0.261840 0.016979
vt 0.277981 0.982433
vt 0.283822 0.986524
vt 0.277794 0.996354
vt 0.135872 0.034754
vt 0.135872 0.014236
vt 0.143421 0.031828
vt 0.054710 0.837858
vt 0.054710 0.808102
vt 0.074583 0.822946
vt 0.174806 0.902716
vt 0.183229 0.934152
vt 0.153561 0.907980
vt 0.822413 0.228198
vt 0.790093 0.234188
vt 0.579936 0.051159
vt 0.010300 0.576209
vt 0.123187 0.337905
vt 0.112813 0.368034
vt 0.110304 0.331461
vt 0.819591 0.222720
vt 0.565273 0.053994
vt 0.194923 0.920604
vt 0.928870 0.217890
vt 0.953062 0.219680
vt 0.951785 0.224030
vt 0.150671 0.441258
vt 0.154536 0.455683
vt 0.135860 0.435054
vt 0.009987 0.062927
vt 0.001124 0.049957
vt 0.009987 0.049699
vt 0.001207 0.062846
vt 0.127163 0.040849
vt 0.102635 0.040849
vt 0.103805 0.032383
vt 0.228174 0.800511
vt 0.222942 0.789783
vt 0.242260 0.791463
vt 0.623492 0.379630
vt 0.585707 0.390013
vt 0.610830 0.370764
vt 0.038618 0.068539
vt 0.040827 0.043299
vt 0.063402 0.069571
vt 0.121727 0.449495
vt 0.150998 0.477067
vt 0.058251 0.041540
vt 0.979716 0.218362
vt 0.097551 0.362211
vt 0.849087 0.227401
vt 0.122888 0.476142
vt 0.871323 0.237754
vt 0.848340 0.219921
vt 0.876069 0.233197
vt 0.593857 0.407929
vt 0.209254 0.742474
vt 0.188046 0.795341
vt 0.183563 0.780314
vt 0.211846 0.797710
vt 0.220841 0.787460
vt 0.557917 0.397889
vt 0.518469 0.402778
vt 0.492670 0.371741
vt 0.528823 0.387955
vt 0.154337 0.932523
vt 0.211861 0.815102
vt 0.557483 0.415095
vt 0.196775 0.814756
vt 0.096130 0.333308
vt 0.543671 0.052223
vt 0.552767 0.063626
vt 0.182992 0.809024
vt 0.055041 0.258975
vt 0.039505 0.253927
vt 0.055636 0.230725
vt 0.163489 0.304131
vt 0.189787 0.335472
vt 0.162738 0.361526
vt 0.041520 0.225874
vt 0.068576 0.238487
vt 0.635803 0.827305
vt 0.635600 0.864861
vt 0.598668 0.861629
vt 0.558136 0.867644
vt 0.596272 0.828469
vt 0.926272 0.840920
vt 0.931809 0.845566
vt 0.930429 0.903019
vt 0.800777 0.239170
vt 0.133668 0.351407
vt 0.532197 0.835707
vt 0.515168 0.806212
vt 0.605845 0.820732
vt 0.322876 0.837491
vt 0.401872 0.837491
vt 0.368016 0.865539
vt 0.892378 0.757093
vt 0.892378 0.828709
vt 0.887420 0.733412
vt 0.610589 0.807144
vt 0.165851 0.068367
vt 0.132563 0.045058
vt 0.176528 0.045069
vt 0.138554 0.071103
vt 0.665329 0.879222
vt 0.733159 0.856246
vt 0.709666 0.868986
vt 0.362746 0.086987
vt 0.410619 0.077467
vt 0.416635 0.093995
vt 0.665317 0.960305
vt 0.699834 0.960305
vt 0.675632 0.964948
vt 0.282771 0.018767
vt 0.284151 0.030008
vt 0.275950 0.037799
vt 0.661931 0.953981
vt 0.623423 0.953981
vt 0.641685 0.937433
vt 0.698046 0.905370
vt 0.719802 0.886480
vt 0.746287 0.897935
vt 0.417557 0.105362
vt 0.363052 0.105224
vt 0.473853 0.890865
vt 0.473853 0.861155
vt 0.528286 0.888057
vt 0.929478 0.517927
vt 0.901715 0.482275
vt 0.680279 0.887644
vt 0.864327 0.952855
vt 0.865224 0.942600
vt 0.891625 0.950128
vt 0.938689 0.513071
vt 0.901330 0.944288
vt 0.365031 0.092030
vt 0.931697 0.548533
vt 0.117715 0.765116
vt 0.130149 0.738453
vt 0.131780 0.779224
vt 0.922258 0.546367
vt 0.916611 0.921899
vt 0.880527 0.928261
vt 0.875813 0.921233
vt 0.044504 0.385782
vt 0.043767 0.394213
vt 0.043067 0.364878
vt 0.920068 0.048806
vt 0.890942 0.053942
vt 0.874882 0.048583
vt 0.117653 0.190987
vt 0.096117 0.220629
vt 0.091943 0.205603
vt 0.049357 0.370527
vt 0.830007 0.953050
vt 0.862922 0.953050
vt 0.842986 0.968162
vt 0.720086 0.912738
vt 0.682096 0.930191
vt 0.683118 0.924750
vt 0.021363 0.644544
vt 0.024144 0.660316
vt 0.020805 0.668083
vt 0.225189 0.946456
vt 0.199097 0.934289
vt 0.235247 0.932836
vt 0.676883 0.912955
vt 0.922668 0.885476
vt 0.927717 0.892687
vt 0.884965 0.906572
vt 0.121088 0.455629
vt 0.121088 0.471644
vt 0.085478 0.469842
vt 0.117833 0.165933
vt 0.124044 0.190250
vt 0.104157 0.175157
vt 0.340346 0.048134
vt 0.334350 0.062977
vt 0.296017 0.062118
vt 0.362935 0.978407
vt 0.378166 0.999371
vt 0.346582 0.997271
vt 0.905028 0.566597
vt 0.816606 0.113995
vt 0.803570 0.110683
vt 0.802266 0.103288
vt 0.115918 0.222177
vt 0.097726 0.221859
vt 0.118941 0.191460
vt 0.990621 0.242080
vt 0.997763 0.244400
vt 0.991376 0.250850
vt 0.617270 0.192291
vt 0.610499 0.173827
vt 0.622771 0.179332
vt 0.390987 0.042449
vt 0.409179 0.042766
vt 0.412043 0.057551
vt 0.089199 0.167267
vt 0.062310 0.176385
vt 0.057771 0.168524
vt 0.586936 0.194661
vt 0.548370 0.870922
vt 0.828661 0.102778
vt 0.928167 0.907453
vt 0.076270 0.181218
vt 0.982983 0.257780
vt 0.996310 0.259416
vt 0.994063 0.290200
vt 0.215229 0.955296
vt 0.228969 0.961462
vt 0.215318 0.985108
vt 0.097169 0.164800
vt 0.231235 0.974696
vt 0.639004 0.208496
vt 0.851949 0.109477
vt 0.053984 0.527818
vt 0.053984 0.555516
vt 0.040965 0.528697
vt 0.836827 0.090926
vt 0.820922 0.084490
vt 0.852280 0.087098
vt 0.092693 0.756512
vt 0.062862 0.746819
vt 0.090068 0.741973
vt 0.664377 0.982502
vt 0.692188 0.991538
vt 0.670314 0.998306
vt 0.653468 0.197421
vt 0.748704 0.015296
vt 0.763185 0.030433
vt 0.748704 0.032178
vt 0.044534 0.190546
vt 0.052248 0.166805
vt 0.951586 0.638281
vt 0.951586 0.586971
vt 0.964576 0.614486
vt 0.768467 0.017511
vt 0.292241 0.946740
vt 0.290864 0.938926
vt 0.312113 0.945955
vt 0.092667 0.166289
vt 0.115140 0.187246
vt 0.082335 0.176583
vt 0.274756 0.947438
vt 0.926237 0.480878
vt 0.072638 0.190771
vt 0.208547 0.219014
vt 0.177416 0.179702
vt 0.193031 0.153713
vt 0.486786 0.155003
vt 0.427355 0.155003
vt 0.474317 0.137421
vt 0.248342 0.167633
vt 0.230503 0.183054
vt 0.138054 0.231205
vt 0.118880 0.219749
vt 0.139706 0.190007
vt 0.286867 0.467670
vt 0.257743 0.423448
vt 0.119612 0.195352
vt 0.991921 0.090057
vt 0.959668 0.092879
vt 0.996385 0.068969
vt 0.075880 0.106220
vt 0.077149 0.130596
vt 0.053659 0.132651
vt 0.888840 0.047912
vt 0.876312 0.047912
vt 0.883052 0.024815
vt 0.975772 0.963821
vt 0.991399 0.985329
vt 0.981669 0.992744
vt 0.220299 0.839764
vt 0.225871 0.804584
vt 0.272631 0.798620
vt 0.282130 0.383845
vt 0.943376 0.357395
vt 0.939077 0.340154
vt 0.965978 0.343398
vt 0.959396 0.706056
vt 0.939619 0.717474
vt 0.939615 0.665860
vt 0.335580 0.954778
vt 0.367956 0.954778
vt 0.338056 0.974515
vt 0.580033 0.184321
vt 0.586204 0.132876
vt 0.610371 0.142564
vt 0.054873 0.102198
vt 0.949069 0.066212
vt 0.249006 0.764373
vt 0.279862 0.776280
vt 0.249652 0.776697
vt 0.024171 0.100715
vt 0.024171 0.121507
vt 0.012697 0.116965
vt 0.952178 0.331773
vt 0.965251 0.321729
vt 0.921396 0.334354
vt 0.959880 0.675582
vt 0.260275 0.746193
vt 0.002157 0.460689
vt 0.018045 0.460689
vt 0.007015 0.475675
vt 0.989319 0.791454
vt 0.989319 0.838849
vt 0.969267 0.838415
vt 0.719451 0.854975
vt 0.687456 0.870625
vt 0.704789 0.850211
vt 0.691396 0.158872
vt 0.716080 0.179585
vt 0.670766 0.178301
vt 0.706077 0.163469
vt 0.728540 0.166742
vt 0.033648 0.884246
vt 0.025999 0.860704
vt 0.036122 0.861906
vt 0.269068 0.797826
vt 0.285016 0.792296
vt 0.600575 0.127295
vt 0.933246 0.298160
vt 0.482009 0.096435
vt 0.528209 0.073698
vt 0.511208 0.096435
vt 0.473306 0.073262
vt 0.000208 0.873436
vt 0.015953 0.879369
vt 0.014288 0.888815
vt 0.258292 0.713446
vt 0.293634 0.730824
vt 0.268844 0.740672
vt 0.000379 0.889190
vt 0.285439 0.707224
vt 0.157094 0.044328
vt 0.175177 0.028069
vt 0.179794 0.044328
vt 0.157075 0.026884
vt 0.917857 0.909842
vt 0.950325 0.913255
vt 0.949245 0.934097
vt 0.126007 0.301023
vt 0.138231 0.295580
vt 0.115304 0.328662
vt 0.621695 0.035684
vt 0.605620 0.040907
vt 0.620740 0.022337
vt 0.055267 0.692515
vt 0.064424 0.723141
vt 0.597497 0.019699
vt 0.666409 0.157890
vt 0.017346 0.234445
vt 0.033159 0.256464
vt 0.017346 0.251889
vt 0.703389 0.151223
vt 0.684464 0.860342
vt 0.563223 0.074079
vt 0.574167 0.097548
vt 0.519268 0.098293
vt 0.029868 0.235057
vt 0.148475 0.414450
vt 0.175055 0.409140
vt 0.160131 0.416088
vt 0.304529 0.758171
vt 0.530048 0.073424
vt 0.153336 0.905563
vt 0.114846 0.918069
vt 0.125096 0.904658
vt 0.498156 0.165989
vt 0.513085 0.133506
vt 0.526226 0.156869
vt 0.209748 0.921960
vt 0.233657 0.907594
vt 0.199539 0.932628
vt 0.651103 0.853503
vt 0.079343 0.933805
vt 0.081278 0.900680
vt 0.098940 0.922490
vt 0.098905 0.897509
vt 0.659685 0.843114
vt 0.141365 0.183994
vt 0.119249 0.167459
vt 0.142367 0.148060
vt 0.127591 0.189313
vt 0.076663 0.364901
vt 0.056670 0.364901
vt 0.074077 0.333583
vt 0.742672 0.017255
vt 0.747732 0.018802
vt 0.747703 0.030725
vt 0.217526 0.663071
vt 0.215253 0.600566
vt 0.027203 0.924752
vt 0.010170 0.930286
vt 0.011439 0.915674
vt 0.117267 0.328239
vt 0.141055 0.295498
vt 0.161521 0.312232
vt 0.143127 0.428108
vt 0.417760 0.092690
vt 0.409627 0.062336
vt 0.419666 0.048724
vt 0.276082 0.990659
vt 0.246645 0.990659
vt 0.270847 0.963886
vt 0.277833 0.980982
vt 0.299315 0.964168
vt 0.288725 0.985832
vt 0.087961 0.809170
vt 0.104307 0.794961
vt 0.094580 0.843929
vt 0.159470 0.451466
vt 0.058187 0.335426
vt 0.553359 0.146494
vt 0.123655 0.822788
vt 0.061986 0.596908
vt 0.055217 0.609019
vt 0.314591 0.980371
vt 0.645700 0.831900
vt 0.288216 0.405855
vt 0.083117 0.692515
vt 0.201161 0.643567
vt 0.054681 0.576839
vt 0.179980 0.905756
vt 0.331329 0.899788
vt 0.320141 0.894744
vt 0.343426 0.852737
vt 0.323966 0.702905
vt 0.338584 0.715170
vt 0.300076 0.744790
vt 0.332767 0.675554
vt 0.284857 0.892411
vt 0.613458 0.452602
vt 0.557060 0.434185
vt 0.563001 0.422456
vt 0.355480 0.671197
vt 0.587286 0.475652
vt 0.851882 0.421903
vt 0.820857 0.440321
vt 0.841047 0.417960
vt 0.542484 0.458466
vt 0.845394 0.392678
vt 0.853883 0.393241
vt 0.831008 0.409136
vt 0.808782 0.432701
vt 0.323932 0.201262
vt 0.306827 0.243687
vt 0.291542 0.226568
vt 0.835057 0.392056
vt 0.612141 0.438573
vt 0.523395 0.976833
vt 0.538803 0.955625
vt 0.560444 0.979728
vt 0.200889 0.277802
vt 0.212562 0.311445
vt 0.193826 0.283728
vt 0.821535 0.083069
vt 0.795580 0.067000
vt 0.818487 0.065782
vt 0.335486 0.222552
vt 0.797403 0.093309
vt 0.773920 0.066121
vt 0.776618 0.089763
vt 0.202254 0.310638
vt 0.193776 0.313516
vt 0.190932 0.284812
vt 0.782027 0.068412
vt 0.847089 0.356663
vt 0.837478 0.359266
vt 0.368434 0.221995
vt 0.077109 0.653550
vt 0.065993 0.674694
vt 0.064305 0.658210
vt 0.373104 0.203518
vt 0.835527 0.359789
vt 0.222472 0.983749
vt 0.247225 0.995091
vt 0.224585 0.998785
vt 0.031376 0.948912
vt 0.035597 0.934437
vt 0.043894 0.935899
vt 0.825460 0.367774
vt 0.348880 0.624481
vt 0.328509 0.638594
vt 0.114168 0.757114
vt 0.116772 0.773478
vt 0.109639 0.770268
vt 0.025851 0.501238
vt 0.029705 0.515620
vt 0.026560 0.526540
vt 0.238714 0.970407
vt 0.634720 0.481666
vt 0.683274 0.448902
vt 0.644576 0.021205
vt 0.644576 0.007077
vt 0.656939 0.009191
vt 0.101586 0.765614
vt 0.204554 0.343410
vt 0.075831 0.684834
vt 0.103748 0.775441
vt 0.045210 0.956863
vt 0.547885 0.040505
vt 0.526879 0.041238
vt 0.525852 0.031994
vt 0.657451 0.416819
vt 0.112763 0.804502
vt 0.131747 0.782019
vt 0.085571 0.985719
vt 0.095443 0.983978
vt 0.116449 0.984712
vt 0.024563 0.801595
vt 0.010269 0.811980
vt 0.008771 0.797616
vt 0.926332 0.236837
vt 0.948092 0.224274
vt 0.977203 0.235800
vt 0.182840 0.649458
vt 0.182840 0.586401
vt 0.264510 0.099615
vt 0.241899 0.110991
vt 0.212762 0.110991
vt 0.783552 0.914665
vt 0.824528 0.914665
vt 0.802500 0.928769
vt 0.233277 0.023630
vt 0.222278 0.015640
vt 0.233180 0.006168
vt 0.951741 0.451091
vt 0.962906 0.461226
vt 0.962906 0.483277
vt 0.190469 0.334259
vt 0.213068 0.101959
vt 0.036609 0.924374
vt 0.045368 0.929431
vt 0.023319 0.929667
vt 0.163509 0.884725
vt 0.162878 0.833233
vt 0.168662 0.865492
vt 0.953604 0.501939
vt 0.816214 0.332911
vt 0.175001 0.849219
vt 0.806723 0.349523
vt 0.104065 0.785551
vt 0.030548 0.958493
vt 0.173875 0.826386
vt 0.304765 0.607231
vt 0.021700 0.866821
vt 0.014702 0.876108
vt 0.006078 0.871185
vt 0.134501 0.433755
vt 0.109182 0.409304
vt 0.142333 0.433389
vt 0.808450 0.339453
vt 0.476660 0.007108
vt 0.469554 0.012084
vt 0.109646 0.967336
vt 0.141364 0.967336
vt 0.113365 0.981149
vt 0.003189 0.608148
vt 0.019539 0.608148
vt 0.015237 0.616095
vt 0.019358 0.095290
vt 0.014799 0.081260
vt 0.035201 0.075922
vt 0.054590 0.504020
vt 0.061066 0.479850
vt 0.060554 0.511564
vt 0.111474 0.454837
vt 0.192917 0.601276
vt 0.458693 0.007928
vt 0.717759 0.093655
vt 0.697963 0.114425
vt 0.688910 0.101496
vt 0.407261 0.389013
vt 0.365550 0.425483
vt 0.320875 0.401859
vt 0.417815 0.013859
vt 0.439256 0.032280
vt 0.417815 0.033615
vt 0.353892 0.484268
vt 0.343818 0.458415
vt 0.351182 0.457910
vt 0.437467 0.015567
vt 0.925614 0.419861
vt 0.911181 0.348465
vt 0.927193 0.342637
vt 0.005247 0.728014
vt 0.018490 0.728014
vt 0.007152 0.744714
vt 0.952610 0.930839
vt 0.976363 0.898146
vt 0.996380 0.932662
vt 0.737858 0.113771
vt 0.772829 0.944052
vt 0.780595 0.958427
vt 0.763410 0.967564
vt 0.934839 0.350134
vt 0.611506 0.119388
vt 0.573805 0.125751
vt 0.751076 0.966929
vt 0.742133 0.952969
vt 0.972547 0.959172
vt 0.941963 0.980076
vt 0.940582 0.959172
vt 0.357054 0.462920
vt 0.356336 0.499895
vt 0.114339 0.919606
vt 0.152833 0.907098
vt 0.150416 0.932295
vt 0.074165 0.014185
vt 0.074165 0.030764
vt 0.054118 0.028800
vt 0.115500 0.134596
vt 0.113769 0.109848
vt 0.146332 0.133888
vt 0.407530 0.364752
vt 0.024625 0.461765
vt 0.024625 0.482679
vt 0.016284 0.464803
vt 0.935241 0.376584
vt 0.485782 0.040834
vt 0.487083 0.021287
vt 0.493229 0.027399
vt 0.065347 0.060866
vt 0.083253 0.064023
vt 0.064346 0.073176
vt 0.618021 0.784548
vt 0.594547 0.789231
vt 0.539802 0.784442
vt 0.473942 0.022929
vt 0.080042 0.041675
vt 0.063717 0.041471
vt 0.314066 0.035834
vt 0.288459 0.035834
vt 0.294432 0.031338
vt 0.300046 0.377912
vt 0.052477 0.221037
vt 0.034897 0.213209
vt 0.037627 0.200176
vt 0.643986 0.903336
vt 0.641083 0.832523
vt 0.779090 0.022338
vt 0.786326 0.030962
vt 0.766199 0.031792
vt 0.021204 0.966187
vt 0.017180 0.977243
vt 0.017381 0.957100
vt 0.354645 0.444898
vt 0.433374 0.899958
vt 0.416188 0.897487
vt 0.406635 0.873842
vt 0.972550 0.980727
vt 0.768126 0.021238
vt 0.074928 0.257375
vt 0.059759 0.260351
vt 0.062721 0.250040
vt 0.051343 0.459134
vt 0.044123 0.461068
vt 0.035020 0.459216
vt 0.024951 0.124561
vt 0.024951 0.101196
vt 0.030605 0.103760
vt 0.813572 0.583986
vt 0.811794 0.699348
vt 0.115359 0.631057
vt 0.110074 0.655923
vt 0.042945 0.491026
vt 0.041184 0.508640
vt 0.032859 0.497086
vt 0.695762 0.081307
vt 0.663187 0.100753
vt 0.665466 0.085565
vt 0.472658 0.899606
vt 0.975218 0.681131
vt 0.946877 0.667766
vt 0.960514 0.662972
vt 0.685753 0.101480
vt 0.911082 0.386357
vt 0.113921 0.620860
vt 0.126148 0.613268
vt 0.163793 0.025642
vt 0.169159 0.009129
vt 0.175601 0.027235
vt 0.175414 0.014360
vt 0.710045 0.090027
vt 0.698494 0.096653
vt 0.442990 0.999134
vt 0.467440 0.992583
vt 0.470646 0.999336
vt 0.081644 0.276727
vt 0.312924 0.415184
vt 0.707314 0.288919
vt 0.786377 0.270212
vt 0.792245 0.292113
vt 0.360961 0.030759
vt 0.359202 0.037323
vt 0.344823 0.026924
vt 0.456877 0.013709
vt 0.443375 0.016089
vt 0.435547 0.013804
vt 0.633232 0.805962
vt 0.530910 0.804807
vt 0.049884 0.506091
vt 0.082238 0.263388
vt 0.068267 0.247091
vt 0.070178 0.236253
vt 0.081300 0.232068
vt 0.049088 0.031813
vt 0.049088 0.012632
vt 0.058993 0.022332
vt 0.467232 0.991462
vt 0.495394 0.991462
vt 0.477686 0.994901
vt 0.692095 0.076298
vt 0.052557 0.514530
vt 0.414452 0.262966
vt 0.303730 0.262865
vt 0.521720 0.041399
vt 0.502865 0.025772
vt 0.524037 0.031366
vt 0.500711 0.032541
vt 0.425329 0.900734
vt 0.451380 0.905327
vt 0.381448 0.902949
vt 0.155373 0.977622
vt 0.148812 0.959598
vt 0.168736 0.967217
vt 0.074069 0.732629
vt 0.054223 0.741884
vt 0.047143 0.732359
vt 0.300109 0.440628
vt 0.652352 0.902721
vt 0.074361 0.230552
vt 0.673239 0.047670
vt 0.693415 0.075685
vt 0.670820 0.075319
vt 0.083170 0.267178
vt 0.020654 0.747094
vt 0.013743 0.750317
vt 0.007628 0.746653
vt 0.337524 0.037722
vt 0.056535 0.508659
vt 0.020162 0.649612
vt 0.020162 0.668065
vt 0.009131 0.655641
vt 0.171505 0.989056
vt 0.938445 0.646142
vt 0.065503 0.508478
vt 0.063790 0.528059
vt 0.064280 0.494668
vt 0.435973 0.787081
vt 0.463942 0.815050
vt 0.948677 0.981468
vt 0.972695 0.994506
vt 0.949932 0.995805
vt 0.454815 0.904946
vt 0.997385 0.228030
vt 0.990640 0.230221
vt 0.989989 0.221799
vt 0.771786 0.000076
vt 0.780234 0.000076
vt 0.773400 0.003460
vt 0.132576 0.749424
vt 0.134926 0.731492
vt 0.136111 0.743300
vt 0.343019 0.025388
vt 0.358922 0.013834
vt 0.361021 0.029095
vt 0.713664 0.045683
vt 0.935893 0.662939
vt 0.143647 0.989392
vt 0.133656 0.705122
vt 0.717564 0.089166
vt 0.062497 0.594314
vt 0.055685 0.575599
vt 0.061799 0.562252
vt 0.626868 0.795277
vt 0.729193 0.794407
vt 0.975060 0.982743
vt 0.008941 0.929206
vt 0.000699 0.923218
vt 0.010412 0.915238
vt 0.935266 0.420242
vt 0.059392 0.166006
vt 0.038588 0.166006
vt 0.045769 0.140055
vt 0.049927 0.378022
vt 0.049927 0.407332
vt 0.041993 0.403216
vt 0.063823 0.492456
vt 0.068756 0.459812
vt 0.095773 0.479441
vt 0.909683 0.428575
vt 0.785005 0.175063
vt 0.757145 0.175063
vt 0.805276 0.170870
vt 0.928571 0.945799
vt 0.917366 0.911272
vt 0.007285 0.122540
vt 0.010277 0.117359
vt 0.020493 0.122074
vt 0.818108 0.159735
vt 0.287513 0.009117
vt 0.300871 0.004777
vt 0.299800 0.017950
vt 0.758561 0.156492
vt 0.766875 0.155380
vt 0.117918 0.254515
vt 0.118436 0.284181
vt 0.097221 0.254203
vt 0.777884 0.155240
vt 0.463953 0.072588
vt 0.419380 0.072588
vt 0.462630 0.063776
vt 0.075578 0.503825
vt 0.814908 0.292920
vt 0.408228 0.787955
vt 0.631245 0.126572
vt 0.651841 0.858786
vt 0.796024 0.592168
vt 0.097084 0.620728
vt 0.395881 0.278549
vt 0.505913 0.784950
vt 0.681363 0.763814
vt 0.934654 0.925904
vt 0.645349 0.234653
vt 0.710075 0.237036
vt 0.695732 0.243309
vt 0.679245 0.967636
vt 0.644997 0.967636
vt 0.651651 0.960142
vt 0.896750 0.470141
vt 0.885132 0.489882
vt 0.866049 0.468688
vt 0.880162 0.454095
vt 0.305352 0.277758
vt 0.283065 0.283355
vt 0.296175 0.254991
vt 0.854765 0.490964
vt 0.866194 0.502724
vt 0.633365 0.219589
vt 0.715547 0.216871
vt 0.313805 0.291599
vt 0.322628 0.307683
vt 0.298078 0.291070
vt 0.139036 0.077749
vt 0.126996 0.090210
vt 0.129170 0.075308
vt 0.183599 0.585714
vt 0.193787 0.547689
vt 0.191852 0.589873
vt 0.631175 0.869041
vt 0.629903 0.905488
vt 0.613269 0.863704
vt 0.394730 0.705726
vt 0.415283 0.712022
vt 0.379922 0.739262
vt 0.184571 0.551479
vt 0.272868 0.254592
vt 0.403183 0.738786
vt 0.920847 0.810208
vt 0.908369 0.805704
vt 0.921510 0.777523
vt 0.307792 0.317764
vt 0.155045 0.080608
vt 0.515018 0.958950
vt 0.503422 0.971830
vt 0.497074 0.951763
vt 0.883156 0.511363
vt 0.034099 0.157875
vt 0.014891 0.157875
vt 0.020282 0.137074
vt 0.909923 0.777948
vt 0.905973 0.744530
vt 0.279510 0.316732
vt 0.427581 0.696098
vt 0.130617 0.046153
vt 0.120712 0.051124
vt 0.614193 0.249056
vt 0.619164 0.267610
vt 0.524270 0.263883
vt 0.907004 0.834763
vt 0.518583 0.978540
vt 0.895661 0.803000
vt 0.646133 0.249800
vt 0.265805 0.292326
vt 0.567698 0.206490
vt 0.615010 0.193566
vt 0.649979 0.218051
vt 0.898597 0.785563
vt 0.414849 0.690730
vt 0.440378 0.713750
vt 0.268743 0.283417
vt 0.263920 0.269847
vt 0.645963 0.262117
vt 0.570606 0.215856
vt 0.423858 0.682223
vt 0.898043 0.752484
vt 0.858096 0.551460
vt 0.299359 0.335457
vt 0.577941 0.196899
vt 0.580886 0.041438
vt 0.618104 0.041438
vt 0.602033 0.043916
vt 0.152037 0.822411
vt 0.167649 0.828094
vt 0.127300 0.827923
vt 0.443165 0.701571
vt 0.249089 0.251146
vt 0.182813 0.566091
vt 0.180960 0.525784
vt 0.623342 0.258622
vt 0.637795 0.249409
vt 0.636279 0.246881
vt 0.252454 0.335723
vt 0.389805 0.589525
vt 0.513512 0.726436
vt 0.302349 0.701839
vt 0.676181 0.266463
vt 0.291468 0.635857
vt 0.304492 0.624928
vt 0.015793 0.828512
vt 0.032692 0.816234
vt 0.024506 0.838816
vt 0.074365 0.091949
vt 0.101393 0.111586
vt 0.077476 0.109360
vt 0.044487 0.560910
vt 0.025289 0.565514
vt 0.025289 0.540492
vt 0.020467 0.668792
vt 0.035357 0.667839
vt 0.043338 0.670743
vt 0.032160 0.513010
vt 0.029456 0.510741
vt 0.031411 0.488000
vt 0.044316 0.886494
vt 0.044316 0.909319
vt 0.027608 0.887098
vt 0.026619 0.901985
vt 0.026391 0.910475
vt 0.045418 0.540042
vt 0.119272 0.241690
vt 0.139404 0.249213
vt 0.119272 0.249023
vt 0.114027 0.246049
vt 0.102652 0.250846
vt 0.017389 0.623404
vt 0.006584 0.629025
vt 0.004087 0.626529
vt 0.532927 0.008068
vt 0.540193 0.016776
vt 0.532433 0.026024
vt 0.129418 0.821514
vt 0.119273 0.799758
vt 0.161154 0.798183
vt 0.929918 0.842871
vt 0.949304 0.839453
vt 0.953921 0.842637
vt 0.035033 0.675427
vt 0.029183 0.674328
vt 0.015727 0.181177
vt 0.027981 0.159227
vt 0.028630 0.178902
vt 0.988320 0.358955
vt 0.988320 0.407551
vt 0.981882 0.357600
vt 0.981413 0.206886
vt 0.989108 0.158266
vt 0.989294 0.206886
vt 0.983156 0.158321
vt 0.024749 0.679189
vt 0.017898 0.694221
vt 0.003082 0.694221
vt 0.018130 0.686343
vt 0.107898 0.244479
vt 0.196251 0.341009
vt 0.189156 0.346865
vt 0.187263 0.340537
vt 0.174875 0.351970
vt 0.982007 0.357033
vt 0.981474 0.308415
vt 0.989381 0.315210
vt 0.054501 0.608916
vt 0.037418 0.604339
vt 0.052590 0.583003
vt 0.981925 0.406471
vt 0.022029 0.426137
vt 0.010775 0.410648
vt 0.023063 0.404671
vt 0.180284 0.356754
vt 0.196301 0.347336
vt 0.172386 0.393806
vt 0.040973 0.583744
vt 0.104182 0.228447
vt 0.774334 0.019921
vt 0.774982 0.006651
vt 0.780575 0.006651
vt 0.013207 0.628454
vt 0.130445 0.242109
vt 0.993833 0.704433
vt 0.983945 0.704805
vt 0.987064 0.687114
vt 0.990748 0.355317
vt 0.829725 0.004594
vt 0.836326 0.006303
vt 0.830794 0.010095
vt 0.987691 0.307108
vt 0.020298 0.691242
vt 0.995452 0.752405
vt 0.988958 0.752405
vt 0.995789 0.743411
vt 0.003805 0.684183
vt 0.013473 0.681829
vt 0.545152 0.015820
vt 0.162040 0.820433
vt 0.015309 0.159761
vt 0.037515 0.681274
vt 0.990147 0.821535
vt 0.990147 0.814828
vt 0.994702 0.820613
vt 0.539531 0.007309
vt 0.993541 0.687578
vt 0.053848 0.763066
vt 0.067135 0.761904
vt 0.053572 0.785332
vt 0.107572 0.238852
vt 0.988976 0.367624
vt 0.988976 0.358134
vt 0.994862 0.362380
vt 0.180380 0.391416
vt 0.293135 0.028867
vt 0.295337 0.016376
vt 0.298279 0.031099
vt 0.007947 0.656313
vt 0.011931 0.661061
vt 0.004053 0.661364
vt 0.716465 0.003532
vt 0.711818 0.003532
vt 0.712770 0.001518
vt 0.011438 0.864848
vt 0.018538 0.866357
vt 0.007725 0.869495
vt 0.131055 0.231910
vt 0.141288 0.232237
vt 0.995741 0.805896
vt 0.990117 0.799386
vt 0.995741 0.799009
vt 0.143295 0.085936
vt 0.143295 0.127700
vt 0.122867 0.111642
vt 0.990187 0.806546
vt 0.988555 0.742039
vt 0.057527 0.755577
vt 0.010071 0.698474
vt 0.031307 0.298572
vt 0.039695 0.304677
vt 0.033489 0.306713
vt 0.990033 0.827525
vt 0.990033 0.822475
vt 0.994816 0.826417
vt 0.022397 0.078093
vt 0.020293 0.074449
vt 0.032738 0.074432
vt 0.782231 0.022137
vt 0.028487 0.301980
vt 0.158429 0.196966
vt 0.157651 0.148101
vt 0.167601 0.148101
vt 0.996957 0.177023
vt 0.989911 0.177023
vt 0.990324 0.167926
vt 0.298254 0.021203
vt 0.107263 0.953477
vt 0.139900 0.953088
vt 0.112800 0.965352
vt 0.820239 0.013083
vt 0.140212 0.966609
vt 0.039532 0.322640
vt 0.050562 0.012285
vt 0.050061 0.007890
vt 0.060344 0.004147
vt 0.029190 0.321682
vt 0.991371 0.560836
vt 0.990426 0.600956
vt 0.982871 0.600956
vt 0.000695 0.656453
vt 0.860512 0.000216
vt 0.859751 0.002309
vt 0.848073 0.000590
vt 0.031265 0.750309
vt 0.021505 0.753861
vt 0.017725 0.749675
vt 0.983210 0.560258
vt 0.166525 0.189704
vt 0.164946 0.198364
vt 0.020155 0.629626
vt 0.026462 0.685630
vt 0.990184 0.609228
vt 0.984178 0.609439
vt 0.000068 0.915168
vt 0.002068 0.908197
vt 0.003608 0.918571
vt 0.506619 0.016528
vt 0.502687 0.013775
vt 0.523575 0.014470
vt 0.009527 0.913420
vt 0.550374 0.008363
vt 0.550901 0.024540
vt 0.596783 0.019781
vt 0.591567 0.024158
vt 0.574429 0.020783
vt 0.546524 0.008094
vt 0.741467 0.967505
vt 0.710723 0.962084
vt 0.745338 0.960273
vt 0.067095 0.785096
vt 0.130220 0.869990
vt 0.113714 0.856337
vt 0.118544 0.838311
vt 0.142852 0.865075
vt 0.140061 0.837673
vt 0.060546 0.018580
vt 0.983144 0.500844
vt 0.993319 0.499954
vt 0.985102 0.509425
vt 0.993126 0.508535
vt 0.996348 0.930094
vt 0.985057 0.896674
vt 0.996348 0.898875
vt 0.034727 0.686598
vt 0.042948 0.689267
vt 0.119517 0.228963
vt 0.052219 0.460909
vt 0.052219 0.430505
vt 0.074256 0.457024
vt 0.116925 0.829084
vt 0.981429 0.459262
vt 0.991493 0.459295
vt 0.074548 0.434831
vt 0.984965 0.905012
vt 0.794081 0.034573
vt 0.787024 0.025085
vt 0.791813 0.024751
vt 0.573050 0.019817
vt 0.573720 0.023618
vt 0.551533 0.023018
vt 0.794794 0.046461
vt 0.117519 0.829000
vt 0.140709 0.829360
vt 0.037633 0.050263
vt 0.037382 0.072016
vt 0.022947 0.072016
vt 0.047755 0.257624
vt 0.047755 0.286748
vt 0.040629 0.257192
vt 0.021458 0.049701
vt 0.590591 0.055159
vt 0.613190 0.047540
vt 0.598074 0.064076
vt 0.624639 0.026829
vt 0.647320 0.034198
vt 0.621367 0.047414
vt 0.637186 0.064017
vt 0.020723 0.691757
vt 0.026682 0.685928
vt 0.639306 0.982081
vt 0.639306 0.993437
vt 0.634364 0.979389
vt 0.635612 0.994967
vt 0.645208 0.998933
vt 0.644601 0.976369
vt 0.643135 0.970713
vt 0.648875 0.988183
vt 0.663616 0.995719
vt 0.660498 0.994400
vt 0.660253 0.980693
vt 0.654982 0.999489
vt 0.663520 0.977422
vt 0.654773 0.970894
vt 0.654098 0.976338
vt 0.013402 0.648878
vt 0.001079 0.648307
vt 0.010790 0.641700
vt 0.060234 0.399552
vt 0.071491 0.402642
vt 0.061660 0.404873
vt 0.064017 0.393428
vt 0.002770 0.895936
vt 0.002770 0.890428
vt 0.014401 0.890851
vt 0.059908 0.951561
vt 0.061949 0.961977
vt 0.044617 0.961977
vt 0.219224 0.012213
vt 0.220188 0.018979
vt 0.204559 0.018979
vt 0.000234 0.641526
vt 0.207351 0.010819
vt 0.985064 0.846618
vt 0.972386 0.847254
vt 0.972386 0.839615
vt 0.073604 0.392198
vt 0.001539 0.346538
vt 0.012097 0.346538
vt 0.009634 0.358512
vt 0.047896 0.951839
vt 0.990745 0.842197
vt 0.369563 0.894530
vt 0.365226 0.879308
vt 0.379183 0.883065
vt 0.361590 0.890744
vt 0.072599 0.375620
vt 0.346691 0.878866
vt 0.061751 0.933982
vt 0.060606 0.373915
vt 0.045757 0.935368
vt 0.845447 0.979133
vt 0.826200 0.976081
vt 0.827763 0.970247
vt 0.417154 0.019081
vt 0.396482 0.019081
vt 0.415541 0.013747
vt 0.185464 0.986067
vt 0.191650 0.996139
vt 0.186350 0.997861
vt 0.334113 0.894168
vt 0.180462 0.987427
vt 0.427036 0.004240
vt 0.428569 0.012932
vt 0.415320 0.006145
vt 0.816166 0.973256
vt 0.626979 0.026236
vt 0.626913 0.014123
vt 0.635713 0.015048
vt 0.812634 0.980258
vt 0.414865 0.012742
vt 0.332434 0.901832
vt 0.676974 0.038771
vt 0.676974 0.019310
vt 0.698784 0.020543
vt 0.079900 0.854439
vt 0.074979 0.854870
vt 0.076453 0.841412
vt 0.083436 0.860028
vt 0.634620 0.012652
vt 0.206407 0.983452
vt 0.247940 0.013592
vt 0.233878 0.018161
vt 0.241481 0.006082
vt 0.103390 0.030253
vt 0.098220 0.030624
vt 0.093610 0.024279
vt 0.112849 0.120728
vt 0.099497 0.134064
vt 0.085959 0.134064
vt 0.359605 0.902448
vt 0.100143 0.022371
vt 0.083606 0.827515
vt 0.095109 0.020387
vt 0.080982 0.827302
vt 0.077403 0.826336
vt 0.114601 0.134322
vt 0.819481 0.000145
vt 0.815788 0.000468
vt 0.809307 0.000037
vt 0.395919 0.013667
vt 0.395919 0.027243
vt 0.390949 0.015804
vt 0.079339 0.121419
vt 0.109595 0.706358
vt 0.075759 0.706358
vt 0.101258 0.694147
vt 0.047708 0.699993
vt 0.048829 0.707870
vt 0.042369 0.707191
vt 0.258216 0.021821
vt 0.254430 0.024007
vt 0.254528 0.014772
vt 0.043950 0.962860
vt 0.053019 0.962860
vt 0.048730 0.990170
vt 0.092569 0.013821
vt 0.042439 0.800898
vt 0.046648 0.791635
vt 0.054564 0.796391
vt 0.971700 0.948948
vt 0.938521 0.957820
vt 0.940404 0.948948
vt 0.989639 0.672331
vt 0.995334 0.676470
vt 0.987494 0.684234
vt 0.936049 0.927932
vt 0.038458 0.694054
vt 0.254247 0.032198
vt 0.051754 0.805765
vt 0.261409 0.028960
vt 0.062708 0.797296
vt 0.055907 0.807524
vt 0.972032 0.958432
vt 0.051084 0.692938
vt 0.046219 0.688595
vt 0.063057 0.689119
vt 0.071703 0.786921
vt 0.131680 0.973766
vt 0.123657 0.998456
vt 0.119835 0.979518
vt 0.506905 0.912803
vt 0.536299 0.917986
vt 0.496700 0.920668
vt 0.009161 0.981065
vt 0.021143 0.977886
vt 0.021142 0.996356
vt 0.494509 0.912665
vt 0.073054 0.133864
vt 0.056212 0.157045
vt 0.047653 0.140678
vt 0.012139 0.994990
vt 0.070492 0.500530
vt 0.070492 0.533813
vt 0.066376 0.508654
vt 0.518268 0.937350
vt 0.554607 0.936081
vt 0.555470 0.949777
vt 0.284350 0.999390
vt 0.287283 0.990509
vt 0.290480 0.994247
vt 0.078608 0.859258
vt 0.053210 0.867510
vt 0.053832 0.859533
vt 0.315785 0.108820
vt 0.310346 0.139665
vt 0.289999 0.115766
vt 0.340927 0.138260
vt 0.345355 0.112965
vt 0.111049 0.187256
vt 0.076829 0.187256
vt 0.081903 0.177895
vt 0.121061 0.610936
vt 0.097121 0.619649
vt 0.097946 0.582371
vt 0.034930 0.638811
vt 0.031819 0.656452
vt 0.032930 0.631700
vt 0.655972 0.889112
vt 0.673666 0.894632
vt 0.668313 0.902346
vt 0.664742 0.886578
vt 0.110537 0.135061
vt 0.101534 0.163530
vt 0.101639 0.154141
vt 0.093981 0.148763
vt 0.103526 0.670160
vt 0.091494 0.665879
vt 0.099789 0.657585
vt 0.125420 0.659162
vt 0.654112 0.859775
vt 0.991190 0.052289
vt 0.961798 0.041650
vt 0.991190 0.042139
vt 0.110138 0.120078
vt 0.080406 0.119040
vt 0.113029 0.108709
vt 0.116488 0.586126
vt 0.749263 0.065114
vt 0.716326 0.045492
vt 0.749263 0.045811
vt 0.311104 0.998814
vt 0.388367 0.004166
vt 0.388367 0.019066
vt 0.380825 0.013527
vt 0.097198 0.680156
vt 0.116497 0.669817
vt 0.029794 0.400295
vt 0.024276 0.395665
vt 0.038727 0.399235
vt 0.663078 0.860505
vt 0.753635 0.051536
vt 0.096095 0.062935
vt 0.109002 0.067633
vt 0.093452 0.066967
vt 0.503852 0.849804
vt 0.519357 0.851161
vt 0.501754 0.862297
vt 0.043400 0.395705
vt 0.094197 0.734340
vt 0.081041 0.707656
vt 0.092097 0.719396
vt 0.518428 0.865177
vt 0.108226 0.063499
vt 0.119485 0.064416
vt 0.530289 0.852016
vt 0.491935 0.860368
vt 0.495148 0.846215
vt 0.054040 0.630922
vt 0.052455 0.638890
vt 0.370943 0.921110
vt 0.372820 0.912783
vt 0.376251 0.918635
vt 0.012547 0.343877
vt 0.011151 0.327919
vt 0.020368 0.344392
vt 0.960830 0.050194
vt 0.021173 0.326315
vt 0.528348 0.866982
vt 0.721824 0.997932
vt 0.723057 0.983846
vt 0.738730 0.997207
vt 0.632071 0.124278
vt 0.677737 0.110622
vt 0.688706 0.126288
vt 0.193058 0.259785
vt 0.253406 0.258293
vt 0.253406 0.271268
vt 0.120132 0.058085
vt 0.112805 0.057869
vt 0.030620 0.815894
vt 0.013893 0.828046
vt 0.013320 0.818695
vt 0.644064 0.028065
vt 0.649693 0.018316
vt 0.650380 0.033199
vt 0.735197 0.983561
vt 0.479170 0.845086
vt 0.482742 0.853868
vt 0.630991 0.153655
vt 0.753698 0.060135
vt 0.084762 0.063345
vt 0.091651 0.053583
vt 0.709755 0.995610
vt 0.946738 0.989150
vt 0.947916 0.995830
vt 0.920633 0.988106
vt 0.219664 0.744325
vt 0.207833 0.684021
vt 0.219664 0.683958
vt 0.920265 0.996237
vt 0.084251 0.148342
vt 0.010413 0.576771
vt 0.007297 0.586361
vt 0.000699 0.584300
vt 0.620313 0.087159
vt 0.649143 0.069962
vt 0.663967 0.087628
vt 0.194089 0.272010
vt 0.098960 0.720222
vt 0.674583 0.156045
vt 0.454054 0.862271
vt 0.715865 0.982876
vt 0.578925 0.005758
vt 0.589279 0.005758
vt 0.575764 0.019495
vt 0.083908 0.051846
vt 0.783041 0.019522
vt 0.783041 0.005730
vt 0.790192 0.007343
vt 0.009260 0.281124
vt 0.009260 0.261805
vt 0.009932 0.273315
vt 0.459972 0.869561
vt 0.621443 0.068938
vt 0.100652 0.733910
vt 0.106123 0.707144
vt 0.635582 0.110869
vt 0.716553 0.063747
vt 0.762966 0.061634
vt 0.931816 0.015444
vt 0.916669 0.015417
vt 0.926813 0.006778
vt 0.122667 0.679290
vt 0.590902 0.018990
vt 0.917153 0.008026
vt 0.333850 0.912728
vt 0.113909 0.734775
vt 0.051113 0.655465
vt 0.000738 0.802165
vt 0.008858 0.810401
vt 0.092698 0.690937
vt 0.163206 0.825618
vt 0.173690 0.766301
vt 0.174511 0.825618
vt 0.459461 0.929074
vt 0.417306 0.929074
vt 0.422109 0.921936
vt 0.207609 0.740978
vt 0.016571 0.951423
vt 0.016571 0.958927
vt 0.003242 0.951174
vt 0.932559 0.978323
vt 0.903175 0.979162
vt 0.903175 0.960232
vt 0.385233 0.954228
vt 0.375657 0.983651
vt 0.360727 0.972032
vt 0.943737 0.037797
vt 0.943274 0.052896
vt 0.926645 0.052896
vt 0.003126 0.958579
vt 0.689908 0.115257
vt 0.746865 0.115601
vt 0.745897 0.126662
vt 0.917879 0.036498
vt 0.381461 0.975134
vt 0.095750 0.042468
vt 0.126688 0.693063
vt 0.008008 0.139108
vt 0.015038 0.142844
vt 0.008966 0.147255
vt 0.075827 0.162322
vt 0.083770 0.161784
vt 0.103653 0.689529
vt 0.919662 0.046650
vt 0.033036 0.107101
vt 0.051785 0.131591
vt 0.033036 0.130998
vt 0.000619 0.145272
vt 0.076611 0.134955
vt 0.096098 0.046245
vt 0.935209 0.960609
vt 0.781539 0.952566
vt 0.802270 0.980239
vt 0.781539 0.981273
vt 0.314875 0.039689
vt 0.327095 0.024787
vt 0.337145 0.031824
vt 0.116584 0.042902
vt 0.193325 0.697174
vt 0.162560 0.708372
vt 0.192413 0.664415
vt 0.811844 0.981204
vt 0.053833 0.105782
vt 0.950886 0.587682
vt 0.950886 0.641651
vt 0.939518 0.586553
vt 0.161348 0.771681
vt 0.163086 0.756603
vt 0.161675 0.709156
vt 0.173893 0.716271
vt 0.174183 0.755239
vt 0.689499 0.126630
vt 0.117423 0.688729
vt 0.910470 0.058943
vt 0.916467 0.051663
vt 0.943241 0.058837
vt 0.013713 0.469775
vt 0.024241 0.484266
vt 0.010608 0.483284
vt 0.940103 0.642234
vt 0.877920 0.126170
vt 0.879039 0.113371
vt 0.934301 0.127538
vt 0.160211 0.660961
vt 0.934707 0.114740
vt 0.335818 0.045221
vt 0.324723 0.047941
vt 0.018119 0.260358
vt 0.003093 0.255476
vt 0.009508 0.249743
vt 0.667566 0.069043
vt 0.315177 0.028590
vt 0.814421 0.953947
vt 0.165787 0.768622
vt 0.898173 0.054020
vt 0.161386 0.648699
vt 0.193325 0.651201
vt 0.007606 0.797175
vt 0.116458 0.689512
vt 0.125423 0.694436
vt 0.861376 0.971020
vt 0.861874 0.965332
vt 0.872644 0.975031
vt 0.850136 0.971042
vt 0.847962 0.965783
vt 0.843542 0.976587
vt 0.839982 0.975024
vt 0.021970 0.427100
vt 0.023053 0.440977
vt 0.019450 0.441613
vt 0.183493 0.007000
vt 0.187058 0.020035
vt 0.183493 0.019210
vt 0.594420 0.009201
vt 0.608886 0.008313
vt 0.608886 0.019465
vt 0.010818 0.426958
vt 0.010428 0.442105
vt 0.195463 0.004712
vt 0.591619 0.018698
vt 0.195799 0.017749
vt 0.260852 0.042455
vt 0.274831 0.032291
vt 0.273036 0.044385
vt 0.291673 0.042349
vt 0.280475 0.052523
vt 0.009270 0.445264
vt 0.156023 0.201506
vt 0.141072 0.186302
vt 0.152833 0.183413
vt 0.150260 0.171461
vt 0.284605 0.031315
vt 0.882864 0.000137
vt 0.884794 0.002893
vt 0.871772 0.002170
vt 0.021930 0.197289
vt 0.033182 0.216835
vt 0.021930 0.217583
vt 0.019064 0.908547
vt 0.006000 0.909546
vt 0.003158 0.897236
vt 0.140441 0.216418
vt 0.036655 0.195549
vt 0.328397 0.929736
vt 0.333608 0.913698
vt 0.373623 0.929411
vt 0.520348 0.947998
vt 0.516583 0.957888
vt 0.498152 0.950813
vt 0.032131 0.138255
vt 0.025445 0.138255
vt 0.028918 0.114776
vt 0.053769 0.074323
vt 0.055315 0.080828
vt 0.041807 0.082010
vt 0.448103 0.952737
vt 0.451372 0.964940
vt 0.421323 0.962840
vt 0.013965 0.892474
vt 0.418324 0.954065
vt 0.049387 0.171180
vt 0.042064 0.193718
vt 0.028896 0.163858
vt 0.073726 0.934384
vt 0.078429 0.953558
vt 0.073259 0.967636
vt 0.062090 0.101360
vt 0.057541 0.071269
vt 0.062090 0.071552
vt 0.039634 0.075898
vt 0.010200 0.124928
vt 0.021842 0.122944
vt 0.024648 0.126536
vt 0.527606 0.960228
vt 0.082530 0.967413
vt 0.086195 0.960280
vt 0.054071 0.101458
vt 0.052825 0.102444
vt 0.085235 0.955967
vt 0.081647 0.951675
vt 0.693206 0.954358
vt 0.662822 0.953833
vt 0.664073 0.939544
vt 0.526855 0.967659
vt 0.030161 0.446790
vt 0.036831 0.456141
vt 0.029935 0.453273
vt 0.689274 0.029884
vt 0.709565 0.044627
vt 0.679324 0.046378
vt 0.040198 0.098731
vt 0.040645 0.439528
vt 0.042025 0.434897
vt 0.016316 0.142207
vt 0.517610 0.965035
vt 0.039625 0.450352
vt 0.095339 0.957017
vt 0.496357 0.952008
vt 0.457684 0.952008
vt 0.466378 0.935871
vt 0.701319 0.938572
vt 0.010992 0.341168
vt 0.000120 0.341168
vt 0.010278 0.328529
vt 0.043303 0.455231
vt 0.995208 0.013403
vt 0.985049 0.013403
vt 0.995254 0.007305
vt 0.002122 0.022739
vt 0.014778 0.027882
vt 0.002122 0.028179
vt 0.041443 0.999811
vt 0.032526 0.990696
vt 0.044413 0.990671
vt 0.015554 0.021821
vt 0.827851 0.000187
vt 0.832307 0.003307
vt 0.826808 0.003165
vt 0.094757 0.738288
vt 0.063829 0.728239
vt 0.076604 0.707167
vt 0.050368 0.457527
vt 0.100252 0.963133
vt 0.823526 0.003348
vt 0.120961 0.481561
vt 0.119248 0.529045
vt 0.105313 0.492930
vt 0.000514 0.497776
vt 0.000514 0.489728
vt 0.010598 0.497606
vt 0.028573 0.995391
vt 0.023548 0.993019
vt 0.006610 0.489598
vt 0.742477 0.016645
vt 0.741414 0.009081
vt 0.755050 0.011832
vt 0.820218 0.000468
vt 0.102633 0.953617
vt 0.106539 0.953646
vt 0.753496 0.004567
vt 0.003672 0.757209
vt 0.009965 0.756683
vt 0.009965 0.769580
vt 0.021748 0.986984
vt 0.724437 0.971615
vt 0.722211 0.967331
vt 0.727646 0.966176
vt 0.096211 0.499762
vt 0.612697 0.006083
vt 0.621709 0.006545
vt 0.621709 0.020567
vt 0.734130 0.044945
vt 0.710315 0.044945
vt 0.733977 0.029297
vt 0.024654 0.986447
vt 0.611624 0.020684
vt 0.103203 0.939607
vt 0.003990 0.769549
vt 0.724083 0.981299
vt 0.026355 0.971906
vt 0.715914 0.967453
vt 0.694071 0.971314
vt 0.095292 0.331361
vt 0.094085 0.365608
vt 0.077798 0.364184
vt 0.075415 0.335010
vt 0.501719 0.042855
vt 0.547271 0.041648
vt 0.543087 0.048669
vt 0.539770 0.066938
vt 0.073726 0.952816
vt 0.714765 0.975500
vt 0.243911 0.548819
vt 0.241442 0.577038
vt 0.242142 0.502255
vt 0.930680 0.210773
vt 0.929914 0.215117
vt 0.902633 0.207491
vt 0.991797 0.053412
vt 0.952049 0.050659
vt 0.555016 0.952588
vt 0.571490 0.955493
vt 0.532550 0.954426
vt 0.983699 0.610340
vt 0.990605 0.610595
vt 0.988270 0.637284
vt 0.485708 0.811850
vt 0.503939 0.792092
vt 0.497813 0.810791
vt 0.376218 0.954201
vt 0.373865 0.960699
vt 0.365120 0.958191
vt 0.473680 0.829625
vt 0.788455 0.464858
vt 0.758634 0.484761
vt 0.855232 0.988983
vt 0.882569 0.988983
vt 0.854674 0.998390
vt 0.984153 0.637584
vt 0.992182 0.637433
vt 0.882700 0.994941
vt 0.128275 0.528571
vt 0.120210 0.528571
vt 0.122270 0.485571
vt 0.399669 0.167219
vt 0.442719 0.167219
vt 0.378373 0.186186
vt 0.845210 0.034846
vt 0.832011 0.034751
vt 0.830044 0.027409
vt 0.839599 0.027275
vt 0.161122 0.362048
vt 0.146716 0.320936
vt 0.162375 0.316740
vt 0.149387 0.360871
vt 0.297528 0.955418
vt 0.267340 0.950336
vt 0.290978 0.947612
vt 0.085289 0.619516
vt 0.080541 0.592594
vt 0.095902 0.622651
vt 0.451923 0.976148
vt 0.420299 0.979586
vt 0.420299 0.963849
vt 0.864337 0.963925
vt 0.863815 0.953951
vt 0.895276 0.951226
vt 0.394238 0.206518
vt 0.941045 0.207898
vt 0.445364 0.204611
vt 0.886685 0.238065
vt 0.874480 0.240217
vt 0.835537 0.239266
vt 0.359396 0.966887
vt 0.246436 0.622614
vt 0.249716 0.636455
vt 0.230002 0.655496
vt 0.778213 0.452821
vt 0.447449 0.966153
vt 0.492790 0.952962
vt 0.461807 0.963029
vt 0.457715 0.952628
vt 0.005468 0.077581
vt 0.003626 0.071914
vt 0.015061 0.072717
vt 0.984574 0.645188
vt 0.089006 0.588157
vt 0.303367 0.947936
vt 0.358126 0.965321
vt 0.822467 0.028934
vt 0.985500 0.659357
vt 0.994206 0.195658
vt 0.990126 0.196282
vt 0.990126 0.187556
vt 0.490825 0.970320
vt 0.460791 0.980079
vt 0.458670 0.964366
vt 0.220244 0.591474
vt 0.096731 0.587955
vt 0.245823 0.733712
vt 0.235935 0.736361
vt 0.247398 0.719028
vt 0.463395 0.817089
vt 0.949910 0.212848
vt 0.872208 0.541324
vt 0.876521 0.535892
vt 0.866615 0.579154
vt 0.239056 0.718729
vt 0.994723 0.190088
vt 0.256809 0.594304
vt 0.285849 0.611689
vt 0.358991 0.981153
vt 0.902760 0.250708
vt 0.905518 0.243129
vt 0.917995 0.255974
vt 0.808213 0.883863
vt 0.804336 0.877061
vt 0.810008 0.878932
vt 0.290468 0.638356
vt 0.451302 0.970208
vt 0.131576 0.528025
vt 0.131576 0.571470
vt 0.129031 0.560699
vt 0.982565 0.655516
vt 0.883833 0.288685
vt 0.874429 0.275254
vt 0.789346 0.450117
vt 0.916149 0.869910
vt 0.914838 0.854917
vt 0.925566 0.871090
vt 0.461433 0.826323
vt 0.780065 0.448538
vt 0.924641 0.858440
vt 0.293392 0.595389
vt 0.951473 0.206096
vt 0.953932 0.210484
vt 0.897839 0.589450
vt 0.896737 0.614585
vt 0.890848 0.290061
vt 0.879393 0.289463
vt 0.869761 0.637347
vt 0.898845 0.637449
vt 0.772340 0.879297
vt 0.897486 0.804567
vt 0.903756 0.822589
vt 0.911065 0.864042
vt 0.916055 0.331527
vt 0.741906 0.884664
vt 0.800130 0.192493
vt 0.834025 0.192493
vt 0.799581 0.197494
vt 0.247168 0.820777
vt 0.273634 0.799601
vt 0.284191 0.800339
vt 0.771955 0.406586
vt 0.154240 0.519610
vt 0.154240 0.464228
vt 0.156366 0.500646
vt 0.246857 0.650323
vt 0.229406 0.698270
vt 0.241184 0.645972
vt 0.408182 0.800147
vt 0.923652 0.799111
vt 0.428818 0.155709
vt 0.481564 0.155709
vt 0.427817 0.160437
vt 0.827437 0.892165
vt 0.761179 0.894838
vt 0.768175 0.886980
vt 0.245742 0.790867
vt 0.416312 0.793314
vt 0.807102 0.837314
vt 0.742171 0.876601
vt 0.730893 0.834510
vt 0.831822 0.637845
vt 0.810016 0.876080
vt 0.859422 0.192100
vt 0.231082 0.840803
vt 0.842308 0.197799
vt 0.894996 0.880787
vt 0.246544 0.718169
vt 0.835368 0.579593
vt 0.227931 0.837364
vt 0.742747 0.879349
vt 0.911918 0.335658
vt 0.779503 0.393815
vt 0.828240 0.628724
vt 0.829225 0.887539
vt 0.488850 0.161968
vt 0.437712 0.912742
vt 0.401786 0.919076
vt 0.395621 0.913035
vt 0.873147 0.194128
vt 0.829173 0.587955
vt 0.139096 0.779085
vt 0.138100 0.794169
vt 0.132753 0.794169
vt 0.132432 0.750341
vt 0.158689 0.795219
vt 0.137604 0.750236
vt 0.823378 0.584276
vt 0.231859 0.032272
vt 0.229137 0.038864
vt 0.227374 0.035185
vt 0.737619 0.872407
vt 0.059675 0.030438
vt 0.064616 0.031969
vt 0.061633 0.036229
vt 0.825284 0.633149
vt 0.252424 0.030833
vt 0.162013 0.752336
vt 0.142383 0.750385
vt 0.733932 0.881471
vt 0.040434 0.034785
vt 0.764874 0.366754
vt 0.993406 0.066512
vt 0.768211 0.470283
vt 0.248096 0.605571
vt 0.410931 0.111477
vt 0.404117 0.136906
vt 0.355231 0.109784
vt 0.939641 0.449944
vt 0.939641 0.393490
vt 0.952783 0.447644
vt 0.279705 0.534712
vt 0.282607 0.556397
vt 0.241613 0.579121
vt 0.558415 0.163703
vt 0.579071 0.171977
vt 0.559353 0.181585
vt 0.273002 0.088569
vt 0.267383 0.098300
vt 0.220433 0.090890
vt 0.651813 0.194375
vt 0.603279 0.157349
vt 0.652277 0.167803
vt 0.295560 0.545772
vt 0.304347 0.623562
vt 0.016481 0.234471
vt 0.016481 0.251387
vt 0.005236 0.246241
vt 0.317575 0.595076
vt 0.334139 0.614815
vt 0.304268 0.605783
vt 0.370644 0.605494
vt 0.353545 0.615593
vt 0.670439 0.006021
vt 0.658726 0.004997
vt 0.675617 0.004080
vt 0.650118 0.155625
vt 0.358817 0.596125
vt 0.192537 0.543284
vt 0.178794 0.491994
vt 0.194943 0.476918
vt 0.167079 0.012106
vt 0.150093 0.012106
vt 0.162801 0.008601
vt 0.508912 0.037437
vt 0.514551 0.041843
vt 0.498605 0.040660
vt 0.014085 0.140677
vt 0.004097 0.135588
vt 0.009102 0.125484
vt 0.513858 0.162795
vt 0.051027 0.429798
vt 0.051282 0.455555
vt 0.042713 0.438112
vt 0.967756 0.578698
vt 0.951157 0.581624
vt 0.968035 0.537444
vt 0.549307 0.999349
vt 0.520895 0.999349
vt 0.542749 0.996105
vt 0.553606 0.240910
vt 0.631943 0.236534
vt 0.630350 0.240910
vt 0.357081 0.143751
vt 0.492678 0.031895
vt 0.367334 0.584206
vt 0.359348 0.592111
vt 0.013295 0.370630
vt 0.014201 0.367249
vt 0.029129 0.369491
vt 0.058692 0.217208
vt 0.071948 0.220010
vt 0.061653 0.219970
vt 0.919945 0.684109
vt 0.919945 0.593164
vt 0.934096 0.670933
vt 0.024578 0.526578
vt 0.024578 0.543732
vt 0.009766 0.526290
vt 0.202121 0.476392
vt 0.206529 0.477169
vt 0.201552 0.542800
vt 0.015002 0.598634
vt 0.009240 0.604396
vt 0.001665 0.598948
vt 0.131833 0.037488
vt 0.156159 0.029021
vt 0.156551 0.044112
vt 0.049748 0.928292
vt 0.041085 0.916370
vt 0.061945 0.930244
vt 0.041143 0.450365
vt 0.045781 0.909150
vt 0.775979 0.941595
vt 0.812660 0.951839
vt 0.778644 0.951540
vt 0.317231 0.580861
vt 0.620864 0.301672
vt 0.657360 0.303607
vt 0.622681 0.306664
vt 0.489995 0.040473
vt 0.554715 0.151050
vt 0.221653 0.982530
vt 0.221653 0.997267
vt 0.214710 0.988238
vt 0.859034 0.057546
vt 0.851084 0.052661
vt 0.854403 0.049525
vt 0.813920 0.943789
vt 0.952779 0.530497
vt 0.610277 0.316586
vt 0.004106 0.808642
vt 0.011598 0.814086
vt 0.003553 0.813925
vt 0.158636 0.362837
vt 0.141498 0.367632
vt 0.138052 0.367024
vt 0.378677 0.524812
vt 0.813188 0.055529
vt 0.059971 0.479480
vt 0.051559 0.505368
vt 0.041039 0.481699
vt 0.313501 0.544505
vt 0.073455 0.209266
vt 0.365159 0.580295
vt 0.132442 0.044211
vt 0.153538 0.388520
vt 0.018044 0.545427
vt 0.011334 0.676853
vt 0.019376 0.668811
vt 0.019474 0.685668
vt 0.087773 0.228108
vt 0.022569 0.370850
vt 0.013068 0.379578
vt 0.011705 0.372766
vt 0.295558 0.533460
vt 0.030719 0.379655
vt 0.010046 0.488848
vt 0.000161 0.487983
vt 0.009849 0.477819
vt 0.301630 0.530370
vt 0.903516 0.472365
vt 0.950359 0.450178
vt 0.943758 0.468844
vt 0.000201 0.373105
vt 0.010122 0.372907
vt 0.011920 0.379618
vt 0.283928 0.531489
vt 0.164782 0.392435
vt 0.137954 0.402370
vt 0.013750 0.667362
vt 0.975653 0.096070
vt 0.979736 0.118342
vt 0.969616 0.112657
vt 0.025760 0.371612
vt 0.041782 0.366406
vt 0.042926 0.392179
vt 0.165450 0.382318
vt 0.159774 0.406344
vt 0.546196 0.188394
vt 0.606735 0.300081
vt 0.170953 0.380453
vt 0.013949 0.646501
vt 0.010304 0.635282
vt 0.021009 0.641566
vt 0.365821 0.560971
vt 0.016636 0.630317
vt 0.827580 0.261860
vt 0.836733 0.343943
vt 0.809627 0.273519
vt 0.521741 0.196930
vt 0.597104 0.927187
vt 0.638242 0.915129
vt 0.638754 0.927187
vt 0.644879 0.241231
vt 0.644163 0.235032
vt 0.000055 0.477844
vt 0.019870 0.648471
vt 0.000341 0.378818
vt 0.899286 0.453049
vt 0.539070 0.153737
vt 0.171006 0.407956
vt 0.447175 0.011933
vt 0.451097 0.007259
vt 0.464946 0.011546
vt 0.945380 0.475651
vt 0.597918 0.912712
vt 0.952786 0.507397
vt 0.986567 0.108917
vt 0.173157 0.362246
vt 0.667475 0.313703
vt 0.170478 0.391962
vt 0.151316 0.168950
vt 0.142623 0.176244
vt 0.143306 0.153805
vt 0.899235 0.476713
vt 0.852999 0.361372
vt 0.588528 0.045486
vt 0.610892 0.047443
vt 0.564866 0.045867
vt 0.969226 0.130409
vt 0.986835 0.144334
vt 0.281284 0.510480
vt 0.257100 0.507975
vt 0.257100 0.426894
vt 0.272930 0.448795
vt 0.369950 0.523440
vt 0.148075 0.131332
vt 0.079885 0.862754
vt 0.113603 0.860838
vt 0.113603 0.895871
vt 0.098460 0.321674
vt 0.094512 0.304084
vt 0.079326 0.897243
vt 0.726599 0.305971
vt 0.372991 0.492633
vt 0.300111 0.481155
vt 0.309977 0.475316
vt 0.927163 0.477776
vt 0.065681 0.321674
vt 0.853242 0.215687
vt 0.889959 0.215172
vt 0.882650 0.236279
vt 0.335342 0.067992
vt 0.289406 0.067992
vt 0.335194 0.064331
vt 0.862118 0.794250
vt 0.886826 0.754709
vt 0.879254 0.808183
vt 0.140985 0.251764
vt 0.143480 0.215184
vt 0.161500 0.206781
vt 0.761781 0.790044
vt 0.785154 0.829586
vt 0.775415 0.835209
vt 0.152791 0.943009
vt 0.148390 0.952446
vt 0.116906 0.944121
vt 0.167601 0.252310
vt 0.855376 0.773696
vt 0.502241 0.841265
vt 0.492048 0.836513
vt 0.583710 0.839594
vt 0.877238 0.810348
vt 0.826645 0.818746
vt 0.693233 0.830974
vt 0.730079 0.838631
vt 0.695792 0.851821
vt 0.633223 0.218223
vt 0.619164 0.232282
vt 0.541524 0.219871
vt 0.823109 0.780209
vt 0.924868 0.236350
vt 0.871345 0.818933
vt 0.831423 0.832664
vt 0.690603 0.829288
vt 0.604833 0.998849
vt 0.586000 0.997397
vt 0.586000 0.992521
vt 0.664776 0.825251
vt 0.075141 0.647030
vt 0.063723 0.639034
vt 0.081200 0.637904
vt 0.441961 0.999377
vt 0.424447 0.999377
vt 0.442354 0.994490
vt 0.054489 0.665424
vt 0.055930 0.653018
vt 0.979343 0.966406
vt 0.974481 0.953742
vt 0.992185 0.960327
vt 0.917518 0.212640
vt 0.615010 0.991555
vt 0.414717 0.993047
vt 0.607356 0.889197
vt 0.533403 0.889197
vt 0.533048 0.885551
vt 0.663752 0.844269
vt 0.207600 0.101402
vt 0.203081 0.091874
vt 0.214932 0.091252
vt 0.078434 0.303364
vt 0.060685 0.300234
vt 0.085714 0.290575
vt 0.991069 0.981107
vt 0.301704 0.937954
vt 0.339205 0.937954
vt 0.316719 0.947400
vt 0.898024 0.470538
vt 0.886982 0.415772
vt 0.898876 0.371381
vt 0.052639 0.635586
vt 0.691210 0.813596
vt 0.938678 0.224769
vt 0.648203 0.831793
vt 0.666495 0.814846
vt 0.887239 0.390838
vt 0.204283 0.073374
vt 0.873416 0.344830
vt 0.885420 0.300030
vt 0.876053 0.382239
vt 0.798528 0.805716
vt 0.803312 0.782548
vt 0.899532 0.569066
vt 0.899532 0.477398
vt 0.916629 0.548661
vt 0.881305 0.396940
vt 0.886685 0.388287
vt 0.535784 0.765115
vt 0.496817 0.771986
vt 0.409165 0.761853
vt 0.055195 0.291917
vt 0.169552 0.073920
vt 0.902529 0.959383
vt 0.902529 0.925302
vt 0.938380 0.959546
vt 0.173062 0.111474
vt 0.156785 0.079443
vt 0.843567 0.534754
vt 0.843567 0.427872
vt 0.851382 0.456065
vt 0.404047 0.272872
vt 0.457561 0.264375
vt 0.484007 0.266689
vt 0.514135 0.273504
vt 0.191572 0.045493
vt 0.237216 0.046330
vt 0.944918 0.791572
vt 0.965998 0.835544
vt 0.942998 0.828213
vt 0.928447 0.840752
vt 0.208162 0.062083
vt 0.360280 0.086648
vt 0.368672 0.065877
vt 0.404367 0.070143
vt 0.554460 0.930287
vt 0.512712 0.930287
vt 0.554108 0.912642
vt 0.347895 0.078822
vt 0.303685 0.110942
vt 0.278872 0.073401
vt 0.279864 0.667221
vt 0.301954 0.705835
vt 0.152823 0.942194
vt 0.116874 0.942194
vt 0.151329 0.936089
vt 0.267213 0.639114
vt 0.907666 0.206344
vt 0.871764 0.184750
vt 0.899217 0.183131
vt 0.907982 0.190701
vt 0.899050 0.171668
vt 0.256632 0.648345
vt 0.938337 0.170929
vt 0.241205 0.950695
vt 0.237608 0.964123
vt 0.236572 0.933857
vt 0.910751 0.177079
vt 0.731100 0.943094
vt 0.694658 0.954935
vt 0.700821 0.942540
vt 0.937599 0.206078
vt 0.736251 0.942622
vt 0.733843 0.953950
vt 0.700112 0.955357
vt 0.674542 0.027487
vt 0.657696 0.013731
vt 0.677152 0.012684
vt 0.029240 0.233777
vt 0.011158 0.233777
vt 0.028916 0.218748
vt 0.659702 0.027720
vt 0.497127 0.992111
vt 0.502010 0.999085
vt 0.473747 0.999304
vt 0.010659 0.219696
vt 0.295601 0.147158
vt 0.305275 0.149160
vt 0.307625 0.162488
vt 0.789466 0.134129
vt 0.795025 0.120368
vt 0.798864 0.146577
vt 0.296078 0.132831
vt 0.802541 0.123783
vt 0.321761 0.154594
vt 0.273147 0.160855
vt 0.272358 0.185980
vt 0.263637 0.194701
vt 0.304620 0.135139
vt 0.812112 0.113868
vt 0.399656 0.025283
vt 0.415579 0.041206
vt 0.392501 0.041888
vt 0.325706 0.162624
vt 0.463571 0.057386
vt 0.421783 0.070964
vt 0.428405 0.046713
vt 0.298768 0.189918
vt 0.289600 0.183173
vt 0.413655 0.026309
vt 0.026535 0.294873
vt 0.009324 0.296347
vt 0.009324 0.281863
vt 0.025270 0.260140
vt 0.038983 0.256721
vt 0.043417 0.273582
vt 0.023741 0.282656
vt 0.015073 0.302480
vt 0.371758 0.026103
vt 0.371758 0.008745
vt 0.386323 0.019459
vt 0.501010 0.041658
vt 0.497088 0.056371
vt 0.457071 0.041806
vt 0.954442 0.017461
vt 0.940003 0.017461
vt 0.952034 0.008644
vt 0.794641 0.150778
vt 0.094069 0.758416
vt 0.091474 0.739563
vt 0.128223 0.739563
vt 0.943221 0.005772
vt 0.046796 0.745115
vt 0.032287 0.751881
vt 0.031487 0.726997
vt 0.039595 0.838506
vt 0.065455 0.838506
vt 0.045841 0.864524
vt 0.826163 0.131649
vt 0.334425 0.140788
vt 0.073921 0.459623
vt 0.107897 0.459623
vt 0.082536 0.468155
vt 0.465079 0.057332
vt 0.120554 0.753622
vt 0.976841 0.007196
vt 0.992856 0.007196
vt 0.981630 0.013511
vt 0.045903 0.726402
vt 0.353894 0.135877
vt 0.080781 0.416817
vt 0.080781 0.422577
vt 0.054067 0.419288
vt 0.046815 0.775712
vt 0.038525 0.750197
vt 0.059960 0.746510
vt 0.250567 0.191345
vt 0.250567 0.131887
vt 0.264584 0.187701
vt 0.822632 0.584019
vt 0.822632 0.697294
vt 0.747524 0.322921
vt 0.767627 0.322921
vt 0.758476 0.435665
vt 0.757029 0.913695
vt 0.759594 0.928729
vt 0.718941 0.928729
vt 0.160410 0.471911
vt 0.186170 0.523371
vt 0.171065 0.518061
vt 0.374282 0.929744
vt 0.386230 0.912680
vt 0.416627 0.927857
vt 0.718184 0.914660
vt 0.847908 0.133137
vt 0.154234 0.532130
vt 0.328282 0.166142
vt 0.293790 0.661875
vt 0.814236 0.584451
vt 0.289607 0.161423
vt 0.555174 0.912677
vt 0.596847 0.912677
vt 0.569827 0.927727
vt 0.186447 0.711486
vt 0.202595 0.683516
vt 0.206792 0.721814
vt 0.183565 0.723526
vt 0.078640 0.895729
vt 0.065220 0.876052
vt 0.078172 0.865184
vt 0.063784 0.897947
vt 0.191886 0.742948
vt 0.069384 0.283950
vt 0.100313 0.283950
vt 0.099464 0.289282
vt 0.052813 0.780702
vt 0.030520 0.785480
vt 0.038367 0.779438
vt 0.206839 0.743756
vt 0.321207 0.990943
vt 0.319943 0.976496
vt 0.337708 0.985536
vt 0.821817 0.022528
vt 0.821835 0.013888
vt 0.841314 0.013888
vt 0.331410 0.971829
vt 0.840107 0.024988
vt 0.824433 0.027021
vt 0.051430 0.785713
vt 0.319362 0.999383
vt 0.334780 0.993268
vt 0.697472 0.995420
vt 0.685419 0.983368
vt 0.714580 0.983396
vt 0.333100 0.999135
vt 0.550837 0.208794
vt 0.560660 0.215672
vt 0.547332 0.219009
vt 0.026419 0.138926
vt 0.044288 0.138926
vt 0.038115 0.163094
vt 0.569137 0.198134
vt 0.284669 0.086787
vt 0.231998 0.086787
vt 0.279580 0.076849
vt 0.514959 0.129655
vt 0.508151 0.119933
vt 0.550310 0.144130
vt 0.557019 0.193112
vt 0.494639 0.128130
vt 0.029378 0.574277
vt 0.044702 0.568699
vt 0.027428 0.582311
vt 0.177203 0.973121
vt 0.173807 0.960450
vt 0.176716 0.952636
vt 0.498577 0.144714
vt 0.809447 0.019739
vt 0.818608 0.033846
vt 0.796444 0.035816
vt 0.965452 0.017965
vt 0.966031 0.004257
vt 0.971690 0.009055
vt 0.793513 0.025236
vt 0.051865 0.581850
vt 0.039111 0.923744
vt 0.041510 0.919233
vt 0.047801 0.929251
vt 0.393820 0.155807
vt 0.408875 0.158462
vt 0.392056 0.166415
vt 0.959176 0.145164
vt 0.959593 0.133214
vt 0.971911 0.155350
vt 0.261367 0.999945
vt 0.250388 0.999945
vt 0.262518 0.991687
vt 0.955277 0.004347
vt 0.026441 0.921811
vt 0.955077 0.016175
vt 0.074828 0.030553
vt 0.089431 0.020813
vt 0.096384 0.030744
vt 0.040350 0.274916
vt 0.027882 0.296374
vt 0.025808 0.274916
vt 0.968259 0.131295
vt 0.248088 0.991469
vt 0.039776 0.584386
vt 0.020830 0.599491
vt 0.022096 0.585004
vt 0.040354 0.299326
vt 0.075010 0.020266
vt 0.042853 0.394378
vt 0.020278 0.394770
vt 0.032041 0.381492
vt 0.321172 0.013136
vt 0.322528 0.024178
vt 0.315856 0.027268
vt 0.507932 0.285760
vt 0.398129 0.285760
vt 0.507159 0.278381
vt 0.038269 0.098798
vt 0.022425 0.093649
vt 0.038686 0.075445
vt 0.174557 0.052198
vt 0.216436 0.072244
vt 0.170938 0.072724
vt 0.024749 0.715465
vt 0.020858 0.700943
vt 0.025102 0.692111
vt 0.021310 0.385026
vt 0.017220 0.014174
vt 0.028851 0.005723
vt 0.035305 0.014479
vt 0.530409 0.199180
vt 0.397085 0.017634
vt 0.400831 0.006104
vt 0.414027 0.012543
vt 0.032523 0.605513
vt 0.857271 0.029358
vt 0.874571 0.047964
vt 0.628679 0.094394
vt 0.574351 0.095424
vt 0.576858 0.089860
vt 0.980218 0.142741
vt 0.541616 0.955556
vt 0.574545 0.956860
vt 0.554326 0.960182
vt 0.453904 0.164998
vt 0.499044 0.194089
vt 0.966967 0.124655
vt 0.984734 0.018074
vt 0.968296 0.018074
vt 0.973868 0.007683
vt 0.016851 0.025495
vt 0.037694 0.025495
vt 0.022184 0.031576
vt 0.875608 0.030469
vt 0.554576 0.970707
vt 0.009698 0.845214
vt 0.027170 0.839537
vt 0.026043 0.847836
vt 0.593503 0.084374
vt 0.115453 0.324469
vt 0.101254 0.323376
vt 0.699332 0.007741
vt 0.699332 0.019532
vt 0.681981 0.018500
vt 0.189852 0.045458
vt 0.967492 0.104246
vt 0.623947 0.280256
vt 0.623947 0.262168
vt 0.732619 0.273670
vt 0.605825 0.317363
vt 0.726555 0.317363
vt 0.605769 0.324556
vt 0.127534 0.293058
vt 0.934595 0.668499
vt 0.929810 0.613810
vt 0.937867 0.580996
vt 0.103301 0.284967
vt 0.850149 0.048925
vt 0.108964 0.326649
vt 0.682640 0.653680
vt 0.633449 0.693124
vt 0.659666 0.651670
vt 0.682713 0.650849
vt 0.680782 0.604017
vt 0.315345 0.553162
vt 0.318063 0.506368
vt 0.326941 0.505592
vt 0.637038 0.596943
vt 0.343746 0.589516
vt 0.329929 0.594399
vt 0.331132 0.550002
vt 0.336602 0.457116
vt 0.678640 0.697237
vt 0.636547 0.647348
vt 0.319758 0.338141
vt 0.345029 0.301894
vt 0.360922 0.307529
vt 0.332368 0.359903
vt 0.398428 0.283643
vt 0.380868 0.277080
vt 0.427733 0.396452
vt 0.470555 0.380929
vt 0.466280 0.396452
vt 0.420204 0.383310
vt 0.512943 0.398487
vt 0.500338 0.414264
vt 0.674620 0.551753
vt 0.453912 0.844839
vt 0.457941 0.833114
vt 0.485852 0.840592
vt 0.114454 0.534195
vt 0.082355 0.531386
vt 0.117645 0.529442
vt 0.261428 0.341047
vt 0.245202 0.372446
vt 0.235036 0.369143
vt 0.418452 0.941077
vt 0.418452 0.946802
vt 0.380033 0.945692
vt 0.326556 0.302706
vt 0.301939 0.373142
vt 0.075487 0.788469
vt 0.103301 0.768261
vt 0.098342 0.798910
vt 0.918008 0.106424
vt 0.931572 0.088735
vt 0.948279 0.119672
vt 0.300057 0.261707
vt 0.419777 0.826614
vt 0.427351 0.812232
vt 0.115039 0.281749
vt 0.085466 0.263388
vt 0.378472 0.416040
vt 0.242052 0.409458
vt 0.484107 0.828783
vt 0.309229 0.334598
vt 0.903723 0.108676
vt 0.904065 0.081245
vt 0.924493 0.081688
vt 0.957893 0.091778
vt 0.939926 0.085080
vt 0.949896 0.073257
vt 0.073440 0.985967
vt 0.097406 0.986804
vt 0.071786 0.994841
vt 0.649769 0.047259
vt 0.624474 0.047259
vt 0.648195 0.037084
vt 0.314957 0.981559
vt 0.310030 0.996724
vt 0.284538 0.988290
vt 0.094591 0.253604
vt 0.514061 0.816425
vt 0.257298 0.948184
vt 0.288756 0.958406
vt 0.256193 0.966462
vt 0.368189 0.042598
vt 0.388378 0.042896
vt 0.377861 0.051006
vt 0.189802 0.260517
vt 0.213578 0.243011
vt 0.221186 0.240071
vt 0.473246 0.098992
vt 0.527764 0.098992
vt 0.473705 0.109594
vt 0.020687 0.727874
vt 0.020687 0.746369
vt 0.010121 0.742828
vt 0.636788 0.998324
vt 0.607656 0.998324
vt 0.631337 0.992080
vt 0.252323 0.205292
vt 0.233496 0.187111
vt 0.286335 0.202694
vt 0.073083 0.013233
vt 0.060755 0.022190
vt 0.064344 0.004578
vt 0.081419 0.421955
vt 0.082617 0.416766
vt 0.106351 0.432201
vt 0.273068 0.029103
vt 0.271986 0.007766
vt 0.283188 0.015173
vt 0.854178 0.013087
vt 0.855877 0.005094
vt 0.870065 0.007111
vt 0.954383 0.152915
vt 0.959033 0.146515
vt 0.961233 0.168712
vt 0.314120 0.034285
vt 0.299516 0.031423
vt 0.299516 0.023978
vt 0.454226 0.042726
vt 0.432040 0.035517
vt 0.455839 0.028486
vt 0.089265 0.035779
vt 0.064775 0.035779
vt 0.066456 0.030887
vt 0.312716 0.013695
vt 0.979639 0.166808
vt 0.977847 0.173593
vt 0.018599 0.183344
vt 0.019974 0.194464
vt 0.003258 0.197412
vt 0.066631 0.326117
vt 0.071453 0.324245
vt 0.084615 0.331844
vt 0.263277 0.017170
vt 0.032187 0.343968
vt 0.032187 0.368658
vt 0.025389 0.367835
vt 0.656803 0.969118
vt 0.686631 0.967924
vt 0.683508 0.981571
vt 0.186384 0.228292
vt 0.178984 0.256234
vt 0.018576 0.933048
vt 0.017261 0.948076
vt 0.003142 0.932828
vt 0.528981 0.007119
vt 0.532292 0.011063
vt 0.513668 0.011046
vt 0.095255 0.414628
vt 0.021838 0.259682
vt 0.039778 0.272716
vt 0.022764 0.273651
vt 0.768108 0.005287
vt 0.768108 0.016431
vt 0.753609 0.014238
vt 0.401257 0.068008
vt 0.003764 0.179861
vt 0.110130 0.028370
vt 0.134819 0.028370
vt 0.129304 0.040822
vt 0.054779 0.332825
vt 0.666801 0.978221
vt 0.340086 0.031794
vt 0.324331 0.020347
vt 0.343851 0.015176
vt 0.190942 0.199079
vt 0.167198 0.204913
vt 0.010029 0.218811
vt 0.010029 0.231711
vt 0.000577 0.218794
vt 0.739126 0.034777
vt 0.739126 0.014213
vt 0.747238 0.032706
vt 0.263174 0.019273
vt 0.271021 0.032866
vt 0.262312 0.039818
vt 0.119950 0.530042
vt 0.119950 0.567938
vt 0.104797 0.547162
vt 0.142386 0.952340
vt 0.107109 0.952340
vt 0.123614 0.947154
vt 0.081379 0.282221
vt 0.086550 0.266307
vt 0.116600 0.284198
vt 0.949828 0.178586
vt 0.939048 0.194394
vt 0.940606 0.176510
vt 0.001242 0.231657
vt 0.283029 0.094033
vt 0.248194 0.110277
vt 0.286989 0.088447
vt 0.323923 0.019134
vt 0.323923 0.005613
vt 0.339209 0.015102
vt 0.836300 0.173621
vt 0.873231 0.143159
vt 0.878636 0.159865
vt 0.224559 0.195347
vt 0.004525 0.950000
vt 0.958562 0.181736
vt 0.302311 0.111047
vt 0.331807 0.943623
vt 0.320166 0.956323
vt 0.306660 0.952194
vt 0.410599 0.058154
vt 0.179976 0.230165
vt 0.232441 0.216943
vt 0.243065 0.216663
vt 0.323787 0.964330
vt 0.304557 0.967488
vt 0.108682 0.407286
vt 0.825770 0.951929
vt 0.859201 0.942971
vt 0.863624 0.952483
vt 0.254679 0.227221
vt 0.225138 0.241677
vt 0.167230 0.226333
vt 0.074930 0.509233
vt 0.102343 0.529150
vt 0.077568 0.528668
vt 0.767328 0.032353
vt 0.788261 0.032353
vt 0.767797 0.044876
vt 0.657000 0.011798
vt 0.657000 0.026586
vt 0.650576 0.023761
vt 0.953251 0.191683
vt 0.000357 0.103241
vt 0.010954 0.103798
vt 0.010954 0.115951
vt 0.792773 0.046435
vt 0.116056 0.398102
vt 0.912081 0.011927
vt 0.898525 0.000473
vt 0.911054 0.000194
vt 0.081702 0.278522
vt 0.053234 0.287772
vt 0.053147 0.261218
vt 0.098606 0.986165
vt 0.121596 0.996767
vt 0.098606 0.996646
vt 0.119694 0.986061
vt 0.079125 0.004958
vt 0.091498 0.019576
vt 0.077865 0.019363
vt 0.000158 0.114654
vt 0.898845 0.011745
vt 0.820859 0.176538
vt 0.092337 0.004161
vt 0.016462 0.727244
vt 0.003034 0.727252
vt 0.003947 0.716810
vt 0.753906 0.216897
vt 0.749150 0.234647
vt 0.732554 0.201113
vt 0.644294 0.712012
vt 0.642523 0.699910
vt 0.670195 0.711557
vt 0.611962 0.616235
vt 0.611304 0.680849
vt 0.600965 0.600183
vt 0.003253 0.175098
vt 0.014424 0.159305
vt 0.014114 0.176049
vt 0.003936 0.159507
vt 0.220736 0.226704
vt 0.019188 0.716688
vt 0.968270 0.457794
vt 0.979232 0.485647
vt 0.964801 0.482475
vt 0.195075 0.944166
vt 0.214442 0.970822
vt 0.178992 0.970986
vt 0.953596 0.506347
vt 0.936021 0.772227
vt 0.945080 0.749162
vt 0.980645 0.774065
vt 0.941943 0.722905
vt 0.975544 0.723184
vt 0.959794 0.895447
vt 0.935983 0.868125
vt 0.957496 0.869176
vt 0.589099 0.626363
vt 0.978500 0.747951
vt 0.812131 0.200554
vt 0.787725 0.234312
vt 0.783952 0.218857
vt 0.931466 0.893934
vt 0.819972 0.214436
vt 0.932393 0.843442
vt 0.962473 0.844755
vt 0.644444 0.737346
vt 0.683220 0.739211
vt 0.600618 0.686947
vt 0.581572 0.711171
vt 0.518295 0.718358
vt 0.472604 0.073451
vt 0.417295 0.124906
vt 0.419776 0.073451
vt 0.795307 0.262073
vt 0.472264 0.128064
vt 0.740748 0.259620
vt 0.462361 0.363081
vt 0.444631 0.363081
vt 0.487873 0.329849
vt 0.646262 0.796002
vt 0.652216 0.808809
vt 0.611262 0.826193
vt 0.588269 0.642829
vt 0.542647 0.616490
vt 0.549505 0.614813
vt 0.445882 0.349167
vt 0.648318 0.829062
vt 0.636754 0.832280
vt 0.132330 0.900713
vt 0.132330 0.892164
vt 0.177266 0.901956
vt 0.144181 0.864711
vt 0.477855 0.523787
vt 0.478733 0.475353
vt 0.491938 0.525233
vt 0.660171 0.811719
vt 0.179464 0.857059
vt 0.185965 0.840563
vt 0.214063 0.850790
vt 0.222398 0.852694
vt 0.224576 0.895636
vt 0.127513 0.341739
vt 0.124854 0.326658
vt 0.136186 0.339894
vt 0.562903 0.641191
vt 0.539248 0.622288
vt 0.043793 0.716184
vt 0.040045 0.724220
vt 0.022369 0.717005
vt 0.122426 0.366445
vt 0.138215 0.348973
vt 0.145176 0.364183
vt 0.452738 0.052807
vt 0.427974 0.044761
vt 0.455359 0.043881
vt 0.147271 0.345635
vt 0.125613 0.068248
vt 0.104235 0.088609
vt 0.102165 0.068248
vt 0.145686 0.323959
vt 0.503778 0.604989
vt 0.121113 0.086363
vt 0.436346 0.042142
vt 0.680708 0.797248
vt 0.124600 0.107815
vt 0.102348 0.108015
vt 0.681679 0.806011
vt 0.494207 0.590946
vt 0.214501 0.901723
vt 0.105290 0.935272
vt 0.116451 0.923853
vt 0.133163 0.933895
vt 0.102191 0.909172
vt 0.188787 0.902871
vt 0.180269 0.897136
vt 0.404609 0.360825
vt 0.366673 0.335869
vt 0.472778 0.590410
vt 0.711465 0.805972
vt 0.456778 0.625718
vt 0.426883 0.635183
vt 0.859623 0.058865
vt 0.863135 0.049216
vt 0.905024 0.058039
vt 0.774346 0.090064
vt 0.722403 0.075212
vt 0.764288 0.066370
vt 0.738803 0.113428
vt 0.781133 0.099682
vt 0.412626 0.340102
vn 0.14811 -0.02910 -0.98856
vn 0.15317 0.02530 -0.98788
vn 0.14140 0.05880 -0.98816
vn 0.13755 0.06940 -0.98808
vn 0.12398 0.23860 -0.96318
vn -0.66744 -0.06960 -0.74141
vn -0.82687 -0.06450 -0.55869
vn -0.84302 0.02800 -0.53707
vn -0.91118 -0.00230 -0.41190
vn -0.92224 -0.06070 -0.38171
vn -0.84295 0.10730 -0.52717
vn -0.96155 -0.01510 -0.27423
vn 0.07949 0.72820 -0.68079
vn -0.97294 -0.11930 -0.19776
vn -0.28304 -0.52540 -0.80246
vn -0.21574 0.01850 -0.97629
vn -0.76956 0.63050 -0.10062
vn -0.73264 0.67390 -0.09531
vn -0.82371 0.55720 -0.10535
vn -0.97445 -0.08210 -0.20897
vn -0.98377 -0.04780 -0.17299
vn 0.37008 0.92830 0.03701
vn -0.93568 -0.04740 -0.34963
vn -0.97256 -0.00380 -0.23253
vn -0.65500 -0.74750 -0.11040
vn -0.56084 -0.82600 -0.05615
vn -0.99067 -0.01250 -0.13558
vn -0.74066 0.66470 -0.09791
vn -0.74683 -0.64320 -0.16919
vn -0.65386 -0.07090 0.75330
vn -0.61006 -0.02440 0.79194
vn -0.63785 0.01930 0.76990
vn -0.88368 0.45360 -0.11561
vn -0.53070 0.05210 0.84590
vn -0.96553 0.03160 -0.25832
vn -0.50055 -0.17270 0.84828
vn 0.61081 0.19390 -0.76772
vn -0.59104 -0.72130 0.36108
vn -0.99352 -0.01140 -0.11306
vn -0.99232 -0.01460 -0.12269
vn -0.99067 0.03100 -0.13256
vn -0.99049 0.02780 -0.13465
vn -0.99046 0.03820 -0.13263
vn -0.01791 0.99980 0.00181
vn -0.68031 0.72710 -0.09275
vn -0.99349 0.00420 -0.11407
vn -0.98479 0.09370 -0.14619
vn -0.97753 0.14580 -0.15206
vn -0.98832 0.05640 -0.14172
vn -0.68166 -0.71410 -0.15934
vn -0.68402 -0.71390 -0.15017
vn -0.13558 0.34020 -0.93049
vn 0.15520 0.25150 -0.95531
vn -0.41101 0.10400 -0.90571
vn -0.99072 0.03510 -0.13145
vn -0.44354 0.09300 -0.89136
vn -0.52170 -0.01160 -0.85302
vn -0.46841 0.88350 0.00787
vn -0.45128 0.89080 -0.05369
vn -0.38079 0.92430 -0.02505
vn -0.99102 0.02220 -0.13220
vn -0.99083 0.03150 -0.13137
vn -0.98855 -0.15070 0.00125
vn -0.99128 -0.10230 -0.08349
vn -0.98354 -0.16690 -0.06912
vn -0.99847 -0.03240 -0.04390
vn -0.69296 -0.71210 -0.11253
vn -0.53185 0.84620 0.03286
vn -0.99625 -0.07750 0.03936
vn -0.99211 0.01940 -0.12417
vn -0.51604 0.82190 0.24128
vn -0.99666 -0.00800 0.08108
vn -0.01981 -0.99770 0.06493
vn -0.00798 -0.99620 0.08631
vn 0.75851 0.46720 -0.45441
vn -0.97075 -0.06400 0.23143
vn -0.45483 -0.03420 -0.88996
vn -0.94256 0.28960 -0.16659
vn -0.41018 -0.89890 -0.15427
vn -0.74398 0.66100 -0.09796
vn -0.03826 -0.99880 0.03134
vn -0.99999 -0.00420 0.00746
vn -0.99868 0.02580 0.04538
vn -1.00000 -0.00420 0.00756
vn -0.73768 0.67140 0.07123
vn -0.37652 0.00270 0.92637
vn -0.99796 -0.05480 0.03337
vn -0.99511 -0.09240 0.03396
vn -0.99895 -0.03380 -0.02994
vn -0.17956 -0.00130 0.98379
vn 0.04304 0.84190 0.53788
vn -0.01510 0.99140 0.12985
vn -0.99569 -0.08480 0.03671
vn -0.98893 -0.02510 0.14601
vn -0.02368 0.99750 0.06591
vn -0.00339 -0.99300 0.11792
vn -0.14589 -0.14360 0.97887
vn -0.99122 -0.02560 -0.13001
vn -0.98643 -0.08010 0.14322
vn -0.99794 0.06430 0.00794
vn -0.99085 0.10670 -0.08293
vn -0.04308 -0.99910 -0.00454
vn 0.01083 -0.99980 0.01388
vn -0.02179 -0.99980 -0.00154
vn -0.11662 -0.99300 -0.01886
vn -0.38674 -0.90590 0.17265
vn -0.39023 -0.90730 0.15674
vn -0.92464 0.34890 -0.15286
vn -0.01260 0.99710 -0.07518
vn 0.97058 -0.18060 0.15940
vn 0.06428 0.99170 0.11156
vn 0.14332 -0.24080 -0.95995
vn -0.34657 0.93800 -0.00506
vn -0.32017 0.94420 -0.07686
vn -0.34841 0.93340 -0.08594
vn -0.63425 0.76300 -0.12424
vn 0.11532 0.38290 -0.91652
vn 0.00301 0.35820 -0.93368
vn 0.08546 0.39240 -0.91583
vn 0.22570 -0.21360 -0.95048
vn 0.12628 -0.31250 -0.94147
vn 0.09648 -0.34040 -0.93532
vn -0.06063 0.32970 -0.94212
vn -0.01574 0.35360 -0.93532
vn 0.10680 0.43550 -0.89386
vn -0.60058 0.79910 0.02545
vn -0.60320 0.79760 0.00239
vn -0.58893 0.80340 0.08758
vn 0.00024 0.97100 -0.23894
vn 0.01213 0.96040 -0.27820
vn -0.39678 -0.90920 0.12618
vn 0.02857 0.98060 -0.19412
vn 0.04201 0.98400 -0.17343
vn -0.59277 0.80120 0.08242
vn -0.00805 0.97740 -0.21130
vn -0.61471 0.78480 -0.07860
vn -0.03067 -0.67150 0.74040
vn -0.03842 -0.67120 0.74026
vn -0.03727 -0.65050 0.75858
vn -0.23281 -0.01510 0.97242
vn -0.12457 0.11580 0.98540
vn -0.34339 -0.02870 0.93874
vn -0.49484 -0.11550 0.86127
vn -0.13855 0.26660 0.95383
vn -0.14971 0.16410 0.97502
vn -0.03362 -0.58070 0.81347
vn -0.04933 -0.61100 0.79015
vn -0.14830 0.35300 0.92375
vn -0.13641 0.15210 0.97895
vn -0.14062 0.14990 0.97868
vn -0.14815 0.18390 0.97170
vn -0.13434 0.16100 0.97782
vn -0.16114 0.14640 0.97599
vn -0.14598 0.38000 0.91336
vn -0.48010 0.86540 -0.14318
vn -0.61183 0.78070 -0.12735
vn -0.51189 0.82250 -0.24801
vn -0.09177 0.98920 0.11399
vn -0.13698 0.96280 0.23299
vn -0.09119 0.98980 0.10973
vn -0.49287 0.86750 0.06681
vn -0.96906 0.21110 -0.12821
vn 0.01269 -0.99980 0.01212
vn 0.01053 -0.99980 0.01536
vn -0.14135 -0.98920 0.03844
vn -0.11304 -0.99250 0.04622
vn -0.06954 -0.99270 0.09895
vn -0.16956 0.93220 0.31980
vn -0.98948 -0.01000 -0.14430
vn -0.98983 -0.01270 -0.14173
vn -0.98974 -0.00890 -0.14242
vn 0.01026 -0.99980 -0.01687
vn 0.02742 -0.99850 -0.04664
vn 0.02536 -0.99860 -0.04560
vn 0.03175 -0.99800 -0.05402
vn -0.98831 -0.00990 -0.15222
vn -0.67751 -0.22800 0.69923
vn -0.20564 0.88260 0.42278
vn -0.17314 0.98290 -0.06195
vn -0.18100 0.98150 -0.06201
vn -0.46593 0.85960 0.20963
vn -0.12212 0.13770 0.98291
vn -0.14462 0.11430 0.98288
vn -0.14462 0.11440 0.98288
vn -0.18998 0.06650 0.97955
vn -0.93691 -0.10330 0.33381
vn -0.92950 -0.12100 0.34834
vn 0.03230 -0.99830 -0.04910
vn -0.19085 -0.12180 0.97408
vn -0.16598 0.98420 -0.06189
vn 0.00570 -0.99990 0.01450
vn 0.00824 -0.99990 0.01293
vn -0.03335 -0.99110 0.12899
vn 0.99066 0.02640 0.13417
vn 0.99102 0.01500 0.13301
vn 0.99102 0.01490 0.13301
vn 0.99130 0.00200 0.13163
vn 0.05081 -0.99860 -0.01742
vn 0.01875 -0.99950 -0.02440
vn 0.01066 -0.98090 0.19430
vn -0.02277 0.50260 -0.86422
vn 0.01792 0.53330 -0.84577
vn 0.05923 0.56290 -0.82443
vn -0.97901 0.15750 -0.12926
vn -0.98511 -0.02070 -0.17055
vn 0.99188 -0.00810 0.12666
vn -0.12646 -0.45580 0.88110
vn -0.98412 -0.02040 -0.17637
vn 0.52963 0.16610 0.83180
vn 0.04892 -0.99640 -0.06895
vn -0.13397 -0.02260 0.99068
vn -0.29142 0.95370 -0.07457
vn 0.05093 0.98590 -0.15960
vn -0.15073 0.27400 0.94986
vn -0.14806 0.37990 0.91308
vn -0.49735 0.86740 -0.01836
vn -0.62202 0.76680 -0.15861
vn -0.67632 0.73490 0.05110
vn -0.04837 0.99660 -0.06671
vn 0.14658 0.00320 -0.98917
vn 0.13156 0.20820 -0.96921
vn 0.08350 0.03650 -0.99582
vn 0.01160 0.51110 0.85947
vn 0.14718 0.15740 -0.97648
vn 0.14174 0.00590 -0.98993
vn 0.15280 -0.01870 -0.98813
vn 0.14737 -0.01010 -0.98907
vn -0.97591 -0.14540 0.16241
vn -0.99338 -0.01660 0.11412
vn -0.99852 0.00770 -0.05319
vn -0.99747 0.01850 -0.06839
vn -0.29834 0.89600 0.32886
vn -0.98495 0.02490 -0.17103
vn -0.06661 0.05640 -0.99621
vn -0.09497 -0.01080 -0.99542
vn -0.62346 0.02380 -0.78146
vn 0.06553 0.35490 -0.93256
vn -0.03153 -0.99620 0.08059
vn -0.00600 -1.00000 0.00554
vn -0.04443 -0.99890 -0.01390
vn -0.09588 0.95750 0.27218
vn -0.99472 0.08890 0.05117
vn -0.97705 0.17610 -0.11991
vn -0.98297 0.16100 -0.08822
vn 0.01295 -0.99980 0.01760
vn 0.01304 -0.99980 0.01469
vn 0.01211 -0.99980 0.01638
vn -0.09536 0.92900 0.35752
vn -0.99437 0.09280 0.05081
vn -0.51963 -0.53860 0.66323
vn -0.44410 -0.59370 0.67106
vn 0.01223 -0.99990 0.01175
vn -0.73212 0.51760 0.44285
vn -0.71458 0.53830 0.44674
vn -0.62821 -0.44330 0.63941
vn 0.08829 -0.69620 0.71235
vn -0.30582 0.93480 -0.18037
vn -0.09349 -0.46310 0.88133
vn -0.08727 -0.32460 0.94182
vn -0.40010 0.74780 0.52980
vn -0.39345 0.77610 0.49276
vn -0.21240 0.85610 0.47111
vn -0.10530 0.57370 0.81222
vn -0.11286 0.54400 0.83148
vn -0.11285 0.54410 0.83138
vn -0.11291 0.88870 0.44445
vn -0.12168 0.90040 0.41763
vn -0.11276 0.87250 0.47535
vn -0.08548 0.81650 0.57099
vn -0.12128 0.50970 0.85183
vn -0.08108 -0.21350 0.97354
vn -0.03694 -0.99910 -0.02005
vn -0.00512 -1.00000 0.00425
vn 0.16544 0.37400 -0.91254
vn 0.13913 0.42240 -0.89562
vn 0.17038 0.49080 -0.85445
vn -0.25323 0.83830 0.48273
vn 0.23694 -0.37260 -0.89728
vn 0.30198 -0.36890 -0.87907
vn 0.32127 -0.38860 -0.86353
vn -0.50907 0.76010 0.40400
vn 0.11898 -0.37960 -0.91743
vn 0.17572 -0.37680 -0.90943
vn -0.80276 -0.57310 -0.16457
vn -0.89251 -0.44580 -0.06837
vn -0.89518 -0.44560 -0.01080
vn 0.12752 0.39690 -0.90901
vn -0.91868 -0.39230 0.04706
vn 0.08292 -0.34280 -0.93575
vn 0.11178 -0.38440 -0.91639
vn 0.02241 -0.24400 -0.96950
vn 0.08224 0.51960 -0.85047
vn -0.89475 -0.44400 0.04849
vn -0.32733 0.66980 0.66653
vn -0.31751 0.60040 0.73396
vn -0.30131 0.56850 0.76553
vn -0.52201 0.82330 0.22281
vn -0.23282 0.80460 -0.54638
vn 0.39834 0.53500 -0.74509
vn -0.11481 0.91330 0.39081
vn -0.12229 0.76180 0.63623
vn -0.11256 0.53010 0.84040
vn -0.58077 -0.78160 0.22745
vn -0.52219 -0.84850 0.08584
vn 0.11476 0.00040 -0.99339
vn -0.82705 -0.55010 -0.11569
vn -0.81527 -0.56180 -0.14003
vn -0.12547 0.96660 0.22325
vn -0.28706 0.43260 0.85465
vn -0.83804 -0.53790 -0.09125
vn -0.99981 0.01760 -0.01249
vn -0.13914 0.98850 -0.05895
vn 0.95335 -0.26910 0.13687
vn -0.23031 -0.97290 -0.01845
vn -0.27346 0.36730 0.88900
vn 0.97101 0.22820 -0.07124
vn 0.97578 0.21220 -0.05364
vn 0.96916 0.23340 -0.07846
vn -0.50869 -0.85910 0.05700
vn 0.01229 -0.99990 -0.00055
vn 0.99028 0.13460 0.03512
vn 0.99281 0.09840 0.06846
vn 0.40493 0.82310 -0.39815
vn 0.37985 0.82230 -0.42376
vn -0.11789 0.45790 0.88115
vn -0.12051 0.46570 0.87666
vn -0.36009 0.22970 0.90418
vn -0.01386 0.97610 -0.21683
vn -0.00109 0.96810 -0.25072
vn 0.68549 0.35560 -0.63537
vn 0.97895 0.03170 -0.20186
vn -0.02518 0.98200 -0.18699
vn 0.59611 0.80110 -0.05351
vn -0.15606 -0.04180 0.98688
vn -0.16904 -0.06310 0.98360
vn -0.14270 -0.01990 0.98960
vn 0.37062 -0.92630 0.06726
vn 0.44730 0.82190 -0.35264
vn -0.07331 0.99490 -0.06879
vn -0.62077 0.77670 -0.10687
vn -0.87433 -0.14200 -0.46402
vn -0.87432 -0.14210 -0.46412
vn -0.91626 0.00760 -0.40048
vn -0.95643 0.29190 -0.00640
vn -0.62006 0.78130 0.07155
vn -0.76514 -0.35880 -0.53467
vn 0.15510 -0.12560 -0.97984
vn 0.14333 0.17470 -0.97417
vn 0.14332 0.17480 -0.97407
vn 0.12915 0.35800 -0.92473
vn -0.33280 0.92800 -0.16748
vn -0.97463 0.18210 -0.13028
vn 0.99176 0.03720 0.12231
vn 0.99046 0.07670 0.11477
vn 0.99260 0.04430 0.11314
vn 0.99018 0.06240 0.12502
vn 0.99099 0.00950 0.13391
vn 0.98872 0.06630 0.13431
vn 0.99193 -0.00910 0.12627
vn 0.99194 -0.00170 0.12697
vn -0.01748 0.99980 0.00237
vn 0.69133 0.71590 0.09778
vn 0.70103 0.70610 0.09990
vn 0.99014 0.01860 0.13874
vn 0.70936 0.69750 0.10174
vn 0.98175 0.12050 0.14699
vn -0.96137 -0.10240 -0.25553
vn 0.24810 -0.02930 -0.96833
vn 0.97851 0.08130 0.18944
vn 0.97376 -0.08730 0.21029
vn 0.99351 -0.00790 0.11387
vn 0.96699 0.07880 0.24237
vn 0.97066 0.02360 0.23913
vn 0.97374 0.06270 0.21866
vn 0.47461 0.87360 0.10711
vn 0.95798 0.15310 0.24256
vn -0.00039 -0.99880 0.04899
vn 0.01728 -0.99980 0.00729
vn 0.00817 -0.99860 0.05137
vn 0.99483 0.09970 -0.01927
vn 0.01572 -0.99970 0.01949
vn 0.12669 0.14200 -0.98168
vn 0.12648 0.13840 -0.98231
vn 0.12692 0.14560 -0.98114
vn 0.63035 -0.76170 0.15005
vn 0.18519 0.50850 -0.84093
vn 0.19964 0.49770 -0.84402
vn -0.06379 0.97570 0.20973
vn -0.06031 0.97880 0.19597
vn 0.21417 0.48660 -0.84699
vn 0.99387 0.04580 0.10080
vn 0.99387 0.04590 0.10080
vn 0.99346 0.03290 0.10902
vn 0.41707 -0.08460 0.90492
vn 0.49235 -0.02540 0.87003
vn 0.28061 -0.18230 0.94231
vn -0.06728 0.97240 0.22358
vn 0.99390 0.07170 0.08425
vn 0.11343 -0.69950 -0.70555
vn -0.01532 -0.99880 0.04596
vn 0.01252 -0.98710 0.15984
vn -0.10200 -0.45810 0.88301
vn -0.10340 -0.46220 0.88070
vn -0.10308 -0.47910 0.87166
vn 0.03574 -0.99850 -0.04248
vn -0.10598 -0.43120 0.89599
vn -0.11086 -0.41020 0.90521
vn 0.02985 -0.99950 -0.00654
vn 0.07470 -0.99710 -0.01580
vn 0.93308 -0.03080 0.35836
vn 0.96330 -0.02590 0.26730
vn 0.93054 -0.09420 0.35398
vn -0.98432 -0.09350 -0.14966
vn -0.98580 -0.08990 -0.14168
vn -0.98429 -0.09360 -0.14985
vn -0.10554 0.70900 0.69724
vn -0.10622 0.70550 0.70078
vn -0.98273 -0.09710 -0.15761
vn 0.01429 -0.99950 0.02929
vn 0.01613 -0.99970 0.01793
vn -0.13988 -0.39020 0.91006
vn -0.10480 0.71230 0.69401
vn 0.99426 0.05380 -0.09241
vn 0.99103 0.13000 0.03027
vn 0.97067 0.18760 0.15053
vn 0.17837 0.03820 0.98323
vn 0.08580 -0.01890 0.99609
vn 0.16922 0.02540 0.98521
vn 0.12209 -0.06470 0.99042
vn 0.17701 -0.05200 0.98284
vn -0.00394 -0.99850 0.05507
vn 0.41395 0.04210 0.90934
vn 0.36496 0.06140 0.92903
vn -0.14534 0.04750 0.98823
vn -0.14274 0.05140 0.98838
vn -0.13117 0.15130 0.97976
vn -0.15649 -0.09170 0.98339
vn -0.10199 0.11130 0.98856
vn 0.48320 0.08560 0.87131
vn -0.14233 -0.00330 0.98985
vn -0.14055 0.00390 0.99009
vn -0.13579 -0.00400 0.99074
vn -0.14201 0.04060 0.98899
vn 0.97298 0.01670 0.23016
vn -0.00791 -0.99220 0.12447
vn -0.02512 -0.95370 0.29954
vn -0.02510 -0.95380 0.29944
vn -0.25111 0.06140 0.96600
vn 0.00037 -0.99120 0.13255
vn 0.65536 0.00310 0.75531
vn 0.63225 -0.01360 0.77468
vn 0.68224 -0.54750 0.48447
vn 0.68255 0.02350 0.73044
vn -0.10200 0.32910 0.93881
vn -0.12159 0.30880 0.94332
vn -0.07957 0.97320 0.21596
vn -0.00313 -0.98800 0.15468
vn -0.04914 0.95980 0.27650
vn -0.10937 0.12830 0.98565
vn -0.04699 -0.85320 0.51940
vn -0.46759 -0.02700 0.88354
vn -0.10541 0.13310 0.98548
vn -0.08302 0.35660 0.93059
vn -0.10541 0.13300 0.98548
vn -0.12366 -0.12370 0.98461
vn 0.99071 -0.00570 0.13599
vn 0.00835 -0.99970 -0.02288
vn 0.04328 -0.99810 -0.04448
vn -0.02483 -0.98790 0.15315
vn -0.08002 -0.97800 0.19249
vn 0.15305 0.16460 -0.97437
vn 0.04676 0.08800 -0.99505
vn 0.06226 0.02730 -0.99769
vn 0.29334 -0.00860 -0.95593
vn 0.02626 -0.02360 -0.99935
vn -0.00286 -0.08030 -0.99674
vn 0.03865 -0.01100 -0.99918
vn -0.04815 -0.04920 -0.99764
vn 0.73931 -0.02730 -0.67277
vn 0.55408 -0.04070 -0.83153
vn 0.58792 -0.05260 -0.80726
vn 0.15484 0.94250 -0.29616
vn 0.36210 0.55830 0.74639
vn 0.37997 0.58940 0.71289
vn 0.09220 0.35250 -0.93126
vn 0.07306 0.36020 -0.93002
vn 0.80184 -0.01740 -0.59738
vn 0.82545 0.35740 0.43680
vn 0.13618 0.22260 -0.96536
vn 0.21992 0.09190 -0.97114
vn 0.64941 -0.04430 -0.75915
vn 0.07762 0.73550 -0.67297
vn 0.12401 0.24060 -0.96267
vn 0.85238 -0.02940 -0.52220
vn 0.91613 -0.02700 -0.40001
vn 0.39093 0.01640 -0.92028
vn 0.38149 -0.01580 -0.92429
vn 0.01988 -0.99970 0.01562
vn 0.06485 -0.99710 0.03968
vn -0.16297 -0.95210 0.25863
vn 0.99555 -0.09320 -0.01564
vn 0.99113 0.00470 0.13292
vn 0.97868 -0.02600 0.20379
vn 0.37858 -0.02530 -0.92519
vn 0.00142 -0.99950 0.03117
vn 0.02943 -0.99720 0.06939
vn 0.98994 0.02720 0.13871
vn 0.98884 0.06930 0.13190
vn 0.98804 0.09120 0.12443
vn 0.39866 0.62190 0.67405
vn 0.98504 0.11070 0.13240
vn 0.99108 0.07110 0.11243
vn 0.99825 -0.05500 -0.02142
vn -0.06367 -0.99580 0.06614
vn -0.12050 -0.38120 -0.91664
vn -0.11085 -0.35520 -0.92825
vn -0.02913 0.52830 -0.84853
vn -0.03281 0.54490 -0.83783
vn 0.51374 -0.85050 0.11323
vn 0.93597 0.27870 0.21515
vn 0.94936 0.21550 0.22877
vn 0.06212 0.68730 0.72373
vn 0.27358 0.08170 0.95841
vn 0.26102 0.06480 0.96316
vn 0.21978 0.01050 0.97553
vn -0.02572 0.51300 -0.85806
vn 0.92475 -0.38050 0.01007
vn 0.95767 -0.28750 0.01434
vn 0.92475 -0.38040 0.01007
vn -0.12834 -0.40220 -0.90650
vn 0.18944 0.77450 0.60357
vn 0.10138 0.86270 0.49544
vn 0.17969 0.76760 0.61516
vn 0.29465 0.56630 0.76973
vn 0.89312 -0.44990 0.00669
vn 0.05780 0.67060 -0.73955
vn 0.13289 0.44710 -0.88456
vn 0.09122 0.42420 -0.90102
vn 0.02740 -0.99950 0.01522
vn 0.26197 0.61720 -0.74191
vn 0.28391 0.54660 0.78785
vn 0.98330 0.04560 0.17646
vn 0.98485 -0.02480 0.17173
vn 0.98330 0.04550 0.17646
vn 0.08483 0.83920 0.53709
vn -0.03739 0.74850 -0.66205
vn 0.03250 0.73220 -0.68031
vn 0.62866 -0.31480 -0.71110
vn 0.60484 -0.76310 0.22793
vn 0.63292 -0.75290 0.18017
vn -0.89188 0.43690 -0.11692
vn -0.88920 0.44080 -0.12252
vn 0.92377 0.25590 0.28494
vn 0.95136 0.20440 0.23036
vn 0.95945 0.14410 0.24215
vn 0.99322 0.01200 0.11605
vn -0.89430 0.43330 -0.11170
vn 0.92480 0.32720 0.19405
vn 0.95068 0.28970 0.11048
vn -0.05637 0.99070 -0.12371
vn -0.05985 0.99140 -0.11671
vn -0.06303 0.99040 -0.12300
vn 0.49316 -0.30020 0.81645
vn -0.09249 -0.69010 0.71778
vn -0.01863 0.99470 -0.10143
vn -0.03233 0.99520 -0.09269
vn -0.01853 0.99470 -0.10141
vn 0.01757 0.99210 -0.12427
vn -0.97207 -0.03730 -0.23165
vn -0.97358 -0.05250 -0.22207
vn -0.97356 -0.01340 -0.22812
vn -0.97129 -0.02450 -0.23669
vn -0.97742 -0.09550 -0.18858
vn 0.68694 0.72340 0.06913
vn 0.97482 0.13070 0.18096
vn 0.96134 0.09630 0.25795
vn 0.48327 0.16370 -0.86001
vn -0.89593 -0.40370 -0.18519
vn -0.05561 0.99250 -0.10927
vn 0.18106 0.91910 0.35003
vn 0.58408 0.81150 0.01732
vn -0.07190 0.26480 0.96167
vn 0.01007 0.33510 0.94212
vn -0.04358 0.25890 0.96491
vn 0.50890 -0.77880 0.36668
vn -0.15393 0.15150 0.97637
vn -0.14328 0.20700 0.96782
vn -0.13194 0.21570 0.96755
vn -0.17448 0.13450 0.97539
vn -0.26320 -0.52800 0.80744
vn -0.14568 -0.52540 0.83832
vn 0.00921 -0.99990 0.00801
vn 0.00326 -1.00000 0.00569
vn -0.33828 -0.52540 0.78069
vn -0.08078 0.17680 0.98095
vn -0.11422 0.99340 0.00579
vn -0.11350 0.28110 0.95289
vn 0.08081 -0.99630 0.02843
vn 0.45012 0.88760 -0.09764
vn 0.49562 0.86110 -0.11316
vn 0.49613 0.86100 -0.11239
vn -0.06040 0.99730 0.04125
vn 0.24086 0.96980 -0.03916
vn 0.36590 0.92770 -0.07416
vn 0.22543 0.97350 -0.03924
vn -0.99038 -0.01970 -0.13696
vn -0.99085 -0.00200 -0.13500
vn -0.99038 -0.01980 -0.13696
vn -0.09999 0.83110 0.54702
vn -0.04365 0.84750 0.52904
vn 0.00681 -1.00000 0.00557
vn 0.28493 0.87760 0.38553
vn -0.98949 -0.03900 -0.13905
vn 0.09239 -0.99560 -0.01521
vn 0.07999 -0.99610 -0.03617
vn 0.07065 -0.99720 0.02594
vn 0.85198 -0.02240 0.52315
vn 0.86077 -0.00320 0.50890
vn 0.11598 -0.99070 0.07115
vn 0.11176 -0.99120 0.07108
vn -0.12179 0.13890 0.98275
vn 0.07301 -0.99620 -0.04792
vn -0.12836 0.80190 0.58354
vn 0.14752 0.98890 -0.01772
vn 0.18125 0.98340 -0.00820
vn 0.09511 -0.98560 -0.14008
vn 0.12062 -0.99010 0.07117
vn 0.97566 0.18900 0.11084
vn -0.11590 -0.04710 0.99213
vn -0.06575 -0.12540 0.98995
vn -0.13935 -0.00970 0.99015
vn 0.99066 0.02800 0.13336
vn 0.99055 0.00590 0.13718
vn 0.11455 0.99310 -0.02684
vn 0.99031 0.05110 0.12928
vn 0.13608 0.22260 -0.96537
vn 0.98914 0.05330 0.13719
vn 0.05917 0.88860 0.45479
vn 0.84414 -0.03860 0.53480
vn 0.94780 0.31140 -0.06834
vn 0.94860 0.30970 -0.06530
vn 0.94551 0.31940 -0.06259
vn -0.78237 -0.61100 -0.12073
vn -0.77672 -0.59610 -0.20322
vn -0.72026 -0.67540 -0.15822
vn -0.91006 0.09990 -0.40226
vn -0.93176 0.13700 -0.33608
vn -0.93826 0.25700 -0.23171
vn -0.94235 -0.09850 -0.31976
vn -0.96603 -0.04410 -0.25465
vn -0.28549 0.45290 -0.84458
vn -0.52045 0.38970 -0.75971
vn -0.49631 0.44700 -0.74422
vn -0.60719 0.45380 -0.65220
vn 0.94646 0.32230 0.01595
vn -0.98262 -0.04240 -0.18071
vn -0.97503 -0.06830 -0.21137
vn -0.98264 -0.04240 -0.18061
vn -0.92913 -0.35460 -0.10493
vn -0.91748 -0.39650 0.03299
vn -0.97146 -0.02840 -0.23541
vn -0.75328 -0.65720 0.02703
vn -0.94310 0.26250 -0.20421
vn -0.48589 -0.87370 -0.02246
vn 0.08285 0.56640 -0.82001
vn 0.84466 -0.51780 0.13615
vn 0.84030 -0.54130 0.03000
vn 0.85099 -0.47970 0.21370
vn 0.88727 -0.41230 0.20662
vn 0.88233 -0.42650 0.19919
vn -0.87371 -0.48600 -0.01808
vn 0.94355 0.32700 0.05219
vn -0.83899 -0.54140 -0.05454
vn -0.04262 0.99620 -0.07562
vn -0.03658 0.99630 -0.07773
vn -0.46377 0.83410 -0.29849
vn 0.44738 0.86640 -0.22164
vn 0.30686 0.93390 -0.18339
vn 0.49824 0.79290 -0.35097
vn 0.50889 0.79760 -0.32390
vn -0.39941 0.88290 -0.24697
vn 0.55008 0.83500 -0.01475
vn 0.50270 0.86430 -0.01734
vn 0.43625 0.89960 -0.02071
vn 0.93953 0.33510 0.07071
vn 0.98591 0.14840 0.07691
vn 0.98495 0.15150 0.08324
vn 0.99372 0.04410 0.10269
vn 0.93890 0.33690 0.07083
vn -0.59382 0.78890 -0.15821
vn 0.89539 -0.41900 0.15050
vn -0.96556 -0.25990 0.01325
vn -0.97542 -0.21840 -0.03078
vn -0.92748 -0.35480 0.11782
vn 0.93671 0.34740 0.04389
vn -0.33205 0.94320 0.00841
vn -0.40238 0.90940 -0.10538
vn -0.33488 0.94210 -0.01760
vn -0.82757 -0.55510 -0.08367
vn -0.94830 0.25560 0.18796
vn -0.47295 -0.45670 0.75353
vn -0.33607 -0.44120 0.83206
vn -0.19543 0.95910 0.20488
vn -0.30329 0.93030 0.20618
vn -0.22371 -0.39970 0.88899
vn -0.93372 0.30610 -0.18558
vn -0.92652 0.33520 -0.17098
vn -0.92374 0.34050 -0.17514
vn -0.92606 0.34500 -0.15285
vn -0.74529 -0.66560 -0.04001
vn 0.36381 0.92190 -0.13308
vn 0.91202 -0.38350 0.14549
vn -0.62341 -0.32360 0.71182
vn -0.72319 -0.35950 0.58969
vn -0.58901 -0.34240 0.73203
vn 0.12947 -0.94910 0.28702
vn 0.27369 -0.90820 0.31669
vn 0.00604 -0.96430 0.26482
vn 0.42711 -0.83920 0.33661
vn -0.39072 0.89410 -0.21884
vn -0.75492 -0.36180 0.54693
vn -0.08205 -0.97050 0.22682
vn -0.20425 -0.92850 0.30994
vn -0.10494 -0.96390 0.24451
vn -0.04761 0.99610 -0.07377
vn -0.93986 0.28890 -0.18197
vn 0.04544 -0.96370 0.26300
vn -0.79872 -0.38440 0.46287
vn 0.95906 -0.22620 0.17065
vn -0.95126 0.25300 -0.17605
vn -0.06696 -0.56680 0.82116
vn -0.06719 -0.56430 0.82284
vn -0.03527 -0.53720 0.84271
vn 0.95561 0.29100 0.04666
vn 0.97742 -0.10910 0.18111
vn -0.06541 -0.58830 0.80603
vn -0.08586 -0.58390 0.80729
vn -0.86143 0.45780 -0.22007
vn -0.86163 0.45730 -0.22009
vn 0.17865 0.96170 -0.20766
vn -0.96582 -0.18760 -0.17883
vn -0.96790 -0.15600 -0.19698
vn 0.50667 -0.78710 0.35195
vn -0.92961 0.31950 -0.18391
vn -0.33734 0.91510 -0.22098
vn -0.97607 -0.05550 -0.21040
vn -0.06897 -0.97590 0.20700
vn -0.19142 0.43530 -0.87964
vn 0.88402 -0.43790 0.16369
vn -0.06796 -0.95480 0.28949
vn -0.00576 -0.96200 0.27291
vn -0.04022 -0.95560 0.29184
vn -0.94284 -0.31790 -0.09982
vn 0.19141 0.96260 -0.19160
vn 0.00289 -0.25210 -0.96771
vn 0.01071 -0.21950 -0.97552
vn -0.00462 -0.28260 -0.95924
vn -0.40261 -0.79060 0.46134
vn -0.04062 0.96660 -0.25316
vn -0.04401 0.95690 -0.28693
vn -0.09515 0.93750 -0.33464
vn -0.01100 -0.23590 -0.97171
vn -0.02142 -0.22020 -0.97524
vn -0.00346 -0.95560 0.29461
vn 0.01095 -0.26860 -0.96318
vn 0.27727 -0.34620 -0.89625
vn 0.25995 -0.30130 -0.91737
vn 0.12532 -0.97630 0.17636
vn 0.12522 -0.97630 0.17634
vn 0.09970 -0.98340 0.15169
vn 0.15532 -0.96630 0.20516
vn 0.31393 -0.44540 -0.83849
vn -0.00762 -0.22540 -0.97428
vn -0.01237 -0.24360 -0.96978
vn 0.57576 -0.66720 0.47264
vn 0.06291 0.75790 -0.64934
vn -0.01091 0.97810 -0.20806
vn 0.97219 0.08060 -0.21973
vn -0.01541 -0.25530 -0.96676
vn 0.97286 0.05470 -0.22469
vn 0.96502 0.08530 -0.24795
vn -0.07296 0.66800 -0.74054
vn 0.00909 -0.95680 0.29066
vn 0.27601 -0.92180 0.27210
vn 0.97746 0.20920 0.02692
vn 0.97932 0.02370 -0.20090
vn 0.53171 0.84090 0.10124
vn -0.81837 -0.20980 -0.53504
vn -0.81838 -0.20980 -0.53494
vn -0.82525 -0.24030 -0.51114
vn -0.03398 0.98120 -0.18980
vn 0.44019 0.84520 -0.30325
vn 0.29620 -0.47320 0.82968
vn -0.06186 -0.97550 0.21110
vn -0.96530 -0.06980 -0.25183
vn -0.95570 -0.03040 -0.29281
vn -0.93428 0.03670 -0.35469
vn -0.81048 -0.17970 -0.55748
vn -0.81058 -0.22370 -0.54114
vn -0.15398 0.95230 -0.26330
vn -0.97408 -0.17800 -0.13959
vn 0.01932 -0.98510 0.17065
vn -0.03101 -0.97720 0.20984
vn -0.64649 -0.75400 0.11610
vn 0.00108 0.95670 -0.29120
vn 0.05728 0.96510 -0.25542
vn -0.97515 -0.16370 -0.14952
vn -0.27378 0.20180 0.94042
vn -0.55899 0.80150 -0.21252
vn -0.22930 -0.91760 -0.32479
vn -0.92900 -0.36630 -0.05233
vn -0.01360 -0.99920 0.03701
vn -0.02269 -0.99940 0.02518
vn -0.01631 -0.99920 0.03613
vn -0.18989 -0.22200 -0.95633
vn -0.19143 0.38890 -0.90114
vn -0.88124 -0.47240 -0.01386
vn -0.91254 -0.40870 -0.01155
vn -0.87647 -0.48120 -0.01856
vn -0.44536 0.89070 0.09153
vn -0.51322 0.85140 0.10825
vn -0.92577 -0.37640 0.03540
vn -0.94403 0.05830 -0.32453
vn -0.96407 -0.24150 -0.11068
vn -0.97030 -0.22390 -0.09154
vn -0.96330 -0.24430 -0.11118
vn -0.44181 0.89250 0.09070
vn -0.89618 -0.23560 -0.37596
vn -0.72559 0.19130 -0.66100
vn -0.70510 0.16970 -0.68850
vn -0.45979 0.87950 -0.12256
vn -0.02207 -0.99970 0.00871
vn -0.86210 -0.50650 -0.01509
vn -0.79123 -0.61090 0.02561
vn -0.97453 -0.21510 -0.06416
vn -0.68910 0.15340 -0.70822
vn -0.20377 0.96640 -0.15673
vn 0.23997 0.47870 -0.84450
vn 0.25338 0.47330 -0.84369
vn 0.24590 0.47730 -0.84359
vn 0.20768 0.49730 -0.84232
vn -0.55008 0.32060 -0.77110
vn -0.50675 0.30100 -0.80780
vn -0.37223 -0.63180 0.67991
vn -0.23331 -0.71060 0.66385
vn -0.12726 -0.74150 0.65877
vn -0.56841 -0.54110 0.61968
vn -0.07553 -0.77540 0.62704
vn -0.03774 -0.99870 -0.03348
vn -0.98050 -0.19360 -0.03278
vn -0.97513 -0.21930 -0.03145
vn 0.00177 -0.99880 -0.04800
vn 0.06598 -0.92930 -0.36343
vn 0.06140 -0.96130 -0.26868
vn 0.06600 -0.92930 -0.36353
vn 0.07039 -0.88090 -0.46799
vn 0.25173 0.47580 -0.84270
vn -0.47434 0.28620 -0.83247
vn -0.05133 -0.83510 0.54767
vn -0.22388 -0.74800 0.62486
vn -0.19189 -0.77120 0.60701
vn -0.34029 -0.66660 0.66316
vn -0.00498 -0.99230 0.12365
vn -0.02963 -0.98220 0.18560
vn -0.01604 -0.98940 0.14415
vn -0.97493 -0.17850 0.13287
vn -0.95678 -0.18220 0.22667
vn -0.97484 -0.17830 0.13369
vn -0.94412 -0.18340 0.27390
vn -0.32747 -0.66030 0.67579
vn -0.95574 0.29090 0.04354
vn 0.03816 -0.99830 0.04373
vn 0.01237 -0.99670 0.07989
vn -0.09772 -0.68720 0.71990
vn -0.16395 -0.47120 0.86662
vn -0.15457 -0.46480 0.87183
vn -0.06129 -0.45730 0.88722
vn -0.05384 -0.45930 0.88661
vn -0.03280 -0.46630 0.88402
vn -0.92322 -0.18460 0.33699
vn -0.51527 0.09890 -0.85134
vn -0.54405 0.06710 -0.83638
vn -0.54384 0.06740 -0.83645
vn -0.10223 -0.95000 -0.29513
vn -0.05679 -0.98490 -0.16373
vn -0.59523 0.00680 -0.80356
vn -0.18091 -0.83300 -0.52289
vn 0.88240 -0.46940 0.03289
vn 0.95719 -0.28500 0.05061
vn 0.89560 -0.44480 0.00551
vn 0.21675 0.29240 -0.93141
vn 0.16899 -0.00940 -0.98553
vn 0.22708 0.34060 -0.91235
vn 0.13841 -0.02720 -0.98998
vn -0.33895 -0.53980 -0.77049
vn -0.36316 -0.53250 -0.76459
vn -0.10910 -0.43370 0.89445
vn 0.96252 0.25840 0.08201
vn 0.98332 0.14140 0.11460
vn 0.99063 0.12680 -0.05152
vn -0.12342 -0.98590 0.11303
vn -0.18364 -0.96990 0.15965
vn -0.02772 -0.99200 0.12319
vn 0.23090 0.41290 -0.88105
vn -0.15260 -0.44470 0.88259
vn -0.40532 -0.51860 -0.75286
vn 0.91880 0.27290 -0.28511
vn -0.94505 0.00920 -0.32668
vn -0.12584 -0.44300 0.88764
vn -0.74082 0.20770 -0.63875
vn -0.77648 0.20430 -0.59606
vn -0.62352 0.15220 -0.76684
vn -0.27296 -0.96200 0.00432
vn -0.04480 -0.99670 0.06759
vn -0.06003 -0.99770 -0.02985
vn 0.04651 0.97330 0.22460
vn -0.00018 0.94030 0.34037
vn 0.03437 -0.99920 -0.02127
vn -0.70839 0.21010 -0.67391
vn 0.07665 0.98620 0.14684
vn -0.08966 -0.99050 0.10439
vn 0.79854 -0.60170 0.01797
vn 0.09069 0.33870 -0.93651
vn 0.04454 -0.99540 0.08446
vn 0.03299 -0.99160 0.12497
vn -0.98948 -0.12140 -0.07891
vn -0.98844 -0.03010 -0.14830
vn -0.00065 -0.98940 0.14533
vn -0.13213 0.96870 -0.21018
vn -0.13559 0.96660 -0.21741
vn -0.31626 -0.94400 0.09432
vn -0.60154 -0.79640 -0.06187
vn -0.69957 -0.71390 -0.03259
vn -0.12851 0.97080 -0.20263
vn -0.82039 0.56860 -0.05999
vn -0.76983 0.62420 0.13337
vn -0.72075 0.62030 -0.30926
vn 0.79479 0.57570 0.19205
vn 0.67743 0.73490 0.03292
vn -0.97679 0.05090 -0.20807
vn 0.94278 0.24240 0.22889
vn -0.18503 0.91690 0.35352
vn -0.17924 0.91910 0.35098
vn -0.17064 0.92220 0.34710
vn -0.75513 0.60080 0.26221
vn -0.23934 -0.87010 0.43092
vn 0.93457 0.05700 0.35109
vn -0.53829 -0.84220 0.02896
vn 0.85500 0.46800 0.22353
vn -0.89322 -0.06740 0.44460
vn -0.87508 -0.09110 0.47532
vn -0.89312 -0.06740 0.44461
vn -0.19766 0.01230 -0.98019
vn -0.22666 -0.10780 -0.96798
vn -0.19713 -0.01370 -0.98032
vn -0.21757 0.25530 -0.94202
vn -0.20061 0.21330 -0.95617
vn -0.91091 -0.04170 0.41061
vn -0.72571 0.56080 0.39861
vn 0.80168 -0.57560 0.16140
vn -0.22835 0.45420 -0.86114
vn 0.88026 0.41550 0.22928
vn -0.98993 0.06990 -0.12317
vn -0.69444 0.63410 0.33998
vn 0.88513 -0.46530 -0.00287
vn 0.31011 0.94820 0.06843
vn 0.31688 0.94550 0.07510
vn 0.27774 0.95120 0.13448
vn 0.27560 0.95060 0.14277
vn 0.32157 0.94360 0.07917
vn -0.03568 -0.99810 0.05096
vn 0.03158 -0.99620 0.08108
vn 0.03619 -0.99640 0.07616
vn 0.44845 -0.08470 -0.88977
vn 0.32070 0.29450 -0.90024
vn 0.52413 0.41450 -0.74396
vn 0.99814 -0.00120 -0.06150
vn 0.99732 0.01280 -0.07251
vn 0.99342 0.02220 -0.11220
vn 0.99114 0.06650 -0.11473
vn 0.98355 -0.14050 -0.11384
vn 0.94137 -0.29120 0.17016
vn 0.93939 -0.33140 0.08805
vn 0.99801 -0.04570 0.04434
vn 0.96327 -0.20350 0.17536
vn 0.96082 -0.24180 0.13537
vn 0.96275 -0.18610 0.19628
vn 0.05556 -0.99500 0.08283
vn 0.94637 -0.29260 0.13704
vn 0.91665 0.39910 0.02068
vn 0.43524 0.42600 -0.79317
vn 0.78526 -0.55450 0.27563
vn 0.23443 0.93910 0.25132
vn 0.83121 0.20960 -0.51488
vn 0.84674 0.24310 -0.47321
vn 0.83131 0.20960 -0.51486
vn 0.99565 -0.07790 0.05129
vn 0.12386 -0.99210 -0.01881
vn 0.99971 0.02020 0.01541
vn 0.59287 0.45280 -0.66601
vn 0.03031 -0.99910 -0.02929
vn 0.00633 -0.99850 -0.05485
vn -0.02310 -0.98780 -0.15401
vn 0.81755 0.18340 -0.54590
vn 0.21789 -0.59470 0.77384
vn 0.50843 -0.43200 0.74486
vn 0.12237 -0.63190 0.76531
vn -0.05663 -0.80670 0.58823
vn 0.61893 0.44880 -0.64461
vn -0.15997 0.44550 -0.88092
vn -0.18572 0.43110 -0.88300
vn -0.16594 0.44800 -0.87850
vn 0.99875 0.00730 -0.04961
vn 0.61548 0.40070 -0.67868
vn 0.69774 0.31680 -0.64239
vn 0.04695 -0.99540 0.08307
vn -0.14150 0.46860 -0.87196
vn 0.55318 0.45510 -0.69774
vn -0.13585 0.45910 -0.87795
vn 0.93502 0.00140 0.35449
vn 0.96469 0.01150 0.26305
vn 0.95771 0.01930 0.28692
vn 0.26139 0.96120 -0.08784
vn 0.29104 0.94950 -0.11742
vn 0.26275 0.95560 -0.13357
vn -0.03792 -0.98560 -0.16450
vn 0.96564 -0.23920 0.10140
vn -0.19126 0.44640 -0.87417
vn 0.95371 -0.17550 0.24430
vn 0.95837 -0.16940 0.23000
vn 0.16530 -0.63410 0.75540
vn 0.15673 -0.63810 0.75383
vn 0.92113 -0.00250 0.38913
vn -0.98273 -0.17020 -0.07284
vn -0.94924 -0.24220 -0.20060
vn -0.93544 -0.34180 -0.09044
vn 0.25893 0.96540 -0.03035
vn -0.83827 0.48170 -0.25537
vn -0.94002 0.10140 -0.32580
vn 0.03401 -0.99330 0.11078
vn 0.44348 -0.33810 0.83009
vn 0.19774 -0.38670 0.90078
vn 0.30310 -0.36410 0.88067
vn 0.20205 -0.75880 0.61920
vn 0.94798 -0.20950 0.23969
vn 0.17022 -0.63170 0.75627
vn 0.91795 -0.26000 -0.29965
vn 0.67625 0.15370 -0.72049
vn 0.87939 -0.03190 0.47510
vn 0.03315 0.07600 -0.99660
vn 0.19054 -0.97780 -0.08706
vn 0.14293 -0.98950 -0.02329
vn 0.37063 -0.92860 0.01660
vn 0.00975 -0.39550 0.91846
vn 0.73796 0.36380 -0.56841
vn 0.75471 0.36690 -0.54383
vn 0.58596 -0.29270 -0.75565
vn 0.59068 -0.28950 -0.75320
vn 0.58605 -0.29260 -0.75554
vn 0.57897 -0.29740 -0.75912
vn 0.10019 -0.99500 0.00088
vn 0.11784 -0.99220 0.04183
vn 0.11098 -0.99310 0.03666
vn -0.87488 -0.47790 -0.07930
vn -0.99169 -0.09230 -0.08940
vn 0.72608 0.36140 -0.58495
vn 0.73334 -0.66860 0.12356
vn 0.78200 -0.60420 0.15318
vn -0.98675 -0.14090 -0.08045
vn 0.92212 -0.25650 0.28966
vn 0.03833 -0.98730 0.15406
vn 0.14377 -0.98090 0.13113
vn 0.14313 -0.98090 0.13135
vn -0.00209 -0.43710 0.89939
vn 0.00288 -0.43140 0.90219
vn 0.03635 -0.95640 0.28982
vn 0.98935 0.02600 0.14307
vn 0.98812 0.13960 0.06439
vn 0.97034 -0.09410 0.22284
vn 0.00141 -0.97450 0.22453
vn -0.00903 -0.45240 0.89179
vn 0.80210 0.58870 0.10030
vn 0.82946 0.55200 0.08534
vn 0.72382 0.66110 0.19745
vn 0.63378 0.73810 -0.23136
vn 0.53217 -0.30240 0.79077
vn 0.38561 -0.33370 0.86018
vn 0.51136 -0.31420 0.79985
vn 0.00432 0.98770 0.15630
vn 0.02781 0.97820 -0.20563
vn 0.15483 0.92430 -0.34884
vn 0.43849 -0.25560 0.86161
vn 0.44285 -0.25370 0.85998
vn 0.54613 -0.30900 0.77863
vn -0.11201 0.99290 -0.04023
vn 0.00475 -0.35220 0.93594
vn 0.22361 -0.35630 0.90722
vn 0.01403 -0.99720 0.07356
vn 0.84156 0.53560 0.06983
vn 0.66773 -0.71050 0.22183
vn 0.71874 0.58140 0.38134
vn 0.63207 0.62580 0.45707
vn 0.71934 0.38480 0.57841
vn 0.01354 -0.99840 0.05411
vn -0.88293 0.45620 0.11085
vn -0.88293 0.45630 0.11085
vn -0.94170 0.32540 0.08511
vn 0.84008 0.53670 0.07921
vn 0.56489 -0.31910 0.76089
vn 0.57303 0.62770 0.52696
vn 0.61377 -0.34210 0.71152
vn 0.05450 0.90100 0.43044
vn 0.09901 0.90250 0.41923
vn 0.75967 0.04630 0.64857
vn 0.79756 0.02000 0.60285
vn 0.68808 0.19330 0.69941
vn -0.01802 0.89460 0.44653
vn -0.81191 0.56850 0.13260
vn 0.88373 0.10670 -0.45577
vn 0.93297 0.15350 -0.32557
vn 0.88364 0.10670 -0.45579
vn -0.98449 -0.12660 -0.12162
vn -0.15246 -0.55190 0.81984
vn 0.38041 0.35680 -0.85319
vn 0.31117 0.39690 -0.86349
vn 0.39023 0.23100 -0.89131
vn 0.27225 0.46670 -0.84143
vn 0.20214 0.45280 -0.86840
vn 0.84989 0.22680 -0.47561
vn 0.77580 0.03330 -0.63008
vn 0.70808 -0.67730 0.19965
vn 0.56900 -0.66980 0.47707
vn -0.67539 -0.73730 0.01530
vn -0.65526 -0.75440 0.03872
vn -0.00189 -0.99870 0.05182
vn -0.67503 0.67590 0.29589
vn -0.72666 -0.68520 -0.04939
vn -0.97758 -0.15470 0.14271
vn 0.12084 -0.64710 -0.75269
vn 0.11958 -0.65720 -0.74418
vn -0.97003 0.06740 0.23355
vn -0.99857 -0.05200 0.01109
vn -0.99575 -0.03150 0.08625
vn -0.63174 0.39400 0.66759
vn -0.86578 0.03810 0.49898
vn -0.91827 0.20660 0.33776
vn -0.89406 0.19210 0.40472
vn -0.11239 0.98690 0.11573
vn -0.36548 0.50400 0.78255
vn -0.25213 0.54080 0.80248
vn -0.99154 -0.01750 -0.12843
vn -0.99313 -0.01590 -0.11593
vn -0.02715 0.52150 0.85280
vn -0.03455 0.52560 0.85008
vn 0.11861 -0.66460 -0.73775
vn -0.00699 -0.99770 -0.06745
vn -0.02530 -0.99460 -0.10062
vn -0.99470 -0.01410 -0.10212
vn 0.01131 -0.99930 -0.03429
vn -0.02052 0.51780 0.85521
vn -0.06688 0.99010 -0.12362
vn -0.02546 0.99110 -0.13061
vn -0.06365 0.99220 -0.10724
vn -0.27554 0.23310 0.93261
vn 0.14832 -0.19760 0.96895
vn -0.13415 0.98720 -0.08603
vn -0.31522 0.93580 -0.15793
vn -0.10224 0.98890 -0.10773
vn -0.99029 -0.07210 0.11888
vn -0.99028 -0.07200 0.11878
vn -0.98959 -0.07590 0.12190
vn -0.99103 -0.06790 0.11545
vn -0.64970 0.75410 -0.09596
vn 0.03305 -0.95220 0.30371
vn 0.01990 -0.95130 0.30767
vn -0.10377 -0.96210 0.25223
vn -0.17943 0.97980 0.08847
vn 0.07983 -0.95390 0.28917
vn 0.06533 -0.94690 0.31495
vn -0.13956 0.27900 0.95006
vn -0.14003 0.27700 0.95060
vn -0.13919 0.28100 0.94961
vn -0.17934 -0.76430 0.61941
vn -0.08453 -0.71420 0.69484
vn -0.59951 -0.62070 0.50525
vn -0.67110 -0.72260 0.16584
vn -0.75066 -0.57050 0.33336
vn -0.77506 -0.53880 0.33025
vn -0.74707 -0.56600 0.34858
vn -0.72517 -0.58580 0.36195
vn -0.74605 -0.56470 0.35296
vn -0.04253 -0.77900 0.62556
vn 0.01535 -0.64920 0.76048
vn -0.05758 -0.99780 0.03386
vn -0.63600 0.49850 0.58901
vn -0.98692 -0.15200 -0.05313
vn -0.67553 -0.73600 0.04454
vn 0.05285 -0.99840 -0.02209
vn -0.96665 -0.07550 -0.24484
vn -0.94787 -0.30250 0.10002
vn -0.98183 -0.16990 -0.08473
vn -0.96710 0.03030 -0.25268
vn -0.18963 0.87010 -0.45494
vn -0.19208 0.86850 -0.45699
vn -0.19172 0.86870 -0.45664
vn -0.19371 0.86740 -0.45832
vn -0.02571 -0.25740 -0.96594
vn -0.04496 -0.22730 -0.97279
vn 0.00690 0.97720 -0.21220
vn -0.02638 0.96630 -0.25618
vn -0.08477 0.94570 -0.31375
vn 0.63335 0.76660 0.10565
vn 0.96965 0.04810 -0.23966
vn 0.96568 0.06280 -0.25210
vn 0.96973 0.04800 -0.23954
vn 0.37259 -0.92480 -0.07658
vn 0.37397 -0.92490 0.06862
vn 0.22785 -0.95300 -0.19987
vn -0.01538 -0.27070 -0.96251
vn -0.00782 -0.24050 -0.97057
vn -0.07917 0.97680 -0.19886
vn -0.10483 0.96560 -0.23806
vn -0.03703 0.97770 -0.20676
vn -0.00031 -0.21020 -0.97763
vn -0.01309 -0.27690 -0.96079
vn -0.15734 -0.92640 0.34205
vn -0.10309 -0.96090 0.25687
vn -0.11037 -0.94770 0.29938
vn -0.84338 -0.23060 -0.48535
vn -0.83523 -0.20810 -0.50897
vn 0.14793 -0.96620 0.21122
vn 0.15011 -0.96500 0.21525
vn 0.15010 -0.96490 0.21535
vn 0.30074 -0.93010 0.21107
vn 0.25850 -0.94790 0.18626
vn 0.19740 -0.96020 0.19775
vn 0.43037 -0.86810 0.24713
vn 0.19542 -0.89530 0.40042
vn 0.96518 0.10680 -0.23875
vn -0.97372 0.05170 -0.22179
vn -0.83161 -0.21180 -0.51332
vn -0.83444 -0.20430 -0.51179
vn 0.03041 0.98220 -0.18539
vn -0.83187 -0.28590 -0.47571
vn 0.07757 -0.99340 0.08430
vn 0.07836 -0.99350 0.08219
vn 0.12631 -0.98520 0.11625
vn 0.17893 0.97790 -0.10781
vn 0.09079 0.99550 0.02776
vn 0.19072 0.97840 -0.08018
vn 0.98177 0.04720 -0.18402
vn 0.98005 -0.02230 -0.19737
vn -0.07978 0.79410 -0.60251
vn -0.47831 0.84400 -0.24264
vn -0.47841 0.84400 -0.24265
vn -0.36576 0.85690 -0.36330
vn 0.96473 0.09040 -0.24729
vn 0.96441 0.10020 -0.24491
vn 0.97208 -0.10170 -0.21147
vn 0.97275 0.03560 -0.22904
vn 0.33307 -0.92390 0.18851
vn 0.17514 -0.93260 0.31563
vn 0.27386 -0.95500 0.11397
vn 0.19130 -0.96370 0.18612
vn -0.82737 -0.22300 -0.51557
vn 0.11469 -0.98250 0.14686
vn -0.00888 -0.97480 0.22303
vn -0.85368 -0.26390 -0.44890
vn -0.17319 -0.92790 0.33021
vn -0.12106 -0.95210 0.28077
vn -0.13659 -0.94320 0.30298
vn -0.82540 -0.53640 0.17618
vn -0.52799 0.80690 -0.26472
vn -0.43863 0.81030 -0.38853
vn 0.89053 0.18250 0.41677
vn 0.89164 0.19510 0.40864
vn 0.12827 -0.94680 0.29513
vn 0.10315 -0.97630 0.19020
vn 0.09663 -0.96580 0.24048
vn 0.03150 0.99270 0.11660
vn -0.02229 0.98900 -0.14653
vn -0.99671 -0.06630 0.04727
vn 0.10293 -0.97590 0.19259
vn 0.89814 0.23820 0.36966
vn 0.89839 0.26240 0.35224
vn 0.96494 0.08090 -0.24958
vn -0.06432 0.99780 -0.01458
vn -0.91337 -0.33570 0.23024
vn 0.17262 -0.25270 -0.95203
vn -0.03392 -0.89910 0.43650
vn 0.28719 0.93820 -0.19313
vn 0.28098 0.94890 -0.14371
vn 0.37822 0.88160 -0.28239
vn -0.03093 -0.92060 0.38918
vn 0.20131 -0.82510 0.52798
vn 0.15316 -0.96320 0.22101
vn -0.98394 -0.10290 0.14568
vn -0.98341 -0.11050 0.14404
vn -0.98342 -0.11040 0.14413
vn -0.83556 -0.24650 -0.49095
vn -0.83572 -0.24820 -0.48976
vn -0.83557 -0.24680 -0.49085
vn -0.98298 -0.09290 0.15873
vn -0.98348 -0.08290 0.16088
vn -0.63348 -0.75480 0.17044
vn 0.94043 0.32200 0.10939
vn 0.21153 -0.84190 0.49656
vn -0.35095 -0.90670 0.23392
vn -0.33469 -0.91740 0.21524
vn -0.19538 0.95520 -0.22230
vn -0.17020 0.96090 -0.21818
vn -0.14174 0.97290 -0.18252
vn -0.03758 0.99930 -0.00197
vn -0.12267 0.96060 0.24947
vn -0.83540 -0.24490 -0.49214
vn -0.12924 0.97750 -0.16680
vn 0.88224 0.21430 0.41917
vn 0.88318 0.22640 0.41072
vn 0.90089 0.19170 0.38951
vn 0.89913 0.17720 0.40028
vn 0.89913 0.17730 0.40028
vn 0.24675 0.96420 -0.09669
vn 0.88907 0.16910 0.42535
vn -0.98386 -0.07340 0.16295
vn 0.26770 0.96210 -0.05176
vn 0.88120 0.20320 0.42680
vn -0.98266 -0.11920 0.14222
vn -0.04895 -0.98250 0.17995
vn 0.89666 0.20790 0.39096
vn 0.89714 0.16330 0.41050
vn -0.07259 0.99660 0.03889
vn -0.63039 0.77160 -0.08506
vn 0.90122 0.22080 0.37301
vn 0.90242 0.24710 0.35299
vn 0.10776 -0.90810 0.40457
vn 0.16307 -0.78480 0.59787
vn -0.37322 -0.89070 0.25966
vn -0.12780 0.28850 0.94893
vn -0.12590 0.29610 0.94687
vn -0.98551 -0.09110 0.14314
vn -0.98551 -0.09100 0.14314
vn -0.98503 -0.09330 0.14482
vn 0.02621 -0.96290 0.26857
vn -0.88980 -0.45530 -0.03187
vn -0.12978 0.28090 0.95088
vn -0.06326 0.99590 0.06529
vn 0.00052 0.96930 0.24600
vn -0.14245 0.97850 0.14909
vn 0.07990 -0.97220 0.22025
vn -0.98606 -0.08850 0.14125
vn -0.98086 -0.11190 0.15942
vn -0.98086 -0.11200 0.15942
vn -0.97642 -0.12950 0.17284
vn -0.99895 -0.03700 0.02658
vn 0.08010 -0.96470 0.25075
vn -0.61501 0.78620 -0.06077
vn -0.35955 0.84870 0.38796
vn -0.12840 0.24280 0.96157
vn -0.14172 0.27700 0.95037
vn -0.23008 0.26390 0.93667
vn -0.15512 0.31140 0.93756
vn -0.11602 0.29980 0.94690
vn -0.10727 0.33740 0.93527
vn -0.20655 -0.83560 0.50904
vn -0.08274 0.98690 -0.13839
vn -0.12622 0.25440 0.95884
vn 0.89895 0.19420 0.39268
vn -0.98438 -0.09630 0.14744
vn -0.11743 0.26940 0.95579
vn -0.11744 0.26940 0.95589
vn -0.12268 0.28280 0.95134
vn -0.99189 -0.07840 0.10020
vn -0.11225 0.25640 0.96003
vn -0.97739 -0.15380 0.14505
vn -0.98548 -0.09470 0.14073
vn -0.68958 -0.72420 0.00530
vn -0.76594 -0.64290 -0.00164
vn -0.98327 -0.14240 0.11398
vn -0.69625 0.71410 0.07301
vn -0.35046 -0.93430 -0.06483
vn -0.16048 0.98260 -0.09353
vn -0.02952 -0.98830 0.14979
vn -0.04841 -0.98750 0.14995
vn -0.99987 -0.01560 -0.00907
vn -0.99668 -0.03850 -0.07191
vn -0.99179 -0.06560 -0.11020
vn -0.99395 -0.08680 0.06782
vn 0.78010 -0.52500 0.34042
vn 0.97887 -0.00610 0.20462
vn 0.97916 -0.00310 0.20325
vn 0.06389 -0.99640 0.05570
vn 0.07050 -0.99650 0.04418
vn 0.08272 -0.99590 0.03666
vn 0.97872 -0.00710 0.20501
vn 0.05221 -0.99710 0.05553
vn 0.68831 -0.69980 0.19142
vn 0.67971 -0.71130 0.17895
vn 0.67189 -0.71560 0.19121
vn 0.04650 -0.99830 -0.03405
vn 0.87717 0.47950 -0.02525
vn -0.11329 0.95370 0.27849
vn 0.02286 0.87080 0.49104
vn -0.03778 0.94130 0.33557
vn 0.67631 -0.71570 0.17425
vn 0.08604 0.81100 0.57873
vn 0.13444 -0.63500 -0.76073
vn 0.69994 -0.69910 0.14587
vn 0.95375 0.09100 0.28639
vn 0.94695 0.09080 0.30817
vn 0.95376 0.09100 0.28629
vn 0.95771 0.09110 0.27280
vn 0.59270 0.17680 0.78576
vn 0.10449 -0.99440 -0.01589
vn 0.12241 0.68890 0.71446
vn -0.13139 0.15040 0.97983
vn -0.06988 0.39620 0.91552
vn -0.02552 0.49160 0.87048
vn -0.06028 0.53050 0.84558
vn 0.96295 -0.09010 -0.25429
vn 0.96730 -0.11920 -0.22383
vn 0.97064 -0.10800 -0.21500
vn -0.06305 0.98160 0.18046
vn 0.96831 -0.12840 -0.21420
vn -0.00793 0.52750 0.84945
vn 0.02296 0.52120 0.85314
vn 0.96331 -0.13210 -0.23386
vn 0.16462 -0.27980 -0.94585
vn 0.58702 -0.78250 0.20754
vn 0.71491 -0.56460 0.41251
vn 0.50777 -0.62710 0.59066
vn 0.99529 -0.01280 0.09554
vn 0.99540 -0.01200 0.09475
vn 0.99538 -0.01290 0.09565
vn 0.99533 -0.01340 0.09605
vn 0.25478 -0.93780 0.23591
vn -0.06370 0.37990 0.92282
vn -0.04935 0.36210 0.93082
vn 0.28925 -0.93110 0.22212
vn 0.29008 0.77210 0.56546
vn 0.33097 0.70580 0.62631
vn 0.21322 0.74810 0.62839
vn 0.67090 -0.63000 -0.39111
vn 0.17973 0.77490 0.60598
vn -0.03974 0.35010 0.93586
vn 0.17803 0.77710 0.60363
vn 0.67367 -0.45280 0.58402
vn -0.00038 -0.75580 0.65480
vn 0.07517 -0.69240 0.71753
vn -0.00644 -0.77210 0.63551
vn 0.01264 -0.72040 0.69350
vn -0.04259 -0.77930 0.62525
vn 0.40286 0.68070 0.61185
vn 0.44503 -0.81480 -0.37162
vn 0.61042 -0.47220 0.63588
vn 0.40258 0.45960 0.79164
vn 0.75372 0.35860 -0.55072
vn -0.16476 -0.12830 -0.97795
vn -0.20071 -0.19560 -0.95992
vn -0.16486 -0.12830 -0.97796
vn -0.14586 -0.09320 -0.98487
vn -0.09560 -0.22360 -0.96997
vn -0.11328 -0.19800 -0.97358
vn -0.09550 -0.22370 -0.96996
vn 0.10057 0.96920 -0.22492
vn 0.05784 0.97410 -0.21871
vn 0.03416 0.97900 -0.20113
vn 0.26846 -0.95180 0.14856
vn 0.29305 -0.94250 0.16068
vn 0.26036 -0.94940 0.17551
vn 0.12527 0.96890 -0.21359
vn 0.06676 -0.37530 -0.92452
vn -0.08360 -0.24080 -0.96693
vn -0.09512 0.72860 -0.67836
vn 0.93913 -0.18540 0.28925
vn 0.93957 -0.23900 0.24510
vn 0.96246 -0.19880 0.18504
vn -0.00150 -0.94270 0.33373
vn -0.00160 -0.94270 0.33372
vn 0.00840 -0.94340 0.33144
vn -0.15649 -0.44160 -0.88348
vn -0.09936 -0.28470 -0.95343
vn 0.20980 -0.96980 -0.12411
vn -0.29304 -0.87580 0.38347
vn -0.18982 -0.53300 -0.82452
vn 0.96844 0.01680 -0.24860
vn 0.99915 0.03760 -0.01394
vn 0.97389 -0.00530 -0.22707
vn -0.09609 -0.24450 -0.96489
vn -0.07786 -0.28140 -0.95646
vn -0.07787 -0.28150 -0.95636
vn 0.00150 0.94530 -0.32626
vn 0.05269 0.94500 -0.32275
vn 0.23733 0.94480 -0.22583
vn -0.05124 0.93440 -0.35260
vn -0.87661 -0.13410 -0.46211
vn -0.87704 -0.13490 -0.46116
vn 0.96589 -0.25410 -0.04913
vn 0.97079 -0.06280 -0.23173
vn 0.98581 -0.16810 0.00484
vn -0.84564 -0.12370 -0.51926
vn -0.84565 -0.12370 -0.51916
vn -0.82315 -0.08850 -0.56081
vn 0.99992 -0.00610 0.00645
vn 0.99947 0.03130 0.00902
vn -0.08538 0.87340 -0.47954
vn -0.04826 0.93580 -0.34927
vn -0.00635 0.95540 -0.29524
vn -0.06003 -0.31690 -0.94658
vn 0.36286 0.86480 -0.34695
vn 0.18804 0.87970 -0.43668
vn -0.00850 0.99490 -0.10096
vn 0.65271 -0.74070 0.15924
vn 0.10876 -0.97810 -0.17748
vn 0.10749 -0.97780 0.17979
vn 0.05113 -0.98750 0.14893
vn 0.04543 -0.99000 0.13373
vn 0.97254 -0.20740 0.10557
vn 0.00125 0.97540 -0.22033
vn 0.97766 -0.19660 0.07377
vn -0.30179 0.95260 -0.03905
vn -0.28226 0.95760 -0.05799
vn -0.22746 0.97330 -0.03128
vn -0.98872 -0.09170 0.11849
vn -0.07786 0.97160 -0.22340
vn -0.87404 -0.17620 -0.45278
vn -0.75753 -0.41160 -0.50670
vn -0.81103 -0.30020 -0.50215
vn -0.97809 0.17070 -0.11894
vn 0.18838 -0.95030 0.24779
vn 0.99907 0.04230 -0.00365
vn -0.19297 0.95210 -0.23701
vn -0.33162 -0.89020 0.31233
vn -0.11332 0.99320 -0.02759
vn 0.55055 -0.83220 0.06504
vn 0.49729 -0.84900 0.17861
vn -0.44131 -0.85120 0.28402
vn -0.87611 -0.13270 -0.46355
vn -0.87955 -0.47010 0.07326
vn 0.05824 -0.92740 0.36939
vn 0.09261 -0.93930 0.33036
vn 0.54612 0.82280 -0.15727
vn 0.47362 0.86820 -0.14804
vn 0.54602 0.82290 -0.15729
vn -0.00366 0.99590 -0.09051
vn 0.13853 -0.97020 0.19874
vn -0.86991 -0.11570 -0.47946
vn 0.59792 0.78470 -0.16346
vn -0.18973 -0.96000 0.20595
vn -0.93757 0.06920 0.34089
vn -0.93757 0.06910 0.34089
vn -0.94604 0.11540 0.30291
vn 0.11981 -0.95160 0.28309
vn 0.84052 0.51440 -0.17009
vn 0.89441 0.42860 -0.12776
vn 0.44230 0.84560 -0.29872
vn 0.98561 0.07010 0.15346
vn -0.88669 -0.13060 -0.44360
vn -0.86731 -0.21060 -0.45106
vn -0.05655 0.98180 -0.18115
vn -0.93353 0.07810 0.34981
vn -0.93321 0.07650 0.35117
vn -0.93353 0.07820 0.34981
vn -0.11316 -0.95610 0.27013
vn -0.89980 -0.05080 -0.43326
vn 0.98200 0.09570 0.16297
vn 0.27778 0.93740 -0.21005
vn -0.38473 -0.87910 0.28131
vn 0.99233 0.01340 -0.12274
vn 0.45884 -0.85260 0.24999
vn 0.13905 -0.95300 0.26925
vn 0.09296 -0.94040 0.32698
vn -0.93306 0.06960 0.35301
vn -0.92167 0.04020 0.38584
vn 0.99904 -0.04410 0.00401
vn -0.92503 0.02050 0.37933
vn 0.26094 0.29520 0.91915
vn 0.92057 0.37680 -0.10261
vn -0.34451 0.86510 -0.36445
vn 0.14113 -0.90870 0.39295
vn -0.02030 -0.94450 0.32795
vn 0.12826 -0.89410 0.42905
vn 0.05100 -0.93340 0.35509
vn -0.93381 0.07940 0.34887
vn -0.05184 0.95530 0.29117
vn -0.02726 0.26850 0.96288
vn -0.03004 0.27470 0.96109
vn 0.97525 0.21660 -0.04453
vn 0.97869 0.19800 -0.05425
vn 0.36919 -0.82610 0.42573
vn 0.98805 0.04390 0.14744
vn 0.43524 0.89660 -0.08170
vn -0.03282 0.28080 0.95920
vn 0.86274 0.05490 0.50261
vn -0.93755 0.08290 0.33776
vn -0.00535 0.98330 -0.18217
vn -0.06452 0.26150 0.96307
vn -0.06443 0.26150 0.96309
vn -0.05414 0.28940 0.95570
vn 0.08718 0.94840 0.30490
vn 0.21291 -0.85030 0.48121
vn -0.09996 0.99060 -0.09329
vn 0.01722 -0.90990 0.41438
vn 0.99983 0.00500 0.01451
vn 0.99561 0.09180 0.01667
vn 0.10818 -0.86880 0.48324
vn -0.01184 -0.94040 0.34000
vn -0.93036 0.00530 0.36659
vn -0.93052 0.00570 0.36627
vn -0.07479 0.23300 0.96955
vn 0.99689 -0.07730 0.01240
vn -0.09711 0.25160 0.96299
vn -0.03233 0.37100 0.92809
vn -0.93051 0.00580 0.36617
vn 0.01071 0.44580 0.89507
vn -0.01366 0.30380 0.95262
vn -0.01586 0.30870 0.95101
vn 0.90410 0.40650 -0.13220
vn -0.01806 0.31360 0.94940
vn 0.98010 0.18540 -0.07061
vn 0.67992 -0.72140 -0.13114
vn 0.67993 -0.72150 -0.13124
vn 0.78743 -0.60940 -0.09273
vn 0.64466 -0.75120 -0.14198
vn -0.23043 0.97290 0.02110
vn 0.98869 0.11400 -0.09740
vn 0.91328 -0.25890 -0.31432
vn -0.43241 0.80430 -0.40756
vn -0.19254 0.94280 -0.27217
vn -0.17954 -0.96640 0.18372
vn -0.25843 -0.95940 0.11287
vn 0.88412 0.45060 -0.12330
vn 0.97574 0.21690 -0.02953
vn 0.74304 0.64760 0.16888
vn 0.78069 0.61260 0.12343
vn 0.70308 0.69950 0.12793
vn -0.06159 -0.99810 0.00769
vn -0.14976 -0.93150 -0.33156
vn -0.06469 -0.88580 -0.45948
vn -0.98756 0.10350 0.11814
vn -0.99951 -0.01110 0.02923
vn -0.97522 -0.12830 0.18037
vn -0.33519 -0.88670 0.31851
vn -0.21725 0.93050 0.29496
vn -0.21762 0.93050 0.29471
vn -0.21979 0.90070 0.37464
vn 0.85664 0.50060 0.12445
vn 0.95351 0.30080 0.01600
vn 0.96802 0.18960 -0.16449
vn -0.76447 0.44540 -0.46596
vn -0.87943 0.39590 0.26421
vn -0.98078 0.18250 0.06961
vn -0.90993 0.37940 0.16773
vn 0.25290 0.96740 -0.00967
vn -0.78465 -0.61850 -0.04222
vn -0.18166 -0.68340 0.70709
vn -0.06943 -0.87760 -0.47435
vn 0.01468 -0.79850 -0.60179
vn -0.22517 0.85550 0.46635
vn -0.18630 -0.83700 0.51452
vn 0.05515 -0.92920 -0.36540
vn -0.04745 -0.95390 -0.29648
vn 0.05238 -0.93440 -0.35246
vn 0.96942 -0.24300 0.03562
vn 0.75640 -0.58710 0.28826
vn 0.68042 -0.73170 0.04140
vn 0.73197 -0.63220 0.25416
vn -0.90488 -0.42110 0.06286
vn -0.90768 -0.41490 0.06268
vn -0.90478 -0.42110 0.06287
vn -0.95953 0.25870 -0.11147
vn -0.97349 0.22670 -0.03092
vn -0.99461 0.08610 -0.05821
vn 0.08950 -0.91760 -0.38728
vn 0.06319 -0.91330 -0.40236
vn -0.99998 -0.00890 -0.00152
vn 0.95753 0.28810 0.01241
vn -0.37278 -0.89810 0.23338
vn -0.40744 -0.86290 0.29912
vn -0.38361 -0.89540 0.22616
vn -0.06394 -0.82080 -0.56756
vn -0.14233 0.22520 0.96381
vn -0.90328 -0.42430 0.06298
vn -0.41916 -0.82550 0.37806
vn -0.99411 -0.05580 0.09273
vn -0.99643 -0.06500 0.05407
vn -0.99589 -0.06110 0.06645
vn 0.21855 -0.78630 0.57795
vn 0.25927 -0.78810 0.55825
vn 0.25270 -0.78490 0.56573
vn 0.33417 -0.71070 0.61907
vn -0.99213 -0.08840 -0.08835
vn -0.99955 0.00980 0.02952
vn -0.08856 -0.80850 -0.58170
vn -0.22281 0.48420 -0.84616
vn -0.07413 0.40560 -0.91105
vn -0.00399 0.36450 -0.93120
vn -0.02409 -0.04460 -0.99872
vn -0.10885 -0.07310 -0.99135
vn -0.09303 -0.11610 -0.98890
vn -0.89887 -0.35750 0.25350
vn -0.72950 -0.56980 0.37822
vn -0.80176 -0.42530 0.41987
vn -0.53346 0.68750 -0.49283
vn -0.91108 0.16510 0.37769
vn -0.08727 -0.13150 -0.98751
vn 0.42236 -0.61780 -0.66332
vn 0.77041 -0.47170 0.42892
vn -0.16493 -0.19030 -0.96778
vn -0.99707 -0.07030 0.03127
vn -0.99876 -0.00790 0.04971
vn -0.99873 -0.00700 0.05022
vn -0.99862 -0.00360 0.05236
vn 0.13003 -0.72380 0.67765
vn 0.12584 -0.72130 0.68102
vn -0.46438 -0.72480 0.50896
vn 0.80564 -0.46260 0.37013
vn -0.22614 0.75810 0.61174
vn 0.68905 0.63810 0.34360
vn 0.72906 0.13470 0.67106
vn -0.99690 -0.07210 0.03150
vn -0.80794 0.36050 0.46616
vn -0.99933 -0.01940 -0.03009
vn -0.35588 0.33870 -0.87098
vn 0.13379 -0.72600 0.67452
vn -0.40800 -0.71890 0.56274
vn -0.23620 0.76110 0.60412
vn 0.01819 -0.15870 0.98712
vn 0.02207 -0.13000 0.99128
vn 0.02696 -0.09260 0.99537
vn -0.51359 -0.20320 0.83359
vn -0.99974 -0.01570 -0.01894
vn 0.22503 -0.55400 0.80155
vn 0.02090 -0.57310 0.81926
vn -0.96320 -0.26880 -0.00117
vn -0.78275 0.20270 0.58836
vn -0.80440 0.29740 0.51438
vn -0.79707 0.15440 0.58380
vn -0.99838 -0.02670 0.04916
vn 0.24937 -0.29410 0.92263
vn 0.33671 -0.26430 0.90370
vn -0.80574 -0.05540 0.58968
vn -0.81366 -0.08400 0.57519
vn -0.98660 0.02070 0.16157
vn -0.09724 0.50880 0.85539
vn -0.10879 0.50200 0.85796
vn 0.04793 -0.70180 -0.71071
vn 0.01036 -0.99940 0.03299
vn 0.00738 -1.00000 0.00211
vn 0.01264 -0.99830 0.05631
vn -0.91337 -0.21190 0.34771
vn -0.99509 -0.07310 0.06727
vn -0.97621 0.04350 -0.21233
vn -0.98822 0.01530 -0.15210
vn -0.11722 0.49700 0.85985
vn 0.99527 0.08490 0.04811
vn 0.99551 0.08080 0.04935
vn 0.99688 0.06150 0.04893
vn 0.99518 0.08630 0.04658
vn 0.39727 -0.74400 -0.53725
vn 0.33771 -0.79380 -0.50587
vn -0.07824 0.99450 -0.06895
vn -0.07814 0.99460 -0.06894
vn -0.07509 0.99490 -0.06761
vn -0.99091 -0.09980 -0.08990
vn 0.31052 -0.81410 -0.49069
vn 0.89489 -0.38020 -0.23386
vn -0.08024 0.99430 -0.06983
vn 0.99837 0.02500 0.05055
vn 0.99873 0.01080 0.04938
vn -0.96907 -0.24680 0.00793
vn -0.85895 -0.47580 0.18919
vn -0.91124 -0.41020 -0.03670
vn -0.03080 -0.86730 0.49677
vn -0.02522 -0.86890 0.49430
vn -0.81702 -0.24030 -0.52416
vn -0.83265 0.31760 -0.45362
vn -0.19371 0.20160 0.96017
vn 0.29642 0.64340 -0.70574
vn 0.93986 0.23530 0.24746
vn 0.90927 0.27440 0.31295
vn 0.86260 0.30940 0.40026
vn 0.90063 -0.19190 -0.38990
vn 0.90325 -0.24240 -0.35423
vn -0.86800 -0.49630 -0.01700
vn -0.03672 -0.86560 0.49950
vn -0.25852 0.95010 0.17451
vn -0.18718 0.96600 0.17824
vn 0.05865 0.97960 0.19244
vn 0.87915 -0.11300 -0.46286
vn -0.84430 -0.46490 0.26636
vn 0.98748 0.15370 0.03564
vn -0.28660 -0.59310 -0.75239
vn -0.23367 -0.38560 -0.89254
vn -0.96900 0.20280 0.14125
vn -0.97798 0.11960 0.17091
vn -0.99242 0.09830 0.07358
vn -0.31541 0.11810 0.94153
vn -0.30708 0.11360 0.94488
vn -0.32392 0.12280 0.93806
vn 0.99036 0.07800 -0.11423
vn 0.81480 -0.37720 0.44019
vn 0.86281 -0.35110 0.36376
vn 0.92504 -0.33460 0.17966
vn 0.95135 0.18950 0.24307
vn 0.95864 0.17040 0.22801
vn 0.91358 0.20760 0.34956
vn 0.38516 -0.10860 -0.91642
vn 0.41767 -0.07660 -0.90535
vn -0.95452 0.16790 0.24645
vn -0.92541 0.20590 0.31822
vn 0.45737 -0.03600 -0.88856
vn -0.16992 -0.16730 -0.97118
vn 0.10275 0.97690 0.18722
vn 0.83657 0.05140 -0.54543
vn -0.89250 0.26800 0.36275
vn 0.77840 0.26050 -0.57119
vn 0.81049 0.14520 -0.56744
vn 0.78903 0.25190 -0.56026
vn 0.97377 0.15540 0.16639
vn 0.04061 -0.94900 0.31270
vn 0.03969 -0.91310 0.40573
vn -0.12150 -0.95440 0.27284
vn 0.36909 -0.68100 0.63239
vn 0.09458 -0.94360 0.31730
vn 0.98521 0.08980 0.14604
vn 0.98888 -0.08950 0.11899
vn 0.98858 -0.11470 0.09816
vn 0.99035 -0.07430 0.11707
vn 0.84490 0.33530 0.41693
vn 0.56874 -0.48320 0.66565
vn 0.99149 0.01850 0.12873
vn 0.11236 -0.65710 0.74539
vn 0.32445 0.92760 0.18512
vn -0.73423 -0.52400 0.43166
vn -0.69411 -0.56150 0.45053
vn -0.12391 -0.62570 0.77013
vn 0.06783 0.32900 0.94188
vn -0.19185 0.33030 0.92419
vn -0.05777 0.31900 0.94603
vn 0.23061 -0.36570 0.90171
vn -0.30252 0.28440 0.90978
vn 0.25130 0.27100 0.92924
vn 0.23198 0.16980 0.95781
vn 0.23555 0.16660 0.95748
vn 0.23071 0.33470 0.91363
vn 0.20781 0.63320 0.74553
vn 0.22535 0.42070 0.87880
vn 0.98270 -0.00560 0.18536
vn 0.89952 -0.24510 -0.36170
vn -0.47043 0.87160 0.13798
vn -0.26882 -0.96180 0.05262
vn -0.27258 -0.96080 0.05130
vn -0.27268 -0.96070 0.05129
vn -0.10355 -0.44580 -0.88911
vn 0.78886 -0.59220 0.16440
vn -0.27983 -0.95880 0.04901
vn -0.97984 -0.11180 -0.16550
vn -0.97984 -0.11170 -0.16550
vn -0.97340 -0.14030 -0.18097
vn -0.98709 -0.07130 -0.14337
vn 0.97435 -0.15350 0.16435
vn 0.98373 -0.05430 0.17107
vn 0.98651 0.06450 0.15056
vn -0.14677 0.98060 0.12964
vn -0.10461 0.98700 0.12234
vn -0.49216 0.85750 0.15007
vn -0.47469 -0.06410 0.87783
vn 0.01167 0.20850 0.97796
vn -0.99048 0.07620 -0.11467
vn 0.95569 0.25140 0.15314
vn 0.94222 0.23390 0.23971
vn 0.91782 0.35460 0.17857
vn -0.75530 0.63970 0.14230
vn -0.73245 0.66370 0.15166
vn -0.99687 -0.05600 0.05512
vn -0.99549 -0.07230 0.06126
vn -0.99517 -0.05710 0.07977
vn -0.98713 -0.05460 0.15060
vn 0.99314 0.09070 0.07426
vn -0.82286 0.18230 0.53811
vn -0.70423 0.30040 0.64332
vn -0.70413 0.30050 0.64334
vn -0.99693 -0.07650 -0.01806
vn -0.52164 0.42880 0.73754
vn -0.61042 0.77540 0.16187
vn -0.99853 -0.03200 0.04429
vn -0.14717 -0.07710 0.98607
vn -0.99667 -0.02450 0.07745
vn -0.74443 0.27130 0.61011
vn -0.28541 0.53430 0.79564
vn -0.09062 0.55750 0.82521
vn 0.54772 -0.24590 0.79964
vn -0.26661 -0.15780 0.95078
vn -0.32743 0.52630 0.78479
vn -0.20212 0.79720 -0.56886
vn 0.20846 -0.17760 -0.96180
vn 0.40200 -0.01020 -0.91555
vn 0.06063 0.23690 0.96967
vn -0.92932 -0.35110 0.11434
vn 0.13326 -0.23640 -0.96242
vn -0.91584 -0.37080 -0.15378
vn -0.96266 -0.24780 0.10860
vn -0.96275 -0.24780 0.10859
vn 0.28454 -0.90100 0.32745
vn 0.80723 -0.21780 -0.54861
vn 0.76838 -0.15570 -0.62079
vn -0.89307 -0.06640 0.44502
vn 0.82762 0.33170 -0.45279
vn -0.99621 -0.03060 0.08145
vn 0.10224 -0.72080 -0.68558
vn -0.08705 -0.52780 -0.84489
vn 0.14828 -0.63540 -0.75784
vn 0.93838 0.34510 0.02040
vn -0.22798 0.96200 -0.15013
vn -0.87789 -0.17250 -0.44674
vn -0.86668 -0.00840 -0.49881
vn -0.76163 -0.54490 -0.35083
vn -0.96240 0.18500 -0.19885
vn 0.57513 0.53790 -0.61634
vn 0.56796 0.53700 -0.62377
vn -0.87211 0.05410 -0.48632
vn -0.99357 -0.09010 0.06798
vn 0.12045 -0.76590 -0.63164
vn -0.95150 -0.16480 0.25988
vn 0.58209 0.53880 -0.60894
vn -0.05140 0.25880 0.96455
vn -0.00008 -0.07460 -0.99717
vn -0.00404 -0.08710 -0.99620
vn -0.00404 -0.08700 -0.99620
vn 0.85718 -0.32910 -0.39621
vn -0.01090 -0.10880 -0.99400
vn -0.73482 -0.60300 -0.31046
vn 0.09721 -0.81190 -0.57566
vn -0.21199 0.92440 -0.31699
vn 0.17685 -0.80100 -0.57201
vn 0.40464 -0.70920 -0.57742
vn 0.22482 -0.79500 -0.56338
vn 0.99088 0.03470 -0.12990
vn 0.98331 -0.17010 -0.06453
vn -0.67670 -0.66520 -0.31559
vn 0.09690 0.73280 0.67345
vn 0.09690 0.73290 0.67345
vn -0.06141 0.83550 0.54610
vn 0.83147 -0.42810 -0.35398
vn -0.99035 0.07820 0.11413
vn 0.23740 0.60570 0.75953
vn -0.10417 -0.64150 0.75999
vn -0.10427 -0.64150 0.75998
vn 0.07426 -0.69410 0.71610
vn -0.07805 -0.96530 0.24937
vn -0.30243 -0.55330 0.77607
vn -0.99241 -0.06820 0.10255
vn 0.22074 -0.11530 0.96849
vn 0.28531 -0.17770 0.94183
vn 0.21999 -0.18970 0.95689
vn 0.07083 0.32560 0.94279
vn 0.20980 -0.41280 0.88627
vn 0.18917 -0.19500 0.96239
vn 0.21971 -0.75790 -0.61423
vn 0.31624 -0.75320 -0.57670
vn 0.21873 -0.86020 0.46061
vn 0.12381 -0.87470 0.46851
vn 0.46939 -0.72740 -0.50051
vn 0.91676 0.04870 -0.39649
vn 0.91738 0.04790 -0.39510
vn 0.91722 0.04810 -0.39542
vn 0.93433 0.32480 -0.14676
vn 0.93491 0.33640 -0.11308
vn -0.25672 -0.78190 -0.56809
vn -0.34920 -0.02820 -0.93658
vn -0.89786 -0.00500 0.44013
vn -0.10805 -0.87620 0.46963
vn -0.99622 -0.04470 0.07488
vn -0.99610 -0.06130 0.06279
vn -0.99509 -0.08190 0.05465
vn -0.20515 0.79020 0.57755
vn -0.18459 0.79170 0.58226
vn -0.22081 0.79070 -0.57099
vn -0.93047 -0.33780 0.14214
vn -0.95017 -0.29430 0.10283
vn 0.93283 0.31410 -0.17663
vn 0.91761 0.04770 -0.39456
vn 0.64632 0.47390 -0.59810
vn 0.71959 0.53050 -0.44798
vn 0.70776 -0.17600 -0.68422
vn -0.26364 -0.05160 -0.96321
vn -0.99474 -0.09170 0.04612
vn -0.99489 -0.08740 0.05094
vn -0.99781 -0.01270 0.06427
vn -0.23863 0.78680 0.56918
vn 0.62022 0.59280 -0.51364
vn 0.32858 0.74020 0.58663
vn 0.48747 -0.81890 0.30302
vn -0.79594 -0.59650 -0.10330
vn -0.82626 -0.53640 0.17213
vn -0.83521 -0.54800 0.04699
vn 0.86694 0.45600 -0.20122
vn 0.91392 0.31510 -0.25590
vn 0.83712 0.49980 -0.22242
vn 0.96739 0.23300 -0.09888
vn 0.97872 0.18770 -0.08271
vn -0.68781 0.68870 -0.22930
vn 0.64230 -0.42540 -0.63760
vn 0.68788 -0.33620 -0.64332
vn -0.99337 -0.07210 -0.08963
vn -0.99449 -0.08800 0.05766
vn -0.00048 -0.09240 -0.99571
vn -0.00038 -0.09230 -0.99570
vn 0.00239 -0.08910 -0.99603
vn -0.00180 -0.09400 -0.99559
vn -0.45395 -0.38680 -0.80275
vn -0.23788 -0.49910 -0.83327
vn 0.89818 0.40920 -0.16075
vn 0.79238 0.57180 -0.21245
vn 0.78561 0.56440 -0.25333
vn -0.59323 -0.29100 -0.75061
vn 0.88811 0.44080 -0.13043
vn -0.13073 0.07680 -0.98847
vn -0.13085 0.07680 -0.98838
vn -0.24553 -0.07450 -0.96651
vn 0.00940 0.25010 -0.96813
vn -0.17261 0.95790 -0.22940
vn 0.84150 -0.40180 -0.36099
vn 0.29843 -0.84370 -0.44621
vn 0.11583 -0.81900 -0.56193
vn 0.11593 -0.81900 -0.56191
vn 0.23050 -0.97230 -0.03945
vn 0.02898 -0.79430 -0.60682
vn 0.71129 0.70290 -0.00538
vn -0.12466 0.91850 -0.37528
vn -0.12453 0.91840 -0.37546
vn -0.12168 0.91750 -0.37861
vn 0.96236 0.26700 -0.05142
vn -0.85733 -0.34380 0.38317
vn -0.85171 -0.37690 0.36405
vn -0.88955 -0.35510 0.28746
vn -0.85171 -0.37700 0.36405
vn -0.12773 0.91940 -0.37196
vn -0.95933 -0.02440 0.28112
vn -0.98405 0.05170 0.17029
vn -0.89427 -0.26450 0.36090
vn 0.65143 0.70020 -0.29224
vn -0.77954 -0.40510 0.47769
vn 0.09732 -0.84020 0.53354
vn 0.85338 -0.46350 0.23845
vn 0.79441 -0.59430 0.12569
vn 0.97385 0.22600 -0.02302
vn 0.99498 0.09490 -0.03075
vn -0.85279 -0.23930 0.46421
vn -0.21218 -0.03790 0.97653
vn -0.19714 -0.04120 0.97948
vn -0.17547 -0.04600 0.98343
vn -0.86900 -0.10620 0.48331
vn 0.16420 -0.91160 0.37691
vn 0.16428 -0.91150 0.37702
vn 0.20981 -0.87160 0.44305
vn 0.05197 -0.97640 0.20970
vn -0.95231 -0.24110 0.18701
vn -0.89474 -0.30540 0.32571
vn -0.96450 0.08700 0.24934
vn -0.96381 -0.26640 -0.01074
vn -0.33663 0.82120 0.46071
vn 0.75316 -0.63420 0.17459
vn -0.87150 -0.30580 0.38346
vn 0.85091 -0.47270 0.22913
vn 0.59748 0.64800 0.47246
vn 0.85570 0.15830 0.49277
vn 0.82124 -0.13330 0.55480
vn 0.82124 -0.13320 0.55480
vn -0.27358 0.55260 0.78726
vn -0.35834 0.41950 0.83408
vn -0.84413 -0.36860 0.38930
vn -0.77964 -0.37900 0.49856
vn 0.70817 -0.70600 0.00792
vn -0.40036 0.34230 0.84997
vn -0.99945 0.02100 -0.02476
vn 0.76849 -0.29460 0.56793
vn -0.80693 -0.01900 0.59033
vn 0.96977 0.24310 -0.02196
vn 0.19600 -0.42110 -0.88558
vn -0.11981 -0.37080 -0.92098
vn 0.96126 -0.13990 -0.23736
vn 0.96728 -0.15600 -0.19991
vn 0.95447 -0.07630 -0.28844
vn 0.96516 -0.19610 -0.17315
vn -0.23734 -0.34150 -0.90939
vn 0.07285 -0.97570 -0.20658
vn -0.01063 -0.82970 -0.55810
vn 0.21353 -0.82310 -0.52626
vn 0.96083 -0.21120 -0.17919
vn -0.03563 -0.82890 -0.55827
vn 0.95444 0.24180 0.17497
vn 0.96883 0.16570 0.18419
vn 0.97546 0.14960 0.16137
vn -0.05232 -0.82260 -0.56618
vn 0.91708 0.39800 0.02417
vn 0.88034 0.47440 0.00344
vn 0.97440 0.13460 0.18030
vn 0.97549 0.07600 0.20648
vn -0.98196 -0.18890 -0.00866
vn -0.97604 -0.20080 -0.08425
vn -0.97331 -0.20720 -0.09841
vn 0.97294 0.23080 0.00673
vn 0.37195 -0.87790 -0.30161
vn 0.02278 0.36990 0.92880
vn -0.81655 0.46210 0.34591
vn -0.82530 0.50500 0.25279
vn -0.80184 0.47570 0.36174
vn 0.13540 0.80050 0.58382
vn 0.07292 0.79980 0.59582
vn 0.13532 0.80060 0.58371
vn -0.97134 -0.23650 0.02538
vn -0.06639 0.81150 0.58055
vn -0.24385 0.80950 0.53405
vn -0.31248 0.81370 0.49022
vn -0.94086 0.31630 0.12125
vn -0.99422 -0.01890 0.10543
vn -0.99621 -0.00930 0.08669
vn -0.08797 0.77560 0.62505
vn 0.68478 0.69890 -0.20637
vn 0.59588 0.76850 -0.23317
vn -0.98177 -0.17430 0.07543
vn 0.10372 0.34880 -0.93141
vn 0.10374 0.34870 -0.93151
vn -0.11114 0.51190 -0.85179
vn -0.99585 -0.08710 0.02599
vn 0.96534 0.22180 -0.13730
vn -0.01409 0.99830 0.05622
vn -0.01408 0.99830 0.05612
vn 0.02492 0.99540 0.09300
vn -0.23334 0.97100 0.05148
vn -0.30424 0.94190 0.14257
vn -0.24673 0.96760 0.05421
vn 0.94137 0.29020 -0.17184
vn 0.97950 -0.19850 -0.03568
vn 0.97664 -0.19380 -0.09268
vn 0.95351 -0.02030 -0.30068
vn 0.99982 -0.02100 0.00049
vn 0.97034 0.03320 -0.23956
vn -0.80006 -0.59560 0.07204
vn -0.04046 0.99870 0.03114
vn -0.02828 -0.99950 0.01655
vn 0.01910 -0.99930 0.03327
vn -0.45306 -0.17550 -0.87398
vn 0.96254 -0.10360 -0.25051
vn -0.90829 0.41710 0.03152
vn 0.24575 0.22160 -0.94362
vn 0.99666 0.08160 -0.00600
vn -0.21133 0.97710 0.02389
vn 0.29240 -0.34740 -0.89097
vn 0.13916 -0.99010 0.01566
vn 0.99636 -0.05450 0.06541
vn 0.97724 -0.16270 0.13638
vn 0.05805 -0.99450 -0.08718
vn -0.47637 -0.76350 0.43599
vn -0.95286 0.21650 0.21267
vn -0.54264 -0.83240 0.11233
vn -0.15694 -0.88560 -0.43708
vn -0.20599 -0.88180 -0.42436
vn 0.51470 0.72520 -0.45743
vn -0.00175 0.99650 0.08352
vn -0.81185 -0.10800 0.57372
vn -0.87680 0.11090 0.46792
vn -0.81185 -0.10810 0.57372
vn -0.97334 0.22490 0.04529
vn -0.12158 -0.88700 -0.44550
vn 0.13912 -0.62570 0.76759
vn -0.98553 0.14080 0.09420
vn -1.00002 0.00510 0.00171
vn -0.99939 0.03150 0.01421
vn -0.76194 -0.21170 0.61198
vn 0.51223 0.71370 -0.47785
vn -0.99710 -0.06260 -0.04432
vn 0.96263 0.17260 -0.20882
vn 0.94431 -0.09760 0.31427
vn -0.19415 0.98000 0.04378
vn -0.99820 -0.05320 -0.02580
vn 0.98582 -0.12330 0.11403
vn -0.11582 0.55900 -0.82104
vn -0.11585 0.99270 -0.03419
vn -0.11574 0.99270 -0.03428
vn -0.18304 0.98250 0.03328
vn 0.99026 0.08670 -0.10900
vn -0.99935 0.02790 -0.02474
vn -0.48440 0.78000 -0.39626
vn -0.11691 -0.86870 0.48135
vn -0.21428 0.84860 -0.48372
vn -0.35354 -0.92810 0.11691
vn -0.10348 0.99350 -0.04654
vn 0.99639 0.06140 -0.05902
vn 0.99336 0.06240 -0.09687
vn -0.30748 0.91330 -0.26698
vn -0.65524 0.71290 -0.24990
vn -0.28434 0.92240 -0.26132
vn -0.98242 -0.00620 -0.18664
vn -0.99140 0.03530 -0.12569
vn -0.69903 0.67910 -0.22396
vn -0.72872 0.64240 -0.23717
vn -0.97376 0.17050 -0.15085
vn -0.96247 -0.06020 -0.26446
vn -0.99803 -0.06200 -0.01296
vn -0.99423 -0.10570 0.01854
vn -0.99983 -0.00080 0.01596
vn -0.76350 0.64420 -0.04561
vn 0.05811 -0.73050 0.68040
vn 0.99743 0.06090 -0.03839
vn 0.25037 -0.29830 -0.92109
vn 0.25999 -0.30520 -0.91616
vn 0.27444 -0.29170 -0.91631
vn -0.99662 0.07880 -0.02256
vn -0.80263 0.56590 -0.18857
vn 0.24658 -0.29550 -0.92292
vn 0.22107 -0.30590 -0.92608
vn -0.97844 0.20020 -0.05016
vn -0.97846 0.20020 -0.05006
vn -0.98067 0.19360 -0.03008
vn -0.99583 -0.05000 -0.07674
vn -0.99531 -0.05310 -0.08131
vn 0.99787 0.06030 -0.02380
vn 0.22608 -0.81810 -0.52880
vn 0.73923 0.64530 -0.19262
vn -0.07498 0.96420 -0.25430
vn -0.38957 -0.01150 -0.92097
vn -0.90417 0.39490 -0.16320
vn -0.46443 0.70390 -0.53745
vn -0.25639 0.83430 -0.48802
vn 0.99022 -0.12300 0.06599
vn 0.97703 -0.19160 0.09326
vn 0.87499 -0.47300 0.10303
vn 0.82144 -0.52960 0.21131
vn 0.92587 -0.32790 0.18764
vn 0.61662 -0.72400 0.30915
vn -0.55805 0.62170 -0.54955
vn 0.99863 -0.00870 0.05240
vn 0.99988 0.00850 0.01341
vn 0.56630 0.61610 0.54755
vn -0.04676 0.96780 -0.24734
vn 0.82779 -0.55900 0.04858
vn 0.99554 0.09230 -0.01856
vn 0.99836 0.05230 -0.02444
vn 0.07911 0.20180 0.97621
vn -0.08822 0.30790 0.94734
vn -0.51755 -0.26880 -0.81229
vn -0.96413 0.21110 -0.16084
vn 0.42270 -0.90570 0.03305
vn 0.31489 -0.94900 0.01761
vn 0.38881 -0.92010 0.04702
vn -0.97580 0.20680 -0.07039
vn 0.32795 0.02440 0.94439
vn 0.55730 -0.82310 0.10905
vn 0.54584 -0.82700 0.13474
vn 0.31097 -0.86330 0.39744
vn 0.19228 0.97300 0.12762
vn 0.66392 0.72140 -0.19689
vn 0.49409 0.85290 -0.16878
vn 0.19269 -0.97660 0.09559
vn 0.17865 -0.98040 0.08308
vn -0.98589 0.16730 0.00766
vn -0.99526 0.09520 -0.02146
vn -0.96064 0.23690 -0.14493
vn -0.03396 0.30420 0.95198
vn -0.04416 0.33160 0.94242
vn 0.02219 0.28690 0.95769
vn 0.45506 -0.88970 0.03775
vn -0.97459 -0.01310 -0.22352
vn -0.98856 0.13980 -0.05668
vn -0.98860 0.11820 -0.09282
vn -0.07820 0.30450 0.94931
vn -0.91308 -0.40660 0.03107
vn 0.23403 -0.96320 0.13228
vn 0.23324 -0.96340 0.13217
vn -0.89472 -0.35470 0.27132
vn -0.87916 -0.42310 0.21914
vn -0.80873 -0.58310 0.07793
vn -0.01117 0.23990 0.97072
vn -0.00405 0.20250 0.97925
vn 0.68662 -0.05350 0.72504
vn 0.62670 -0.77920 0.00070
vn -0.85718 0.46700 -0.21717
vn 0.94542 0.32190 0.05032
vn 0.94030 0.33120 0.07839
vn -0.31508 0.82590 -0.46753
vn -0.41633 0.82550 -0.38106
vn -0.41643 0.82550 -0.38107
vn 0.30350 0.57040 0.76326
vn 0.95338 -0.25420 0.16271
vn 0.96284 -0.20980 0.17035
vn -1.00002 -0.00610 0.00393
vn -0.24814 0.96850 -0.02167
vn -0.12378 0.99010 0.06585
vn -0.24080 0.96950 -0.04530
vn -0.29253 0.95140 -0.09612
vn 0.97986 0.09330 -0.17661
vn -0.95901 -0.28260 -0.02159
vn 0.31328 0.38840 0.86661
vn -0.97388 -0.10950 -0.19900
vn 0.98901 0.11830 0.08904
vn 0.06652 -0.17110 -0.98299
vn 0.09452 -0.17720 -0.97959
vn 0.02732 -0.16220 -0.98639
vn -0.98002 -0.19880 0.00906
vn -0.92951 -0.31150 0.19747
vn -0.94259 -0.30590 0.13403
vn -0.93121 -0.32340 0.16838
vn -0.96826 -0.22240 -0.11407
vn -0.93228 0.29640 -0.20738
vn 0.98609 0.16630 -0.00764
vn -0.14456 0.93730 -0.31713
vn 0.90358 0.42710 -0.03468
vn 0.92854 0.37010 -0.02826
vn 0.83947 0.52060 -0.15570
vn 0.60558 -0.79570 -0.01468
vn 0.07393 0.96220 0.26202
vn -0.46305 0.82000 -0.33644
vn -0.95320 0.02370 -0.30155
vn -0.17455 -0.58870 0.78929
vn -0.92179 -0.31370 0.22758
vn -0.97272 0.22780 0.04447
vn -0.14481 -0.78970 0.59624
vn -0.42495 -0.89950 0.10177
vn -0.42486 -0.89950 0.10188
vn 0.97937 -0.04940 -0.19605
vn 0.94550 0.00390 -0.32569
vn 0.64054 -0.76510 -0.06554
vn -0.62967 0.02230 -0.77655
vn -0.17148 0.82620 -0.53664
vn -0.43780 0.89600 -0.07416
vn -0.43770 0.89600 -0.07415
vn -0.64101 0.76620 -0.04543
vn -0.41979 0.69500 -0.58377
vn 0.94622 0.32350 0.00875
vn -0.97602 0.20840 0.06208
vn -0.92353 -0.28760 0.25379
vn -0.30846 0.94710 -0.08880
vn 0.96420 0.26470 -0.01666
vn 0.96656 -0.04480 -0.25259
vn 0.20225 -0.93910 0.27793
vn 0.99296 -0.10400 -0.05605
vn -0.32467 0.00360 0.94583
vn -0.88441 0.42970 -0.18231
vn -0.71039 0.35400 0.60838
vn -0.02753 0.09250 0.99534
vn 0.99978 -0.00550 0.02238
vn 0.99978 -0.00560 0.02086
vn 0.99969 -0.00550 0.02227
vn -0.90150 -0.43190 0.02679
vn -0.43584 -0.03200 0.89945
vn -0.71730 -0.09860 0.68979
vn -0.61133 -0.08820 0.78642
vn 0.28256 -0.95610 0.07812
vn 0.15089 -0.96090 -0.23211
vn -0.71524 -0.10910 0.69027
vn -0.22370 -0.62990 -0.74375
vn -0.79793 -0.07280 0.59831
vn -0.79443 -0.07830 0.60232
vn 0.98873 0.14940 -0.00334
vn -0.75716 -0.10700 0.64441
vn 0.80489 0.52940 -0.26818
vn 0.99970 -0.00520 0.02519
vn 0.91351 0.36340 0.18283
vn -0.43234 -0.89700 0.09229
vn 0.19927 -0.97470 0.10142
vn -0.42193 -0.90050 0.10551
vn 0.90419 -0.25370 0.34364
vn 0.41275 -0.88250 0.22526
vn 0.94728 -0.04080 0.31770
vn -0.21869 0.97250 -0.07954
vn 0.15138 -0.02510 -0.98812
vn -0.05111 0.40730 -0.91186
vn 0.13874 0.16780 -0.97601
vn 0.22125 -0.10300 -0.96975
vn -0.69408 -0.30300 -0.65299
vn -0.82315 -0.24910 -0.51025
vn -0.76782 -0.13110 -0.62717
vn 0.03458 0.52410 -0.85098
vn -0.48232 0.72280 -0.49487
vn 0.28015 -0.94040 0.19253
vn 0.11175 -0.98530 0.12910
vn 0.14193 -0.83670 -0.52892
vn 0.13819 -0.83270 -0.53629
vn -0.21109 -0.93080 -0.29830
vn -0.89394 0.31940 -0.31440
vn -0.92148 0.34420 -0.17988
vn -0.92064 0.16290 -0.35485
vn 0.60459 0.76060 0.23647
vn 0.66306 0.73640 0.13431
vn 0.67880 0.69330 0.24210
vn 0.95453 -0.07590 -0.28813
vn 0.95366 0.09570 -0.28542
vn 0.94271 -0.01160 -0.33343
vn 0.89403 0.01910 -0.44762
vn 0.66650 0.74490 0.02871
vn -0.92821 0.00660 -0.37193
vn 0.86336 -0.05090 -0.50194
vn 0.94271 -0.09870 0.31859
vn 0.97880 -0.02940 0.20290
vn 0.95797 0.06260 0.27979
vn 0.06488 -0.96970 -0.23561
vn -0.87662 0.45800 -0.14755
vn 0.69236 -0.63630 -0.34027
vn 0.69236 -0.63640 -0.34027
vn 0.68793 -0.63330 -0.35449
vn -0.57382 0.72240 -0.38579
vn 0.56884 0.54390 -0.61689
vn 0.99326 0.07900 0.08447
vn 0.95683 0.17050 0.23544
vn -0.18743 -0.97940 0.07457
vn 0.99628 -0.02530 -0.08275
vn -0.91068 0.14380 -0.38731
vn -0.93734 0.07430 -0.34037
vn 0.54331 0.82290 -0.16633
vn 0.94157 -0.18470 0.28171
vn 0.69718 -0.63960 -0.32377
vn 0.99808 0.03590 -0.04991
vn 0.96232 0.16750 0.21428
vn -0.53944 -0.84130 0.03597
vn -0.97120 -0.15220 -0.18309
vn -0.97455 -0.09480 -0.20303
vn -0.97703 -0.12240 -0.17430
vn 0.99897 0.04640 0.00229
vn 0.97679 0.20790 0.05196
vn 0.91354 -0.37410 0.15953
vn -0.85613 -0.46460 -0.22641
vn -0.88089 0.05590 -0.46996
vn -0.96782 0.07120 -0.24147
vn 0.96404 0.16140 0.21129
vn -0.94564 -0.29880 -0.12826
vn 0.97649 0.20800 0.05636
vn 0.99686 0.07720 -0.01788
vn -0.58562 0.76620 -0.26467
vn 0.14373 -0.97590 0.16412
vn -0.89972 -0.36360 -0.24131
vn -0.58459 -0.79310 -0.17119
vn 0.22323 0.91000 -0.34945
vn 0.89555 -0.39870 0.19765
vn -0.96960 0.23800 -0.05734
vn 0.74948 0.64190 -0.16186
vn 0.76500 0.62620 -0.15057
vn 0.99578 0.08770 0.02729
vn 0.99850 -0.05030 0.02140
vn 0.96941 -0.24380 0.02895
vn 0.15816 -0.95670 0.24439
vn -0.50983 -0.84450 0.16432
vn 0.97647 0.20810 0.05655
vn 0.86920 -0.40990 0.27653
vn 0.96160 0.26520 0.07018
vn 0.93368 0.14590 0.32716
vn -0.98356 -0.11400 -0.14037
vn -0.46566 0.47920 -0.74399
vn 0.08443 0.08350 -0.99297
vn 0.08885 0.08940 -0.99206
vn 0.08441 0.08360 -0.99287
vn -0.99863 -0.04550 -0.02707
vn -0.98626 -0.05310 -0.15618
vn -0.99981 0.01860 -0.00573
vn -0.83203 -0.10240 -0.54517
vn 0.23292 0.00210 -0.97251
vn 0.25470 -0.03330 -0.96642
vn 0.26792 0.03620 -0.96271
vn 0.27434 -0.06590 -0.95942
vn 0.18337 -0.32890 -0.92635
vn 0.07940 0.07690 -0.99385
vn -0.14316 0.98950 -0.02115
vn -0.05922 0.99680 -0.05295
vn -0.11550 0.92940 -0.35052
vn -0.09187 0.95090 -0.29564
vn -0.27967 0.95000 -0.13878
vn -0.61156 -0.79060 -0.03124
vn -0.64995 -0.76000 -0.00043
vn -0.70616 -0.70720 0.03524
vn 0.11771 -0.99300 0.01234
vn 0.13508 -0.99080 0.00481
vn 0.14051 -0.98960 0.02947
vn -0.01826 -0.03510 -0.99924
vn -0.00632 -0.05040 -0.99873
vn 0.45367 0.18540 -0.87170
vn -0.99800 -0.06000 0.01954
vn -0.99656 -0.04890 -0.06685
vn 0.76030 0.60930 0.22531
vn 0.76456 0.57540 0.29058
vn 0.02622 0.74680 -0.66451
vn 0.04884 0.70100 -0.71150
vn 0.04883 0.70110 -0.71140
vn 0.18788 -0.13400 -0.97297
vn 0.18855 -0.11120 -0.97571
vn 0.18697 -0.16410 -0.96855
vn -0.99862 -0.05230 -0.00042
vn -0.97583 -0.21000 -0.06121
vn -0.97940 -0.18980 -0.06916
vn -0.98970 -0.11410 -0.08620
vn -0.37711 0.92350 -0.07077
vn -0.10704 -0.00730 -0.99423
vn -0.09861 -0.23430 -0.96715
vn -0.01735 -0.19110 -0.98145
vn -0.02662 -0.46500 -0.88492
vn 0.20421 -0.87900 -0.43085
vn 0.23005 -0.84950 -0.47477
vn 0.21054 -0.87840 -0.42918
vn -0.60156 0.79560 0.07204
vn -0.53008 0.84750 0.02796
vn 0.07120 0.65190 -0.75498
vn 0.09936 -0.98780 -0.12013
vn -0.00889 -0.51490 -0.85718
vn -0.12184 -0.02180 -0.99230
vn 0.02941 -0.53410 -0.84492
vn -0.38552 0.92110 -0.05344
vn -0.46812 0.88360 -0.00693
vn -0.50756 -0.81020 -0.29333
vn -0.59657 -0.79120 -0.13497
vn -0.50757 -0.81020 -0.29324
vn -0.55129 -0.83140 -0.06928
vn -0.02152 0.98900 0.14664
vn 0.66823 0.74380 0.01148
vn 0.68693 0.72620 -0.02816
vn 0.66821 0.74380 0.01158
vn 0.18560 -0.90980 -0.37111
vn -0.81489 0.53350 0.22665
vn -0.72408 0.53950 0.42971
vn -0.81488 0.53350 0.22655
vn 0.29704 -0.86590 -0.40250
vn -0.99720 -0.07440 -0.00346
vn 0.98874 0.02610 0.14753
vn 0.96419 -0.05610 0.25924
vn -0.99045 -0.09870 -0.09630
vn -0.98687 0.07990 -0.14052
vn 0.13437 -0.99080 0.01521
vn -0.03328 -0.01570 -0.99936
vn 0.75253 0.63810 0.16290
vn -0.99731 0.06670 -0.03163
vn 0.32757 0.90410 0.27435
vn 0.07015 -0.99570 -0.06031
vn 0.63553 0.76850 0.07466
vn -0.97834 -0.17860 -0.10444
vn -0.99416 -0.09720 -0.04594
vn -0.99896 -0.03050 -0.03286
vn -0.57826 0.81440 -0.04832
vn -0.03914 -0.08750 0.99538
vn 0.03124 -0.51700 -0.85537
vn 0.96636 -0.13500 0.21877
vn 0.97704 -0.07900 0.19802
vn 0.54399 -0.62200 0.56319
vn 0.56469 -0.51400 0.64562
vn 0.06313 -0.34140 0.93781
vn -0.69696 -0.60390 0.38677
vn -0.07619 0.97330 0.21632
vn -0.09867 0.99040 0.09721
vn -0.99237 -0.00690 -0.12300
vn -0.99044 0.00550 -0.13797
vn -0.05878 0.98050 0.18770
vn -0.99395 -0.01890 -0.10838
vn 0.93147 -0.11990 0.34341
vn -0.85016 -0.51180 -0.12388
vn -0.94058 -0.33650 -0.04583
vn -0.08132 0.03510 0.99611
vn -0.05610 0.00570 0.99843
vn -0.00794 0.02270 0.99972
vn 0.98509 0.15350 -0.07761
vn -0.17322 0.98360 -0.05096
vn -0.44333 -0.80840 -0.38735
vn -0.09441 0.02720 0.99514
vn -0.11582 0.98950 0.08600
vn -0.12842 0.98390 0.12456
vn -0.12992 0.98880 0.07319
vn -0.91062 -0.36370 -0.19596
vn 0.98775 0.05690 0.14518
vn -0.06067 0.99550 -0.07272
vn -0.07899 0.99650 -0.02697
vn -0.84825 0.51860 0.10738
vn -0.09806 0.99500 0.02130
vn 0.01537 0.01870 0.99975
vn -0.05400 0.99010 0.12941
vn 0.05100 0.97540 0.21461
vn -0.05398 0.99010 0.12931
vn 0.05918 0.03940 0.99742
vn 0.03371 -0.82080 0.57022
vn 0.07909 -0.83170 0.54963
vn 0.06182 -0.82260 0.56535
vn 0.51045 -0.72460 0.46307
vn 0.81836 0.27840 -0.50279
vn 0.66737 -0.48260 0.56722
vn 0.02308 -0.80560 0.59198
vn -0.09977 0.99430 0.03692
vn 0.08332 0.96190 0.26047
vn -0.53761 -0.83880 -0.08609
vn -0.99193 -0.12590 0.01502
vn 0.21771 -0.82020 0.52909
vn 0.18830 -0.85030 0.49149
vn 0.39914 -0.11690 -0.90938
vn 0.32941 -0.08220 -0.94064
vn -0.99981 0.01600 -0.00725
vn 0.29693 -0.06630 -0.95262
vn 0.12284 -0.99240 0.00951
vn 0.11998 -0.99240 0.02608
vn -0.14328 -0.73610 0.66154
vn 0.14349 -0.98960 -0.01403
vn 0.11509 -0.98640 -0.11708
vn -0.99961 0.00350 0.02619
vn 0.08853 0.00140 0.99606
vn 0.10567 0.32110 0.94117
vn 0.00996 0.12000 0.99276
vn 0.13985 -0.33730 0.93097
vn 0.03185 -0.06750 0.99725
vn -0.08835 0.99100 0.10073
vn -0.13546 0.13450 0.98160
vn -0.09077 0.11560 0.98918
vn 0.05902 0.11860 0.99115
vn 0.07269 0.10690 0.99159
vn -0.01597 -0.88210 0.47083
vn -0.01301 -0.87000 0.49283
vn -0.98943 -0.01200 -0.14470
vn -0.99032 0.07480 -0.11656
vn -0.16734 0.94340 0.28639
vn -0.13315 -0.21460 0.96758
vn -0.12122 -0.22260 0.96739
vn 0.01163 0.61760 0.78641
vn -0.16252 0.15600 0.97429
vn -0.15484 0.13500 0.97867
vn -0.10498 -0.23340 0.96666
vn -0.02638 -0.92110 0.38838
vn -0.14162 0.91300 -0.38263
vn -0.14151 0.91300 -0.38271
vn 0.00581 0.80630 -0.59149
vn 0.97924 0.08860 0.18257
vn -0.22747 0.94410 -0.23866
vn -0.08689 0.00070 0.99627
vn -0.14654 0.02630 0.98888
vn -0.04601 -0.07500 0.99616
vn -0.01686 -0.05150 0.99851
vn -0.99352 -0.10740 -0.03798
vn -0.07129 -0.09550 0.99283
vn -0.37439 0.39580 0.83856
vn -0.20052 0.43920 0.87579
vn -0.20051 0.43920 0.87569
vn -0.73419 -0.05480 0.67670
vn -0.12897 0.45240 0.88247
vn -0.98918 -0.02190 -0.14507
vn -0.99651 -0.04920 -0.06725
vn 0.13434 -0.13620 -0.98155
vn 0.12614 -0.02090 -0.99175
vn -0.00965 -0.02920 -0.99948
vn -0.02360 0.24380 -0.96959
vn 0.25014 0.02830 -0.96775
vn -0.02061 0.00750 -0.99976
vn -0.30391 -0.12410 -0.94456
vn 0.13530 0.03730 -0.99010
vn 0.02893 -0.07520 -0.99677
vn 0.09406 0.12150 -0.98813
vn 0.05729 0.12280 -0.99080
vn 0.32737 0.03870 -0.94415
vn 0.08569 -0.00170 -0.99633
vn -0.21130 0.05920 -0.97559
vn 0.12710 0.10660 -0.98617
vn -0.72546 -0.68810 -0.01067
vn -0.72596 -0.68760 -0.01145
vn -0.72603 -0.68760 -0.01166
vn -0.79802 0.57760 -0.17200
vn -0.73643 0.66950 -0.09714
vn -0.80165 0.55970 -0.20993
vn -0.48420 0.79720 -0.36060
vn -0.96980 0.04540 -0.23952
vn 0.02870 0.97170 -0.23447
vn -0.03685 0.99510 -0.09209
vn 0.00044 0.99020 -0.14001
vn 0.08036 -0.96570 -0.24704
vn 0.11687 -0.97910 -0.16659
vn -0.72652 -0.68700 -0.01253
vn 0.04139 -0.94330 -0.32943
vn -0.93346 -0.13130 0.33368
vn -0.95905 -0.15070 0.23968
vn -0.93356 -0.13130 0.33366
vn -0.61140 0.75910 -0.22347
vn -0.04685 0.03540 -0.99827
vn 0.03625 0.94830 -0.31539
vn -0.89836 -0.11050 0.42523
vn -0.65530 0.28560 -0.69930
vn -0.72238 0.20110 -0.66158
vn -0.63421 0.15980 -0.75648
vn -0.92882 0.10170 -0.35627
vn -0.35350 0.80180 -0.48183
vn -0.84318 0.12320 -0.52327
vn 0.03111 0.93940 -0.34142
vn -0.17591 0.81890 -0.54633
vn 0.00154 0.94670 -0.32212
vn 0.15529 -0.71440 -0.68231
vn 0.00872 -0.80470 -0.59362
vn 0.05298 -0.73170 -0.67955
vn 0.14816 0.12140 -0.98149
vn -0.53459 0.28790 -0.79453
vn -0.52923 0.39390 -0.75151
vn -0.45804 -0.10590 -0.88263
vn -0.92568 0.10140 -0.36452
vn -0.45822 -0.26900 -0.84713
vn -0.83455 0.55050 -0.02256
vn -0.79823 0.59950 -0.05890
vn -0.11306 -0.85680 -0.50308
vn -0.18256 0.98030 0.07583
vn -0.13978 0.98780 0.06923
vn -0.09011 -0.92420 -0.37109
vn -0.75120 0.65240 -0.10055
vn -0.99530 -0.01270 -0.09625
vn 0.05694 0.67760 -0.73320
vn -0.20363 -0.16190 0.96559
vn -0.16766 -0.08320 0.98238
vn -0.21893 -0.22390 0.94968
vn -0.09165 0.24510 0.96514
vn 0.09188 0.99520 0.03235
vn -0.53884 0.48070 -0.69186
vn -0.30316 0.73910 0.60149
vn -0.95600 -0.25390 -0.14712
vn -0.96493 -0.23100 -0.12442
vn -0.96678 -0.22880 -0.11377
vn -0.97156 -0.01370 -0.23623
vn -0.93617 0.08320 -0.34152
vn -0.97940 -0.05390 -0.19480
vn -0.99692 -0.02840 -0.07316
vn -0.95708 -0.27010 -0.10499
vn -0.25826 -0.22390 0.93980
vn -0.98430 -0.17190 -0.03975
vn -0.22458 -0.23980 0.94448
vn -0.11762 -0.22000 0.96838
vn -0.92922 0.10540 -0.35410
vn -0.06946 0.90660 -0.41612
vn 0.32198 -0.52510 -0.78775
vn -0.98540 -0.10060 -0.13719
vn -0.71055 0.22020 0.66830
vn -0.08668 0.94130 0.32631
vn -0.08169 0.94050 0.32971
vn -0.08376 0.94000 0.33084
vn -0.98325 -0.09590 0.15475
vn -0.99995 0.00630 0.00787
vn -0.97349 0.09730 -0.20712
vn -0.39140 0.19910 0.89842
vn -0.99045 -0.05300 -0.12748
vn 0.09003 -0.98190 0.16642
vn 0.09358 -0.98210 0.16337
vn 0.09245 -0.98470 0.14788
vn -0.22954 -0.33840 0.91262
vn -0.46355 -0.31430 0.82848
vn -0.07510 -0.35150 0.93318
vn 0.10648 -0.98940 -0.09898
vn -0.01198 -0.34220 0.93953
vn -0.08537 0.94860 0.30479
vn -0.94428 -0.16470 0.28478
vn 0.08534 -0.98550 0.14671
vn -0.93294 -0.19800 0.30085
vn 0.12004 -0.99100 0.05989
vn 0.10920 -0.99160 0.06982
vn -0.64858 -0.25040 0.71880
vn -0.06961 0.95460 0.28977
vn -0.05503 0.96100 0.27086
vn -0.03620 0.95460 0.29572
vn 0.18547 -0.94980 -0.25194
vn -0.17194 -0.57100 0.80277
vn 0.14638 -0.75950 -0.63377
vn 0.17331 -0.77620 -0.60620
vn -0.04988 0.20180 -0.97820
vn -0.00819 0.22380 -0.97456
vn 0.06747 -0.70420 -0.70675
vn -0.92272 0.23630 -0.30458
vn -0.12566 0.16050 -0.97900
vn 0.07606 0.67130 -0.73727
vn 0.13969 -0.29050 -0.94661
vn 0.89390 -0.05530 0.44478
vn 0.91063 -0.11850 0.39588
vn 0.91064 -0.11870 0.39578
vn 0.14589 0.62850 -0.76402
vn 0.19405 0.14590 -0.97011
vn 0.24555 0.14020 -0.95919
vn 0.45585 0.13590 -0.87958
vn 0.07265 0.14670 -0.98649
vn 0.08053 0.15670 -0.98431
vn 0.25144 -0.95390 -0.16397
vn 0.38994 0.86890 0.30482
vn 0.38380 0.87420 0.29732
vn -0.13073 0.96890 -0.21009
vn -0.02864 0.98430 -0.17413
vn -0.21271 0.96640 -0.14442
vn 0.47866 -0.07030 -0.87517
vn 0.43988 -0.06370 -0.89577
vn 0.37054 -0.10210 -0.92315
vn 0.54691 -0.07630 -0.83371
vn 0.07599 0.99690 0.02081
vn -0.01375 0.91550 -0.40200
vn -0.00744 0.98430 -0.17640
vn 0.02182 0.99940 -0.02691
vn 0.86124 0.03620 0.50695
vn 0.86572 0.20600 0.45609
vn 0.85676 0.01490 0.51542
vn 0.87347 -0.11050 0.47409
vn 0.54486 -0.09180 -0.83349
vn -0.72668 0.66070 -0.18825
vn -0.72433 0.65790 -0.20630
vn 0.02539 -0.64380 -0.76473
vn 0.40223 0.85780 0.31991
vn -0.88486 0.32200 -0.33668
vn -0.85220 0.39770 -0.34012
vn -0.87440 0.36150 -0.32375
vn 0.91801 -0.15790 0.36378
vn 0.97758 0.04060 -0.20669
vn 0.89531 0.16550 0.41358
vn 0.88262 -0.13170 0.45132
vn -0.33670 -0.62970 -0.70005
vn -0.29905 -0.63280 -0.71421
vn 0.57656 -0.10860 -0.80981
vn -0.92807 -0.15110 -0.34022
vn 0.91405 -0.03550 0.40412
vn 0.91929 -0.04760 0.39080
vn 0.90787 0.11120 0.40429
vn -0.31593 -0.26210 0.91189
vn -0.43189 0.07780 0.89857
vn -0.39641 -0.08860 0.91378
vn -0.27247 -0.63430 -0.72342
vn 0.02918 -0.98610 -0.16366
vn 0.05693 -0.99780 -0.03284
vn 0.05344 -0.99510 -0.08297
vn -0.43361 0.11720 0.89340
vn 0.94348 -0.05800 0.32637
vn 0.93873 -0.10870 0.32714
vn -0.39183 0.15510 0.90684
vn -0.32973 -0.20580 0.92142
vn -0.34155 -0.16930 0.92446
vn -0.26974 0.96070 -0.06548
vn -0.02639 0.98710 -0.15799
vn -0.23220 -0.95030 0.20735
vn -0.23209 -0.95040 0.20727
vn -0.51251 -0.85290 -0.09924
vn -0.92206 0.06110 -0.38230
vn -0.92928 0.05230 -0.36551
vn -0.92927 0.05230 -0.36561
vn -0.72908 0.66360 -0.16759
vn -0.93408 0.04620 -0.35395
vn -0.31729 0.02770 0.94794
vn 0.17485 -0.28490 -0.94245
vn 0.09230 -0.26620 -0.95950
vn 0.13509 -0.01570 -0.99073
vn 0.47738 -0.21090 -0.85304
vn 0.45018 -0.46300 -0.76349
vn 0.47421 -0.07420 -0.87729
vn 0.33011 0.04740 -0.94277
vn 0.33511 0.07210 -0.93946
vn 0.90868 -0.19190 0.37079
vn 0.94400 -0.11940 0.30767
vn -0.60512 0.67910 -0.41547
vn 0.81519 0.46580 0.34438
vn 0.03427 0.07420 -0.99665
vn -0.34292 -0.02570 0.93901
vn -0.35602 -0.01550 0.93440
vn 0.47771 0.00490 -0.87853
vn -0.83073 -0.55090 -0.08047
vn 0.86363 0.30170 0.40383
vn 0.84085 0.25110 0.47946
vn 0.01619 -0.61010 -0.79212
vn 0.78273 -0.62140 0.03480
vn 0.75987 -0.64430 0.08649
vn 0.18880 -0.78430 -0.59098
vn 0.18552 -0.80640 -0.56155
vn 0.74026 -0.66030 0.12612
vn 0.00890 0.98070 0.19537
vn -0.82778 -0.03270 -0.56013
vn 0.02643 0.99340 -0.11146
vn 0.07504 0.99550 -0.05844
vn 0.17570 0.98120 -0.07959
vn 0.32454 0.02070 -0.94564
vn 0.05677 -0.99830 0.01598
vn 0.48278 -0.00680 -0.87572
vn -0.36061 -0.01880 0.93257
vn -0.17105 -0.69740 -0.69593
vn -0.17673 0.85080 -0.49497
vn -0.07366 0.95730 -0.27965
vn 0.78089 0.32450 0.53388
vn 0.34073 0.05540 -0.93850
vn -0.57649 0.74570 -0.33418
vn -0.38675 -0.00640 0.92216
vn -0.14458 0.98940 -0.01064
vn -0.06268 -0.98930 0.13167
vn -0.01349 -0.99680 0.07860
vn 0.45115 -0.62840 -0.63378
vn -0.84679 0.38410 -0.36804
vn -0.76087 -0.64700 0.05022
vn -0.92723 -0.05580 -0.37018
vn -0.92905 -0.04980 -0.36649
vn 0.91105 -0.16630 0.37717
vn 0.00222 0.99330 -0.11596
vn -0.93231 -0.03860 -0.35957
vn -0.19503 -0.95050 0.24207
vn -0.09155 -0.98160 0.16741
vn 0.02125 0.99770 -0.06433
vn 0.81736 -0.20400 0.53874
vn 0.94181 0.09340 0.32301
vn 0.16814 0.89380 -0.41566
vn 0.16775 0.89560 -0.41208
vn 0.18343 -0.96890 -0.16624
vn 0.19193 -0.76020 -0.62072
vn 0.45486 -0.07720 -0.88718
vn 0.43218 -0.12350 -0.89329
vn 0.95100 0.01230 0.30882
vn 0.93649 -0.01760 0.35035
vn 0.25993 0.40770 0.87532
vn 0.25983 0.40770 0.87530
vn 0.26131 0.40640 0.87550
vn -0.31333 0.53110 0.78721
vn -0.25434 0.58060 0.77342
vn -0.33845 0.53980 0.77078
vn 0.40825 -0.16970 -0.89694
vn -0.19484 -0.85660 0.47783
vn -0.19314 -0.85860 0.47494
vn -0.38228 0.51590 0.76655
vn 0.25137 0.41500 0.87446
vn 0.78463 0.12030 0.60816
vn 0.91645 -0.14450 0.37306
vn -0.84720 -0.06060 -0.52785
vn -0.85142 -0.07530 -0.51904
vn -0.18092 0.92300 0.33955
vn -0.18292 0.92830 0.32384
vn 0.96112 0.02080 0.27518
vn -0.59412 0.59900 0.53697
vn -0.30875 -0.09110 0.94677
vn -0.27026 -0.03540 0.96209
vn -0.84353 -0.04860 -0.53482
vn 0.02938 0.97830 0.20512
vn 0.81552 -0.04750 0.57683
vn 0.96268 0.04150 0.26742
vn -0.30976 -0.06970 0.94825
vn -0.20478 0.02270 0.97855
vn -0.20399 0.02370 0.97866
vn 0.85320 -0.02680 0.52079
vn 0.84908 -0.04960 0.52588
vn 0.84582 0.10060 0.52393
vn 0.81345 -0.08790 0.57504
vn -0.59098 0.09120 0.80149
vn -0.55510 0.01690 0.83159
vn -0.46226 0.00640 0.88668
vn -0.36245 -0.11790 0.92455
vn -0.33992 -0.13740 0.93033
vn -0.20487 0.76980 0.60454
vn -0.18805 0.79190 0.58099
vn 0.16852 0.89210 -0.41924
vn -0.40724 -0.59820 0.69020
vn -0.48338 -0.53600 0.69207
vn -0.45535 -0.58460 0.67145
vn -0.32571 -0.65540 0.68138
vn -0.19653 -0.85460 0.48063
vn 0.92844 -0.07290 0.36429
vn -0.32958 0.70220 0.63110
vn -0.32968 0.70220 0.63109
vn -0.41163 0.66660 0.62148
vn 0.86053 -0.49190 0.13225
vn -0.17064 0.81350 0.55600
vn -0.32707 -0.11260 0.93823
vn -0.33436 -0.07870 0.93916
vn -0.33436 -0.07860 0.93916
vn -0.44372 -0.02610 0.89576
vn -0.34139 -0.04410 0.93891
vn 0.78282 0.36990 0.50034
vn 0.84483 0.13750 0.51703
vn 0.40229 -0.80930 0.42800
vn 0.25128 0.95770 0.14058
vn 0.84075 -0.20520 0.50104
vn -0.40195 -0.15470 0.90254
vn -0.01966 -0.64390 0.76491
vn -0.15775 0.75620 0.63505
vn -0.14188 -0.02610 0.98951
vn -0.19834 -0.05300 0.97872
vn 0.97595 -0.00440 0.21795
vn 0.96584 -0.00400 0.25896
vn -0.04223 0.13460 -0.98998
vn -0.07981 0.09080 -0.99265
vn -0.03605 0.20430 -0.97824
vn -0.07546 -0.05340 -0.99570
vn -0.02792 -0.06940 -0.99722
vn 0.06865 -0.13630 -0.98825
vn 0.13473 0.05180 -0.98957
vn 0.99661 -0.04510 0.06877
vn 0.96225 0.04560 -0.26841
vn 0.97899 -0.00920 0.20373
vn 0.55810 0.82980 0.00572
vn 0.57793 0.80930 0.10499
vn 0.61006 0.75600 -0.23730
vn 0.74280 -0.66750 0.05239
vn 0.73011 -0.67980 0.06933
vn 0.96371 -0.01320 0.26655
vn 0.93027 0.05030 0.36343
vn 0.56655 0.80880 0.15764
vn 0.75474 -0.65510 0.03584
vn 0.59801 0.75080 0.28048
vn 0.22228 0.15070 -0.96326
vn 0.22577 0.10880 -0.96813
vn 0.38437 0.38940 -0.83701
vn 0.46452 0.51600 -0.71966
vn 0.37118 0.46630 -0.80297
vn 0.99657 0.08240 0.01034
vn 0.87281 0.19150 -0.44888
vn 0.86757 0.17930 -0.46382
vn 0.83798 0.13390 -0.52910
vn 0.83921 0.12230 -0.52994
vn 0.48503 0.47310 -0.73544
vn 0.40098 0.38770 -0.83001
vn 0.33476 0.82670 -0.45218
vn 0.33475 0.82680 -0.45208
vn 0.50528 0.79360 -0.33892
vn 0.67305 0.72530 0.14474
vn 0.69746 0.68930 0.19609
vn 0.67295 0.72530 0.14473
vn 0.88695 0.21490 -0.40882
vn 0.19885 0.82840 -0.52371
vn 0.96755 0.05990 0.24567
vn 0.23010 -0.86640 -0.44318
vn 0.24383 -0.88580 -0.39489
vn 0.21515 -0.86720 -0.44904
vn 0.14907 0.12630 -0.98076
vn 0.78821 -0.06320 -0.61224
vn 0.76553 0.41650 -0.49049
vn 0.74792 0.37220 -0.54960
vn 0.97800 -0.02230 0.20733
vn 0.96895 -0.01940 0.24647
vn 0.65052 0.75260 0.10182
vn 0.98779 -0.02620 0.15376
vn 0.06906 0.66990 -0.73923
vn -0.04085 0.99910 -0.01503
vn 0.08838 0.99240 0.08567
vn 0.17481 0.98450 -0.01502
vn 0.29919 -0.23090 0.92586
vn 0.28746 -0.23010 0.92971
vn 0.79176 -0.17840 -0.58411
vn 0.20918 0.67460 0.70797
vn 0.13349 0.57870 0.80457
vn 0.24187 -0.90500 -0.34995
vn 0.11892 0.98650 0.11272
vn 0.02024 0.94520 0.32598
vn 0.30586 -0.23130 0.92353
vn 0.69909 0.50900 -0.50213
vn 0.03756 0.94680 0.31956
vn 0.10791 0.94990 0.29348
vn 0.99473 0.04810 0.09001
vn 0.99245 0.12270 0.00796
vn 0.99475 0.04820 0.08992
vn 0.27171 -0.91990 -0.28282
vn 0.98822 -0.06100 0.14019
vn 0.97730 -0.07830 0.19684
vn 0.98703 -0.14990 0.05829
vn -0.09342 0.97110 0.21983
vn 0.63807 0.49370 -0.59085
vn 0.98580 -0.04020 0.16328
vn 0.99126 -0.00860 0.13193
vn 0.22355 0.69160 0.68681
vn 0.34046 -0.87210 -0.35140
vn 0.94854 -0.08590 0.30465
vn 0.00032 0.93840 0.34558
vn 0.48258 0.25500 0.83792
vn 0.98851 -0.00810 0.15073
vn 0.30203 -0.05790 -0.95152
vn 0.91704 -0.11190 0.38283
vn 0.99763 0.00700 0.06790
vn 0.21394 -0.70750 -0.67354
vn 0.22712 -0.69200 -0.68518
vn 0.11791 -0.98070 0.15588
vn 0.07175 -0.98560 0.15314
vn 0.15890 -0.96630 0.20251
vn 0.20257 -0.72030 -0.66338
vn 0.91385 -0.22280 0.33940
vn 0.97137 -0.10380 0.21380
vn 0.95206 -0.13970 0.27203
vn 0.00711 0.20840 0.97804
vn 0.91658 -0.11380 0.38327
vn 0.00963 0.93590 0.35209
vn 0.87296 -0.28060 0.39904
vn -0.05953 -0.37940 0.92328
vn 0.11518 -0.32690 0.93802
vn 0.82436 -0.16780 0.54069
vn 0.82346 -0.16950 0.54138
vn 0.82356 -0.16930 0.54139
vn 0.04618 -0.99350 0.10436
vn -0.01418 -0.98950 0.14390
vn 0.82231 -0.17170 0.54243
vn 0.06065 -0.99320 -0.09965
vn 0.07392 -0.99100 -0.11187
vn 0.85627 -0.31350 0.41050
vn -0.06211 0.95050 0.30441
vn -0.02758 0.94160 0.33554
vn 0.08787 -0.98830 -0.12471
vn -0.18735 -0.63550 0.74901
vn -0.18092 -0.61730 0.76562
vn 0.00185 -0.98750 0.15738
vn 0.59404 -0.04100 0.80340
vn 0.48099 -0.21030 0.85113
vn 0.83402 -0.24710 0.49336
vn 0.40440 -0.21170 0.88978
vn -0.13093 -0.34040 0.93115
vn -0.12698 -0.33390 0.93401
vn -0.14360 0.43310 0.88987
vn 0.03383 -0.98520 0.16788
vn -0.13422 -0.34590 0.92859
vn -0.04169 0.95050 0.30789
vn -0.19418 -0.65510 0.73022
vn 0.54290 0.01290 0.83965
vn 0.03761 -0.98520 0.16748
vn -0.03524 -0.35160 0.93546
vn -0.10070 -0.35160 0.93071
vn 0.20218 0.19630 -0.95942
vn 0.19270 0.17130 -0.96616
vn 0.21112 0.21990 -0.95236
vn 0.14006 -0.39390 -0.90842
vn 0.14156 -0.61380 -0.77672
vn 0.13685 -0.29720 -0.94498
vn 0.05526 0.99830 -0.01753
vn 0.20117 -0.22740 0.95282
vn 0.99341 -0.08230 -0.07940
vn 0.74017 0.25360 0.62271
vn 0.69901 0.43310 0.56909
vn 0.73103 0.15110 0.66547
vn 0.94418 0.06180 0.32344
vn 0.94226 0.05580 0.33014
vn -0.47134 0.36380 0.80340
vn -0.67777 0.29950 0.67144
vn -0.61268 0.34390 0.71156
vn -0.85798 -0.18360 -0.47966
vn -0.77326 -0.23600 -0.58856
vn -0.78631 -0.21240 -0.58013
vn 0.03649 -0.88840 0.45757
vn -0.09464 -0.91650 0.38870
vn -0.09016 -0.92440 0.37054
vn -0.89574 -0.15570 -0.41636
vn 0.96678 -0.16180 -0.19776
vn 0.94207 -0.15060 -0.29971
vn 0.34116 0.27900 0.89765
vn 0.27828 0.31060 0.90889
vn 0.27838 0.31060 0.90890
vn -0.33240 0.36850 0.86818
vn -0.82197 0.43400 0.36879
vn 0.17906 0.35600 0.91722
vn -0.62183 -0.26500 -0.73694
vn 0.06128 -0.41290 -0.90871
vn 0.08096 -0.41440 -0.90645
vn 0.08797 -0.40730 -0.90903
vn 0.03042 -0.82470 0.56472
vn -0.04654 -0.92320 0.38151
vn 0.01400 -0.88090 0.47308
vn 0.14032 -0.75240 0.64352
vn -0.99916 0.03570 0.02070
vn -0.99918 0.03570 0.02079
vn -0.99892 0.03330 -0.03316
vn -0.99397 0.03910 0.10213
vn 0.17347 -0.48880 -0.85494
vn 0.15259 -0.47040 -0.86917
vn 0.17337 -0.48880 -0.85495
vn 0.97011 0.02190 0.24168
vn 0.95831 0.05150 0.28105
vn 0.97158 0.03740 0.23381
vn -0.99409 0.05850 0.09112
vn -0.98698 0.09060 0.13316
vn -0.99402 0.05700 0.09284
vn -0.84767 0.26820 0.45774
vn 0.08543 -0.41480 -0.90594
vn 0.60279 0.63330 0.48539
vn 0.07193 -0.42340 -0.90313
vn 0.90566 -0.22500 -0.35935
vn -0.13831 -0.93700 0.32081
vn -0.06712 0.24770 0.96656
vn -0.08240 0.20590 0.97508
vn -0.19369 0.25740 0.94665
vn 0.97987 -0.16800 -0.10758
vn -0.99985 0.00130 0.01606
vn 0.63658 0.30790 0.70705
vn 0.18503 0.80270 0.56694
vn -0.71107 0.61960 0.33238
vn 0.97219 0.04450 0.23006
vn 0.21732 -0.52670 -0.82184
vn -0.02941 -0.95870 0.28281
vn -0.03400 -0.98340 0.17835
vn -0.68900 0.63640 0.34678
vn -0.32074 0.83470 0.44773
vn -0.25020 0.83060 0.49757
vn -0.32072 0.83470 0.44763
vn -0.20044 0.28160 0.93837
vn 0.03999 0.22430 0.97373
vn 0.99194 0.00590 0.12697
vn 0.66003 -0.75050 0.03247
vn 0.63620 -0.77140 -0.01648
vn 0.54525 -0.80990 -0.21633
vn -0.95124 -0.19880 -0.23569
vn 0.57049 0.65360 0.49735
vn 0.71373 0.70040 0.00858
vn 0.79620 0.60360 0.04187
vn 0.12896 0.99140 -0.02145
vn 0.49294 -0.83390 -0.24805
vn -0.41037 0.83060 0.37652
vn -0.23638 0.20550 0.94964
vn -0.09970 0.20040 0.97465
vn -0.00195 -0.94020 0.34073
vn -0.06046 -0.93860 -0.33972
vn -0.46247 -0.85940 -0.21809
vn -0.10717 -0.88700 -0.44910
vn -0.66420 0.72660 -0.17573
vn -0.51662 0.83900 -0.17084
vn -0.52908 0.83430 -0.15487
vn 0.02787 0.13110 0.99095
vn -0.99318 0.11320 0.02716
vn -0.55544 0.83130 -0.02009
vn -0.49518 0.67430 0.54777
vn 0.01435 -0.95180 -0.30645
vn 0.06742 -0.97400 -0.21640
vn 0.98867 -0.14780 0.02461
vn -0.19415 -0.88100 -0.43133
vn -0.64778 -0.73670 -0.19409
vn -0.39197 -0.83270 -0.39098
vn -0.96370 -0.15810 -0.21528
vn 0.99271 -0.10830 0.05210
vn -0.71710 -0.68280 -0.13992
vn -0.20118 0.22450 0.95350
vn 0.53021 0.65070 0.54355
vn 0.53147 0.64750 0.54615
vn 0.02228 0.99910 -0.03623
vn 0.03573 0.99880 -0.03350
vn -0.05565 -0.85230 -0.52011
vn 0.08756 -0.98000 0.17870
vn 0.03480 0.99920 -0.01919
vn 0.06947 0.99760 -0.00329
vn -0.66502 0.72850 -0.16444
vn 0.75116 -0.64610 0.13577
vn 0.91540 -0.39320 0.08560
vn 0.75107 -0.64610 0.13576
vn 0.04055 -0.97610 0.21349
vn -0.70243 0.70560 -0.09333
vn 0.61741 0.78610 -0.03124
vn 0.53653 0.84220 -0.05322
vn 0.44480 0.89260 -0.07404
vn 0.99769 -0.05580 0.03996
vn 0.99911 -0.00240 0.04217
vn 0.99826 -0.04430 0.03802
vn 0.99109 -0.12480 0.04693
vn -0.79274 -0.57250 0.20917
vn -0.67570 -0.73430 -0.06498
vn -0.62142 -0.78300 -0.02844
vn -0.95643 -0.22300 -0.18856
vn -0.73716 -0.66820 -0.10067
vn -0.63918 0.74110 -0.20544
vn -0.51581 0.83950 -0.17083
vn -0.51591 0.83950 -0.17084
vn -0.98020 -0.00140 -0.19784
vn -0.97476 0.07890 -0.20891
vn -0.98020 -0.00130 -0.19784
vn 0.67044 -0.73700 0.08586
vn -0.93937 -0.28500 -0.19078
vn -0.00507 -0.99980 0.01728
vn 0.00810 -0.99990 0.01170
vn 0.02333 0.99960 -0.01873
vn -0.02091 -0.99950 0.02391
vn 0.26910 0.95460 -0.12756
vn 0.99602 -0.08020 0.03892
vn 0.22425 0.96430 -0.14061
vn 0.72913 -0.66980 0.14045
vn -0.69099 -0.71890 -0.07573
vn 0.49016 0.87150 0.01779
vn 0.99161 -0.11910 0.05054
vn -0.64436 0.76390 -0.03711
vn -0.03992 -0.97960 0.19672
vn 0.98941 -0.13410 0.05559
vn 0.01233 0.99850 -0.05292
vn -0.97410 -0.14330 -0.17511
vn -0.42536 0.89330 -0.14503
vn 0.06455 -0.98580 0.15489
vn -0.03153 0.97260 -0.23013
vn 0.09477 0.99540 -0.01570
vn 0.12865 0.29160 -0.94781
vn 0.27639 0.29590 -0.91433
vn 0.15144 -0.36490 -0.91868
vn 0.09652 -0.33130 -0.93855
vn 0.15684 0.46470 -0.87142
vn 0.05846 -0.12450 -0.99054
vn 0.31856 0.94580 0.06342
vn 0.98879 0.02770 0.14643
vn 0.98880 0.02770 0.14633
vn 0.99212 0.00910 0.12488
vn -0.55115 0.81340 0.18616
vn -0.96698 0.03870 -0.25205
vn -0.96019 -0.01220 -0.27909
vn 0.04943 0.90410 -0.42441
vn 0.98822 0.03070 0.14988
vn 0.08949 0.45070 -0.88824
vn 0.04667 0.38920 -0.91998
vn -0.52846 0.84140 0.11345
vn -0.96799 0.04960 -0.24614
vn 0.99149 -0.10560 0.07595
vn 0.96380 -0.14220 -0.22561
vn -0.06062 0.20950 0.97592
vn 0.12570 0.94510 -0.30153
vn 0.05329 0.95990 -0.27513
vn 0.81252 0.57160 -0.11475
vn 0.99998 -0.00460 0.00525
vn 0.99674 0.02070 0.07747
vn 0.99909 0.04190 -0.00082
vn -0.03288 0.80550 0.59165
vn -0.19056 0.92200 0.33703
vn -0.15193 0.79140 0.59215
vn -0.69045 0.63040 -0.35479
vn -0.01438 -0.99990 0.00108
vn -0.03478 -0.99940 -0.00401
vn 0.99485 -0.00980 0.10103
vn 0.99154 0.01190 0.12914
vn -0.06656 0.59880 -0.79810
vn 0.11801 -0.28530 -0.95117
vn 0.10431 -0.26990 -0.95727
vn 0.19502 -0.40500 -0.89329
vn 0.06542 -0.40410 -0.91239
vn 0.12080 -0.23290 -0.96502
vn -0.84925 0.09460 -0.51945
vn -0.08113 -0.99660 -0.01565
vn 0.09033 -0.32070 -0.94282
vn -0.94852 0.15000 -0.27881
vn 0.23712 0.84880 -0.47260
vn 0.74336 0.21910 -0.63196
vn 0.87109 0.12780 -0.47414
vn 0.71543 0.24850 -0.65300
vn 0.46426 0.53110 -0.70880
vn -0.04216 0.76540 0.64217
vn -0.26861 0.44040 -0.85671
vn -0.26998 0.42850 -0.86225
vn -0.01608 -0.97650 0.21509
vn -0.00636 -0.98080 0.19481
vn -0.64522 0.39510 -0.65383
vn 0.50823 -0.30770 0.80437
vn 0.51657 -0.36270 0.77563
vn 0.51959 -0.33310 0.78684
vn -0.01114 0.96810 -0.25027
vn 0.64981 0.28620 -0.70410
vn 0.00341 -0.49610 -0.86823
vn -0.04180 -0.44570 -0.89425
vn -0.98837 -0.10820 -0.10641
vn 0.87993 0.10990 0.46216
vn 0.87487 0.10910 0.47196
vn 0.89337 0.07260 0.44349
vn -0.99849 0.04070 -0.03704
vn 0.78428 -0.59990 -0.15805
vn 0.77825 -0.59170 -0.21023
vn -0.82322 -0.56370 -0.06734
vn 0.59600 0.60880 0.52352
vn -0.52128 -0.74760 -0.41155
vn -0.53632 -0.76040 -0.36617
vn -0.10998 -0.77030 0.62811
vn -0.07262 -0.68920 0.72088
vn -0.07221 -0.68930 0.72084
vn -0.27202 0.40900 -0.87100
vn -0.04918 -0.63560 0.77049
vn -0.07924 0.86380 0.49756
vn -0.10547 0.94290 0.31609
vn 0.20608 -0.45370 -0.86696
vn -0.97937 0.06420 0.19161
vn -0.99545 -0.04470 -0.08396
vn -0.98052 0.02620 0.19489
vn 0.64578 0.31400 -0.69596
vn 0.24177 0.76540 0.59644
vn 0.11064 -0.14580 -0.98315
vn 0.26001 0.74600 -0.61300
vn 0.09921 0.87270 -0.47810
vn -0.04682 0.73770 0.67352
vn 0.00197 -0.98420 0.17728
vn -0.99987 0.00390 -0.01795
vn 0.67882 0.69040 -0.25017
vn -0.08618 -0.51520 0.85276
vn -0.12844 -0.43350 0.89193
vn -0.42855 -0.31590 0.84645
vn 0.05574 -0.50390 -0.86194
vn 0.03711 0.90680 -0.41982
vn -0.97349 0.04480 -0.22418
vn 0.22034 -0.43640 -0.87239
vn 0.87313 0.11220 0.47435
vn 0.09349 -0.51690 -0.85086
vn -0.48198 -0.71130 -0.51148
vn -0.05354 -0.51520 0.85537
vn 0.76149 -0.57250 -0.30384
vn -0.87953 0.46930 0.07831
vn -0.84487 0.52910 0.07948
vn 0.86986 0.10820 0.48137
vn -0.00117 -0.11880 0.99297
vn -0.00127 -0.11880 0.99295
vn -0.13612 -0.32940 0.93438
vn 0.97433 -0.17840 -0.13740
vn 0.06559 -0.01170 0.99779
vn -0.05753 0.83540 0.54653
vn -0.06610 0.84110 0.53679
vn -0.06646 0.84130 0.53644
vn 0.23575 -0.43470 -0.86919
vn 0.11671 -0.37940 -0.91784
vn 0.09776 -0.37740 -0.92092
vn 0.08393 -0.36400 -0.92764
vn 0.99985 -0.01900 -0.00567
vn 0.99972 -0.00510 0.02207
vn 0.88811 -0.39270 -0.23892
vn -0.07150 -0.47800 0.87544
vn -0.02375 -0.47070 0.88202
vn -0.94563 0.31680 0.07388
vn 0.09195 -0.76390 -0.63874
vn 0.10293 -0.56310 -0.82001
vn 0.11348 -0.77840 -0.61745
vn 0.98060 -0.12500 0.15097
vn -0.07590 -0.58090 0.81046
vn -0.11798 -0.42530 0.89739
vn -0.09400 0.76660 0.63523
vn -0.99227 0.09100 0.08440
vn -0.04810 -0.54530 0.83684
vn 0.54830 0.54180 0.63704
vn 0.60620 0.57920 0.54499
vn 0.57912 0.54750 0.60398
vn 0.09900 -0.51660 -0.85051
vn 0.62262 0.55400 0.55267
vn 0.93070 -0.17010 -0.32376
vn 0.92801 -0.17140 -0.33068
vn -0.09377 0.76670 0.63506
vn -0.09212 0.80360 0.58795
vn -0.09213 0.80360 0.58805
vn -0.10351 0.78550 0.61012
vn 0.52804 -0.48830 0.69484
vn 0.49223 -0.51040 0.70512
vn -0.07605 0.84750 0.52534
vn 0.42310 0.37340 0.82561
vn 0.99893 -0.03300 -0.03385
vn 0.13398 -0.38770 -0.91197
vn 0.03404 0.80550 0.59155
vn -0.15118 -0.44380 0.88329
vn -0.70741 0.59600 0.37980
vn 0.12212 -0.35800 -0.92569
vn -0.08233 0.81850 0.56859
vn 0.13038 -0.35940 -0.92406
vn 0.09161 -0.57050 -0.81619
vn -0.04710 -0.54420 0.83768
vn -0.98059 -0.07420 -0.18154
vn -0.18781 -0.52790 0.82826
vn 0.94320 0.04450 0.32916
vn 0.94806 0.02670 0.31710
vn 0.44434 -0.30900 -0.84088
vn 0.93428 -0.16820 -0.31439
vn -0.86976 -0.10820 -0.48136
vn 0.10628 -0.41050 -0.90563
vn 0.10609 -0.41040 -0.90576
vn -0.78221 -0.22210 -0.58210
vn -0.79363 -0.21830 -0.56791
vn -0.78210 -0.22210 -0.58219
vn -0.75261 -0.23100 -0.61653
vn 0.09259 -0.49960 -0.86127
vn 0.93937 0.05790 0.33802
vn -0.16455 0.27380 0.94758
vn -0.12899 0.30720 0.94282
vn -0.16486 0.27350 0.94764
vn 0.98832 -0.04270 0.14616
vn -0.19982 0.23950 0.95016
vn -0.97388 -0.11410 -0.19607
vn 0.09613 -0.48180 -0.87099
vn 0.22285 -0.42930 -0.87528
vn 0.23711 -0.43030 -0.87102
vn 0.13737 -0.35800 -0.92352
vn -0.98272 0.03940 -0.18072
vn -0.97715 0.06480 -0.20247
vn -0.98329 0.04230 -0.17727
vn 0.07658 0.15510 -0.98495
vn 0.22164 0.81780 -0.53101
vn 0.29348 0.64660 -0.70412
vn 0.24777 0.62720 -0.73838
vn 0.05319 0.59960 -0.79850
vn 0.00286 0.53280 -0.84631
vn 0.03626 -0.99930 0.00946
vn 0.04922 -0.99310 -0.10685
vn 0.01234 -0.99990 0.00349
vn -0.75432 0.33130 -0.56681
vn 0.07953 0.63270 -0.77030
vn 0.33689 0.87660 -0.34371
vn 0.98446 -0.16070 0.07056
vn -0.26991 0.88010 -0.39065
vn 0.14243 0.96430 -0.22327
vn 0.98963 0.07610 0.12162
vn 0.97764 0.11390 0.17650
vn 0.99321 0.06130 0.09899
vn 0.90687 0.40960 -0.09912
vn 0.35508 0.93450 -0.02497
vn -0.97711 0.08760 -0.19379
vn -0.53393 0.76330 -0.36372
vn -0.47446 0.80350 -0.35948
vn 0.03487 -0.99920 0.02189
vn 0.52352 -0.82420 0.21588
vn 0.25171 -0.95910 0.12923
vn 0.52342 -0.82430 0.21586
vn 0.99419 0.01870 0.10589
vn -0.99375 0.06100 -0.09351
vn -0.97016 -0.06920 -0.23240
vn -0.95618 0.17860 -0.23202
vn -0.35702 -0.92510 0.12915
vn -0.42184 -0.89740 0.12944
vn -0.99422 -0.03210 -0.10195
vn -0.80974 -0.32590 -0.48785
vn 0.96335 -0.03340 0.26619
vn 0.99008 0.11790 0.07667
vn -0.97001 0.12280 -0.20968
vn 0.62993 -0.73590 0.24828
vn -0.45553 -0.88080 0.12930
vn -0.95703 0.03200 -0.28824
vn 0.99531 0.04530 0.08575
vn 0.91769 -0.32340 -0.23086
vn 0.97394 -0.22080 0.05137
vn 0.90630 -0.35090 -0.23544
vn -0.45157 0.85620 0.25104
vn -0.50293 0.84250 0.19301
vn 0.90687 -0.14390 0.39608
vn -0.92140 -0.24720 0.29979
vn 0.21010 0.40670 -0.88912
vn 0.25045 0.39360 -0.88455
vn -0.77819 -0.35730 -0.51656
vn 0.12932 -0.99110 0.03239
vn -0.98474 0.12630 -0.11974
vn 0.96857 -0.00580 0.24854
vn 0.89520 -0.16430 0.41437
vn 0.40772 0.33400 -0.84988
vn 0.90697 -0.39980 -0.13251
vn 0.16410 0.36600 -0.91605
vn -0.09803 0.37200 -0.92307
vn 0.05637 0.37500 -0.92533
vn 0.37034 0.91860 0.13776
vn 0.47130 0.84790 0.24300
vn -0.79621 0.46710 -0.38459
vn -0.23911 0.36440 -0.90004
vn -0.44801 0.32990 -0.83091
vn -0.95201 -0.05650 0.30078
vn -0.54913 0.82450 0.13638
vn 0.95615 -0.29280 0.00919
vn -0.99379 0.00870 -0.11108
vn 0.97963 -0.12250 0.15891
vn 0.97999 -0.11580 0.16219
vn -0.19584 -0.39450 0.89782
vn -0.20129 -0.41940 0.88517
vn -0.42939 -0.36380 0.82666
vn -0.08838 -0.43730 0.89495
vn 0.99540 -0.02930 0.09101
vn -0.96286 -0.04100 -0.26683
vn -0.96532 -0.07160 -0.25092
vn -0.96680 -0.13760 -0.21550
vn -0.94137 -0.33450 -0.04372
vn -0.70452 0.34670 -0.61919
vn 0.25820 0.64080 -0.72304
vn -0.96726 0.04000 -0.25078
vn -0.97029 -0.01020 -0.24181
vn -0.44037 -0.70620 0.55441
vn -0.96327 0.07770 -0.25710
vn -0.38407 -0.58770 0.71211
vn -0.22252 -0.14880 0.96353
vn -0.24943 -0.18500 0.95059
vn -0.34324 -0.74280 0.57486
vn -0.07207 -0.17700 0.98152
vn -0.94846 0.09760 -0.30151
vn -0.36499 -0.75970 0.53810
vn -0.19346 0.92200 0.33533
vn -0.27152 -0.81070 0.51859
vn -0.51994 0.58590 0.62161
vn -0.39591 -0.73850 0.54581
vn -0.75940 -0.60930 0.22823
vn 0.28467 -0.14890 -0.94702
vn 0.28467 -0.14880 -0.94702
vn 0.26450 -0.13170 -0.95530
vn 0.31745 0.67210 -0.66888
vn 0.25563 0.64040 -0.72420
vn 0.31182 -0.17220 -0.93445
vn 0.39917 -0.77240 0.49408
vn 0.18823 0.60150 -0.77634
vn -0.95713 -0.08500 -0.27706
vn -0.97980 -0.02920 -0.19779
vn -0.98573 0.01710 -0.16751
vn 0.99252 -0.01100 0.12191
vn 0.98969 0.00400 0.14352
vn 0.99094 0.00210 0.13431
vn -0.97511 -0.08480 -0.20482
vn 0.98911 -0.00300 0.14708
vn -0.99083 0.03480 -0.13066
vn 0.09589 -0.80890 -0.58007
vn 0.01611 -0.84370 -0.53651
vn -0.04282 -0.86490 -0.50010
vn -0.98705 -0.06680 -0.14589
vn 0.98996 -0.01840 0.14003
vn -0.36948 0.48840 0.79049
vn -0.36958 0.48840 0.79047
vn -0.48811 0.35620 0.79679
vn -0.98886 0.00780 -0.14886
vn 0.22304 0.03950 -0.97405
vn -0.01861 -0.94360 -0.33051
vn -0.07896 -0.90350 -0.42125
vn -0.12168 0.69000 0.71352
vn 0.08377 -0.64290 -0.76135
vn -0.01762 -0.60620 -0.79509
vn 0.20220 -0.64370 -0.73801
vn 0.30402 -0.74080 -0.59895
vn 0.28615 -0.69200 -0.66283
vn -0.36447 -0.55540 -0.74752
vn 0.00977 -0.44540 0.89525
vn -0.80985 -0.50600 -0.29673
vn -0.81723 -0.50240 -0.28249
vn 0.94458 -0.32100 -0.06837
vn 0.98953 -0.14170 -0.02856
vn 0.99295 -0.03090 0.11430
vn 0.97911 -0.06840 0.19174
vn 0.97952 -0.07000 0.18867
vn 0.99757 0.06770 0.01784
vn -0.17915 -0.97930 0.09456
vn -0.33717 -0.92410 0.17998
vn 0.40686 0.00120 -0.91348
vn 0.99038 -0.01850 0.13696
vn -0.98732 0.00350 -0.15874
vn 0.14210 -0.88810 0.43709
vn -0.82628 -0.49760 -0.26414
vn 0.97805 -0.06520 0.19805
vn 0.09248 -0.85770 -0.50586
vn 0.04520 -0.99860 -0.02666
vn -0.98724 0.00220 -0.15934
vn -0.85018 0.14050 0.50746
vn -0.15601 -0.03150 0.98729
vn 0.17428 0.36350 -0.91517
vn -0.65721 0.25800 -0.70823
vn -0.99154 0.02640 -0.12692
vn 0.02882 0.99850 -0.04725
vn -0.00617 0.99770 -0.06684
vn 0.98836 -0.05420 0.14213
vn 0.99716 0.06790 -0.03348
vn 0.98838 -0.05410 0.14203
vn -0.70758 0.61770 0.34314
vn 0.06782 0.99740 -0.02531
vn 0.99049 -0.02280 0.13536
vn 0.95585 -0.13710 0.25973
vn 0.00401 -0.95640 -0.29201
vn -0.97270 0.01850 -0.23154
vn 0.00253 -0.95330 -0.30190
vn 0.90986 -0.30790 0.27811
vn 0.03761 -0.34750 0.93697
vn -0.01068 -0.29350 0.95595
vn 0.12254 -0.56480 0.81610
vn 0.19655 -0.69050 0.69616
vn 0.98799 0.10820 0.11070
vn 0.98543 0.10010 0.13770
vn 0.99004 0.11820 0.07697
vn 0.21766 -0.78330 0.58227
vn 0.20075 -0.72530 0.65849
vn 0.00470 -0.77770 -0.62868
vn -0.08336 -0.85570 -0.51075
vn 0.23105 -0.77310 0.59065
vn 0.49322 0.70770 -0.50586
vn 0.71270 0.62240 -0.32358
vn 0.65773 0.64410 -0.39068
vn -0.15761 -0.06660 -0.98525
vn -0.06093 -0.04410 -0.99716
vn -0.12757 -0.06790 -0.98945
vn 0.71161 0.62350 -0.32373
vn -0.21472 -0.07980 -0.97343
vn -0.30365 -0.05920 -0.95098
vn 0.08592 -0.68640 -0.72221
vn -0.02145 0.73650 -0.67613
vn 0.13098 0.73090 -0.66977
vn -0.61236 -0.77790 0.14122
vn -0.08090 0.71190 -0.69762
vn 0.97928 -0.01170 0.20236
vn 0.98664 -0.03000 0.16006
vn 0.96313 -0.01240 0.26859
vn -0.86809 0.37970 -0.31967
vn 0.98660 -0.05950 0.15219
vn -0.24469 -0.83610 -0.49097
vn -0.98355 -0.00280 -0.18053
vn -0.98441 0.06060 -0.16531
vn -0.97503 0.15310 -0.16081
vn 0.98741 -0.05670 0.14765
vn -0.97907 -0.07660 -0.18830
vn 0.20233 0.23450 -0.95083
vn 0.03413 0.15370 -0.98748
vn 0.84918 0.52470 0.05976
vn -0.97626 -0.08520 -0.19932
vn 0.24098 -0.02070 0.97033
vn 0.33766 -0.09820 0.93612
vn 0.12936 -0.70800 -0.69431
vn 0.21845 -0.68590 -0.69413
vn 0.50314 -0.62780 -0.59382
vn 0.05791 0.11870 0.99120
vn -0.02431 0.12450 -0.99188
vn -0.95090 -0.01990 -0.30881
vn -0.94884 -0.18240 -0.25787
vn 0.06176 0.37880 -0.92338
vn 0.06967 0.38400 -0.92070
vn -0.95159 -0.09210 -0.29336
vn -0.98964 -0.05460 -0.13272
vn -0.98076 -0.10080 -0.16693
vn 0.04073 0.91810 0.39436
vn 0.01207 0.89950 0.43669
vn 0.01424 -0.71070 -0.70338
vn -0.93116 0.11840 -0.34498
vn -0.03398 -0.73260 -0.67975
vn 0.15147 -0.58380 -0.79768
vn 0.26976 -0.68810 -0.67364
vn 0.09313 0.15040 -0.98422
vn 0.11992 0.21630 -0.96898
vn -0.98700 -0.09090 -0.13286
vn -0.00925 0.88400 0.46740
vn -0.91786 -0.08430 -0.38798
vn -0.91787 -0.08430 -0.38788
vn -0.92814 -0.06870 -0.36576
vn 0.06525 0.08200 -0.99446
vn -0.02885 -0.39300 -0.91903
vn -0.36364 -0.92960 -0.05925
vn -0.30201 -0.94860 -0.09468
vn -0.34182 -0.86970 -0.35601
vn 0.77975 0.27040 -0.56475
vn -0.13141 0.99120 -0.01844
vn -0.99071 0.00570 -0.13599
vn -0.98880 0.00490 -0.14936
vn 0.43595 0.72190 -0.53745
vn -0.11221 -0.97430 -0.19557
vn 0.80090 -0.59550 -0.06184
vn 0.95840 -0.01910 0.28480
vn -0.17594 -0.88900 -0.42271
vn -0.90809 -0.09790 -0.40714
vn 0.87156 -0.27550 0.40562
vn 0.87156 -0.27540 0.40562
vn -0.13256 0.99020 -0.04423
vn 0.04926 0.99870 -0.01350
vn -0.13246 0.99020 -0.04422
vn -0.96790 -0.14850 -0.20293
vn -0.17978 -0.98040 -0.08071
vn -0.19335 -0.97710 -0.08851
vn -0.17988 -0.98040 -0.08073
vn 0.07237 0.38580 -0.91972
vn 0.96084 -0.05320 0.27201
vn -0.98290 -0.02620 -0.18236
vn -0.29850 0.94310 -0.14658
vn 0.38587 0.88760 0.25159
vn 0.80700 -0.36700 0.46265
vn -0.16602 -0.98340 -0.07279
vn -0.33567 -0.17390 0.92576
vn -0.28051 0.95740 -0.06865
vn 0.20377 -0.95110 -0.23210
vn 0.22791 -0.95060 -0.21066
vn 0.13352 0.60390 0.78580
vn -0.99336 0.00700 -0.11496
vn -0.90672 -0.14210 -0.39717
vn 0.99096 0.01100 0.13340
vn 0.56624 -0.29350 0.77026
vn 0.22848 -0.95090 -0.20897
vn -0.17452 -0.39290 0.90283
vn 0.24039 -0.95000 -0.19928
vn 0.90772 -0.21030 0.36299
vn 0.20375 -0.94020 -0.27287
vn 0.28810 0.27490 -0.91728
vn 0.33692 0.25890 -0.90521
vn 0.36022 -0.10030 -0.92748
vn 0.23939 -0.22590 -0.94428
vn 0.29577 -0.45220 -0.84146
vn -0.70072 -0.03390 -0.71263
vn -0.41154 -0.41980 -0.80890
vn -0.59164 -0.26220 -0.76231
vn 0.32832 -0.45770 -0.82625
vn -0.70539 0.08080 -0.70418
vn -0.73541 0.08740 -0.67192
vn -0.74389 0.03390 -0.66742
vn -0.35173 -0.61800 -0.70310
vn 0.32384 0.24020 -0.91516
vn 0.44591 -0.04290 -0.89405
vn -0.99590 0.01080 -0.08957
vn -0.99940 -0.03290 -0.01102
vn -0.99956 -0.02880 -0.01135
vn -0.99609 0.00450 -0.08818
vn -0.99549 -0.07450 0.05833
vn -0.99351 -0.06610 0.09281
vn 0.99366 -0.09280 0.06373
vn 0.98034 0.02040 0.19604
vn 0.98934 0.10670 0.09927
vn 0.99195 -0.11520 0.05179
vn 0.89483 -0.01760 0.44611
vn 0.94475 0.09170 0.31473
vn 0.22459 -0.69220 -0.68582
vn 0.98322 0.06280 0.17110
vn 0.98431 0.01620 0.17569
vn 0.98808 -0.02550 0.15168
vn 0.19268 0.37300 0.90756
vn 0.76598 0.09660 0.63550
vn 0.81481 0.25100 0.52264
vn 0.81479 0.25090 0.52274
vn 0.36438 -0.12400 0.92290
vn -0.97849 -0.02200 -0.20518
vn -0.99136 0.06500 -0.11408
vn 0.04222 -0.24530 0.96848
vn -0.20892 0.42720 0.87969
vn 0.05487 0.45230 0.89017
vn 0.07091 0.44410 0.89315
vn -0.97739 -0.02840 -0.20957
vn 0.98470 0.10530 0.13861
vn 0.98260 0.08870 0.16305
vn -0.43862 -0.19720 0.87677
vn 0.98681 -0.14270 0.07703
vn 0.83177 0.39040 0.39466
vn 0.99108 -0.03070 0.12958
vn -0.97993 -0.01860 -0.19831
vn -0.49618 0.41090 0.76481
vn -0.40401 0.38300 0.83071
vn -0.29938 0.36700 0.88073
vn 0.10321 0.55710 0.82397
vn 0.12214 0.75810 0.64065
vn 0.11643 0.80880 0.57640
vn 0.61756 0.52360 -0.58697
vn -0.91787 0.24700 -0.31058
vn 0.95969 0.06980 0.27236
vn 0.98994 -0.04260 0.13498
vn 0.92905 0.06430 0.36427
vn 0.32939 -0.72350 -0.60661
vn 0.18468 -0.89970 -0.39555
vn 0.23665 -0.88030 -0.41111
vn -0.97270 0.06800 -0.22185
vn -0.97194 0.04310 -0.23113
vn -0.97522 0.10530 -0.19434
vn 0.00317 -0.91370 -0.40626
vn -0.85921 0.49930 -0.11148
vn 0.14884 -0.38370 -0.91136
vn 0.97290 -0.04800 0.22632
vn 0.97521 -0.06450 0.21149
vn 0.97552 -0.06560 0.21002
vn -0.80171 -0.53850 -0.25929
vn 0.99420 -0.02840 0.10357
vn 0.99434 -0.03220 0.10106
vn 0.98889 -0.00260 0.14866
vn 0.04645 0.99550 -0.08200
vn 0.10529 0.99440 -0.00841
vn 0.89541 -0.42960 0.11690
vn -0.97634 -0.02890 -0.21437
vn -0.98014 -0.08810 -0.17745
vn -0.99178 -0.04670 -0.11918
vn 0.05178 -0.99440 0.09210
vn 0.38871 -0.91210 0.13027
vn 0.01243 -0.91210 -0.40975
vn -0.40968 -0.78430 0.46583
vn -0.07786 -0.99420 0.07471
vn -0.98712 -0.02660 -0.15801
vn -0.99036 -0.06670 -0.12151
vn -0.01084 -0.98010 0.19804
vn 0.24898 -0.96590 0.07053
vn 0.40802 -0.61800 0.67199
vn 0.44382 -0.55040 0.70712
vn 0.40812 -0.61800 0.67200
vn -0.02353 0.98550 -0.16789
vn 0.07954 0.00030 0.99686
vn -0.23305 -0.91650 0.32511
vn -0.26695 -0.93070 0.24997
vn -0.23303 -0.91650 0.32501
vn -0.96839 -0.01490 -0.24912
vn -0.97079 0.03460 -0.23743
vn -0.04964 0.26270 -0.96363
vn 0.02828 0.33400 -0.94216
vn 0.02818 0.33400 -0.94217
vn -0.61114 0.67870 0.40730
vn 0.98183 -0.03420 0.18656
vn 0.33266 0.89630 -0.29322
vn -0.05367 0.70950 -0.70270
vn 0.14905 -0.92780 -0.34196
vn -0.19849 -0.93920 0.28015
vn -0.12981 -0.77060 0.62401
vn 0.39579 -0.63900 0.65953
vn -0.10532 -0.81950 0.56325
vn 0.36802 -0.35620 0.85891
vn -0.96574 -0.03180 -0.25754
vn -0.96696 -0.03570 -0.25225
vn 0.15331 -0.62990 -0.76140
vn 0.17535 -0.65500 -0.73499
vn -0.29583 0.65720 0.69321
vn 0.28313 -0.65240 -0.70301
vn -0.16086 0.98600 0.04386
vn -0.84952 0.32870 -0.41261
vn -0.39152 -0.44450 0.80566
vn -0.99115 0.01220 -0.13201
vn -0.99239 -0.01860 -0.12138
vn -0.98918 -0.02140 -0.14507
vn 0.19894 -0.68070 -0.70505
vn 0.98500 0.00880 0.17215
vn 0.98501 0.00880 0.17205
vn 0.92513 -0.09650 0.36707
vn 0.19173 0.62110 0.75989
vn -0.34951 -0.38930 0.85223
vn -0.36266 -0.38310 0.84954
vn 0.97236 -0.02740 0.23179
vn 0.10951 0.40460 -0.90792
vn -0.99774 0.01420 -0.06560
vn 0.98942 0.02390 0.14328
vn 0.99357 0.07310 0.08592
vn 0.99542 0.03880 0.08718
vn 0.99466 0.03240 0.09798
vn 0.10784 -0.92250 -0.37066
vn -0.96648 0.00650 -0.25653
vn 0.96943 0.02860 0.24371
vn 0.95642 0.02880 0.29048
vn 0.99443 0.00900 0.10491
vn 0.99367 0.02550 0.10975
vn 0.96968 -0.03400 0.24183
vn 0.00169 0.99710 -0.07566
vn 0.96682 0.06430 0.24729
vn 0.97161 0.05010 0.23139
vn -0.96957 -0.04130 -0.24120
vn -0.19230 -0.96480 -0.17950
vn -0.14410 0.05580 0.98800
vn -0.01913 -0.02250 0.99961
vn -0.01923 -0.02250 0.99960
vn -0.18304 -0.76120 0.62213
vn -0.99916 -0.02570 -0.03138
vn -0.34205 -0.77310 0.53415
vn -0.30955 -0.79420 0.52292
vn 0.07612 -0.08180 0.99377
vn 0.85659 -0.34090 0.38733
vn -0.18488 -0.61230 0.76872
vn -0.18498 -0.61220 0.76871
vn -0.13956 -0.65240 0.74490
vn 0.56067 0.70200 -0.43918
vn -0.36212 0.21710 0.90653
vn -0.34392 0.22590 0.91142
vn -0.38143 0.20760 0.90078
vn -0.25543 0.22080 0.94130
vn -0.29386 0.25540 0.92104
vn -0.37531 -0.74980 0.54497
vn -0.22892 -0.57000 0.78908
vn -0.32093 -0.40240 0.85732
vn -0.21734 0.18660 0.95807
vn -0.15248 -0.84430 0.51366
vn -0.17029 -0.85390 0.49176
vn 0.98725 0.15280 0.04480
vn 0.98114 0.08770 0.17233
vn 0.97325 0.22970 0.00959
vn -0.96546 0.04590 -0.25659
vn -0.98512 -0.03040 -0.16904
vn -0.98658 -0.03310 -0.15975
vn -0.95182 -0.07430 -0.29763
vn -0.97797 -0.03660 -0.20531
vn -0.97586 -0.04540 -0.21340
vn -0.44518 0.13640 0.88496
vn -0.46712 0.11790 0.87633
vn -0.42024 0.15680 0.89380
vn 0.97519 0.05770 0.21391
vn -0.13686 -0.83540 0.53243
vn 0.14734 0.98540 0.08549
vn -0.05678 0.99680 0.05547
vn -0.50735 0.65670 -0.55801
vn -0.25164 0.96750 0.02417
vn 0.21070 -0.52760 -0.82294
vn 0.19483 -0.37390 -0.90673
vn 0.06333 -0.43730 -0.89703
vn 0.33662 -0.29310 -0.89485
vn 0.33433 -0.29520 -0.89506
vn -0.13010 0.33170 -0.93439
vn -0.03192 0.34710 -0.93731
vn 0.12045 0.35370 -0.92753
vn -0.98591 -0.02380 -0.16541
vn 0.10509 -0.31130 -0.94445
vn 0.98723 -0.00590 0.15944
vn 0.98873 0.08680 0.12159
vn 0.98575 0.01030 0.16812
vn -0.11472 0.31940 -0.94068
vn 0.98827 -0.01150 0.15251
vn 0.23782 0.34820 -0.90675
vn 0.25632 0.33220 -0.90767
vn -0.96215 0.08560 -0.25866
vn -0.96200 0.20520 -0.18023
vn -0.95965 -0.01500 -0.28083
vn -0.94666 -0.00750 -0.32226
vn -0.94482 -0.02320 -0.32685
vn -0.14094 -0.30340 0.94241
vn -0.14112 -0.30360 0.94228
vn -0.11141 -0.27090 0.95610
vn 0.96702 0.03180 0.25256
vn -0.16784 -0.33270 0.92796
vn 0.94227 -0.05660 0.33004
vn -0.66228 -0.50590 -0.55270
vn -0.92714 -0.22210 -0.30175
vn -0.79471 -0.37870 -0.47440
vn -0.89295 0.43590 -0.11273
vn -0.94549 0.28360 -0.15983
vn -0.90688 0.41990 -0.03540
vn 0.84189 0.37230 0.39079
vn 0.94728 0.26100 0.18610
vn 0.84514 0.46070 0.27094
vn -0.94987 -0.21930 -0.22279
vn -0.97658 -0.04500 -0.21037
vn -0.97952 -0.03800 -0.19765
vn 0.54548 -0.69990 -0.46112
vn 0.34372 -0.73400 -0.58579
vn 0.34362 -0.73400 -0.58581
vn 0.28261 -0.73600 -0.61518
vn 0.98161 -0.12820 0.14132
vn 0.98624 -0.11230 0.12136
vn 0.98486 -0.11340 0.13076
vn -0.96535 0.12220 -0.23064
vn -0.06980 -0.99710 -0.03147
vn -0.02664 -0.98180 -0.18809
vn 0.04921 -0.99850 -0.02572
vn 0.38881 -0.92060 0.03663
vn 0.26643 -0.96310 0.03859
vn -0.23551 0.86130 0.45031
vn -0.34555 0.79050 0.50562
vn -0.22256 0.86820 0.44339
vn 0.97881 0.01380 0.20431
vn 0.98246 0.01840 0.18563
vn -0.96246 0.12520 -0.24074
vn 0.08391 0.83500 0.54383
vn 0.04136 0.84500 0.53321
vn 0.08236 0.83350 0.54634
vn -0.26142 -0.57720 0.77357
vn -0.32598 -0.56140 0.76067
vn -0.32588 -0.56140 0.76068
vn -0.26510 0.80890 0.52481
vn 0.06351 0.99680 0.04808
vn -0.10266 0.99470 -0.01020
vn 0.07590 0.99500 0.06460
vn -0.39725 0.74940 0.52968
vn 0.97405 0.21610 0.06763
vn -0.12353 0.99190 -0.02969
vn -0.55506 -0.47850 0.68042
vn -0.90965 0.34200 -0.23580
vn -0.25986 0.96340 -0.06615
vn -0.26454 0.96230 -0.06295
vn -0.91234 0.34490 -0.22042
vn 0.98285 -0.00590 0.18427
vn -0.00763 -1.00000 0.00118
vn 0.12186 0.37610 -0.91856
vn 0.12196 0.37610 -0.91854
vn -0.04684 0.37200 -0.92702
vn 0.27524 0.37030 -0.88724
vn -0.12451 -0.99220 -0.00388
vn -0.38967 -0.92090 -0.01021
vn -0.98459 0.00220 -0.17512
vn -0.98662 0.00710 -0.16319
vn 0.96534 -0.12720 0.22771
vn -0.90512 0.33790 -0.25799
vn 0.98267 0.04490 0.17961
vn 0.94939 -0.10480 0.29619
vn -0.67704 -0.65330 0.33891
vn -0.04050 -0.72390 0.68871
vn -0.10645 -0.71960 0.68612
vn -0.15382 -0.74690 0.64699
vn 0.01526 -0.70870 0.70536
vn 0.33475 -0.68670 0.64529
vn -0.98815 -0.03980 -0.14816
usemtl Material
f 1301/4874/3741 1200/4875/3742 1302/4876/3743
f 1301/4877/3744 1302/4876/3743 1303/4878/3745
f 1301/4879/3746 1303/4880/3747 1304/4881/3748
f 1303/4878/3745 1302/4876/3743 1305/4882/3749
f 1194/4883/3750 1225/4884/3751 1306/4885/3752
f 1304/4881/3748 1303/4880/3747 1307/4886/3753
f 1301/4874/3741 1225/4887/3754 1200/4875/3742
f 1225/4884/3751 1301/4879/3746 1306/4885/3752
f 1306/4885/3752 1301/4879/3746 1304/4881/3748
f 1308/4888/3755 1302/4876/3743 1200/4875/3742
f 1309/4889/3756 1227/4890/3757 1306/4891/3758
f 1305/4882/3749 1302/4876/3743 1308/4888/3755
f 1306/4891/3758 1304/4892/3759 1309/4889/3756
f 1194/4893/3760 1306/4891/3758 1227/4890/3757
f 1307/5172/3964 1359/5173/3965 1304/5174/3966
f 1227/4890/3757 1224/4894/3761 1194/4893/3760
f 1194/4460/3451 1195/4461/3452 1196/4462/3453
f 1310/4895/3762 1308/4896/3763 1311/4897/3764
f 1194/4572/3534 1224/4573/3534 1195/4574/3534
f 1310/4895/3762 1305/4898/3765 1308/4896/3763
f 1200/4899/3766 1270/4900/3767 1308/4896/3763
f 1303/4878/3745 1305/4882/3749 1307/4901/3768
f 1312/4902/3769 1271/4903/3770 1313/4904/3771
f 1312/4905/3772 1313/4906/3772 1311/4907/3772
f 1311/4908/3773 1313/4909/3774 1310/4910/3775
f 1194/4575/3535 1201/4576/3535 1225/4577/3535
f 1152/4463/3454 1197/4464/3454 1198/4465/3454
f 1312/4911/3776 1311/4912/3776 1270/4913/3776
f 1200/4578/3536 1225/4579/3536 1201/4580/3536
f 1308/4896/3763 1270/4900/3767 1311/4897/3764
f 1199/4466/3455 1200/4467/3456 1201/4468/3457
f 1314/4914/3777 1227/4890/3757 1309/4889/3756
f 1134/4469/3458 1133/4470/3459 1197/4471/3458
f 1309/4889/3756 1304/4892/3759 1315/4915/3778
f 1198/4472/3460 1197/4473/3461 1138/4474/3462
f 1196/4475/3463 1201/4476/3463 1194/4477/3463
f 1134/4469/3458 1197/4471/3458 1152/4478/3464
f 1200/4467/3456 1199/4466/3455 1202/4479/3465
f 1138/4480/3466 1197/4481/3466 1136/4482/3466
f 1360/5175/3967 1315/5176/3968 1304/5177/3969
f 1199/4466/3455 1201/4483/3467 1140/4484/3468
f 1310/5178/3970 1317/5179/3971 1361/5180/3972
f 1228/4916/3779 1271/4917/3779 1231/4918/3779
f 1199/4466/3455 1140/4484/3468 1202/4479/3465
f 1304/5174/3966 1359/5173/3965 1360/5181/3973
f 1228/4919/3780 1283/4920/3781 1271/4921/3782
f 1200/4710/3626 1203/4711/3626 1270/4712/3626
f 1314/4914/3777 1226/4922/3783 1227/4890/3757
f 1270/4923/3784 1272/4924/3785 1312/4902/3769
f 1228/4946/3786 1226/4925/3786 1314/4926/3786
f 1316/4927/3787 1305/4898/3765 1310/4895/3762
f 1226/4581/3537 1224/4707/3624 1227/4582/3538
f 1231/4713/3627 1271/4714/3628 1272/4715/3629
f 1310/4910/3775 1313/4909/3774 1317/4928/3788
f 1272/4924/3785 1271/4903/3770 1312/4902/3769
f 1195/4583/3539 1224/4584/3539 1211/4585/3539
f 1313/4904/3771 1271/4903/3770 1318/4929/3789
f 1211/4586/3540 1224/4707/3624 1226/4581/3537
f 1314/4914/3777 1309/4889/3756 1319/4930/3790
f 1226/4587/3541 1228/4588/3542 1229/4589/3543
f 1228/4919/3780 1314/4931/3791 1319/4932/3792
f 1319/5182/3974 1309/5183/3975 1315/5176/3968
f 1226/4587/3541 1229/4589/3543 1230/4590/3544
f 1133/4245/3286 1134/4246/3287 1135/4247/3287
f 1203/4485/3469 1200/4486/3470 1202/4487/3471
f 1231/4713/3627 1272/4715/3629 1233/4716/3630
f 1231/4591/3545 1229/4589/3543 1228/4588/3542
f 1207/4717/3631 1272/4718/3631 1270/4719/3632
f 1214/4720/3633 1272/4718/3631 1207/4717/3631
f 1316/5184/3976 1362/5185/3977 1305/5186/3978
f 1362/5185/3977 1307/5187/3979 1305/5186/3978
f 1283/4920/3781 1228/4919/3780 1320/4933/3793
f 1319/4932/3792 1320/4933/3793 1228/4919/3780
f 1272/4715/3629 1241/4721/3634 1233/4716/3630
f 1270/4722/3635 1203/4723/3635 1207/4724/3635
f 1283/4920/3781 1318/4934/3794 1271/4921/3782
f 1273/4725/3636 1229/4726/3636 1231/4727/3637
f 1272/4715/3629 1214/4728/3638 1241/4721/3634
f 1273/4729/3639 1231/4730/3640 1234/4731/3641
f 1283/4920/3781 1321/4935/3795 1318/4934/3794
f 1273/4732/3642 1274/4733/3643 1275/4734/3644
f 1234/4731/3641 1231/4730/3640 1233/4735/3645
f 1318/4934/3794 1321/4935/3795 1322/4936/3796
f 1276/4736/3646 1277/4737/3647 1273/4732/3642
f 1316/5188/3980 1310/5189/3981 1361/5190/3982
f 1276/4736/3646 1273/4732/3642 1275/4734/3644
f 1197/4488/3472 1133/4489/3472 1136/4490/3472
f 1273/4725/3636 1277/4738/3648 1229/4726/3636
f 1274/4739/3649 1273/4729/3639 1278/4740/3650
f 1209/4592/3546 1211/4586/3540 1226/4581/3537
f 1202/4479/3465 1140/4484/3468 1204/4491/3473
f 1277/4741/3651 1235/4742/3651 1229/4743/3651
f 1318/4929/3789 1317/4947/3800 1313/4904/3771
f 1230/4590/3544 1232/4593/3547 1226/4587/3541
f 1233/4594/3548 1230/4595/3548 1234/4596/3548
f 1278/4740/3650 1279/4744/3652 1274/4739/3649
f 1280/4745/3653 1274/4746/3654 1279/4747/3655
f 1281/4748/3656 1282/4749/3656 1283/4750/3656
f 1283/4937/3797 1282/4938/3797 1321/4939/3797
f 1363/5191/3983 1319/5182/3974 1315/5176/3968
f 1195/4461/3452 1205/4492/3474 1196/4462/3453
f 1232/4593/3547 1230/4590/3544 1233/4597/3549
f 1230/4598/3550 1235/4599/3550 1234/4600/3550
f 1273/4729/3639 1234/4731/3641 1278/4740/3650
f 1274/4746/3654 1280/4745/3653 1275/4751/3657
f 1201/4483/3467 1196/4493/3475 1205/4494/3476
f 1359/5192/3984 1307/5193/3985 1362/5194/3986
f 1362/5194/3986 1316/5195/3987 1364/5196/3988
f 1320/4940/3798 1281/4941/3798 1283/4942/3798
f 1226/4587/3541 1232/4593/3547 1209/4601/3551
f 1230/4602/3552 1229/4603/3552 1235/4604/3552
f 1320/5197/3989 1319/5198/3990 1365/5199/3991
f 1144/4495/3477 1198/4472/3460 1138/4474/3462
f 1236/4605/3553 1237/4606/3554 1238/4607/3555
f 1238/4608/3556 1239/4609/3557 1236/4610/3557
f 1275/4752/3658 1284/4753/3658 1276/4754/3658
f 1285/4755/3659 1276/4756/3660 1284/4757/3661
f 1280/4745/3653 1286/4758/3662 1275/4751/3657
f 1322/4943/3799 1321/4944/3799 1282/4945/3799
f 1206/4496/3478 1207/4497/3479 1203/4498/3480
f 1318/5200/3992 1366/5201/3993 1317/5179/3971
f 1285/4755/3659 1277/4759/3663 1276/4756/3660
f 1208/4499/3481 1203/4485/3469 1202/4487/3471
f 1240/4611/3558 1237/4606/3554 1236/4605/3553
f 1234/4760/3664 1241/4761/3665 1278/4762/3665
f 1275/4763/3666 1286/4764/3666 1287/4765/3666
f 1209/4500/3482 1210/4501/3483 1211/4502/3484
f 1285/4755/3659 1235/4766/3667 1277/4759/3663
f 1280/4767/3668 1235/4768/3669 1285/4769/3668
f 1288/4770/3670 1218/4771/3671 1289/4772/3672
f 1241/4612/3559 1232/4613/3559 1233/4614/3559
f 1261/4948/3801 1322/4949/3801 1282/4950/3801
f 1239/4609/3557 1242/4615/3560 1236/4610/3557
f 1286/4773/3673 1280/4767/3668 1285/4769/3668
f 1320/5202/3994 1365/5203/3994 1281/5204/3994
f 1278/4762/3665 1241/4761/3665 1214/4774/3674
f 1318/5205/3995 1322/5206/3996 1366/5207/3997
f 1237/4616/3561 1243/4617/3562 1238/4618/3563
f 1290/4775/3675 1291/4776/3675 1287/4777/3676
f 1211/4503/3485 1210/4504/3486 1195/4505/3486
f 1140/4484/3468 1201/4483/3467 1205/4494/3476
f 1210/4501/3483 1209/4500/3482 1212/4506/3487
f 1291/4778/3677 1292/4779/3678 1218/4780/3678
f 1234/4781/3679 1235/4782/3680 1241/4783/3681
f 1286/4784/3682 1285/4785/3683 1287/4786/3683
f 1288/4770/3670 1291/4787/3684 1218/4771/3671
f 1322/5208/3998 1261/5209/3999 1365/5210/4000
f 1240/4619/3564 1236/4620/3565 1244/4621/3566
f 1213/4507/3488 1210/4501/3483 1212/4506/3487
f 1245/4622/3567 1243/4617/3562 1237/4616/3561
f 1246/4623/3568 1244/4621/3566 1236/4620/3565
f 1291/4776/3675 1290/4775/3675 1292/4788/3685
f 1287/4789/3686 1291/4787/3684 1288/4770/3670
f 1367/5211/4001 1365/5199/3991 1319/5198/3990
f 1247/4624/3569 1238/4618/3563 1243/4617/3562
f 1237/4951/3802 1253/4952/3803 1245/4953/3804
f 1290/4790/3687 1293/4791/3687 1282/4792/3688
f 1232/4625/3570 1248/4626/3571 1209/4627/3572
f 1243/4617/3562 1245/4622/3567 1249/4628/3573
f 1246/4623/3568 1236/4620/3565 1242/4629/3574
f 1243/4630/3575 1244/4631/3576 1246/4632/3577
f 1250/4793/3689 1290/4794/3689 1282/4795/3690
f 1247/4624/3569 1239/4633/3578 1238/4618/3563
f 1235/4782/3680 1294/4796/3691 1241/4783/3681
f 1367/5211/4001 1322/5206/3996 1365/5199/3991
f 1285/4785/3683 1293/4797/3692 1287/4786/3683
f 1261/4798/3693 1250/4799/3694 1282/4800/3695
f 1214/4508/3489 1207/4509/3490 1206/4510/3489
f 1250/4634/3579 1248/4635/3579 1232/4636/3579
f 1250/4793/3689 1292/4801/3696 1290/4794/3689
f 1293/4791/3687 1290/4790/3687 1287/4802/3697
f 1212/4637/3580 1209/4627/3572 1251/4638/3581
f 1209/4627/3572 1248/4626/3571 1251/4638/3581
f 1244/4631/3576 1243/4630/3575 1249/4639/3582
f 1252/4640/3583 1219/4641/3584 1243/4642/3585
f 1237/4643/3586 1240/4644/3586 1253/4645/3586
f 1252/4640/3583 1243/4642/3585 1254/4646/3587
f 1252/4640/3583 1255/4647/3588 1219/4641/3584
f 1280/4803/3698 1295/4804/3699 1235/4805/3699
f 1264/4806/3700 1232/4807/3700 1241/4808/3700
f 1366/5212/4002 1368/5213/4003 1346/5214/4004
f 1284/4954/3805 1293/4955/3806 1285/4956/3807
f 1319/5198/3990 1363/5215/4005 1367/5211/4001
f 1284/4957/3808 1275/4958/3808 1323/4959/3808
f 1247/4648/3589 1243/4649/3589 1246/4650/3589
f 1218/4809/3701 1137/4810/3701 1289/4811/3701
f 1250/4651/3590 1256/4652/3591 1248/4653/3591
f 1195/4461/3452 1215/4511/3491 1205/4492/3474
f 1295/4812/3702 1292/4813/3702 1250/4814/3702
f 1346/5216/4006 1317/5179/3971 1366/5201/3993
f 1367/5217/4007 1368/5213/4003 1366/5212/4002
f 1367/5211/4001 1366/5207/3997 1322/5206/3996
f 1296/4815/3703 1216/4816/3703 1292/4817/3704
f 1250/4818/3705 1297/4819/3705 1295/4820/3705
f 1297/4821/3706 1235/4805/3699 1295/4804/3699
f 1147/4822/3707 1288/4823/3707 1289/4824/3707
f 1254/4654/3592 1243/4655/3593 1257/4656/3593
f 1295/4825/3708 1280/4745/3653 1279/4747/3655
f 1365/5210/4000 1261/5209/3999 1281/5218/4008
f 1282/4826/3709 1293/4827/3709 1261/4828/3709
f 1240/4619/3564 1244/4621/3566 1253/4657/3594
f 1282/4960/3809 1281/4961/3809 1261/4962/3809
f 1208/4512/3492 1206/4496/3478 1203/4498/3480
f 1258/4658/3595 1250/4659/3596 1232/4660/3595
f 1250/4799/3694 1261/4798/3693 1256/4829/3710
f 1214/4872/3739 1217/4830/3711 1278/4831/3712
f 1298/4832/3713 1279/4833/3714 1278/4834/3715
f 1264/4835/3716 1241/4783/3681 1294/4796/3691
f 1259/4963/3810 1261/4964/3810 1257/4965/3810
f 1299/4836/3717 1275/4837/3718 1287/4838/3719
f 1243/4655/3593 1259/4661/3597 1257/4656/3593
f 1247/4662/3598 1246/4663/3599 1260/4664/3598
f 1256/4665/3600 1261/4666/3600 1259/4667/3600
f 1195/4505/3486 1210/4504/3486 1215/4513/3493
f 1360/5175/3967 1357/5219/4009 1315/5176/3968
f 1299/4966/3811 1323/4967/3812 1275/4968/3813
f 1260/4668/3601 1246/4623/3568 1242/4629/3574
f 1292/4779/3678 1216/4839/3720 1218/4780/3678
f 1153/4514/3494 1152/4515/3494 1198/4516/3494
f 1298/4840/3721 1295/4825/3708 1279/4747/3655
f 1252/4969/3814 1165/4970/3814 1255/4971/3814
f 1253/4972/3815 1244/4973/3816 1324/4974/3817
f 1294/4796/3691 1235/4782/3680 1297/4841/3722
f 1247/4624/3569 1262/4669/3602 1239/4633/3578
f 1208/4499/3481 1202/4487/3471 1204/4517/3495
f 1243/4670/3603 1256/4671/3603 1259/4672/3603
f 1250/4842/3723 1258/4843/3723 1297/4844/3723
f 1368/5213/4003 1363/5220/4010 1350/5221/4011
f 1296/4845/3724 1292/4846/3724 1295/4847/3724
f 1208/4518/3496 1216/4519/3497 1206/4520/3498
f 1294/4848/3725 1278/4831/3712 1217/4830/3711
f 1299/4836/3717 1287/4838/3719 1288/4849/3726
f 1325/4975/3818 1244/4976/3818 1249/4977/3819
f 1294/4850/3727 1217/4851/3727 1264/4852/3727
f 1248/4653/3591 1256/4652/3591 1251/4673/3604
f 1254/4978/3820 1257/4979/3820 1325/4980/3820
f 1249/4981/3821 1245/4982/3822 1325/4983/3823
f 1288/4984/3824 1147/4985/3825 1160/4986/3824
f 1232/4660/3595 1263/4674/3605 1258/4658/3595
f 1205/4521/3499 1155/4522/3500 1140/4523/3500
f 1263/4675/3606 1232/4676/3606 1264/4677/3606
f 1260/4664/3598 1262/4678/3607 1247/4662/3598
f 1206/4510/3489 1217/4524/3501 1214/4508/3489
f 916/3465/2638 917/3466/2639 918/3467/2640
f 919/3468/2641 918/3467/2640 917/3466/2639
f 919/3468/2641 917/3466/2639 920/3469/2642
f 1239/4633/3578 1262/4669/3602 1265/4679/3608
f 1298/4832/3713 1278/4834/3715 1294/4853/3728
f 1213/4525/3502 1155/4526/3502 1215/4527/3502
f 1218/4528/3503 1216/4529/3504 1137/4530/3504
f 920/3867/2966 1045/3868/2967 919/3869/2968
f 1256/4680/3609 1258/4681/3609 1263/4682/3609
f 1357/5219/4009 1350/5222/4012 1363/5191/3983
f 1045/3868/2967 920/3867/2966 927/3870/2969
f 1256/4683/3610 1263/4684/3610 1251/4685/3610
f 1210/4501/3483 1213/4507/3488 1215/4531/3505
f 916/3465/2638 918/3467/2640 921/3470/2643
f 1257/4987/3826 1326/4988/3826 1325/4989/3826
f 1257/4990/3827 1261/4991/3827 1326/4992/3827
f 1219/4686/3611 1213/4687/3611 1243/4688/3611
f 922/3471/2644 921/3470/2643 918/3467/2640
f 1263/4854/3729 1264/4873/3740 1217/4855/3730
f 1046/3871/2970 1045/3868/2967 927/3870/2969
f 925/3872/2971 1046/3871/2970 927/3870/2969
f 1255/4689/3612 1159/4690/3612 1219/4708/3612
f 1299/4993/3828 1288/4984/3824 1160/4986/3824
f 1153/4532/3506 1198/4472/3460 1144/4495/3477
f 923/3472/2645 917/3466/2639 916/3465/2638
f 925/3872/2971 924/3873/2972 1046/3871/2970
f 1245/4982/3822 1327/4994/3829 1328/4995/3830
f 1252/4996/3831 1254/4997/3832 1325/4998/3831
f 1368/5213/4003 1367/5217/4007 1363/5220/4010
f 1045/3874/2973 1046/3875/2974 1047/3876/2975
f 1326/4999/3833 1261/5000/3834 1293/5001/3835
f 924/3877/2976 1047/3878/2977 1046/3879/2978
f 1255/4691/3613 1165/4692/3613 1159/4693/3613
f 917/3466/2639 923/3472/2645 920/3469/2642
f 924/3473/2646 925/3474/2647 926/3475/2648
f 923/3472/2645 916/3465/2638 921/3470/2643
f 1357/5219/4009 1363/5191/3983 1315/5176/3968
f 1265/4694/3614 1266/4695/3615 1242/4696/3614
f 1243/4697/3616 1213/4698/3617 1212/4699/3618
f 1244/4976/3818 1325/4975/3818 1329/5002/3836
f 920/3469/2642 923/3472/2645 927/3476/2649
f 928/3477/2650 924/3473/2646 926/3475/2648
f 1326/5003/3837 1330/5004/3837 1325/5005/3837
f 1155/4533/3507 1205/4492/3474 1215/4511/3491
f 921/3470/2643 922/3471/2644 929/3478/2651
f 1297/4856/3731 1258/4857/3731 1300/4858/3731
f 928/3477/2650 926/3475/2648 930/3479/2652
f 929/3478/2651 930/3479/2652 921/3470/2643
f 1296/4815/3703 1221/4859/3732 1216/4816/3703
f 1294/4796/3691 1297/4841/3722 1300/4860/3733
f 1148/4534/3508 1208/4499/3481 1204/4517/3495
f 1148/4534/3508 1216/4535/3509 1208/4499/3481
f 919/3880/2979 1045/3881/2980 1048/3882/2979
f 1267/5006/3838 1293/5007/3839 1299/5008/3840
f 929/3478/2651 928/3477/2650 930/3479/2652
f 926/3475/2648 923/3472/2645 921/3470/2643
f 1300/5009/3841 1293/4955/3806 1331/5010/3842
f 923/3472/2645 925/3474/2647 927/3476/2649
f 926/3475/2648 921/3470/2643 930/3479/2652
f 1325/5011/3843 1332/5012/3844 1329/5013/3845
f 1137/4530/3504 1216/4529/3504 1148/4536/3510
f 1258/5014/3846 1256/5015/3846 1267/5016/3846
f 1361/5190/3982 1369/5223/4013 1316/5188/3980
f 1328/4995/3830 1325/4983/3823 1245/4982/3822
f 1293/4955/3806 1284/4954/3805 1331/5010/3842
f 1324/4974/3817 1244/4973/3816 1329/5017/3847
f 1293/5018/3848 1300/5019/3848 1299/5020/3848
f 1300/5021/3849 1333/5022/3849 1299/5023/3849
f 922/3480/2653 918/3481/2654 931/3482/2655
f 1369/5223/4013 1361/5180/3972 1317/5179/3971
f 925/3474/2647 923/3472/2645 926/3475/2648
f 1216/4519/3497 1217/4537/3511 1206/4520/3498
f 1267/4700/3619 1256/4701/3619 1243/4702/3619
f 1245/4953/3804 1253/4952/3803 1327/5024/3850
f 1325/4998/3831 1165/5025/3851 1252/4996/3831
f 1330/5026/3852 1326/5027/3852 1267/5028/3852
f 1326/4999/3833 1293/5001/3835 1267/5029/3853
f 1213/4538/3512 1219/4539/3513 1155/4540/3514
f 1299/5008/3840 1300/5030/3854 1267/5006/3838
f 1299/5031/3855 1296/5032/3855 1300/5033/3855
f 1294/5034/3856 1300/5009/3841 1334/5035/3857
f 1136/4248/3288 1133/4249/3288 1135/4250/3288
f 1262/5036/3858 1260/5037/3859 1332/5038/3859
f 1295/5039/3860 1300/5040/3860 1296/5041/3860
f 1295/5042/3861 1333/5043/3861 1300/5044/3861
f 1267/5045/3862 1243/5046/3862 1330/5047/3862
f 1359/5192/3984 1362/5194/3986 1370/5224/4014
f 1299/5048/3863 1221/5049/3863 1296/5050/3863
f 1047/3876/2975 1048/3883/2981 1045/3874/2973
f 1299/5051/3864 1160/5052/3864 1221/5053/3864
f 1139/4541/3515 1148/4542/3516 1204/4491/3473
f 1332/5054/3865 1265/5055/3866 1262/5056/3867
f 1332/5038/3859 1260/5037/3859 1335/5057/3868
f 1364/5196/3988 1370/5224/4014 1362/5194/3986
f 1212/4637/3580 1251/4638/3581 1263/4709/3625
f 932/3483/2656 928/3484/2657 929/3485/2658
f 1330/5058/3869 1268/5059/3870 1325/5060/3871
f 1136/4251/3289 1137/4252/3290 1138/4253/3291
f 1152/4543/3517 1142/4544/3517 1134/4545/3517
f 1267/5061/3872 1300/5062/3872 1258/5063/3872
f 1268/5064/3873 1165/5065/3873 1325/5066/3874
f 1048/3883/2981 1047/3876/2975 1049/3884/2982
f 933/3486/2659 928/3484/2657 932/3483/2656
f 1336/5067/3875 1323/4967/3812 1299/4966/3811
f 1155/4540/3514 1219/4539/3513 1153/4546/3518
f 1329/5013/3845 1332/5012/3844 1335/5068/3876
f 1219/4539/3513 1159/4547/3519 1153/4546/3518
f 1328/4995/3830 1337/5069/3877 1325/4983/3823
f 1268/5059/3870 1330/5058/3869 1243/5070/3878
f 1329/5071/3879 1335/5072/3880 1338/5073/3881
f 1253/4952/3803 1324/5074/3882 1327/5024/3850
f 1346/5216/4006 1369/5223/4013 1317/5179/3971
f 1331/5010/3842 1339/5075/3883 1300/5009/3841
f 1340/5076/3884 1299/4966/3811 1333/5077/3885
f 1338/5073/3881 1335/5072/3880 1260/5078/3886
f 1242/4696/3614 1239/4703/3620 1265/4694/3614
f 1204/4491/3473 1140/4484/3468 1139/4541/3515
f 1147/4861/3734 1289/4862/3734 1137/4863/3734
f 1338/5073/3881 1260/5078/3886 1266/5079/3887
f 1139/4254/3292 1140/4255/3293 1141/4256/3294
f 1344/5225/4015 1368/5226/4016 1350/5227/4017
f 1142/4257/3295 1143/4258/3295 1134/4259/3295
f 1346/5228/4018 1368/5226/4016 1344/5225/4015
f 1154/4548/3520 1159/4549/3520 1165/4550/3520
f 1144/4260/3296 1138/4261/3297 1145/4262/3297
f 1147/4864/3735 1146/4865/3735 1160/4866/3735
f 1329/5017/3847 1341/5080/3888 1324/4974/3817
f 1242/4629/3574 1266/4704/3621 1260/4668/3601
f 1155/4522/3500 1141/4551/3521 1140/4523/3500
f 1325/4983/3823 1337/5069/3877 1332/5054/3865
f 1146/4263/3298 1147/4264/3299 1137/4252/3290
f 932/3487/2660 929/3488/2660 922/3489/2660
f 934/3885/2983 1047/3878/2977 924/3877/2976
f 1294/5081/3889 1334/5082/3889 1298/5083/3889
f 1340/5076/3884 1295/5084/3890 1298/5085/3891
f 1300/5009/3841 1339/5075/3883 1342/5086/3892
f 934/3490/2661 924/3491/2662 928/3492/2663
f 1212/5087/3893 1269/5088/3893 1268/5089/3893
f 1334/5035/3857 1300/5009/3841 1342/5086/3892
f 935/3493/2664 918/3494/2665 919/3495/2664
f 935/3496/2666 931/3482/2655 918/3481/2654
f 1148/4265/3300 1145/4266/3300 1137/4267/3300
f 1340/5076/3884 1333/5077/3885 1295/5084/3890
f 919/3495/2664 936/3497/2667 935/3493/2664
f 932/3498/2668 922/3499/2669 931/3500/2670
f 1269/4867/3736 1263/4854/3729 1217/4855/3730
f 919/3880/2979 1048/3882/2979 936/3886/2984
f 1047/3878/2977 934/3885/2983 1049/3887/2985
f 1337/5090/3894 1328/5091/3895 1341/5092/3896
f 1324/5093/3897 1328/5094/3897 1327/5095/3897
f 1149/4268/3301 936/4269/3302 1052/4270/3303
f 1337/5069/3877 1265/5055/3866 1332/5054/3865
f 1265/5055/3866 1337/5069/3877 1343/5096/3898
f 938/4271/3304 935/4272/3305 936/4269/3302
f 1150/4273/3306 1145/4274/3306 1148/4275/3306
f 1268/4705/3622 1243/4697/3616 1212/4699/3618
f 1138/4261/3297 1137/4276/3307 1145/4262/3297
f 1284/5097/3899 1323/5098/3900 1336/5099/3899
f 938/4271/3304 936/4269/3302 1151/4277/3308
f 936/3888/2986 1048/3889/2987 1050/3890/2988
f 1341/5092/3896 1328/5091/3895 1324/5100/3901
f 1359/5173/3965 1357/5245/4033 1360/5181/3973
f 1338/5101/3902 1341/5080/3888 1329/5017/3847
f 1152/4278/3309 1153/4279/3309 1154/4280/3309
f 1050/3890/2988 1051/3891/2989 1052/3892/2990
f 1338/5102/3903 1337/5103/3904 1341/5104/3905
f 1052/3892/2990 936/3888/2986 1050/3890/2988
f 1371/5229/4019 1359/5192/3984 1370/5224/4014
f 1371/5229/4019 1372/5230/4020 1359/5192/3984
f 933/3486/2659 937/3501/2671 928/3484/2657
f 1336/5067/3875 1299/4966/3811 1340/5076/3884
f 1148/4281/3310 1139/4282/3310 1150/4283/3310
f 1344/5105/3906 1345/5106/3906 1346/5107/3906
f 1162/4868/3737 1221/4869/3737 1160/4870/3737
f 931/3502/2672 935/3503/2672 938/3504/2672
f 1359/5173/3965 1372/5231/4021 1357/5245/4033
f 1339/5108/3907 1336/5109/3907 1340/5110/3908
f 1339/5108/3907 1331/5111/3909 1336/5109/3907
f 1343/5112/3910 1266/5113/3910 1265/5114/3911
f 1141/4284/3311 1155/4285/3312 1144/4286/3313
f 1331/5115/3912 1284/5097/3899 1336/5099/3899
f 1155/4287/3314 1153/4288/3314 1144/4289/3314
f 1217/4537/3511 1216/4519/3497 1220/4552/3522
f 1139/4254/3292 1141/4256/3294 1156/4290/3315
f 1357/5245/4033 1372/5231/4021 1356/5232/4022
f 1216/4553/3523 1221/4554/3523 1162/4555/3523
f 1343/5116/3913 1337/5103/3904 1338/5102/3903
f 1149/4268/3301 1151/4277/3308 936/4269/3302
f 1150/4291/3316 1157/4292/3317 1145/4293/3317
f 1165/5065/3873 1268/5064/3873 1175/5117/3914
f 1269/4706/3623 1212/4637/3580 1263/4709/3625
f 928/3492/2663 937/3505/2673 934/3490/2661
f 1338/5118/3915 1266/5113/3910 1343/5112/3910
f 1342/5119/3916 1339/5120/3917 1340/5121/3916
f 1149/4294/3318 1158/4295/3319 1151/4296/3319
f 1053/3893/2991 1048/3883/2981 1049/3884/2982
f 1216/4519/3497 1162/4556/3524 1189/4557/3525
f 1369/5223/4013 1364/5233/4023 1316/5188/3980
f 933/3506/2674 932/3498/2668 931/3500/2670
f 1159/4297/3320 1154/4298/3320 1153/4299/3320
f 1053/3894/2992 1054/3895/2993 1048/3896/2994
f 939/3507/2675 931/3508/2676 938/3509/2677
f 1160/4300/3321 1146/4301/3322 1161/4302/3323
f 1134/4246/3287 1143/4303/3324 1135/4247/3287
f 1054/3895/2993 1050/3897/2995 1048/3896/2994
f 1160/4558/3526 1161/4559/3526 1162/4560/3526
f 1051/3891/2989 1050/3890/2988 1054/3898/2996
f 1053/3899/2997 1049/3900/2997 934/3901/2997
f 940/3510/2678 931/3508/2676 939/3507/2675
f 1345/5122/3918 1347/5123/3919 1346/5124/3920
f 1348/5125/3921 1349/5126/3922 1350/5127/3923
f 1268/5128/3924 1351/5129/3925 1175/5130/3926
f 1352/5131/3927 1334/5132/3927 1342/5133/3928
f 1352/5131/3927 1298/5134/3929 1334/5132/3927
f 1357/5219/4009 1348/5234/4024 1350/5222/4012
f 1340/5076/3884 1298/5085/3891 1352/5135/3930
f 1157/4304/3325 1141/4284/3311 1144/4286/3313
f 1347/5235/4025 1369/5223/4013 1346/5216/4006
f 1142/4305/3326 938/4271/3304 1151/4277/3308
f 1217/4855/3730 1220/4871/3738 1269/4867/3736
f 1352/5136/3931 1342/5119/3916 1340/5121/3916
f 1151/4277/3308 1143/4306/3327 1142/4305/3326
f 1165/4561/3527 1175/4562/3528 1167/4563/3527
f 1345/5137/3932 1344/5138/3933 1353/5139/3933
f 942/3902/2998 1053/3903/2999 934/3904/3000
f 1349/5140/3934 1344/5141/3934 1350/5142/3934
f 1165/4561/3527 1167/4563/3527 1166/4564/3529
f 1216/4519/3497 1189/4557/3525 1220/4552/3522
f 1344/5138/3933 1349/5143/3935 1353/5139/3933
f 1162/4307/3328 1163/4308/3328 1150/4309/3328
f 1151/4310/3329 1164/4311/3330 1143/4312/3331
f 1154/4313/3332 1165/4314/3332 1166/4315/3332
f 1268/5144/3936 1269/5145/3937 1351/5146/3938
f 1141/4316/3333 1157/4317/3334 1167/4318/3334
f 1220/5147/3939 1354/5148/3940 1269/5145/3937
f 1154/4319/3335 1142/4320/3335 1152/4321/3335
f 1349/5149/3941 1355/5150/3942 1353/5151/3943
f 1351/5129/3925 1223/5152/3944 1175/5130/3926
f 1135/4322/3336 1168/4323/3336 1136/4324/3336
f 1157/4325/3337 1150/4326/3338 1163/4327/3337
f 1169/4328/3339 1170/4329/3340 1145/4330/3341
f 1269/5145/3937 1354/5148/3940 1355/5153/3945
f 1157/4292/3317 1169/4331/3342 1145/4293/3317
f 1145/4330/3341 1170/4329/3340 1144/4332/3343
f 1164/4333/3344 1135/4334/3344 1143/4335/3345
f 1136/4336/3346 1149/4268/3301 1052/4270/3303
f 1136/4337/3347 1171/4338/3348 1172/4339/3349
f 937/3501/2671 933/3486/2659 941/3511/2679
f 1157/4304/3325 1144/4286/3313 1170/4340/3350
f 1156/4290/3315 1150/4341/3351 1139/4254/3292
f 1170/4342/3352 1169/4343/3352 1157/4344/3352
f 1220/5154/3946 1192/5155/3947 1354/5156/3948
f 1136/4345/3353 1168/4346/3354 1173/4347/3354
f 1349/5149/3941 1351/5157/3949 1355/5150/3942
f 940/3510/2678 933/3512/2680 931/3508/2676
f 1164/4333/3344 1168/4348/3355 1135/4334/3344
f 1345/5122/3918 1354/5156/3948 1192/5155/3947
f 1174/4349/3356 1151/4296/3319 1158/4295/3319
f 1345/5122/3918 1192/5155/3947 1347/5123/3919
f 1189/5158/3950 1192/5155/3947 1220/5154/3946
f 1136/4337/3347 1172/4339/3349 1158/4350/3357
f 1136/4351/3358 1173/4352/3358 1172/4353/3358
f 937/3505/2673 942/3513/2681 934/3490/2661
f 1161/4354/3359 1163/4355/3360 1162/4356/3361
f 938/4271/3304 1142/4305/3326 1090/4357/3362
f 1173/4347/3354 1168/4346/3354 1164/4358/3363
f 1175/4359/3364 1176/4360/3364 1167/4361/3364
f 1136/4336/3346 1052/4270/3303 1171/4362/3365
f 1353/5151/3943 1354/5159/3951 1345/5160/3952
f 1164/4311/3330 1151/4310/3329 1174/4363/3366
f 1354/5159/3951 1353/5151/3943 1355/5150/3942
f 1142/4305/3326 1154/4364/3367 1090/4357/3362
f 1356/5161/3953 1348/5125/3921 1357/5162/3954
f 941/3511/2679 933/3486/2659 943/3514/2682
f 1051/3905/3001 1054/3906/3002 1055/3907/3003
f 1351/5146/3938 1269/5145/3937 1355/5153/3945
f 1177/4365/3368 1157/4325/3337 1163/4327/3337
f 1349/5126/3922 1222/5163/3955 1351/5129/3925
f 937/3505/2673 941/3515/2683 942/3513/2681
f 1163/4355/3360 1161/4354/3359 1177/4366/3369
f 1136/4251/3289 1146/4263/3298 1137/4252/3290
f 1157/4317/3334 1177/4367/3370 1167/4318/3334
f 1178/4368/3371 1100/4369/3371 1179/4370/3372
f 1164/4311/3330 1174/4363/3366 1180/4371/3373
f 1053/3894/2992 1056/3908/3004 1054/3895/2993
f 1178/4372/3374 1181/4373/3375 1182/4374/3376
f 1146/4263/3298 1136/4251/3289 1183/4375/3377
f 1178/4372/3374 1179/4376/3378 1181/4373/3375
f 1182/4377/3379 1184/4378/3380 1178/4379/3381
f 1349/5126/3922 1348/5125/3921 1222/5163/3955
f 1052/4270/3303 1093/4380/3382 1171/4362/3365
f 1185/4381/3383 1158/4382/3384 1186/4383/3385
f 1222/5163/3955 1223/5152/3944 1351/5129/3925
f 1347/5235/4025 1358/5236/4026 1369/5223/4013
f 1184/4384/3386 1182/4385/3387 1181/4386/3386
f 1172/4387/3388 1183/4375/3377 1136/4251/3289
f 1184/4388/3389 1167/4389/3390 1177/4366/3369
f 1100/4369/3371 1178/4368/3371 1187/4390/3391
f 1179/4391/3392 1188/4392/3393 1181/4393/3394
f 1156/4394/3395 1189/4395/3395 1162/4396/3395
f 1177/4366/3369 1161/4354/3359 1187/4397/3396
f 1166/4398/3397 1167/4389/3390 1184/4388/3389
f 1372/5237/4027 1371/5238/4027 1356/5239/4027
f 1156/4290/3315 1141/4256/3294 1167/4399/3398
f 1189/4571/3530 1156/4565/3530 1192/4566/3530
f 1158/4350/3357 1149/4400/3399 1136/4337/3347
f 1053/3903/2999 942/3902/2998 1056/3909/3005
f 1370/5240/4028 1356/5241/4029 1371/5242/4030
f 1187/4397/3396 1161/4354/3359 1100/4401/3400
f 1183/4402/3401 1172/4403/3402 1186/4404/3403
f 1154/4364/3367 1166/4405/3404 1090/4357/3362
f 1172/4403/3402 1173/4406/3405 1186/4404/3403
f 1222/4567/3531 1176/4568/3532 1223/4569/3532
f 1051/4407/3406 1093/4408/3406 1052/4409/3407
f 1176/4410/3408 1156/4290/3315 1167/4399/3398
f 1358/5243/4031 1370/5240/4028 1364/5244/4032
f 1164/4411/3409 1186/4412/3410 1173/4413/3411
f 1146/4301/3322 1190/4414/3412 1161/4302/3323
f 1190/4414/3412 1146/4301/3322 1183/4415/3413
f 1177/4366/3369 1187/4397/3396 1184/4388/3389
f 1051/3910/3006 1057/3911/3006 1058/3912/3006
f 1184/4378/3380 1187/4416/3414 1178/4379/3381
f 1183/4402/3401 1186/4404/3403 1190/4417/3415
f 944/3516/2684 941/3517/2685 945/3518/2686
f 1188/4418/3416 1184/4384/3386 1181/4386/3386
f 1158/4382/3384 1185/4381/3383 1174/4419/3417
f 1150/4341/3351 1156/4290/3315 1162/4420/3418
f 1369/5223/4013 1358/5236/4026 1364/5233/4023
f 1184/4388/3389 1180/4421/3419 1166/4398/3397
f 1172/4339/3349 1171/4338/3348 1158/4350/3357
f 944/3913/3007 1059/3914/3008 941/3915/3009
f 946/3519/2687 944/3520/2687 945/3521/2687
f 1358/5243/4031 1356/5241/4029 1370/5240/4028
f 1180/4422/3420 1185/4423/3420 1164/4424/3420
f 1190/4425/3421 1186/4383/3385 1158/4382/3384
f 1164/4411/3409 1185/4426/3422 1186/4412/3410
f 1060/3916/3010 944/3917/3010 946/3918/3010
f 1193/5164/3956 1176/5165/3957 1222/5163/3955
f 1158/4382/3384 1099/4427/3423 1190/4425/3421
f 1176/4568/3532 1175/4570/3533 1223/4569/3532
f 844/3522/2688 946/3523/2689 945/3524/2690
f 1188/4392/3393 1179/4391/3392 1100/4428/3424
f 1161/4354/3359 1190/4429/3425 1100/4401/3400
f 1171/4338/3348 1099/4430/3426 1158/4350/3357
f 1180/4421/3419 1184/4388/3389 1188/4431/3427
f 1166/4432/3428 1180/4433/3429 1084/4434/3428
f 1185/4381/3383 1180/4435/3430 1174/4419/3417
f 944/3919/3011 1060/3920/3012 1061/3921/3013
f 1093/4408/3406 1051/4407/3406 1081/4436/3431
f 1180/4437/3432 1084/4438/3432 1174/4439/3432
f 940/3510/2678 943/3525/2691 933/3512/2680
f 1055/3922/3014 1054/3923/3015 1056/3924/3014
f 844/3522/2688 945/3524/2690 947/3526/2692
f 1193/5164/3956 1222/5163/3955 1348/5125/3921
f 940/3527/2693 939/3528/2694 948/3529/2694
f 1180/4440/3433 1188/4392/3393 1084/4441/3434
f 939/4442/3435 938/4443/3436 1090/4444/3437
f 939/4442/3435 1090/4444/3437 1087/4445/3438
f 1057/3925/3016 1051/3905/3001 1055/3907/3003
f 945/3518/2686 941/3517/2685 947/3530/2695
f 1062/3926/3017 1055/3922/3014 1056/3924/3014
f 1100/4458/3450 1190/4425/3421 1099/4427/3423
f 1060/3927/3018 946/3928/3018 952/3929/3018
f 941/3930/3019 1059/3931/3020 942/4037/3105
f 1058/4039/3107 1081/4040/3107 1051/4041/3107
f 1090/4357/3362 1166/4405/3404 1083/4446/3439
f 1348/5125/3921 1356/5161/3953 1193/5164/3956
f 1358/5166/3958 1193/5167/3959 1356/5168/3960
f 1056/3932/3021 942/4037/3105 1059/3931/3020
f 941/3531/2696 943/3532/2697 949/3533/2697
f 1347/5123/3919 1192/5155/3947 1191/5169/3961
f 1062/3933/3022 1063/3934/3022 1055/3935/3023
f 949/3534/2698 947/3530/2695 941/3517/2685
f 1064/3936/3024 944/3919/3011 1061/3921/3013
f 950/3535/2699 948/3529/2694 939/3528/2694
f 1166/4432/3428 1084/4434/3428 1083/4447/3440
f 1057/3937/3025 1055/3938/3026 1063/3939/3025
f 943/3525/2691 940/3510/2678 951/3536/2700
f 1191/4448/3441 1156/4449/3442 1176/4450/3443
f 1191/5170/3962 1193/5167/3959 1358/5166/3958
f 944/3913/3007 1064/3940/3027 1059/3914/3008
f 946/3537/2701 845/3538/2701 952/3539/2701
f 948/3540/2702 953/3541/2703 954/3542/2704
f 1347/5123/3919 1191/5169/3961 1358/5171/3963
f 950/3543/2705 953/3541/2703 948/3540/2702
f 1192/4451/3444 1156/4459/3444 1191/4452/3444
f 1056/3932/3021 1059/3931/3020 1062/3941/3028
f 1188/4392/3393 1100/4428/3424 1084/4441/3434
f 951/3544/2706 949/3533/2697 943/3532/2697
f 1065/3942/3029 1062/3941/3028 1059/3931/3020
f 1062/3933/3022 1065/3943/3030 1063/3934/3022
f 1082/4042/3108 1081/4043/3109 1058/4044/3110
f 946/3523/2689 844/3522/2688 845/3545/2707
f 950/3546/2708 955/3547/2708 953/3548/2708
f 1176/4450/3443 1193/4453/3445 1191/4448/3441
f 1061/3921/3013 1060/3920/3012 952/3944/3031
f 844/3549/2709 947/3550/2710 949/3551/2711
f 956/3552/2712 954/3553/2713 953/3554/2714
f 940/3510/2678 948/3555/2715 951/3536/2700
f 1066/3945/3032 1059/3931/3020 1067/3946/3033
f 1063/3947/3034 1065/3948/3035 1068/3949/3036
f 1069/3950/3037 1059/3914/3008 1064/3940/3027
f 842/3220/2448 843/3221/2448 844/3222/2448
f 949/3551/2711 842/3556/2716 844/3549/2709
f 1065/3942/3029 1059/3931/3020 1066/3945/3032
f 954/3542/2704 951/3557/2717 948/3540/2702
f 1099/4430/3426 1171/4338/3348 1097/4454/3446
f 1061/3951/3038 1069/3952/3039 1064/3953/3040
f 1072/4045/3111 1058/4242/3111 1057/4046/3111
f 1083/4047/3112 1084/4048/3112 1085/4049/3112
f 952/3954/3041 845/3955/3041 899/3956/3041
f 949/3551/2711 873/3558/2718 842/3556/2716
f 949/3559/2719 951/3557/2717 954/3542/2704
f 845/3223/2449 844/3224/2449 843/3225/2449
f 957/3560/2720 949/3559/2719 954/3542/2704
f 973/3957/3042 1061/3921/3013 952/3944/3031
f 1085/4455/3447 1090/4357/3362 1083/4446/3439
f 972/3958/3043 1069/3952/3039 1061/3951/3038
f 954/3553/2713 956/3552/2712 957/3561/2721
f 842/3226/2450 846/3227/2451 847/3228/2452
f 1086/4050/3113 1087/4051/3114 1088/4052/3115
f 972/3958/3043 1061/3951/3038 973/3959/3044
f 965/3960/3045 1057/3937/3025 1063/3939/3025
f 848/3229/2453 849/3230/2454 850/3231/2455
f 846/3232/2456 851/3233/2456 847/3234/2456
f 1089/4053/3116 1087/4054/3117 1090/4055/3118
f 1087/4056/3119 1086/4057/3120 959/4058/3121
f 1069/3950/3037 1066/3961/3046 1059/3914/3008
f 1093/4380/3382 1092/4456/3448 1097/4457/3449
f 847/3235/2457 851/3236/2458 848/3237/2459
f 1091/4059/3122 1089/4053/3116 1090/4055/3118
f 1081/4243/3284 1092/4060/3123 1093/4061/3124
f 1094/4062/3125 1095/4063/3126 1058/4064/3127
f 1093/4380/3382 1097/4457/3449 1171/4362/3365
f 1096/4065/3128 1086/4050/3113 1088/4052/3115
f 848/3237/2459 851/3236/2458 849/3238/2460
f 851/3236/2458 850/3239/2461 849/3238/2460
f 1069/3952/3039 972/3958/3043 1070/3962/3047
f 843/3240/2462 842/3226/2450 847/3228/2452
f 1088/4052/3115 1087/4051/3114 1089/4066/3129
f 1058/4064/3127 1095/4063/3126 1082/4067/3130
f 1097/4068/3131 1098/4069/3131 1099/4070/3131
f 949/3562/2722 957/3563/2722 958/3564/2722
f 1099/4071/3132 1098/4072/3133 1100/4073/3134
f 852/3241/2463 843/3242/2464 847/3243/2465
f 873/3565/2723 846/3566/2723 842/3567/2723
f 1058/4074/3135 1072/4075/3136 1101/4076/3137
f 1094/4077/3138 1058/4074/3135 1101/4076/3137
f 1087/4078/3139 950/4079/3140 939/4080/3141
f 1065/3942/3029 1066/3945/3032 1071/3963/3048
f 853/3244/2466 847/3243/2465 848/3245/2467
f 1072/3964/3049 1057/3965/3049 965/3966/3049
f 1087/4078/3139 959/4081/3142 950/4079/3140
f 1068/3949/3036 965/3967/3050 1063/3947/3034
f 847/3243/2465 853/3244/2466 852/3241/2463
f 854/3246/2468 851/3247/2469 846/3248/2470
f 851/3249/2471 855/3250/2472 850/3251/2473
f 953/3554/2714 955/3568/2724 956/3552/2712
f 1091/4082/3143 1090/4083/3144 1085/4084/3145
f 856/3252/2474 857/3253/2475 858/3254/2474
f 1095/4085/3146 1094/4086/3147 1102/4087/3148
f 856/3255/2476 859/3256/2476 857/3257/2476
f 972/3623/2763 973/3624/2764 974/3625/2765
f 975/3626/2766 972/3627/2766 974/3628/2766
f 950/3569/2725 959/3570/2725 955/3571/2725
f 860/3258/2477 848/3229/2453 850/3231/2455
f 848/3229/2453 860/3258/2477 861/3259/2478
f 862/3260/2479 859/3261/2479 856/3262/2480
f 1103/4088/3149 1104/4089/3150 1086/4090/3151
f 861/3263/2481 863/3264/2482 864/3265/2483
f 960/3572/2726 958/3573/2727 957/3574/2728
f 863/3266/2484 860/3267/2484 865/3268/2485
f 861/3269/2486 860/3267/2484 863/3266/2484
f 848/3229/2453 861/3259/2478 864/3270/2487
f 975/3629/2767 976/3630/2768 972/3631/2769
f 865/3271/2488 866/3272/2489 863/3273/2490
f 867/3274/2491 853/3244/2466 848/3245/2467
f 853/3275/2492 868/3276/2493 869/3277/2494
f 868/3276/2493 857/3278/2495 869/3277/2494
f 1070/3968/3051 972/3969/3051 976/3970/3051
f 865/3279/2496 860/3280/2497 870/3281/2498
f 845/3282/2499 843/3283/2500 871/3284/2500
f 864/3265/2483 863/3264/2482 872/3285/2501
f 873/3286/2502 854/3287/2502 846/3288/2502
f 975/3629/2767 977/3632/2770 976/3630/2768
f 868/3276/2493 874/3289/2503 857/3278/2495
f 959/4091/3152 1105/4092/3152 955/4093/3152
f 1070/3962/3047 1073/3971/3052 1069/3952/3039
f 868/3276/2493 853/3275/2492 867/3290/2504
f 858/3291/2505 857/3278/2495 874/3289/2503
f 960/3575/2729 961/3576/2730 958/3577/2731
f 871/3284/2500 843/3283/2500 875/3292/2506
f 1071/3972/3053 1066/3973/3053 1074/3974/3053
f 977/3632/2770 975/3629/2767 978/3633/2771
f 1075/3975/3054 1070/3976/3054 976/3977/3055
f 876/3293/2507 867/3274/2491 848/3245/2467
f 1069/3978/3056 1074/3979/3057 1066/3980/3058
f 1100/4073/3134 1098/4072/3133 1084/4094/3153
f 874/3294/2508 868/3295/2509 877/3296/2510
f 977/3634/2772 979/3635/2772 976/3636/2772
f 973/3637/2773 952/3638/2774 899/3639/2773
f 1082/4042/3108 1106/4095/3154 1081/4043/3109
f 851/3247/2469 854/3246/2468 878/3297/2511
f 843/3242/2464 852/3241/2463 879/3298/2512
f 857/3299/2513 880/3300/2514 881/3301/2515
f 870/3281/2498 882/3302/2516 865/3279/2496
f 1070/3976/3054 1075/3975/3054 1073/3981/3059
f 980/3640/2775 975/3641/2776 974/3642/2777
f 852/3303/2517 853/3304/2518 883/3305/2519
f 860/3280/2497 884/3306/2520 870/3281/2498
f 848/3229/2453 864/3270/2487 876/3307/2521
f 1075/3982/3060 976/3983/3061 979/3984/3062
f 869/3308/2522 881/3309/2523 853/3310/2523
f 1084/4094/3153 1098/4072/3133 1107/4096/3155
f 863/3273/2490 885/3311/2524 872/3312/2525
f 850/3251/2473 855/3250/2472 886/3313/2526
f 981/3643/2778 982/3644/2779 975/3645/2780
f 858/3254/2474 887/3314/2527 856/3252/2474
f 859/3261/2479 862/3260/2479 888/3315/2528
f 884/3316/2529 860/3258/2477 850/3231/2455
f 1107/4097/3156 1085/4098/3156 1084/4099/3156
f 883/3317/2530 853/3318/2530 889/3319/2530
f 851/3249/2471 878/3320/2531 855/3250/2472
f 962/3578/2732 955/3579/2732 963/3580/2732
f 981/3643/2778 983/3646/2781 982/3644/2779
f 1086/4057/3120 1104/4100/3157 959/4058/3121
f 869/3321/2532 857/3299/2513 881/3301/2515
f 858/3322/2533 890/3323/2534 887/3324/2535
f 876/3293/2507 891/3325/2536 867/3274/2491
f 978/3647/2782 975/3648/2783 982/3649/2784
f 855/3326/2537 878/3327/2537 892/3328/2537
f 1076/4101/3158 1108/4102/3159 965/4103/3160
f 893/3329/2538 858/3291/2505 874/3289/2503
f 1109/4104/3161 1092/4060/3123 1081/4243/3284
f 859/3330/2539 888/3331/2540 857/3332/2540
f 978/3647/2782 982/3649/2784 984/3650/2785
f 985/3651/2786 986/3652/2787 977/3653/2788
f 1086/4090/3151 1096/4105/3162 1103/4088/3149
f 965/4106/3163 1108/4107/3163 1072/4108/3163
f 1076/3985/3063 965/3986/3063 962/3987/3063
f 873/3558/2718 949/3551/2711 910/3581/2733
f 894/3333/2541 855/3334/2542 892/3335/2541
f 978/3654/2789 985/3651/2786 977/3653/2788
f 883/3336/2543 889/3337/2543 895/3338/2543
f 892/3339/2544 878/3340/2544 896/3341/2544
f 897/3342/2545 898/3343/2546 843/3242/2464
f 981/3643/2778 987/3655/2790 983/3646/2781
f 949/3582/2734 958/3583/2735 961/3584/2736
f 877/3344/2547 867/3345/2547 891/3346/2548
f 988/3656/2791 987/3657/2791 981/3658/2792
f 964/3585/2737 955/3586/2738 962/3587/2739
f 1082/4109/3164 1095/4110/3164 1106/4111/3164
f 1089/4066/3129 1110/4112/3165 1088/4052/3115
f 899/3347/2549 845/3348/2549 871/3349/2549
f 1101/4113/3166 1102/4087/3148 1094/4086/3147
f 986/3659/2793 979/3660/2793 977/3661/2793
f 877/3344/2547 868/3350/2550 867/3345/2547
f 881/3309/2523 889/3351/2551 853/3310/2523
f 899/3639/2773 989/3662/2794 973/3637/2773
f 990/3663/2795 991/3664/2796 992/3665/2797
f 989/3666/2798 974/3625/2765 973/3624/2764
f 983/3667/2799 984/3668/2799 982/3669/2799
f 893/3352/2552 890/3323/2534 858/3322/2533
f 873/3588/2740 910/3589/2740 854/3590/2740
f 1085/4084/3145 1107/4114/3167 1091/4082/3143
f 866/3272/2489 865/3271/2488 882/3353/2553
f 1069/3952/3039 1073/3971/3052 1077/3988/3064
f 889/3354/2554 881/3355/2555 877/3356/2556
f 886/3357/2557 855/3358/2557 894/3359/2557
f 986/3652/2787 985/3651/2786 993/3670/2800
f 959/4058/3121 1104/4100/3157 1105/4115/3168
f 883/3360/2558 895/3361/2558 900/3362/2558
f 843/3242/2464 879/3298/2512 897/3342/2545
f 874/3294/2508 877/3296/2510 901/3363/2559
f 1101/4076/3137 1072/4075/3136 1108/4116/3169
f 1089/4066/3129 1111/4117/3170 1110/4112/3165
f 978/3654/2789 994/3671/2801 985/3651/2786
f 891/3364/2560 889/3354/2554 877/3356/2556
f 864/3365/2561 872/3366/2562 885/3367/2563
f 1096/4118/3171 1088/4119/3172 1110/4120/3173
f 955/4121/3174 1105/4122/3174 963/4123/3174
f 878/3368/2564 902/3369/2564 896/3370/2564
f 987/3672/2802 992/3673/2803 995/3674/2803
f 995/3675/2804 983/3646/2781 987/3655/2790
f 992/3665/2797 987/3676/2805 990/3663/2795
f 964/3585/2737 962/3587/2739 965/3591/2741
f 880/3371/2565 857/3332/2540 888/3331/2540
f 856/3372/2566 887/3373/2567 862/3374/2567
f 956/3592/2742 960/3572/2726 957/3574/2728
f 996/3677/2806 997/3678/2807 998/3679/2808
f 852/3303/2517 883/3305/2519 900/3375/2568
f 903/3376/2569 862/3374/2567 887/3373/2567
f 877/3356/2556 881/3355/2555 880/3377/2570
f 889/3378/2571 891/3379/2572 876/3380/2573
f 998/3680/2809 997/3681/2810 999/3682/2811
f 880/3377/2570 901/3381/2574 877/3356/2556
f 992/3673/2803 1000/3683/2812 995/3674/2803
f 882/3382/2575 870/3383/2576 904/3384/2577
f 894/3333/2541 892/3335/2541 896/3385/2578
f 979/3684/2813 986/3685/2814 1001/3686/2815
f 1065/3942/3029 1071/3963/3048 1068/3989/3065
f 895/3386/2579 889/3387/2579 900/3388/2579
f 997/3681/2810 1002/3687/2816 999/3682/2811
f 1003/3688/2817 997/3678/2807 996/3677/2806
f 901/3389/2580 880/3390/2580 888/3391/2580
f 882/3382/2575 904/3384/2577 866/3392/2581
f 963/4244/3285 1076/4101/3158 962/4124/3175
f 1003/3688/2817 979/3689/2818 997/3678/2807
f 864/3365/2561 905/3393/2582 906/3394/2583
f 979/3690/2819 1002/3687/2816 997/3681/2810
f 984/3691/2820 1004/3692/2821 998/3680/2809
f 878/3297/2511 854/3246/2468 902/3395/2584
f 906/3396/2585 876/3307/2521 864/3270/2487
f 980/3640/2775 974/3642/2777 989/3693/2822
f 980/3640/2775 1005/3694/2823 975/3641/2776
f 1000/3695/2824 1006/3696/2825 995/3697/2826
f 884/3397/2586 907/3398/2587 904/3384/2577
f 1004/3698/2827 988/3699/2828 975/3700/2829
f 987/3657/2791 988/3656/2791 1007/3701/2830
f 960/3575/2729 966/3593/2743 961/3576/2730
f 894/3399/2588 896/3400/2589 886/3401/2589
f 981/3702/2831 975/3700/2829 988/3699/2828
f 1101/4113/3166 1108/4125/3176 1102/4087/3148
f 898/3402/2590 875/3403/2590 843/3404/2590
f 1002/3687/2816 979/3690/2819 1001/3703/2832
f 1002/3704/2833 1003/3705/2834 999/3706/2835
f 1008/3707/2836 1000/3708/2837 992/3709/2838
f 979/3984/3062 1010/3990/3066 1075/3982/3060
f 1112/4126/3177 1113/4127/3178 1092/4128/3179
f 1009/3710/2839 985/3711/2840 994/3712/2839
f 1010/3713/2841 979/3689/2818 1011/3714/2842
f 1111/4129/3180 1089/4053/3116 1091/4059/3122
f 980/3715/2843 989/3716/2843 1005/3717/2843
f 1012/3718/2844 984/3719/2844 983/3720/2844
f 1081/4043/3109 1106/4095/3154 1109/4130/3181
f 902/3405/2591 886/3401/2589 896/3400/2589
f 910/3594/2744 949/3582/2734 961/3584/2736
f 979/3689/2818 1003/3688/2817 1011/3714/2842
f 966/3593/2743 960/3575/2729 967/3595/2745
f 996/3721/2845 999/3706/2835 1003/3705/2834
f 984/3691/2820 988/3722/2846 1004/3692/2821
f 984/3691/2820 1012/3723/2847 988/3722/2846
f 1106/4131/3182 1095/4132/3183 1114/4133/3184
f 964/3991/3067 965/3992/3068 968/3993/3068
f 1097/4134/3185 1092/4128/3179 1113/4127/3178
f 886/3313/2526 908/3406/2592 909/3407/2593
f 884/3397/2586 904/3384/2577 870/3383/2576
f 992/3709/2838 1013/3724/2848 1008/3707/2836
f 902/3408/2594 854/3409/2594 910/3410/2594
f 990/3663/2795 987/3676/2805 1007/3725/2849
f 998/3679/2808 1004/3726/2850 1014/3727/2851
f 908/3406/2592 886/3313/2526 902/3411/2595
f 901/3412/2596 893/3413/2596 874/3414/2596
f 890/3323/2534 903/3415/2597 887/3324/2535
f 888/3416/2598 862/3417/2599 911/3418/2600
f 1015/3728/2852 1003/3705/2834 1002/3704/2833
f 1078/3994/3069 1071/3995/3070 1079/3996/3071
f 1077/3997/3072 1080/3998/3073 1074/3979/3057
f 995/3729/2853 1006/3730/2854 983/3731/2854
f 901/3419/2601 888/3416/2598 912/3420/2602
f 999/3682/2811 984/3691/2820 998/3680/2809
f 1009/3732/2855 993/3733/2855 985/3734/2856
f 1077/3997/3072 1074/3979/3057 1069/3978/3056
f 900/3421/2603 889/3378/2571 876/3380/2573
f 905/3422/2604 904/3423/2605 906/3424/2606
f 1096/4118/3171 1110/4120/3173 1115/4135/3186
f 1104/4136/3187 1116/4137/3188 963/4244/3285
f 983/3731/2854 1006/3730/2854 1012/3735/2857
f 996/3677/2806 998/3679/2808 1014/3727/2851
f 1071/3995/3070 1074/3999/3074 1079/3996/3071
f 1076/4101/3158 963/4244/3285 1116/4137/3188
f 1016/3736/2858 978/3647/2782 984/3650/2785
f 904/3423/2605 907/3425/2607 906/3424/2606
f 1002/3737/2859 1001/3738/2859 1015/3739/2859
f 901/3426/2608 890/3427/2608 893/3428/2609
f 991/3740/2860 1017/3741/2861 1013/3742/2862
f 1009/3710/2839 994/3712/2839 1018/3743/2863
f 1075/4000/3075 1027/4001/3076 1073/4002/3076
f 963/4138/3189 1105/4115/3168 1104/4100/3157
f 966/3596/2746 913/3597/2747 961/3584/2736
f 1015/3744/2864 1001/3686/2815 986/3685/2814
f 907/3429/2610 909/3430/2611 876/3463/2636
f 879/3298/2512 852/3241/2463 897/3342/2545
f 964/3585/2737 956/3598/2748 955/3586/2738
f 992/3709/2838 991/3745/2865 1013/3724/2848
f 1075/3982/3060 1010/3990/3066 1027/4003/3077
f 885/3311/2524 863/3273/2490 866/3272/2489
f 885/3367/2563 905/3393/2582 864/3365/2561
f 897/3342/2545 852/3241/2463 900/3431/2612
f 1012/3723/2847 1007/3746/2866 988/3722/2846
f 1003/3705/2834 1015/3728/2852 1011/3747/2867
f 910/3432/2613 875/3433/2614 902/3434/2614
f 996/3748/2868 1014/3749/2869 999/3750/2869
f 911/3418/2600 862/3417/2599 903/3435/2615
f 1014/3727/2851 1004/3726/2850 1019/3751/2870
f 905/3422/2604 885/3436/2616 866/3437/2617
f 1071/3963/3048 1078/4004/3078 968/4005/3079
f 913/3597/2747 910/3594/2744 961/3584/2736
f 909/3430/2611 884/3316/2529 850/3231/2455
f 884/3316/2529 909/3430/2611 907/3429/2610
f 1071/3963/3048 968/4005/3079 1068/3989/3065
f 1015/3752/2871 1010/3753/2871 1011/3754/2871
f 975/3755/2872 1019/3756/2872 1004/3757/2872
f 1012/3723/2847 1006/3758/2873 1007/3746/2866
f 1017/3741/2861 991/3740/2860 1020/3759/2874
f 909/3407/2593 850/3251/2473 886/3313/2526
f 1027/4001/3076 1077/4006/3080 1073/4002/3076
f 902/3434/2614 875/3433/2614 900/3438/2618
f 912/3439/2619 890/3427/2608 901/3426/2608
f 912/3420/2602 888/3416/2598 911/3418/2600
f 904/3423/2605 905/3422/2604 866/3437/2617
f 967/3599/2749 960/3572/2726 956/3592/2742
f 1010/3760/2875 1015/3744/2864 1021/3761/2876
f 897/3440/2620 875/3441/2621 898/3442/2622
f 1000/3708/2837 1008/3707/2836 1022/3762/2877
f 990/3663/2795 1020/3763/2878 991/3664/2796
f 967/3599/2749 956/3592/2742 964/3600/2750
f 990/3663/2795 1007/3725/2849 1006/3764/2879
f 1037/4007/3081 1077/4008/3082 1027/4009/3081
f 1098/4139/3190 1097/4140/3191 1113/4141/3192
f 1110/4142/3193 1103/4143/3194 1115/4144/3195
f 999/3765/2880 1023/3766/2881 984/3767/2881
f 1024/3768/2882 994/3671/2801 978/3654/2789
f 1014/3749/2869 1023/3769/2883 999/3750/2869
f 984/3767/2881 1023/3766/2881 1016/3770/2884
f 1102/4145/3196 1108/4102/3159 1116/4137/3188
f 1000/3695/2824 1025/3771/2885 1006/3696/2825
f 908/3443/2623 902/3444/2623 900/3445/2623
f 1103/4088/3149 1096/4105/3162 1115/4146/3197
f 1021/3761/2876 1026/3772/2886 1010/3760/2875
f 1019/3773/2887 975/3641/2776 1005/3694/2823
f 969/4010/3083 1074/3979/3057 1080/3998/3073
f 897/3440/2620 900/3446/2624 875/3441/2621
f 1027/3774/2888 1010/3864/2888 1026/3775/2888
f 1021/3761/2876 1015/3744/2864 986/3685/2814
f 1021/3776/2889 986/3652/2787 993/3670/2800
f 903/3447/2625 890/3448/2626 911/3418/2600
f 1114/4147/3198 1095/4148/3198 1102/4149/3198
f 1024/3777/2890 1018/3778/2890 994/3779/2891
f 1111/4117/3170 1117/4150/3199 1110/4112/3165
f 908/3449/2627 900/3450/2628 876/3451/2627
f 1098/4139/3190 1118/4151/3200 1107/4152/3201
f 964/3600/2750 968/3601/2751 967/3599/2749
f 913/3452/2629 875/3453/2629 910/3454/2629
f 1000/3780/2892 1022/3781/2892 1025/3782/2892
f 1037/4011/3084 1080/4012/3085 1077/4013/3086
f 968/3993/3068 965/3992/3068 1068/4014/3087
f 993/3733/2855 1009/3732/2855 1028/3783/2893
f 1014/3784/2894 1029/3785/2895 1023/3786/2895
f 876/3463/2636 906/3464/2637 907/3429/2610
f 1109/4104/3161 1112/4153/3202 1092/4060/3123
f 1107/4154/3203 1119/4155/3204 1091/4156/3205
f 909/3455/2630 908/3449/2627 876/3451/2627
f 890/3448/2626 912/3420/2602 911/3418/2600
f 966/4015/3088 967/4016/3089 1078/4017/3088
f 1008/3787/2896 1013/3788/2897 1030/3789/2896
f 899/4018/3090 871/4019/3090 915/4020/3090
f 969/4010/3083 1079/4021/3091 1074/3979/3057
f 1111/4129/3180 1091/4059/3122 1120/4157/3206
f 915/3790/2898 989/3791/2899 899/3792/2900
f 1112/4153/3202 1109/4104/3161 1121/4158/3207
f 1031/3793/2901 1019/3794/2902 1005/3795/2903
f 1029/3785/2895 1016/3796/2904 1023/3786/2895
f 966/4015/3088 1078/4017/3088 1079/4022/3092
f 993/3797/2905 1028/3798/2906 1032/3799/2905
f 1033/3800/2907 1031/3793/2901 1005/3795/2903
f 989/3791/2899 915/3790/2898 1033/3801/2908
f 1019/3751/2870 1031/3802/2909 1014/3727/2851
f 968/4005/3079 1078/4004/3078 967/4023/3093
f 1034/3803/2910 1024/3768/2882 978/3654/2789
f 1035/3804/2911 1029/3805/2912 1014/3806/2911
f 1035/3807/2913 1016/3736/2858 1029/3808/2914
f 1108/4102/3159 1076/4101/3158 1116/4137/3188
f 875/3456/2631 914/3457/2632 871/3458/2633
f 1021/3776/2889 993/3670/2800 1036/3809/2915
f 1005/3795/2903 989/3810/2916 1033/3800/2907
f 914/3459/2634 875/3460/2634 913/3461/2634
f 1091/4156/3205 1119/4155/3204 1120/4159/3208
f 1026/3811/2917 1033/3812/2917 1037/3813/2918
f 1116/4137/3188 1104/4136/3187 1103/4160/3209
f 1014/3806/2911 1038/3814/2919 1035/3804/2911
f 978/3647/2782 1016/3736/2858 1034/3815/2920
f 1038/3816/2921 1014/3727/2851 1031/3802/2909
f 1109/4130/3181 1106/4095/3154 1122/4161/3210
f 1039/3817/2922 1008/3787/2896 1030/3789/2896
f 1021/3818/2923 1038/3819/2924 1026/3820/2925
f 1026/4024/3094 1037/4007/3081 1027/4009/3081
f 1032/3821/2926 1009/3822/2927 1018/3823/2928
f 1026/3824/2929 1038/3816/2921 1031/3802/2909
f 1033/4025/3095 915/4038/3106 1037/4011/3084
f 1020/3825/2930 990/3826/2931 1040/3827/2932
f 1021/3818/2923 1035/3828/2933 1038/3819/2924
f 914/3457/2632 915/3462/2635 871/3458/2633
f 1033/3812/2917 1026/3811/2917 1031/3829/2934
f 1041/3830/2935 1024/3831/2936 1042/3832/2936
f 966/3596/2746 969/3602/2752 913/3597/2747
f 1041/3833/2937 1018/3778/2890 1024/3777/2890
f 1122/4161/3210 1121/4162/3211 1109/4130/3181
f 1079/4021/3091 969/4010/3083 966/4026/3096
f 1043/3834/2938 990/3835/2939 1006/3836/2940
f 1043/3834/2938 1006/3836/2940 1025/3837/2941
f 993/3797/2905 1032/3799/2905 1036/3838/2942
f 1034/3803/2910 1044/3839/2943 1024/3768/2882
f 1040/3840/2944 1017/3841/2945 1020/3842/2946
f 913/3603/2753 969/3604/2753 914/3605/2753
f 1008/3843/2947 1039/3844/2947 1022/3845/2947
f 1042/3832/2936 1024/3831/2936 1044/3846/2948
f 1034/3815/2920 1016/3736/2858 1035/3807/2913
f 1032/3847/2949 1042/3848/2950 1036/3849/2951
f 1043/3850/2952 1040/3827/2932 990/3826/2931
f 1042/3848/2950 1044/3851/2953 1036/3849/2951
f 1044/3865/2964 1021/3776/2889 1036/3809/2915
f 1018/3823/2928 1041/3852/2954 1042/3853/2955
f 1044/3865/2964 1034/3866/2965 1021/3776/2889
f 1039/3854/2956 1025/3855/2956 1022/3856/2956
f 1017/3741/2861 1030/3857/2957 1013/3742/2862
f 1032/3821/2926 1028/3858/2958 1009/3822/2927
f 1114/4133/3184 1102/4163/3212 1116/4164/3213
f 1021/3818/2923 1034/3859/2959 1035/3828/2933
f 1118/4151/3200 1113/4141/3192 1123/4165/3214
f 915/4038/3106 969/4027/3097 1080/4012/3085
f 1039/3860/2960 1043/3834/2938 1025/3837/2941
f 915/4038/3106 1080/4012/3085 1037/4011/3084
f 915/4038/3106 914/4028/3098 969/4027/3097
f 1030/3861/2961 1017/3841/2945 1040/3840/2944
f 1119/4166/3215 1107/4152/3201 1118/4151/3200
f 1042/3853/2955 1032/3821/2926 1018/3823/2928
f 1098/4139/3190 1113/4141/3192 1118/4151/3200
f 1039/3862/2962 1030/3863/2963 1040/3827/2932
f 1039/3862/2962 1040/3827/2932 1043/3850/2952
f 1124/4167/3216 1116/4164/3213 1103/4168/3217
f 1103/4143/3194 1110/4142/3193 1124/4169/3218
f 1113/4170/3219 1125/4171/3220 383/4172/3221
f 1118/4151/3200 320/4173/3222 1119/4166/3215
f 1114/4133/3184 1116/4164/3213 1124/4167/3216
f 326/4174/3223 1124/4169/3218 1110/4142/3193
f 1122/4175/3224 1126/4176/3225 1121/4177/3226
f 1126/4178/3227 1122/4179/3228 1106/4180/3229
f 1121/4158/3207 393/4181/3230 1112/4153/3202
f 1113/4182/3231 384/4183/3231 1125/4184/3231
f 1123/4185/3232 320/4186/3232 1118/4187/3233
f 1120/4157/3206 322/4188/3234 1111/4129/3180
f 1120/4159/3208 1119/4155/3204 322/4189/3235
f 1111/4190/3236 327/4191/3237 1117/4192/3238
f 326/4193/3239 1110/4194/3240 1117/4195/3241
f 1112/4126/3177 384/4196/3242 1113/4127/3178
f 1111/4129/3180 322/4188/3234 327/4197/3243
f 394/4198/3244 1123/4199/3244 1113/4200/3245
f 1114/4133/3184 1124/4167/3216 1127/4201/3246
f 394/4198/3244 331/4202/3247 1123/4199/3244
f 389/4203/3248 1121/4177/3226 1126/4176/3225
f 1106/4180/3229 378/4204/3249 1126/4178/3227
f 389/4203/3248 393/4205/3250 1121/4177/3226
f 394/4206/3251 1113/4170/3219 383/4172/3221
f 1123/4185/3232 331/4207/3252 320/4186/3232
f 1106/4131/3182 1114/4133/3184 378/4208/3253
f 389/4209/3254 1126/4178/3227 378/4204/3249
f 326/4174/3223 1127/4210/3255 1124/4169/3218
f 1119/4166/3215 320/4173/3222 322/4211/3256
f 393/4181/3230 384/4212/3257 1112/4153/3202
f 1128/4213/3258 1114/4133/3184 1127/4201/3246
f 326/4193/3239 1117/4195/3241 329/4214/3259
f 329/4215/3260 1117/4192/3238 327/4191/3237
f 1125/4216/3261 384/4217/3261 383/4218/3261
f 970/3606/2754 240/3607/2755 243/3608/2754
f 240/4029/3099 970/4030/3100 971/4031/3099
f 970/3609/2756 242/3610/2757 244/3611/2756
f 970/3606/2754 243/3608/2754 242/3612/2758
f 971/4031/3099 238/4032/3101 240/4029/3099
f 241/3613/2759 244/3614/2759 242/3615/2759
f 389/4203/3248 381/4219/3262 393/4205/3250
f 971/3616/2760 970/3609/2756 244/3611/2756
f 1114/4133/3184 1128/4213/3258 1129/4220/3263
f 1130/4221/3264 1131/4222/3265 1129/4223/3266
f 1128/4224/3267 1130/4221/3264 1129/4223/3266
f 1114/4133/3184 1129/4220/3263 378/4208/3253
f 1130/4221/3264 388/4225/3268 1131/4222/3265
f 238/838/640 239/839/641 240/840/642
f 1132/4226/3269 1130/4221/3264 1128/4224/3267
f 378/4208/3253 1129/4220/3263 382/4227/3270
f 1131/4228/3271 382/4229/3272 1129/4230/3273
f 320/1062/812 321/1063/813 322/1064/814
f 240/1249/965 239/1250/965 257/1251/965
f 244/3617/2761 238/3618/2761 971/3619/2761
f 243/4033/3102 240/4034/3103 257/4035/3102
f 1127/4210/3255 326/4174/3223 324/4231/3274
f 241/841/643 242/842/644 243/843/645
f 378/1252/966 379/1253/967 380/1254/968
f 378/1252/966 380/1254/968 381/1255/969
f 379/1253/967 378/1252/966 382/1256/970
f 257/4035/3102 388/4036/3104 243/4033/3102
f 1132/4232/3275 1128/4233/3276 324/4234/3275
f 1127/4201/3246 324/4235/3277 1128/4213/3258
f 383/1257/971 384/1258/972 385/1259/973
f 382/4229/3272 1131/4228/3271 388/4236/3278
f 245/4237/3279 1130/4221/3264 1132/4238/3280
f 379/1260/974 382/1261/975 386/1262/976
f 245/4237/3279 388/4225/3268 1130/4221/3264
f 323/4239/3281 324/4231/3274 326/4174/3223
f 388/3620/2762 245/3621/2762 243/3622/2762
f 1132/4232/3275 324/4234/3275 245/4240/3282
f 257/1263/977 387/1264/978 388/1265/979
f 323/1065/815 247/1066/815 324/1067/815
f 388/1265/979 387/1264/978 382/1266/980
f 389/1267/981 378/1268/981 381/1269/981
f 380/1270/982 379/1271/983 386/1272/984
f 324/1068/816 247/1069/816 246/1070/816
f 244/844/646 241/845/647 113/846/648
f 393/4181/3230 391/4241/3283 384/4212/3257
f 247/1071/817 325/1072/818 252/1073/819
f 390/1273/985 384/1274/986 391/1275/987
f 325/1074/820 323/1075/821 326/1076/820
f 384/1258/972 390/1276/988 385/1259/973
f 247/1071/817 323/1077/822 325/1072/818
f 380/1270/982 386/1272/984 392/1277/989
f 245/847/649 246/848/650 243/849/650
f 381/1278/990 391/1444/990 393/1279/990
f 382/1261/975 387/1280/991 386/1262/976
f 324/1078/823 246/1079/823 245/1080/823
f 322/1081/824 321/1082/825 327/1083/826
f 326/1076/820 328/1084/827 325/1074/820
f 385/1281/992 394/1282/992 383/1283/992
f 246/850/651 247/851/652 248/852/653
f 328/1085/828 326/1086/828 329/1087/828
f 248/852/653 247/851/652 249/853/654
f 325/1088/829 328/1089/830 252/1090/830
f 327/1091/831 328/1092/831 329/1093/831
f 238/838/640 250/854/655 239/839/641
f 381/1255/969 380/1254/968 391/1284/993
f 249/855/656 247/856/657 251/857/658
f 321/1063/813 320/1062/812 330/1094/832
f 391/1285/994 380/1286/995 392/1287/996
f 265/1288/997 392/1277/989 386/1272/984
f 252/1073/819 251/1095/833 247/1071/817
f 390/1276/988 395/1289/998 385/1259/973
f 252/858/659 253/859/660 251/1060/811
f 262/1290/999 265/1288/997 386/1272/984
f 254/860/661 243/849/650 246/848/650
f 387/1280/991 256/1291/1000 386/1262/976
f 331/1096/834 330/1097/834 320/1098/834
f 328/1099/835 327/1083/826 321/1082/825
f 396/1292/1001 339/1293/1002 397/1294/1003
f 248/861/662 241/841/643 243/843/645
f 252/1090/830 328/1089/830 267/1100/836
f 391/1285/994 392/1287/996 398/1295/1004
f 113/846/648 241/845/647 255/862/663
f 399/1296/1005 337/1297/1006 394/1298/1005
f 399/1296/1005 394/1298/1005 385/1299/1007
f 394/1300/1008 337/1301/1008 331/1302/1008
f 267/1101/837 253/1102/837 252/1103/837
f 262/1303/1009 386/1262/976 256/1291/1000
f 397/1304/1010 338/1305/1011 337/1306/1012
f 248/861/662 243/843/645 254/863/664
f 246/850/651 248/852/653 254/864/665
f 257/1263/977 256/1307/1013 387/1264/978
f 256/865/666 257/866/667 239/867/668
f 395/1308/1014 397/1309/1014 385/1310/1015
f 396/1292/1001 400/1311/1016 339/1293/1002
f 332/1104/838 333/1105/839 334/1106/840
f 385/1312/1017 397/1304/1010 337/1306/1012
f 334/1106/840 335/1107/841 332/1104/838
f 334/1108/842 336/1109/843 335/1110/843
f 395/1308/1014 396/1313/1018 397/1309/1014
f 337/1306/1012 399/1314/1019 385/1312/1017
f 332/1111/844 331/1112/845 333/1113/846
f 331/1112/845 332/1111/844 330/1114/847
f 333/1113/846 331/1112/845 337/1115/848
f 400/1315/1020 396/1316/1021 395/1317/1022
f 258/868/669 256/865/666 239/867/668
f 330/1094/832 335/1116/849 321/1063/813
f 401/1318/1023 398/1319/1024 392/1320/1025
f 339/1293/1002 338/1321/1026 397/1294/1003
f 401/1322/1027 392/1277/989 265/1288/997
f 268/1117/850 267/1118/851 328/1099/835
f 239/867/668 259/869/670 258/868/669
f 248/861/662 255/870/671 241/841/643
f 332/1119/852 335/1116/849 330/1094/832
f 337/1306/1012 338/1305/1011 333/1323/1028
f 336/1120/853 334/1121/854 338/1122/855
f 239/839/641 250/854/655 259/871/672
f 391/1275/987 402/1324/1029 390/1273/985
f 336/1120/853 338/1122/855 339/1123/856
f 402/1324/1029 391/1275/987 398/1325/1030
f 255/870/671 248/861/662 260/872/673
f 333/1105/839 338/1124/857 334/1106/840
f 336/1109/843 340/1125/858 335/1110/843
f 244/873/674 116/874/674 238/875/675
f 335/1126/859 340/1127/860 321/1128/861
f 321/1082/825 268/1117/850 328/1099/835
f 390/1326/1031 403/1327/1031 395/1328/1032
f 249/853/654 260/876/676 248/852/653
f 340/1127/860 268/1129/862 321/1128/861
f 336/1130/863 339/1131/864 341/1132/865
f 258/877/677 261/878/678 262/879/679
f 336/1133/866 342/1134/867 340/1135/868
f 400/1315/1020 395/1317/1022 403/1329/1033
f 256/880/680 258/877/677 262/879/679
f 404/1330/1034 339/1331/1035 405/1332/1036
f 406/1333/1037 398/1319/1024 401/1318/1023
f 260/876/676 249/853/654 263/881/681
f 339/1334/1038 404/1330/1034 341/1335/1039
f 339/1293/1002 400/1311/1016 407/1336/1040
f 400/1337/1041 408/1338/1042 409/1339/1043
f 116/882/682 119/883/683 238/884/683
f 407/1340/1044 400/1341/1044 409/1342/1044
f 406/1343/1045 402/1324/1029 398/1325/1030
f 402/1344/1046 403/1327/1031 390/1326/1031
f 119/883/683 250/885/684 238/884/683
f 407/1345/1047 405/1346/1047 339/1347/1047
f 407/1348/1048 410/1349/1048 405/1350/1048
f 400/1315/1020 403/1329/1033 408/1351/1049
f 409/1352/1050 410/1353/1050 407/1354/1050
f 342/1134/867 343/1136/869 340/1135/868
f 268/1129/862 340/1127/860 343/1137/870
f 410/1355/1051 411/1356/1052 405/1357/1053
f 408/1338/1042 412/1358/1054 409/1339/1043
f 344/1138/871 345/1139/871 346/1140/871
f 342/1141/872 336/1130/863 345/1142/873
f 250/854/655 201/886/685 259/871/672
f 345/1143/874 347/1144/875 342/1145/876
f 413/1359/1055 409/1360/1056 412/1361/1055
f 336/1130/863 341/1132/865 345/1142/873
f 414/1362/1057 410/1363/1058 409/1364/1059
f 414/1362/1057 409/1364/1059 413/1365/1060
f 262/887/686 264/888/687 265/889/688
f 348/1146/877 345/1147/878 341/1148/879
f 119/890/689 201/886/685 250/854/655
f 343/1136/869 342/1134/867 349/1149/880
f 414/1366/1061 415/1367/1062 416/1368/1063
f 112/891/690 244/892/690 113/893/690
f 201/894/691 258/868/669 259/869/670
f 404/1330/1034 405/1332/1036 411/1369/1064
f 345/1150/881 344/1151/882 350/1152/883
f 351/1153/884 347/1154/885 345/1155/884
f 344/1151/882 352/1156/886 350/1152/883
f 404/1330/1034 417/1370/1065 341/1335/1039
f 411/1356/1052 410/1355/1051 414/1366/1061
f 350/1157/887 351/1153/884 345/1155/884
f 353/1158/888 344/1159/889 345/1160/890
f 266/895/692 267/896/693 268/897/692
f 351/1161/891 352/1162/892 354/1163/893
f 418/1371/1066 413/1359/1055 412/1361/1055
f 269/898/694 266/895/692 268/897/692
f 414/1366/1061 416/1368/1063 411/1356/1052
f 351/1161/891 350/1164/894 352/1162/892
f 413/1372/1067 415/1445/1131 414/1373/1068
f 416/1374/1069 404/1330/1034 411/1369/1064
f 352/1165/895 355/1166/896 354/1167/896
f 419/1375/1070 402/1324/1029 406/1343/1045
f 356/1168/897 345/1147/878 348/1146/877
f 357/1169/898 358/1170/899 345/1171/900
f 419/1376/1071 403/1377/1072 402/1378/1073
f 417/1379/1074 412/1358/1054 348/1380/1075
f 268/1172/901 343/1173/902 349/1174/903
f 359/1175/904 351/1161/891 354/1163/893
f 347/1144/875 360/1176/905 342/1145/876
f 354/1167/896 355/1166/896 361/1177/906
f 419/1376/1071 408/1381/1076 403/1377/1072
f 356/1178/907 357/1169/898 345/1171/900
f 347/1179/908 351/1180/908 360/1181/908
f 412/1358/1054 408/1338/1042 348/1380/1075
f 342/1145/876 360/1176/905 349/1182/909
f 359/1183/910 354/1184/911 361/1185/910
f 413/1382/1077 420/1383/1077 421/1384/1078
f 264/888/687 262/887/686 261/899/695
f 420/1383/1077 413/1382/1077 418/1385/1079
f 419/1376/1071 348/1386/1080 408/1381/1076
f 360/1186/912 351/1187/912 359/1188/912
f 344/1189/913 353/1190/914 352/1191/915
f 349/1182/909 360/1176/905 356/1168/897
f 357/1192/916 356/1193/917 360/1194/916
f 341/1387/1081 417/1379/1074 348/1380/1075
f 422/1388/1082 423/1389/1083 401/1390/1084
f 253/900/696 267/901/697 266/902/698
f 353/1190/914 355/1195/918 352/1191/915
f 255/870/671 260/872/673 128/903/699
f 249/855/656 251/857/658 270/904/700
f 362/1196/919 359/1183/910 361/1185/910
f 253/859/660 270/905/701 251/1060/811
f 418/1391/1085 412/1392/1085 424/1393/1085
f 359/1197/920 357/1192/916 360/1194/916
f 348/1146/877 349/1182/909 356/1168/897
f 265/1394/1086 275/1395/1087 401/1396/1088
f 423/1397/1089 406/1333/1037 401/1318/1023
f 424/1398/1090 417/1399/1090 425/1400/1091
f 349/1174/903 269/1198/921 268/1172/901
f 353/1158/888 345/1160/890 358/1199/922
f 419/1401/1092 406/1402/1093 423/1403/1094
f 253/859/660 271/906/702 270/905/701
f 272/907/703 271/908/704 253/900/696
f 357/1200/923 359/1201/923 363/1202/923
f 412/1404/1095 417/1399/1090 424/1398/1090
f 275/1395/1087 277/1405/1096 422/1406/1097
f 270/905/701 271/906/702 273/909/705
f 419/1376/1071 283/1407/1098 348/1386/1080
f 275/1395/1087 422/1406/1097 401/1396/1088
f 349/1174/903 348/1203/924 283/1204/925
f 277/1408/1099 423/1389/1083 422/1388/1082
f 362/1205/926 361/1206/927 364/1207/927
f 128/910/706 113/846/648 255/862/663
f 415/1445/1131 413/1372/1067 421/1409/1100
f 272/911/707 273/912/708 271/913/709
f 272/907/703 253/900/696 266/902/698
f 128/903/699 260/872/673 126/914/710
f 258/877/677 274/915/711 261/878/678
f 278/1208/928 269/1198/921 349/1174/903
f 274/916/712 258/868/669 201/894/691
f 363/1209/929 359/1210/930 365/1211/929
f 417/1370/1065 404/1330/1034 416/1374/1069
f 418/1410/1101 424/1411/1102 420/1412/1103
f 426/1413/1104 283/1407/1098 419/1376/1071
f 417/1414/1105 427/1415/1106 425/1416/1107
f 269/917/713 272/918/714 266/919/715
f 366/1212/931 361/1213/932 355/1214/933
f 363/1209/929 365/1211/929 367/1215/934
f 278/1208/928 349/1174/903 283/1204/925
f 362/1216/935 365/1217/936 359/1218/937
f 366/1212/931 355/1195/918 353/1190/914
f 277/1408/1099 282/1417/1108 423/1389/1083
f 367/1219/938 357/1169/898 363/1220/939
f 426/1418/1109 419/1401/1092 423/1403/1094
f 361/1206/927 368/1221/940 364/1207/927
f 275/920/716 276/921/717 277/922/718
f 369/1222/941 358/1170/899 357/1169/898
f 265/923/719 276/921/717 275/920/716
f 420/1412/1103 424/1411/1102 428/1419/1110
f 260/876/676 263/881/681 126/924/720
f 278/925/721 272/918/714 269/917/713
f 367/1223/942 365/1224/943 370/1225/943
f 270/926/722 273/927/723 279/928/724
f 112/929/725 116/874/674 244/873/674
f 282/1420/1111 426/1418/1109 423/1403/1094
f 428/1421/1112 424/1422/1113 425/1423/1112
f 420/1412/1103 429/1424/1114 421/1425/1115
f 365/1224/943 371/1226/944 370/1225/943
f 279/930/726 273/912/708 272/911/707
f 430/1426/1116 420/1412/1103 428/1419/1110
f 276/921/717 280/931/727 277/922/718
f 272/918/714 278/925/721 281/932/728
f 429/1446/1132 415/1445/1131 421/1409/1100
f 364/1227/945 365/1217/936 362/1216/935
f 366/1212/931 353/1190/914 372/1228/946
f 369/1222/941 373/1229/947 358/1170/899
f 280/933/729 282/934/729 277/935/729
f 427/1427/1117 428/1421/1112 425/1423/1112
f 368/1230/948 361/1213/932 366/1212/931
f 427/1415/1106 417/1414/1105 431/1428/1118
f 281/936/730 279/930/726 272/911/707
f 283/937/731 281/938/732 278/939/733
f 366/1212/931 372/1228/946 368/1230/948
f 357/1169/898 367/1219/938 370/1231/949
f 429/1424/1114 420/1412/1103 430/1426/1116
f 364/1227/945 371/1248/964 365/1217/936
f 368/1232/950 372/1233/951 374/1234/952
f 812/3124/2364 415/3125/2365 429/3126/2366
f 432/1429/1119 375/1430/1120 433/1431/1121
f 357/1169/898 370/1231/949 369/1222/941
f 416/1374/1069 431/1432/1122 417/1370/1065
f 375/1235/953 373/1236/954 369/1237/955
f 376/1238/956 375/1235/953 289/1239/957
f 264/888/687 261/899/695 284/940/734
f 364/1240/958 368/1232/950 374/1234/952
f 426/1433/1123 282/1434/1123 283/1435/1123
f 285/941/735 265/889/688 264/888/687
f 376/1436/1124 433/1437/1125 375/1438/1126
f 112/290/216 113/291/217 114/292/218
f 283/937/731 282/942/736 286/943/737
f 830/3127/2367 428/3128/2367 427/3129/2367
f 145/944/738 263/945/739 249/946/738
f 831/3130/2368 832/3131/2369 833/3132/2370
f 374/1241/959 371/1248/964 364/1227/945
f 831/3130/2368 833/3132/2370 834/3133/2371
f 831/3134/2372 835/3135/2373 832/3136/2374
f 832/3131/2369 806/3137/2375 833/3132/2370
f 372/2388/1851 353/2389/1852 698/2390/1853
f 353/1158/888 358/1199/922 373/1242/960
f 832/3131/2369 793/3138/2376 806/3137/2375
f 131/947/740 261/878/678 274/915/711
f 415/3125/2365 815/3139/2377 416/3140/2378
f 375/1235/953 369/1237/955 289/1239/957
f 831/3141/2379 834/3142/2380 836/3143/2381
f 145/948/741 249/949/742 270/950/741
f 764/2723/2080 765/2724/2081 375/2725/2081
f 433/1437/1125 376/1436/1124 288/1439/1127
f 837/3144/2382 427/3145/2383 431/3146/2384
f 285/951/743 276/921/717 265/923/719
f 835/3135/2373 831/3134/2372 836/3143/2381
f 428/3147/2385 804/3148/2386 430/3149/2387
f 433/1437/1125 288/1439/1127 434/1440/1128
f 436/1869/1456 433/1870/1456 435/1871/1456
f 432/3150/2388 766/3151/2388 375/3152/2388
f 766/2726/2082 764/2727/2083 375/2728/2084
f 128/910/706 114/952/744 113/846/648
f 134/953/745 126/924/720 263/881/681
f 435/1441/1129 433/1447/1129 434/1442/1129
f 289/1239/957 288/1243/961 376/1238/956
f 825/3153/2389 838/3154/2390 833/3155/2391
f 375/2391/1854 699/2392/1854 373/2393/1854
f 279/930/726 281/936/730 287/954/746
f 428/3147/2385 830/3156/2392 804/3148/2386
f 283/937/731 286/943/737 281/938/732
f 436/1443/1130 432/1429/1119 433/1431/1121
f 832/3136/2374 835/3135/2373 803/3157/2393
f 833/3155/2391 838/3154/2390 834/3158/2394
f 436/3159/2395 549/3160/2396 432/3161/2397
f 279/928/724 287/955/747 270/926/722
f 836/3143/2381 834/3142/2380 839/3162/2398
f 837/3144/2382 830/3163/2399 427/3145/2383
f 369/1222/941 370/1231/949 377/1244/962
f 288/956/748 289/957/748 290/958/748
f 838/3164/2400 839/3165/2401 834/3166/2402
f 429/3126/2366 430/3217/2447 812/3124/2364
f 803/3167/2403 793/3138/2376 832/3131/2369
f 289/1550/1199 465/1551/1200 466/1552/1201
f 764/2727/2083 766/2726/2082 767/2729/2085
f 806/3168/2404 825/3169/2404 833/3170/2404
f 771/3171/2405 766/3172/2406 432/3161/2397
f 375/2725/2081 765/2724/2081 699/2730/2086
f 812/3124/2364 815/3139/2377 415/3125/2365
f 263/945/739 145/944/738 134/959/739
f 274/916/712 201/894/691 131/960/749
f 768/2731/2087 765/2732/2088 764/2733/2089
f 836/3143/2381 839/3162/2398 840/3173/2407
f 825/3153/2389 841/3174/2408 838/3154/2390
f 281/961/750 286/962/751 291/963/752
f 549/3160/2396 771/3171/2405 432/3161/2397
f 289/1245/963 369/1246/963 377/1247/963
f 732/3175/2409 431/3146/2384 731/3176/2410
f 373/2394/1855 700/2395/1855 353/2396/1855
f 767/2729/2085 769/2734/2090 764/2727/2083
f 466/1552/1201 290/1553/1202 289/1550/1199
f 292/964/753 145/948/741 270/950/741
f 284/965/754 261/878/678 131/947/740
f 290/1554/1203 467/1555/1204 288/1556/1205
f 700/2397/1856 698/2390/1853 353/2389/1852
f 732/3175/2409 837/3144/2382 431/3146/2384
f 825/3177/2411 806/3178/2411 675/3179/2411
f 435/3180/2412 549/3160/2396 436/3159/2395
f 701/2398/1857 373/2399/1858 699/2400/1859
f 838/3164/2400 823/3181/2413 839/3165/2401
f 549/3160/2396 732/3182/2414 771/3171/2405
f 430/3217/2447 798/3183/2415 812/3124/2364
f 195/627/471 120/628/472 196/629/473
f 836/3143/2381 801/3184/2416 835/3135/2373
f 195/627/471 196/629/473 197/630/474
f 1/631/475 198/632/476 199/633/477
f 293/966/755 294/967/755 295/968/756
f 306/1872/1457 541/1873/1458 542/1874/1459
f 4/634/478 198/632/476 1/631/475
f 199/635/479 198/636/480 200/637/481
f 738/3185/2417 431/3186/2418 416/3187/2419
f 467/1555/1204 468/1557/1206 288/1556/1205
f 702/2401/1860 373/2399/1858 701/2398/1857
f 700/2402/1861 373/2403/1862 702/2404/1863
f 296/969/757 294/967/755 293/966/755
f 770/2735/2091 765/2732/2088 768/2731/2087
f 1/1/1 2/2/2 3/3/3
f 1/1/1 3/3/3 4/4/4
f 766/2736/2092 771/2737/2093 772/2738/2094
f 115/293/219 116/294/219 112/295/219
f 117/296/220 112/297/221 118/298/222
f 198/638/482 4/639/482 200/640/482
f 281/961/750 291/963/752 287/970/758
f 1/631/475 199/633/477 120/628/472
f 199/633/477 196/629/473 120/628/472
f 119/641/483 125/642/484 201/643/484
f 297/971/759 295/972/760 294/973/761
f 115/299/223 119/300/223 116/301/223
f 542/1874/1459 543/1875/1460 306/1872/1457
f 771/3171/2405 732/3182/2414 731/3188/2420
f 276/1833/1427 536/1834/1427 280/1835/1427
f 195/627/471 119/644/485 120/628/472
f 504/2405/1864 370/2406/1865 371/2407/1866
f 298/974/762 299/975/762 296/976/763
f 117/296/220 115/302/224 112/297/221
f 115/645/486 120/628/472 119/644/485
f 120/303/225 115/302/224 117/296/220
f 544/1876/1461 545/1877/1462 546/1878/1463
f 825/3153/2389 821/3189/2421 841/3174/2408
f 286/962/751 300/977/764 291/963/752
f 541/1879/1464 536/1880/1465 547/1881/1466
f 5/5/5 4/4/4 3/3/3
f 196/646/487 202/647/487 197/648/487
f 196/649/488 203/650/488 202/651/488
f 298/974/762 301/978/765 299/975/762
f 291/979/766 294/980/766 287/981/767
f 293/982/768 302/983/769 296/984/770
f 302/983/769 293/982/768 303/985/771
f 543/1882/1467 542/1883/1468 548/1884/1469
f 117/296/220 2/304/226 1/305/227
f 541/1879/1464 306/1885/1470 536/1880/1465
f 294/980/766 291/979/766 297/986/772
f 2/6/6 6/7/7 3/8/8
f 765/2732/2088 770/2735/2091 699/2739/2095
f 536/1886/1471 306/1887/1471 280/1888/1471
f 117/296/220 1/305/227 120/303/225
f 304/987/773 305/988/774 299/989/774
f 282/990/775 280/991/775 306/992/775
f 162/652/489 200/653/490 4/834/636
f 841/3174/2408 823/3190/2422 838/3154/2390
f 298/993/776 296/994/776 302/995/776
f 307/996/777 295/972/760 297/971/759
f 204/654/491 199/635/479 200/637/481
f 703/2408/1867 465/2409/1867 377/2410/1867
f 7/9/9 5/10/10 3/8/8
f 543/1889/1472 544/1876/1461 546/1878/1463
f 162/655/492 5/656/492 11/657/492
f 162/652/489 4/834/636 5/658/493
f 298/997/778 308/998/778 301/999/778
f 801/3184/2416 836/3143/2381 840/3173/2407
f 835/3135/2373 798/3191/2424 795/3192/2425
f 702/2411/1868 703/2412/1868 377/2413/1868
f 798/3183/2415 430/3217/2447 804/3193/2426
f 118/306/228 121/307/229 117/308/230
f 9/309/231 117/308/230 121/307/229
f 289/2414/1869 377/2415/1869 465/2416/1869
f 299/989/774 305/988/774 309/1000/779
f 548/1890/1473 544/1891/1473 543/1892/1473
f 114/292/218 122/310/232 112/290/216
f 293/1001/780 295/1002/781 307/1003/780
f 2/311/233 117/308/230 9/309/231
f 199/635/479 163/659/494 196/660/495
f 7/9/9 3/8/8 8/11/11
f 549/1893/1474 435/1894/1475 550/1895/1476
f 202/661/496 203/662/497 205/663/497
f 6/7/7 2/6/6 9/12/12
f 204/654/491 163/659/494 199/635/479
f 310/1004/782 304/1005/782 299/1006/782
f 10/13/13 11/14/13 5/15/13
f 202/664/498 195/665/499 197/666/500
f 504/2417/1870 377/2418/1871 370/2419/1872
f 795/3192/2425 803/3157/2393 835/3135/2373
f 286/1896/1477 463/1897/1478 300/1898/1479
f 163/659/494 203/667/501 196/660/495
f 163/668/502 204/669/503 159/670/502
f 551/1899/1480 546/1900/1480 552/1901/1481
f 205/663/497 203/662/497 163/671/504
f 3/8/8 6/7/7 8/11/11
f 416/3187/2419 815/3194/2427 738/3185/2417
f 286/1061/783 282/1007/783 306/1008/783
f 801/3184/2416 798/3191/2423 835/3135/2373
f 545/1902/1482 553/1903/1482 546/1904/1482
f 123/312/234 9/313/235 121/314/234
f 463/1897/1478 286/1896/1477 306/1905/1483
f 9/12/12 12/16/14 6/7/7
f 469/1558/1207 470/1559/1208 471/1560/1207
f 551/1899/1480 554/1906/1484 546/1900/1480
f 123/315/236 118/316/236 55/317/236
f 123/312/234 121/314/234 118/318/237
f 841/3174/2408 821/3189/2421 808/3195/2428
f 552/1907/1485 555/1908/1486 551/1909/1487
f 771/3171/2405 731/3188/2420 772/3196/2429
f 310/1009/784 299/1010/784 301/1011/784
f 276/1836/1428 285/1837/1429 537/1838/1430
f 550/2869/2190 732/2870/2190 549/2871/2191
f 556/1910/1488 557/1911/1489 558/1912/1490
f 552/1913/1491 553/1914/1492 555/1915/1493
f 553/1914/1492 552/1913/1491 546/1916/1494
f 118/319/238 112/320/239 55/321/240
f 793/3138/2376 803/3167/2403 794/3197/2430
f 472/1561/1209 469/1562/1210 309/1563/1211
f 129/672/505 195/665/499 202/664/498
f 473/1564/1212 304/1565/1212 310/1566/1212
f 766/2736/2092 772/2738/2094 773/2740/2096
f 311/1012/785 297/1013/785 291/1014/785
f 112/290/216 122/310/232 124/322/241
f 123/323/242 55/324/243 21/325/244
f 840/3173/2407 839/3162/2398 823/3198/2431
f 536/1839/1431 276/1840/1432 538/1841/1433
f 195/665/499 129/672/505 119/673/506
f 307/1003/780 303/1015/786 293/1001/780
f 305/1567/1213 304/1568/1214 474/1569/1215
f 559/1917/1495 543/1918/1496 546/1919/1495
f 300/1016/787 311/1017/787 291/1018/787
f 112/320/239 124/326/245 54/327/246
f 312/1019/788 296/1020/789 313/1021/790
f 773/2740/2096 767/2741/2097 766/2736/2092
f 305/1570/1216 472/1571/1217 309/1572/1218
f 793/2872/2192 794/2873/2193 678/2874/2194
f 307/996/777 297/971/759 311/1022/791
f 125/328/247 54/327/246 124/326/245
f 542/1920/1497 541/1921/1498 547/1922/1499
f 302/1023/792 308/1024/792 298/1025/792
f 543/1923/1500 560/1924/1501 306/1925/1502
f 561/1926/1503 545/1927/1504 544/1928/1503
f 475/1573/1219 476/1574/1220 471/1575/1220
f 474/1576/1221 304/1577/1222 473/1578/1223
f 374/2420/1873 704/2421/1874 371/2407/1866
f 431/3186/2418 738/3185/2417 737/3199/2432
f 431/3200/2433 737/3201/2433 731/3202/2433
f 132/1026/793 131/1027/793 201/1028/793
f 562/1929/1505 554/1930/1506 558/1931/1507
f 374/2422/1875 372/2423/1876 704/2424/1876
f 477/1579/1224 471/1575/1220 476/1574/1220
f 309/1580/1225 469/1558/1207 471/1560/1207
f 705/2425/1877 503/2426/1878 465/2543/1952
f 774/2742/2098 772/2738/2094 731/2743/2099
f 558/1912/1490 557/1911/1489 562/1932/1508
f 468/1933/1509 434/1934/1509 288/1935/1510
f 539/1936/1511 547/1881/1466 536/1880/1465
f 6/17/15 12/18/15 8/19/15
f 545/1937/1512 561/1938/1512 553/1939/1512
f 299/1581/1226 478/1582/1227 479/1583/1228
f 13/20/16 7/21/16 8/22/16
f 314/1029/794 270/926/722 287/955/747
f 732/3203/2434 799/3204/2434 837/3205/2434
f 770/2744/2100 701/2745/2101 699/2746/2102
f 294/1030/795 314/1031/796 287/1032/797
f 14/23/17 10/24/18 5/25/19
f 563/1940/1513 554/1941/1513 551/1942/1513
f 312/1019/788 294/1033/798 296/1020/789
f 709/2545/1953 731/2546/1954 732/2547/1955
f 471/1584/1229 480/1585/1229 309/1586/1230
f 706/2427/1879 702/2404/1863 504/2417/1870
f 556/1943/1514 564/1944/1515 557/1945/1516
f 122/310/232 125/329/248 124/322/241
f 205/674/507 164/675/508 202/676/509
f 9/330/249 123/323/242 21/325/244
f 550/1895/1476 435/1894/1475 565/1946/1517
f 8/26/20 15/27/21 13/28/21
f 302/1587/1231 303/1588/1232 459/1589/1233
f 481/1590/1234 471/1591/1235 470/1592/1236
f 504/2417/1870 702/2404/1863 377/2418/1871
f 472/1571/1217 482/1593/1237 483/1594/1238
f 308/1595/1239 484/1596/1239 301/1597/1239
f 125/642/484 132/677/510 201/643/484
f 823/3190/2422 841/3174/2408 808/3206/2435
f 539/1842/1434 536/1839/1431 538/1841/1433
f 126/331/250 127/332/250 128/333/251
f 701/2428/1880 707/2429/1881 702/2430/1882
f 466/1552/1201 467/1598/1240 290/1553/1202
f 296/1034/799 299/1035/799 315/1036/799
f 558/1931/1507 554/1930/1506 563/1947/1518
f 305/1570/1216 482/1593/1237 472/1571/1217
f 542/1920/1497 547/1922/1499 566/1948/1519
f 306/1949/1520 560/1950/1521 540/1951/1522
f 463/1952/1523 306/1953/1523 540/1954/1523
f 200/678/511 206/679/512 204/680/513
f 13/29/22 16/30/22 7/31/22
f 54/327/246 125/328/247 129/334/252
f 485/1599/1241 299/1600/1241 309/1601/1242
f 737/2875/2195 732/2876/2195 731/2877/2196
f 559/1955/1524 567/1956/1524 543/1957/1524
f 486/1602/1243 469/1562/1210 472/1561/1209
f 299/1603/1244 479/1604/1244 315/1605/1244
f 312/1037/800 316/1038/800 294/1039/800
f 114/292/218 128/335/253 127/336/254
f 795/3192/2425 797/3207/2436 803/3157/2393
f 487/1606/1245 477/1607/1246 488/1608/1247
f 302/1609/1248 459/1610/1249 308/1611/1250
f 560/1924/1501 543/1923/1500 568/1958/1525
f 554/1959/1526 569/1960/1527 546/1961/1527
f 470/1612/1251 469/1613/1252 489/1614/1252
f 294/1030/795 317/1040/801 314/1031/796
f 705/2425/1877 465/2543/1952 703/2431/1883
f 313/1041/802 296/1042/802 318/1043/802
f 702/2430/1882 707/2429/1881 703/2432/1884
f 504/2405/1864 371/2407/1866 708/2433/1885
f 471/1615/1253 481/1616/1253 475/1617/1253
f 567/1962/1528 570/1963/1528 543/1964/1528
f 566/1965/1529 548/1884/1469 542/1883/1468
f 270/926/722 314/1029/794 319/1044/803
f 555/1908/1486 571/1966/1530 551/1909/1487
f 562/2094/1627 565/1967/1531 554/2095/1628
f 543/1968/1532 570/1969/1532 568/1970/1532
f 480/1618/1254 490/1619/1255 309/1620/1256
f 475/1621/1257 491/1622/1257 476/1623/1258
f 772/2738/2094 775/2747/2103 773/2740/2096
f 830/3156/2392 837/3208/2437 799/3209/2438
f 469/1613/1252 486/1624/1259 489/1614/1252
f 572/1971/1533 540/1951/1522 560/1950/1521
f 126/331/250 130/337/255 127/332/250
f 764/2733/2089 769/2748/2104 768/2731/2087
f 131/338/256 132/339/256 133/340/256
f 474/1569/1215 482/1625/1260 305/1567/1213
f 804/3193/2426 805/3210/2439 798/3183/2415
f 707/2434/1886 705/2425/1877 703/2431/1883
f 551/1972/1534 571/1973/1535 563/1974/1535
f 484/1626/1261 473/1627/1262 310/1628/1263
f 484/1626/1261 310/1628/1263 301/1629/1264
f 299/1600/1241 485/1599/1241 492/1630/1265
f 319/1045/804 292/1046/804 270/1047/804
f 709/2435/1887 710/2436/1887 711/2437/1887
f 127/336/254 122/310/232 114/292/218
f 476/1631/1266 488/1608/1247 477/1607/1246
f 546/1975/1536 573/1976/1536 574/1977/1536
f 716/2749/2105 774/2750/2105 731/2751/2105
f 477/1774/1382 487/1775/1383 493/1632/1267
f 546/1919/1495 574/1978/1537 559/1917/1495
f 7/9/9 16/32/23 5/10/10
f 716/2548/1956 731/2549/1956 709/2550/1956
f 707/2434/1886 712/2438/1888 705/2425/1877
f 710/2439/1889 705/2440/1889 711/2441/1889
f 711/2442/1890 705/2443/1891 712/2444/1890
f 575/1979/1538 554/1980/1538 576/1981/1538
f 538/1843/1435 276/1836/1428 537/1838/1430
f 119/673/506 129/672/505 125/681/514
f 774/2742/2098 775/2747/2103 772/2738/2094
f 577/1982/1539 553/1983/1540 561/1984/1539
f 705/2445/1892 713/2446/1892 503/2447/1892
f 548/1985/1541 578/1986/1542 579/1987/1543
f 705/2448/1893 710/2449/1893 713/2450/1893
f 795/2878/2197 796/2879/2198 797/2880/2199
f 547/1881/1466 539/1936/1511 580/1988/1544
f 480/1585/1229 471/1584/1229 494/1633/1268
f 131/947/740 133/1048/805 137/1049/806
f 737/2875/2195 740/2881/2200 732/2876/2195
f 556/1943/1514 581/1989/1545 564/1944/1515
f 309/1634/1269 490/1635/1270 485/1636/1271
f 569/1960/1527 582/1990/1546 546/1961/1527
f 317/1040/801 294/1030/795 316/1050/807
f 465/1551/1200 495/1637/1272 466/1552/1201
f 300/1051/808 314/1052/808 317/1053/808
f 478/1638/1273 299/1639/1274 492/1640/1273
f 303/1641/1275 307/1642/1276 455/1643/1275
f 732/2547/1955 733/2551/1957 710/2552/1958
f 710/2552/1958 709/2545/1953 732/2547/1955
f 126/341/257 134/342/257 130/343/257
f 496/1644/1277 470/1592/1236 489/1645/1278
f 315/1054/809 318/1055/809 296/1056/809
f 455/1491/1161 307/1492/1162 311/1493/1163
f 497/1646/1279 488/1608/1247 476/1631/1266
f 130/344/258 133/345/259 127/346/259
f 548/1985/1541 579/1987/1543 544/1991/1547
f 284/965/754 131/947/740 137/1049/806
f 496/1644/1277 481/1590/1234 470/1592/1236
f 799/3209/2438 804/3148/2386 830/3156/2392
f 308/1611/1250 459/1610/1249 498/1647/1280
f 670/2882/2201 795/2883/2202 798/2884/2203
f 740/2885/2204 799/2886/2204 732/2887/2204
f 564/2096/1629 583/1992/1548 557/2097/1630
f 463/1844/1436 540/1845/1437 538/1846/1437
f 134/347/260 135/348/261 130/349/262
f 371/2407/1866 704/2421/1874 708/2433/1885
f 538/1843/1435 537/1838/1430 463/1847/1438
f 486/1602/1243 472/1561/1209 499/1648/1281
f 733/2888/2205 732/2889/2205 589/2890/2205
f 467/1776/1384 466/1777/1385 500/1649/1282
f 476/1631/1266 491/1650/1283 497/1646/1279
f 482/1651/1284 474/1652/1285 501/1653/1284
f 127/350/263 132/351/264 122/352/265
f 319/1057/810 314/1058/810 300/1059/810
f 568/1993/1549 572/1994/1550 560/1995/1551
f 502/1654/1286 491/1622/1257 475/1621/1257
f 566/1965/1529 578/1996/1552 548/1884/1469
f 473/1578/1223 501/1655/1287 474/1576/1221
f 713/2553/1959 710/2554/1960 715/2555/1960
f 212/1848/1439 264/1849/1440 284/1850/1441
f 550/2869/2190 589/2891/2206 732/2870/2190
f 130/349/262 136/353/266 133/354/267
f 564/2892/2207 581/2893/2208 800/2894/2209
f 712/2444/1890 714/2451/1894 711/2442/1890
f 435/2098/1631 434/1997/1553 526/1998/1554
f 434/1934/1509 468/1933/1509 526/1999/1555
f 495/1637/1272 465/1551/1200 503/1656/1288
f 137/355/268 136/353/266 138/356/269
f 571/1966/1530 555/1908/1486 584/2000/1556
f 583/2001/1557 562/2002/1557 557/2003/1558
f 125/357/270 122/352/265 132/351/264
f 554/2095/1628 565/1967/1531 576/2004/1559
f 207/1851/1442 208/1852/1442 212/1853/1442
f 567/2005/1560 559/2006/1561 574/2007/1562
f 300/1494/1164 317/1495/1164 316/1496/1164
f 127/346/259 133/345/259 132/358/271
f 504/1657/1289 487/1658/1289 488/1659/1289
f 212/1848/1439 284/1850/1441 207/1854/1443
f 300/1497/1165 316/1498/1165 311/1499/1165
f 583/1992/1548 564/2096/1629 585/2008/1563
f 133/354/267 136/353/266 137/355/268
f 538/1846/1437 540/1845/1437 539/1855/1444
f 284/1850/1441 137/1856/1445 207/1854/1443
f 17/33/24 12/16/14 9/12/12
f 490/1635/1270 505/1660/1290 485/1636/1271
f 481/1661/1291 502/1662/1292 475/1663/1293
f 562/2002/1557 583/2001/1557 565/2009/1564
f 316/1500/1166 312/1501/1167 456/1502/1168
f 580/2010/1565 566/1948/1519 547/1922/1499
f 479/1583/1228 478/1582/1227 506/1664/1294
f 483/1594/1238 482/1593/1237 507/1665/1295
f 313/1503/1169 456/1504/1170 312/1505/1171
f 285/1837/1429 264/1857/1446 537/1838/1430
f 577/2011/1566 555/1915/1493 553/1914/1492
f 460/1666/1296 459/1589/1233 303/1588/1232
f 456/1504/1170 313/1503/1169 457/1506/1172
f 485/1667/1297 505/1668/1298 492/1669/1299
f 207/682/515 146/683/515 208/684/516
f 670/2882/2201 798/2884/2203 801/2895/2210
f 508/1670/1300 471/1671/1301 477/1672/1302
f 479/1673/1303 506/1674/1304 315/1675/1304
f 575/2012/1567 569/2013/1567 554/2014/1567
f 711/2452/1895 715/2453/1895 709/2454/1895
f 487/2455/1896 504/2456/1897 708/2457/1896
f 458/1507/1173 318/1508/1173 315/1509/1173
f 209/685/517 208/686/518 146/687/517
f 495/1637/1272 500/1676/1305 466/1552/1201
f 504/1677/1306 488/1678/1306 497/1679/1306
f 565/1946/1517 583/2015/1568 550/1895/1476
f 473/1627/1262 484/1626/1261 509/1680/1307
f 572/1971/1533 580/1988/1544 539/1936/1511
f 563/1974/1535 571/1973/1535 584/2016/1569
f 510/1681/1308 494/1682/1308 471/1683/1309
f 798/3183/2415 805/3210/2439 801/3211/2440
f 802/2896/2211 794/3116/2211 803/2897/2211
f 471/1684/1310 508/1685/1311 511/1686/1312
f 581/1989/1545 586/2017/1570 587/2018/1571
f 586/2017/1570 581/1989/1545 556/1943/1514
f 139/359/272 55/321/240 112/320/239
f 318/1510/1174 457/1511/1175 313/1512/1176
f 733/2718/1962 589/2556/1961 522/2557/1962
f 564/2892/2207 802/2898/2212 799/2899/2213
f 716/2458/1898 714/2459/1898 712/2460/1898
f 710/2554/1960 734/2558/1963 715/2555/1960
f 799/2900/2214 585/2901/2215 564/2902/2216
f 472/1561/1209 483/1687/1313 499/1648/1281
f 140/360/273 112/320/239 54/327/246
f 802/2898/2212 564/2892/2207 800/2894/2209
f 701/2752/2106 776/2753/2107 707/2754/2108
f 456/1502/1168 311/1493/1163 316/1500/1166
f 797/2880/2199 802/2903/2217 803/2904/2218
f 812/3212/2441 798/3183/2415 801/3211/2440
f 713/2461/1899 715/2462/1899 503/2463/1899
f 572/1971/1533 539/1936/1511 540/1951/1522
f 204/688/519 206/689/519 159/690/519
f 459/1610/1249 458/1688/1314 498/1647/1280
f 774/2755/2109 777/2756/2110 775/2757/2111
f 709/2559/1964 735/2560/1965 716/2561/1966
f 458/1513/1177 459/1514/1177 318/1515/1177
f 508/1670/1300 477/1672/1302 512/1689/1315
f 141/361/274 142/362/275 143/363/276
f 511/1686/1312 510/1690/1316 471/1684/1310
f 708/2457/1896 704/2464/1900 487/2455/1896
f 734/2562/1967 710/2563/1968 733/2564/1967
f 136/353/266 130/349/262 144/364/277
f 498/1691/1317 484/1692/1317 308/1693/1318
f 804/2905/2219 796/2906/2219 805/2907/2219
f 573/2019/1572 582/2020/1573 569/2021/1572
f 561/1926/1503 544/1928/1503 579/2022/1574
f 572/1994/1550 568/1993/1549 570/2023/1575
f 162/691/520 161/692/521 200/678/511
f 567/2024/1576 578/2025/1576 570/2026/1576
f 435/2098/1631 526/1998/1554 565/2027/1577
f 706/2427/1879 700/2402/1861 702/2404/1863
f 161/692/521 206/679/512 200/678/511
f 207/693/522 137/694/522 138/695/522
f 799/2908/2220 802/2909/2220 796/2910/2220
f 478/1582/1227 473/1627/1262 506/1664/1294
f 736/2565/1969 737/2566/1969 738/2567/1969
f 546/2028/1578 582/2029/1578 573/2030/1578
f 318/1510/1174 459/1516/1178 460/1517/1179
f 701/2745/2101 770/2744/2100 776/2758/2112
f 736/2568/1970 739/2569/1970 740/2570/1970
f 563/2031/1579 584/2032/1580 588/2033/1581
f 486/1694/1319 499/1695/1320 489/1696/1321
f 704/2465/1901 717/2466/1902 487/2467/1903
f 496/1697/1322 502/1662/1292 481/1661/1291
f 799/2911/2221 796/2912/2221 804/2913/2221
f 161/696/523 157/697/524 206/698/524
f 777/2756/2110 774/2755/2109 716/2759/2113
f 678/2874/2194 806/2914/2222 793/2872/2192
f 578/1996/1552 566/1965/1529 570/2034/1582
f 573/2035/1583 567/2005/1560 574/2007/1562
f 718/2571/1971 715/2572/1971 711/2573/1971
f 311/1493/1163 456/1502/1168 455/1491/1161
f 714/2468/1904 716/2469/1904 718/2470/1904
f 455/1643/1275 460/1698/1323 303/1641/1275
f 140/360/273 139/359/272 112/320/239
f 736/2915/2223 740/2916/2223 737/2917/2223
f 142/365/278 135/366/279 143/367/280
f 522/2557/1962 503/2574/1972 733/2718/1962
f 15/34/25 12/35/25 17/36/26
f 706/2471/1905 504/2472/1906 719/2473/1905
f 711/2474/1907 714/2475/1907 718/2476/1907
f 206/698/524 157/697/524 159/699/525
f 458/1699/1324 315/1675/1304 506/1674/1304
f 693/3213/2443 801/3184/2416 840/3173/2407
f 670/2882/2201 801/2895/2210 805/2918/2224
f 578/2036/1584 567/2037/1584 579/2038/1584
f 146/687/517 148/700/526 209/685/517
f 566/2039/1585 580/2040/1586 570/2041/1586
f 502/1662/1292 496/1697/1322 513/1700/1325
f 498/1691/1317 509/1701/1326 484/1692/1317
f 208/701/527 209/702/528 210/703/529
f 589/2042/1587 550/2099/1632 590/2043/1588
f 504/2477/1908 720/2478/1908 719/2479/1908
f 145/368/281 135/348/261 134/347/260
f 712/2438/1888 707/2434/1886 721/2480/1909
f 583/2044/1589 590/2045/1589 550/2046/1589
f 584/2000/1556 555/1908/1486 591/2047/1590
f 577/2011/1566 591/2048/1591 555/1915/1493
f 157/477/353 158/478/354 159/479/355
f 721/2760/2114 716/2759/2113 712/2761/2115
f 736/2575/1973 741/2576/1974 739/2577/1975
f 505/1668/1298 514/1702/1327 492/1669/1299
f 722/2481/1910 723/2482/1911 704/2483/1912
f 580/2040/1586 572/2049/1592 570/2041/1586
f 460/1518/1180 455/1519/1181 456/1520/1180
f 733/2578/1976 503/2579/1977 742/2580/1976
f 477/1774/1382 493/1632/1267 512/1703/1328
f 747/2919/2225 740/2920/2225 739/2921/2226
f 724/2484/1913 504/2485/1913 497/2486/1913
f 565/2050/1593 590/2051/1593 583/2052/1593
f 13/28/21 15/27/21 16/37/27
f 704/2487/1914 723/2488/1914 717/2489/1914
f 146/683/515 207/682/515 138/704/530
f 501/1653/1284 507/1704/1329 482/1651/1284
f 735/2581/1978 709/2582/1978 715/2583/1978
f 146/369/282 144/370/283 142/365/278
f 489/1696/1321 499/1695/1320 515/1705/1330
f 503/2584/1979 715/2585/1980 742/2586/1980
f 457/1511/1175 318/1510/1174 460/1517/1179
f 456/1520/1180 457/1521/1182 460/1518/1180
f 478/1706/1331 501/1655/1287 473/1578/1223
f 573/2019/1572 569/2021/1572 575/2053/1594
f 509/1680/1307 506/1664/1294 473/1627/1262
f 707/2754/2108 776/2753/2107 778/2762/2116
f 725/2490/1915 723/2491/1916 722/2492/1917
f 800/2922/2227 794/2923/2228 802/2924/2229
f 563/1947/1518 592/2054/1595 558/1931/1507
f 567/2055/1596 561/2056/1597 579/2057/1598
f 209/705/531 148/706/532 211/707/533
f 577/2058/1599 573/2059/1599 591/2060/1599
f 563/2031/1579 588/2033/1581 576/2061/1600
f 576/2004/1559 565/1967/1531 593/2062/1601
f 135/371/284 147/372/285 143/373/286
f 514/1707/1332 478/1638/1273 492/1640/1273
f 504/2493/1918 724/2494/1918 720/2495/1918
f 14/23/17 18/38/28 10/24/18
f 505/1660/1290 483/1594/1238 507/1665/1295
f 561/1984/1539 573/2063/1602 577/1982/1539
f 319/1522/1183 300/1523/1184 461/1524/1184
f 721/2763/2117 707/2764/2118 778/2762/2116
f 513/1708/1333 491/1709/1333 502/1710/1334
f 558/2064/1603 592/2065/1604 586/2066/1603
f 496/1644/1277 516/1711/1335 510/1712/1336
f 588/2033/1581 575/2067/1605 576/2061/1600
f 585/2008/1563 594/2068/1606 583/1992/1548
f 686/2925/2230 807/2926/2231 808/2927/2232
f 209/705/531 211/707/533 210/708/534
f 734/2562/1967 733/2564/1967 743/2587/1981
f 716/2561/1966 735/2560/1965 744/2588/1982
f 463/1858/1447 528/1859/1448 464/1860/1449
f 300/1525/1185 462/1526/1186 438/1527/1186
f 734/2589/1983 745/2590/1984 735/2591/1985
f 319/1528/1187 461/1529/1188 292/1530/1189
f 142/362/275 141/361/274 148/374/287
f 740/2920/2225 747/2919/2225 799/2928/2233
f 587/2929/2234 800/2922/2227 581/2930/2235
f 516/1713/1337 494/1682/1308 510/1681/1308
f 565/2069/1607 583/2070/1608 593/2071/1608
f 145/1531/1190 292/1530/1189 52/1532/1191
f 812/3212/2441 801/3211/2440 805/3210/2439
f 715/2592/1986 734/2593/1986 735/2594/1986
f 458/1714/1338 509/1715/1338 498/1716/1339
f 494/1717/1340 517/1718/1341 480/1719/1342
f 567/2055/1596 573/2072/1609 561/2056/1597
f 512/1703/1328 493/1632/1267 518/1720/1343
f 490/1635/1270 483/1594/1238 505/1660/1290
f 558/2064/1603 586/2066/1603 556/2073/1610
f 300/1533/1192 463/1534/1192 462/1535/1192
f 143/373/286 147/372/285 149/375/288
f 212/709/535 208/701/527 210/703/529
f 210/710/536 213/711/537 212/712/538
f 576/2004/1559 593/2062/1601 592/2054/1595
f 592/2054/1595 563/1947/1518 576/2004/1559
f 138/376/289 136/377/290 146/369/282
f 135/378/291 150/379/291 147/380/291
f 519/1721/1344 493/1722/1344 487/1723/1344
f 821/3189/2421 686/3214/2444 808/3195/2428
f 506/1724/1345 509/1715/1338 458/1714/1338
f 517/1725/1346 483/1687/1313 490/1726/1347
f 808/3206/2435 807/3215/2445 823/3190/2422
f 501/1655/1287 478/1706/1331 514/1727/1348
f 496/1644/1277 489/1645/1278 515/1728/1349
f 591/2074/1611 573/2075/1612 584/2076/1612
f 516/1729/1350 517/1718/1341 494/1717/1340
f 214/713/539 129/672/505 202/664/498
f 12/35/25 15/34/25 8/39/29
f 617/2496/1919 717/2497/1919 723/2498/1920
f 716/2759/2113 721/2760/2114 779/2765/2119
f 746/2595/1987 747/2596/1988 739/2577/1975
f 741/2576/1974 736/2575/1973 748/2597/1989
f 512/1730/1351 511/1731/1352 508/1732/1353
f 146/381/292 142/362/275 148/374/287
f 215/714/540 213/711/537 210/710/536
f 780/2766/2120 773/2740/2096 781/2767/2121
f 802/2931/2236 809/2932/2236 796/2933/2236
f 141/382/293 143/373/286 149/375/288
f 141/383/294 149/384/295 59/385/296
f 678/2874/2194 680/2934/2237 806/2914/2222
f 528/1859/1448 463/1858/1447 537/1838/1430
f 135/348/261 145/368/281 56/386/297
f 725/2490/1915 617/2499/1921 723/2491/1916
f 503/1778/1386 520/1733/1354 495/1779/1387
f 483/1687/1313 517/1725/1346 499/1648/1281
f 147/387/298 150/388/298 149/389/298
f 742/2580/1976 743/2598/1990 733/2578/1976
f 802/2935/2238 810/2936/2238 809/2937/2238
f 521/1734/1355 497/1646/1279 491/1650/1283
f 811/2938/2239 812/2939/2240 805/3117/2239
f 130/349/262 135/348/261 144/364/277
f 537/1838/1430 527/1861/1450 528/1859/1448
f 741/2940/2241 749/2941/2242 813/2942/2241
f 146/369/282 136/377/290 144/370/283
f 144/370/283 135/366/279 142/365/278
f 15/40/30 19/41/31 16/42/32
f 583/2070/1608 594/2077/1613 593/2071/1608
f 573/2075/1612 575/2078/1614 584/2076/1612
f 490/1619/1255 480/1618/1254 517/1735/1356
f 741/2576/1974 746/2595/1987 739/2577/1975
f 510/1736/1357 513/1737/1357 496/1738/1357
f 16/43/33 14/23/17 5/25/19
f 507/1739/1358 501/1740/1359 505/1741/1359
f 151/390/299 149/391/299 150/392/299
f 584/2032/1580 575/2067/1605 588/2033/1581
f 753/2943/2243 813/2944/2243 749/2945/2243
f 20/44/34 16/42/32 19/41/31
f 372/2423/1876 698/2500/1922 704/2424/1876
f 797/2880/2199 810/2946/2244 802/2903/2217
f 497/1646/1279 518/1720/1343 493/1632/1267
f 148/393/300 59/394/301 152/395/302
f 52/1532/1191 292/1530/1189 461/1529/1188
f 438/1536/1193 461/1524/1184 300/1523/1184
f 800/2922/2227 587/2929/2234 794/2923/2228
f 17/33/24 9/12/12 21/45/35
f 497/1742/1360 493/1743/1360 519/1744/1360
f 722/2481/1910 704/2483/1912 698/2501/1923
f 19/41/31 15/40/30 17/46/36
f 594/2068/1606 585/2008/1563 587/2018/1571
f 462/1862/1451 463/1858/1447 464/1860/1449
f 514/1745/1361 505/1741/1359 501/1740/1359
f 814/2947/2245 815/2948/2246 812/2949/2247
f 585/2901/2215 799/2900/2214 816/2950/2248
f 630/2768/2122 776/2758/2112 770/2744/2100
f 519/2502/1924 487/2467/1903 717/2466/1902
f 135/396/303 56/397/304 150/398/304
f 716/2759/2113 779/2765/2119 777/2756/2110
f 212/1848/1439 223/1863/1452 264/1849/1440
f 746/2951/2249 741/2940/2241 813/2942/2241
f 519/2503/1925 717/2497/1919 617/2496/1919
f 17/47/37 21/48/37 19/49/37
f 211/707/533 216/715/541 210/708/534
f 734/2589/1983 743/2599/1991 745/2590/1984
f 817/2952/2250 746/2953/2251 813/2954/2252
f 586/2017/1570 594/2068/1606 587/2018/1571
f 213/1864/1453 223/1865/1453 212/1866/1453
f 515/1746/1362 499/1747/1363 517/1748/1362
f 519/2504/1926 724/2505/1926 497/2506/1926
f 503/1749/1364 522/1750/1364 520/1751/1364
f 809/2955/2253 796/2956/2253 797/2957/2253
f 799/2958/2254 818/2959/2254 816/2960/2254
f 680/3118/2255 675/2961/2255 806/2962/2255
f 217/716/542 213/717/543 215/718/544
f 593/2079/1615 594/2080/1616 592/2081/1616
f 840/3173/2407 823/3198/2431 693/3213/2442
f 496/1644/1277 515/1728/1349 516/1711/1335
f 148/706/532 152/719/545 211/707/533
f 589/3119/2362 754/2963/2256 522/2964/2257
f 565/2027/1577 526/1998/1554 531/2082/1617
f 592/2081/1616 594/2080/1616 586/2083/1618
f 753/2965/2258 817/2966/2259 813/2967/2260
f 816/2968/2261 587/2969/2262 585/2970/2263
f 749/2600/1992 741/2601/1992 748/2602/1992
f 513/1752/1365 510/1690/1316 511/1686/1312
f 210/710/536 216/720/546 214/721/547
f 264/1857/1446 222/1867/1454 537/1838/1430
f 812/2949/2247 811/2971/2264 814/2947/2245
f 50/1537/1194 461/1538/1194 438/1539/1194
f 214/722/548 216/723/548 129/724/548
f 720/2507/1927 724/2508/1928 617/2509/1929
f 517/1748/1362 516/1753/1366 515/1746/1362
f 518/1720/1343 497/1646/1279 521/1734/1355
f 491/1709/1333 513/1708/1333 521/1754/1367
f 719/2473/1905 726/2510/1930 706/2471/1905
f 512/1730/1351 518/1755/1368 511/1731/1352
f 799/2972/2265 819/2973/2266 818/2974/2267
f 213/1781/1388 218/1782/1388 223/1783/1388
f 587/2969/2262 816/2968/2261 794/2975/2268
f 779/2769/2123 782/2770/2124 777/2771/2125
f 527/1861/1450 537/1838/1430 222/1867/1454
f 644/2772/2126 630/2768/2122 770/2744/2100
f 716/2603/1993 744/2604/1993 718/2605/1993
f 796/2976/2269 795/2883/2202 670/2882/2201
f 589/3119/2362 820/2977/2270 754/2963/2256
f 164/675/508 205/674/507 163/835/637
f 617/2509/1929 724/2508/1928 519/2511/1931
f 715/2606/1994 718/2607/1995 750/2608/1996
f 589/3119/2362 595/2978/2271 820/2977/2270
f 518/1756/1369 513/1757/1370 511/1758/1371
f 589/2042/1587 590/2043/1588 595/2084/1619
f 603/2512/1932 725/2490/1915 722/2492/1917
f 214/721/547 215/714/540 210/710/536
f 815/2979/2272 814/2980/2273 738/2981/2273
f 52/1540/1195 56/1541/1195 145/1542/1195
f 773/2740/2096 775/2747/2103 781/2773/2127
f 783/2774/2128 775/2775/2129 777/2776/2130
f 722/2481/1910 698/2501/1923 727/2513/1933
f 439/1759/1372 467/1776/1384 500/1649/1282
f 814/2980/2273 787/2982/2274 738/2981/2273
f 513/1757/1370 518/1756/1369 521/1760/1373
f 794/2975/2268 809/2983/2275 810/2984/2276
f 608/2514/1934 720/2515/1934 617/2516/1934
f 139/399/305 140/400/305 149/401/305
f 599/2609/1997 719/2610/1998 720/2611/1999
f 719/2610/1998 751/2612/2000 726/2613/2001
f 217/725/549 218/726/549 213/727/550
f 742/2614/2002 752/2615/2002 743/2616/2002
f 719/2610/1998 599/2609/1997 751/2612/2000
f 565/2085/1620 596/2086/1621 590/2087/1622
f 805/2985/2277 796/2986/2277 809/2987/2277
f 79/402/306 139/403/306 149/404/307
f 216/728/551 91/729/551 129/730/552
f 148/393/300 141/405/308 59/394/301
f 744/2617/2003 735/2591/1985 748/2618/2004
f 809/2983/2275 794/2975/2268 816/2968/2261
f 748/2618/2004 735/2591/1985 745/2590/1984
f 59/385/296 149/384/295 153/406/309
f 527/1784/1389 222/1785/1390 221/1786/1389
f 784/2777/2131 779/2778/2132 721/2779/2133
f 715/2585/1980 750/2619/2005 742/2586/1980
f 746/2595/1987 639/2620/2006 747/2596/1988
f 752/2621/2007 520/2622/2008 522/2623/2009
f 139/403/306 79/402/306 53/407/310
f 14/50/38 16/51/38 20/52/38
f 520/2622/2008 752/2621/2007 742/2624/2010
f 216/731/553 211/732/554 219/733/555
f 700/2517/1935 706/2518/1936 728/2519/1937
f 748/2625/2011 745/2626/2012 753/2627/2011
f 746/2953/2251 817/2952/2250 639/2988/2278
f 767/2741/2097 773/2740/2096 780/2766/2120
f 522/2628/2013 613/2629/2014 752/2630/2015
f 810/2946/2244 797/2880/2199 687/2989/2279
f 810/2946/2244 687/2989/2279 794/2873/2193
f 158/734/556 163/668/502 159/670/502
f 748/2625/2011 753/2627/2011 749/2631/2016
f 150/408/311 58/409/311 151/410/311
f 745/2590/1984 743/2599/1991 752/2630/2015
f 149/411/312 151/412/312 79/413/312
f 522/2628/2013 601/2632/2017 613/2629/2014
f 751/2633/2018 750/2634/2019 726/2635/2020
f 781/2773/2127 775/2747/2103 785/2780/2134
f 821/2990/2280 683/2991/2281 686/2992/2281
f 753/2993/2282 745/2994/2283 822/2995/2284
f 636/2781/2135 769/2734/2090 780/2782/2136
f 777/2783/2137 782/2784/2138 786/2785/2139
f 742/2636/2021 750/2634/2019 751/2633/2018
f 264/1849/1440 223/1863/1452 222/1868/1455
f 736/2786/2140 738/2787/2140 787/2788/2140
f 565/2085/1620 531/2088/1623 596/2086/1621
f 749/2996/2285 787/2997/2285 814/2998/2285
f 807/2926/2231 685/2999/2286 823/3000/2287
f 822/3001/2288 817/2966/2259 753/2965/2258
f 799/3002/2289 747/3003/2290 762/3004/2291
f 799/3002/2289 762/3004/2291 819/3005/2292
f 50/1543/1196 52/1544/1196 461/1545/1196
f 749/3006/2293 789/3007/2293 787/3008/2293
f 780/2782/2136 769/2734/2090 767/2729/2085
f 747/3009/2294 639/3010/2294 762/3011/2294
f 608/2637/2022 600/2638/2022 720/2639/2022
f 752/2630/2015 613/2629/2014 745/2590/1984
f 775/2775/2129 783/2774/2128 785/2789/2141
f 816/2968/2261 818/3012/2295 809/2983/2275
f 726/2640/2023 730/2641/2023 706/2642/2023
f 467/2089/1624 526/2090/1624 468/2100/1624
f 822/3001/2288 824/3013/2296 817/2966/2259
f 54/414/313 149/415/313 140/416/313
f 139/359/272 53/417/314 55/321/240
f 726/2643/2024 750/2644/2025 730/2645/2026
f 770/2790/2142 768/2731/2087 635/2791/2143
f 782/2792/2144 718/2793/2144 744/2794/2144
f 595/2084/1619 590/2043/1588 596/2091/1625
f 601/2646/2027 522/2719/2027 754/2647/2027
f 59/385/296 153/406/309 69/418/315
f 786/2785/2139 783/2795/2145 777/2783/2137
f 700/2517/1935 727/2513/1933 698/2501/1923
f 74/419/316 154/420/317 59/421/318
f 56/397/304 58/422/319 150/398/304
f 438/1527/1186 462/1526/1186 437/1546/1197
f 778/2762/2116 776/2753/2107 630/2796/2146
f 821/3218/2446 825/3219/2446 683/3216/2446
f 675/3014/2297 683/3120/2297 825/3015/2297
f 91/729/551 216/728/551 219/735/557
f 782/2770/2124 779/2769/2123 718/2797/2147
f 820/3016/2298 826/3017/2298 754/3018/2299
f 755/2648/2028 730/2645/2026 750/2644/2025
f 786/2785/2139 782/2784/2138 788/2798/2148
f 519/2520/1938 606/2521/1938 717/2522/1938
f 826/3017/2298 820/3016/2298 819/3019/2300
f 721/2779/2133 629/2799/2149 784/2777/2131
f 805/3020/2301 801/3021/2301 667/3022/2301
f 600/2649/2029 599/2609/1997 720/2611/1999
f 785/2800/2150 783/2801/2150 786/2802/2150
f 789/3023/2302 749/3024/2303 814/3025/2304
f 751/2650/2030 756/2651/2031 742/2652/2032
f 596/2101/1626 531/2092/1626 597/2093/1626
f 606/2523/1939 605/2524/1939 626/2525/1939
f 754/3026/2305 826/3027/2305 665/3028/2305
f 599/2609/1997 611/2653/2033 751/2612/2000
f 672/3029/2306 687/2989/2279 797/2880/2199
f 211/732/554 220/736/558 219/733/555
f 722/2492/1917 727/2526/1940 603/2512/1932
f 700/2517/1935 728/2519/1937 727/2513/1933
f 755/2654/2034 750/2608/1996 718/2607/1995
f 626/2527/1941 729/2528/1942 606/2529/1943
f 768/2731/2087 769/2748/2104 636/2803/2151
f 761/2804/2152 782/2784/2138 744/2805/2153
f 667/3030/2307 811/2938/2239 805/3117/2239
f 129/334/252 91/423/320 54/327/246
f 784/2806/2154 783/2807/2154 785/2808/2154
f 74/419/316 67/424/321 154/420/317
f 730/2530/1944 728/2531/1944 706/2544/1944
f 762/3004/2291 826/3031/2308 819/3005/2292
f 827/3032/2309 809/3033/2310 818/3034/2311
f 782/2784/2138 761/2804/2152 788/2798/2148
f 824/3035/2312 639/2988/2278 817/2952/2250
f 500/1649/1282 442/1761/1374 439/1759/1372
f 758/3036/2313 828/3037/2313 822/3038/2313
f 525/2655/2035 520/2656/2036 742/2657/2037
f 758/3039/2314 822/2995/2284 745/2994/2283
f 495/1779/1387 520/1733/1354 523/1762/1375
f 611/2658/2038 756/2651/2031 751/2650/2030
f 759/2809/2155 748/2810/2155 789/2811/2155
f 824/3013/2296 822/3001/2288 828/3040/2315
f 221/737/559 222/738/559 223/739/559
f 66/425/322 154/420/317 67/424/321
f 759/3041/2316 789/3042/2316 661/3043/2316
f 789/3023/2302 814/3025/2304 829/3044/2317
f 818/2974/2267 819/2973/2266 827/3045/2318
f 437/1448/1133 95/1449/1133 438/1450/1134
f 65/426/323 153/427/323 149/428/324
f 154/429/325 155/430/326 152/395/302
f 154/429/325 152/395/302 59/394/301
f 757/2659/2039 742/2660/2040 756/2661/2041
f 69/418/315 153/406/309 62/431/327
f 761/2812/2156 718/2813/2156 779/2814/2156
f 770/2815/2157 635/2816/2157 644/2867/2157
f 789/3046/2319 660/3047/2319 787/3048/2319
f 50/139/99 51/140/100 52/141/101
f 667/3049/2320 801/3121/2363 693/3050/2321
f 152/740/560 224/741/561 211/742/562
f 442/1763/1376 495/1637/1272 524/1764/1377
f 154/432/328 66/433/329 68/434/328
f 91/743/563 219/744/563 215/745/563
f 91/746/564 215/747/564 214/748/564
f 149/435/330 54/436/330 65/437/330
f 736/2817/2158 787/2818/2159 790/2819/2158
f 595/3051/2322 819/3052/2322 820/3053/2323
f 745/2590/1984 613/2629/2014 758/2662/2042
f 525/2655/2035 742/2657/2037 757/2663/2043
f 811/2971/2264 829/3054/2324 814/2947/2245
f 824/3055/2325 828/3056/2325 639/3057/2325
f 63/438/331 62/439/331 153/440/331
f 639/3058/2326 828/3059/2326 758/3060/2326
f 762/3061/2327 665/3062/2328 826/3063/2329
f 786/2820/2160 643/2821/2160 785/2822/2160
f 759/2664/2044 744/2665/2044 748/2666/2044
f 672/3029/2306 797/2880/2199 796/2879/2198
f 495/1637/1272 442/1763/1376 500/1676/1305
f 603/2532/1945 617/2533/1945 725/2534/1945
f 660/3064/2330 789/3065/2330 633/3066/2330
f 523/1762/1375 524/1765/1378 495/1779/1387
f 633/2823/2161 789/2824/2161 748/2825/2161
f 779/2826/2162 784/2827/2163 791/2828/2164
f 154/432/328 68/434/328 155/441/332
f 61/442/333 74/443/333 59/444/333
f 669/3067/2331 809/3033/2310 827/3032/2309
f 53/445/334 79/446/335 65/447/334
f 54/448/336 53/445/334 65/447/334
f 778/2762/2116 629/2829/2165 721/2763/2117
f 729/2528/1942 626/2527/1941 728/2535/1946
f 626/2536/1947 727/2537/1948 728/2538/1949
f 827/3045/2318 819/2973/2266 664/3068/2332
f 736/2817/2158 790/2819/2158 622/2830/2166
f 829/3044/2317 661/3069/2333 789/3023/2302
f 467/1766/1379 439/1767/1379 441/1768/1379
f 788/2831/2167 791/2832/2167 784/2833/2167
f 728/2667/2045 730/2668/2046 618/2669/2046
f 686/2925/2230 685/2999/2286 807/2926/2231
f 57/449/337 56/450/337 62/451/337
f 63/452/338 153/427/323 65/426/323
f 736/2834/2168 622/2835/2169 748/2836/2170
f 665/3062/2328 762/3061/2327 663/3070/2334
f 464/1547/1198 437/1548/1198 462/1549/1198
f 53/142/102 54/143/103 41/144/104
f 41/144/104 55/145/105 53/142/102
f 56/146/106 57/147/107 58/148/107
f 760/2670/2047 627/2671/2047 730/2672/2048
f 779/2826/2162 791/2828/2164 761/2837/2171
f 809/3033/2310 669/3067/2331 805/3071/2335
f 597/3072/2336 595/3073/2336 596/3074/2336
f 718/2607/1995 761/2673/2049 755/2654/2034
f 56/149/108 52/141/101 51/140/100
f 525/2674/2050 757/2675/2051 601/2676/2051
f 757/2675/2051 613/2677/2052 601/2676/2051
f 755/2654/2034 761/2673/2049 621/2678/2053
f 525/1769/1380 523/1770/1380 520/1771/1380
f 528/1787/1391 237/1788/1392 234/1789/1393
f 64/453/339 65/454/339 79/455/339
f 760/2679/2054 755/2680/2055 621/2681/2056
f 755/2680/2055 760/2679/2054 730/2682/2057
f 729/2539/1950 607/2540/1950 606/2541/1950
f 598/2102/1633 599/2103/1634 600/2104/1635
f 237/1790/1394 527/1784/1389 221/1786/1389
f 62/456/340 57/457/340 69/458/340
f 729/2683/2058 728/2684/2059 620/2685/2059
f 780/2766/2120 781/2767/2121 684/2838/2172
f 622/2835/2169 633/2839/2173 748/2836/2170
f 639/2686/2060 758/2687/2060 759/2688/2060
f 685/3075/2337 693/3122/2337 823/3076/2337
f 762/2689/2061 639/2720/2061 663/2690/2061
f 819/3052/2322 595/3051/2322 664/3077/2338
f 639/3078/2339 759/3079/2339 661/3080/2339
f 643/2840/2174 781/2773/2127 785/2780/2134
f 791/2841/2175 788/2798/2148 761/2804/2152
f 225/749/565 215/750/566 219/751/567
f 441/1772/1381 526/1773/1381 467/1780/1381
f 613/2691/2062 757/2692/2062 615/2693/2062
f 629/2799/2149 792/2842/2176 784/2777/2131
f 805/2918/2224 669/3081/2340 670/2882/2201
f 744/2694/2063 759/2695/2063 761/2696/2063
f 757/2659/2039 756/2661/2041 615/2697/2064
f 595/3082/2341 754/3083/2341 665/3084/2341
f 595/3085/2342 665/3086/2342 664/3087/2342
f 59/150/109 60/151/109 61/152/109
f 778/2762/2116 630/2796/2146 629/2829/2165
f 729/2698/2065 620/2699/2065 607/2700/2065
f 758/2701/2066 613/2702/2066 612/2703/2066
f 59/459/341 71/460/342 72/461/343
f 636/2803/2151 635/2791/2143 768/2731/2087
f 790/3088/2343 787/3089/2344 660/3090/2345
f 525/2105/1636 601/2106/1637 523/2107/1638
f 237/1788/1392 528/1787/1391 527/1791/1395
f 219/751/567 226/752/568 225/749/565
f 602/2108/1639 603/2109/1640 604/2110/1641
f 758/2704/2067 612/2705/2068 759/2706/2069
f 605/2111/1642 606/2112/1642 607/2113/1642
f 75/753/569 152/754/570 155/755/571
f 670/2882/2201 672/3091/2346 796/2976/2269
f 756/2707/2070 611/2708/2071 621/2709/2071
f 156/756/572 155/755/571 68/757/573
f 727/2537/1948 626/2536/1947 603/2542/1951
f 438/1451/1135 95/1452/1135 50/1453/1135
f 615/2697/2064 756/2661/2041 621/2710/2072
f 600/2114/1643 608/2115/1644 609/2116/1645
f 633/2839/2173 622/2835/2169 624/2843/2177
f 70/462/344 59/463/344 69/464/344
f 620/2685/2059 728/2684/2059 618/2711/2073
f 79/465/345 151/466/345 58/467/345
f 70/468/346 71/460/342 59/459/341
f 780/2782/2136 691/2844/2178 636/2781/2135
f 661/3092/2347 829/3093/2348 664/3094/2349
f 599/2103/1634 610/2117/1646 611/2118/1647
f 62/153/110 63/154/110 57/155/110
f 64/156/111 63/157/111 65/158/111
f 658/2269/1755 659/2270/1756 660/2271/1757
f 754/3123/2350 595/3095/2350 601/3096/2350
f 730/2668/2046 627/2712/2074 618/2669/2046
f 633/2845/2179 763/2846/2179 660/2847/2179
f 661/3097/2351 660/3098/2351 763/3099/2351
f 664/3094/2349 829/3093/2348 827/3100/2352
f 788/2848/2180 643/2849/2181 786/2850/2182
f 612/2119/1648 613/2120/1648 614/2121/1648
f 156/756/572 75/753/569 155/755/571
f 639/3101/2353 661/3102/2353 763/3103/2353
f 794/2873/2193 687/2989/2279 678/2874/2194
f 760/2713/2075 621/2709/2071 611/2708/2071
f 66/159/112 67/160/112 68/161/112
f 661/2272/1758 658/2269/1755 660/2271/1757
f 829/3093/2348 811/3104/2354 667/3105/2355
f 220/736/558 211/732/554 224/758/574
f 51/162/113 62/163/114 56/164/115
f 69/165/116 57/166/116 70/167/116
f 68/469/347 67/470/348 156/471/349
f 215/718/544 225/759/575 217/716/542
f 615/2122/1649 616/2123/1649 613/2124/1649
f 71/168/117 63/169/118 72/170/119
f 160/480/356 161/481/357 162/482/358
f 71/171/120 70/172/121 63/173/121
f 664/3106/2356 658/3107/2356 661/3108/2356
f 827/3100/2352 829/3093/2348 669/3109/2357
f 602/2108/1639 609/2125/1650 617/2126/1651
f 70/172/121 57/174/122 63/173/121
f 226/760/576 219/733/555 220/736/558
f 51/162/113 57/284/212 62/163/114
f 67/470/348 75/472/350 156/471/349
f 63/169/118 64/175/123 73/176/124
f 74/177/125 75/178/125 67/285/125
f 614/2273/1759 601/2274/1760 662/2275/1760
f 639/2721/2076 763/2714/2076 632/2715/2076
f 609/2125/1650 608/2127/1652 617/2126/1651
f 612/2705/2068 761/2716/2077 759/2706/2069
f 643/2840/2174 684/2851/2183 781/2773/2127
f 614/2128/1653 613/2129/1653 616/2130/1653
f 63/169/118 73/176/124 72/170/119
f 691/3110/2358 780/3111/2358 684/3112/2358
f 663/2276/1761 664/2277/1762 665/2278/1763
f 160/480/356 157/477/353 161/481/357
f 226/761/577 220/762/577 225/763/577
f 617/2126/1651 603/2109/1640 602/2108/1639
f 632/2852/2184 763/2853/2184 633/2868/2184
f 639/2279/1764 638/2280/1764 663/2281/1764
f 599/2103/1634 598/2102/1633 610/2117/1646
f 784/2854/2185 631/2855/2185 788/2856/2185
f 528/1792/1396 234/1793/1397 464/1794/1398
f 662/2275/1760 601/2274/1760 595/2282/1765
f 464/1795/1399 529/1796/1399 437/1797/1399
f 621/2678/2053 761/2673/2049 612/2717/2078
f 669/3109/2357 829/3093/2348 667/3105/2355
f 59/473/351 72/474/351 60/475/351
f 58/179/126 73/180/127 64/181/128
f 76/182/129 75/183/130 74/184/129
f 75/753/569 76/764/578 152/754/570
f 152/740/560 76/765/579 224/741/561
f 623/2857/2186 622/2858/2186 790/2859/2186
f 227/766/580 225/767/580 220/768/580
f 618/2131/1654 619/2132/1654 620/2133/1654
f 621/2134/1655 612/2135/1655 614/2136/1655
f 614/2137/1656 523/2107/1638 601/2106/1637
f 623/3113/2359 790/3088/2343 660/3090/2345
f 662/2283/1766 595/2284/1766 597/2285/1766
f 614/2137/1656 616/2138/1657 523/2107/1638
f 58/148/107 57/147/107 77/185/131
f 598/2139/1658 600/2114/1643 609/2116/1645
f 792/2860/2187 629/2861/2187 631/2862/2187
f 622/2140/1659 623/2141/1659 624/2142/1659
f 607/2143/1660 620/2144/1661 619/2145/1662
f 73/186/132 78/187/133 72/188/133
f 526/1798/1400 530/1799/1400 531/1800/1400
f 605/2146/1663 625/2147/1663 626/2148/1663
f 58/179/126 64/181/128 79/189/134
f 619/2149/1664 618/2150/1665 627/2151/1666
f 686/2992/2281 683/2991/2281 674/3114/2360
f 658/2286/1767 664/2277/1762 663/2276/1761
f 628/2152/1667 616/2153/1668 615/2154/1669
f 660/2271/1757 666/2287/1768 623/2288/1769
f 660/2271/1757 659/2270/1756 666/2287/1768
f 693/3050/2321 668/3115/2361 667/3049/2320
f 792/2863/2188 631/2864/2188 784/2865/2188
f 441/1801/1401 440/1802/1402 526/1803/1403
f 21/138/98 22/53/39 19/54/40
f 14/55/41 20/56/42 23/57/43
f 627/2671/2047 760/2670/2047 611/2722/2079
f 227/769/581 220/736/558 224/758/574
f 55/324/243 39/476/352 21/325/244
f 72/188/133 78/187/133 60/286/213
f 667/2289/1770 668/2290/1771 669/2291/1772
f 61/190/135 76/182/129 74/184/129
f 73/180/127 58/179/126 78/191/136
f 629/2155/1670 630/2156/1671 631/2157/1672
f 632/2292/1773 666/2293/1774 659/2294/1773
f 625/2158/1673 605/2159/1674 607/2143/1660
f 624/2160/1675 632/2161/1675 633/2162/1675
f 627/2163/1676 611/2118/1647 610/2117/1646
f 529/1804/1404 464/1794/1398 234/1793/1397
f 217/770/582 225/771/583 227/772/584
f 670/2295/1775 671/2296/1775 672/2297/1775
f 217/725/549 228/773/585 218/726/549
f 76/192/137 61/193/138 80/194/139
f 76/774/586 85/775/587 229/776/588
f 76/774/586 229/776/588 230/777/589
f 78/195/140 81/196/141 82/197/142
f 60/198/143 78/195/140 82/197/142
f 58/199/144 83/200/145 81/196/141
f 58/199/144 81/196/141 78/195/140
f 224/778/590 230/779/590 227/780/591
f 105/781/592 91/782/593 214/713/539
f 670/2298/1776 669/2299/1776 671/2300/1776
f 631/2866/2189 643/2849/2181 788/2848/2180
f 626/2164/1677 604/2165/1678 603/2166/1679
f 82/201/146 80/194/139 60/202/147
f 607/2143/1660 619/2145/1662 625/2158/1673
f 224/778/590 76/783/594 230/779/590
f 217/770/582 227/772/584 231/784/595
f 523/2107/1638 616/2138/1657 634/2167/1680
f 76/765/579 232/785/596 224/741/561
f 18/58/44 11/59/44 10/60/44
f 632/2301/1777 623/2302/1777 666/2303/1777
f 624/2168/1681 623/2169/1681 632/2170/1681
f 615/2154/1669 621/2171/1682 628/2152/1667
f 625/2172/1683 604/2165/1678 626/2164/1677
f 643/2304/1778 642/2305/1778 673/2306/1778
f 674/2307/1779 675/2308/1780 676/2309/1781
f 83/200/145 58/199/144 84/203/148
f 85/204/149 80/205/150 86/206/151
f 80/205/150 85/204/149 76/207/152
f 80/205/150 82/208/153 86/206/151
f 82/208/153 84/287/214 86/206/151
f 86/206/151 84/287/214 77/209/154
f 677/2310/1782 597/2386/1849 531/2311/1783
f 231/784/595 229/776/588 217/770/582
f 163/483/359 158/622/466 164/484/360
f 20/61/45 24/62/45 23/63/45
f 58/199/144 77/288/215 84/203/148
f 669/2291/1772 668/2290/1771 671/2312/1784
f 228/786/597 229/776/588 85/775/587
f 659/2294/1773 638/2313/1785 632/2292/1773
f 526/1803/1403 440/1802/1402 530/1805/1405
f 678/2314/1786 679/2315/1787 680/2316/1788
f 523/2173/1684 634/2174/1685 524/2175/1686
f 182/787/598 214/713/539 202/664/498
f 635/2176/1687 636/2177/1688 637/2178/1689
f 677/2310/1782 531/2311/1783 681/2317/1789
f 61/193/138 60/202/147 80/194/139
f 228/786/597 217/770/582 229/776/588
f 621/2179/1690 614/2180/1690 628/2181/1690
f 228/788/599 85/789/600 88/790/601
f 182/787/598 105/781/592 214/713/539
f 638/2182/1691 639/2183/1691 632/2261/1691
f 640/2184/1692 631/2157/1672 630/2156/1671
f 628/2185/1693 634/2167/1680 616/2138/1657
f 439/1454/1136 440/1455/1136 441/1456/1136
f 641/2186/1694 642/2187/1695 631/2188/1695
f 682/2318/1790 671/2312/1784 668/2290/1771
f 674/2307/1779 683/2319/1791 675/2308/1780
f 77/210/155 87/211/156 86/212/157
f 597/2320/1792 677/2321/1793 662/2322/1793
f 671/2323/1794 682/2324/1795 672/2325/1796
f 77/210/155 57/284/212 51/162/113
f 638/2326/1797 658/2327/1797 663/2328/1798
f 642/2187/1695 643/2189/1696 631/2188/1695
f 86/213/158 87/214/159 88/215/160
f 658/2327/1797 638/2326/1797 659/2329/1799
f 87/211/156 77/210/155 89/216/161
f 673/2330/1800 684/2331/1800 643/2332/1800
f 628/2190/1697 614/2191/1698 642/2192/1699
f 674/2333/1801 685/2334/1802 686/2335/1803
f 644/2193/1700 635/2194/1701 645/2195/1702
f 630/2196/1703 646/2197/1703 640/2198/1703
f 86/791/602 88/792/602 85/793/602
f 602/2108/1639 647/2199/1704 609/2125/1650
f 530/2336/1804 681/2337/1805 531/2338/1806
f 628/2190/1697 642/2192/1699 634/2200/1705
f 443/2201/1706 442/2202/1706 524/2203/1706
f 619/2149/1664 627/2151/1666 610/2204/1707
f 642/2339/1807 614/2340/1808 673/2341/1808
f 604/2110/1641 647/2199/1704 602/2108/1639
f 51/162/113 89/216/161 77/210/155
f 22/217/162 21/218/162 39/219/162
f 642/2192/1699 641/2205/1708 634/2200/1705
f 218/794/603 221/795/604 223/796/605
f 524/2175/1686 634/2174/1685 443/2206/1709
f 687/2342/1809 682/2324/1795 688/2343/1810
f 648/2207/1710 646/2208/1711 630/2209/1712
f 673/2341/1808 614/2340/1808 662/2344/1811
f 90/220/163 54/143/103 91/221/164
f 677/2321/1793 673/2345/1812 662/2322/1793
f 649/2210/1713 625/2211/1713 619/2212/1714
f 689/2346/1813 680/2316/1788 679/2315/1787
f 673/2347/1814 677/2310/1782 681/2317/1789
f 625/2172/1683 647/2213/1715 604/2165/1678
f 610/2204/1707 649/2214/1716 619/2149/1664
f 157/477/353 160/480/356 158/478/354
f 688/2343/1810 679/2348/1815 687/2342/1809
f 650/2215/1717 598/2139/1658 609/2116/1645
f 221/795/604 218/794/603 228/788/599
f 684/2349/1816 690/2350/1817 691/2351/1818
f 437/1448/1133 98/1457/1137 95/1449/1133
f 684/2349/1816 673/2347/1814 690/2350/1817
f 598/2102/1633 651/2216/1718 610/2117/1646
f 230/797/606 229/798/607 109/799/608
f 648/2262/1750 630/2263/1751 644/2193/1700
f 678/2314/1786 687/2387/1850 679/2315/1787
f 673/2347/1814 681/2317/1789 690/2350/1817
f 25/64/46 19/54/40 22/53/39
f 645/2195/1702 648/2262/1750 644/2193/1700
f 672/2325/1796 682/2324/1795 687/2342/1809
f 681/2337/1805 530/2336/1804 692/2352/1819
f 610/2217/1719 651/2218/1719 649/2219/1719
f 693/2353/1820 694/2354/1821 668/2355/1822
f 634/2174/1685 641/2220/1720 443/2206/1709
f 695/2356/1823 694/2354/1821 685/2357/1824
f 609/2125/1650 647/2199/1704 650/2221/1721
f 437/1806/1406 529/1807/1406 444/1808/1406
f 631/2157/1672 640/2184/1692 652/2222/1722
f 88/790/601 221/795/604 228/788/599
f 646/2223/1723 652/2224/1723 640/2225/1723
f 681/2337/1805 692/2352/1819 690/2358/1825
f 529/1804/1404 234/1793/1397 532/1809/1407
f 625/2211/1713 649/2210/1713 653/2226/1724
f 625/2172/1683 653/2227/1725 647/2213/1715
f 650/2215/1717 651/2228/1726 598/2139/1658
f 641/2264/1752 631/2157/1672 652/2222/1722
f 652/2222/1722 443/2265/1753 641/2264/1752
f 637/2359/1826 636/2360/1827 691/2361/1828
f 439/1458/1138 442/1459/1138 443/1460/1138
f 651/2229/1727 650/2230/1728 649/2231/1728
f 650/2230/1728 653/2232/1729 649/2231/1728
f 650/2233/1730 647/2234/1730 653/2235/1730
f 83/222/165 84/223/166 92/224/167
f 444/1810/1408 529/1811/1409 532/1812/1410
f 689/2362/1829 676/2309/1781 675/2308/1780
f 87/214/159 93/225/168 88/215/160
f 93/800/609 233/801/610 88/836/638
f 695/2356/1823 674/2333/1801 676/2363/1830
f 694/2354/1821 693/2353/1820 685/2357/1824
f 94/226/169 81/227/170 83/228/171
f 696/2364/1831 691/2361/1828 690/2358/1825
f 533/1813/1411 444/1810/1408 532/1812/1410
f 437/1461/1139 444/1462/1140 445/1463/1140
f 695/2356/1823 685/2334/1802 674/2333/1801
f 95/229/172 96/230/173 50/231/174
f 19/65/47 24/66/47 20/67/48
f 105/781/592 90/802/611 91/782/593
f 96/230/173 97/232/175 50/231/174
f 98/1464/1141 437/1465/1142 445/1466/1143
f 694/2354/1821 695/2356/1823 697/2365/1832
f 652/2222/1722 446/2236/1731 443/2265/1753
f 654/2237/1732 635/2176/1687 637/2178/1689
f 690/2358/1825 692/2352/1819 696/2364/1831
f 689/2346/1813 675/2366/1833 680/2316/1788
f 221/803/612 88/836/638 233/801/610
f 654/2237/1732 645/2238/1733 635/2176/1687
f 83/228/171 92/233/176 94/226/169
f 230/797/606 109/799/608 175/804/613
f 688/2367/1834 668/2290/1771 694/2368/1835
f 532/1814/1412 234/1815/1412 236/1816/1412
f 691/2361/1828 696/2364/1831 637/2359/1826
f 11/485/361 18/486/361 165/487/361
f 668/2290/1771 688/2367/1834 682/2318/1790
f 95/234/177 98/235/177 96/236/177
f 694/2354/1821 697/2365/1832 688/2369/1836
f 234/1789/1393 237/1788/1392 235/1817/1413
f 530/1805/1405 440/1802/1402 534/1818/1414
f 87/214/159 99/237/178 93/225/168
f 234/805/614 235/806/615 236/807/616
f 81/238/179 100/239/179 82/240/180
f 695/2356/1823 676/2363/1830 697/2365/1832
f 103/1467/1144 96/1468/1145 98/1464/1141
f 237/808/617 233/809/617 235/810/618
f 443/2266/1734 446/2267/1734 439/2239/1734
f 89/216/161 51/162/113 99/241/181
f 648/2207/1710 652/2222/1722 646/2208/1711
f 237/808/617 221/837/639 233/809/617
f 90/220/163 41/144/104 54/143/103
f 440/1469/1146 439/1470/1146 446/1471/1146
f 689/2370/1837 679/2371/1838 697/2372/1839
f 637/2373/1840 696/2374/1840 656/2375/1840
f 697/2372/1839 679/2371/1838 688/2376/1841
f 180/811/619 229/812/619 231/813/620
f 236/1819/1415 101/1820/1416 532/1821/1417
f 447/1472/1147 103/1467/1144 98/1464/1141
f 236/814/621 96/815/621 101/816/621
f 101/242/182 96/243/183 102/244/184
f 96/243/183 103/245/185 102/244/184
f 235/806/615 96/817/622 236/807/616
f 99/241/181 87/211/156 89/216/161
f 93/800/609 99/818/623 233/801/610
f 697/2372/1839 676/2377/1842 689/2370/1837
f 11/488/362 165/489/363 162/490/363
f 656/2378/1843 696/2379/1844 692/2380/1845
f 102/1473/1148 448/1474/1148 101/1475/1148
f 534/2240/1735 440/2241/1736 446/2242/1737
f 99/246/186 50/139/99 97/247/187
f 648/2207/1710 655/2243/1738 652/2222/1722
f 447/1472/1147 98/1464/1141 445/1466/1143
f 227/819/624 230/820/625 175/821/624
f 96/817/622 235/806/615 104/822/626
f 645/2238/1733 654/2237/1732 656/2244/1739
f 180/811/619 109/823/627 229/812/619
f 164/675/508 182/824/628 202/676/509
f 637/2245/1740 656/2244/1739 654/2237/1732
f 50/139/99 99/246/186 51/140/100
f 26/68/49 24/66/47 19/65/47
f 96/230/173 104/248/188 97/232/175
f 99/249/189 97/250/189 104/251/189
f 692/2380/1845 530/2381/1846 534/2382/1847
f 94/252/190 100/239/179 81/238/179
f 655/2243/1738 446/2236/1731 652/2222/1722
f 532/1821/1417 101/1820/1416 535/1822/1418
f 90/220/163 105/253/191 106/254/192
f 104/825/629 235/826/630 233/827/629
f 648/2262/1750 645/2195/1702 656/2246/1741
f 103/1467/1144 449/1476/1149 102/1477/1150
f 648/2262/1750 656/2246/1741 655/2247/1742
f 158/622/466 166/491/364 164/484/360
f 99/828/631 104/825/629 233/827/629
f 231/829/632 227/830/633 176/831/632
f 101/1823/1419 451/1824/1420 535/1825/1421
f 19/69/50 25/70/51 26/71/51
f 102/1478/1151 449/1479/1152 448/1480/1152
f 92/224/167 84/223/166 107/255/193
f 103/1467/1144 447/1472/1147 449/1476/1149
f 101/1826/1422 448/1827/1422 451/1828/1422
f 692/2380/1845 534/2382/1847 656/2378/1843
f 446/2242/1737 656/2246/1741 534/2240/1735
f 445/2248/1743 657/2249/1743 447/2250/1743
f 167/492/365 162/490/363 165/489/363
f 446/2242/1737 655/2247/1742 656/2246/1741
f 84/256/194 82/257/195 107/258/196
f 162/482/358 167/493/366 160/480/356
f 158/494/367 168/495/367 166/496/367
f 27/72/52 23/73/53 24/74/54
f 27/75/55 14/55/41 23/57/43
f 160/497/368 169/498/368 168/499/368
f 168/500/369 158/478/354 160/480/356
f 24/74/54 28/76/56 27/72/52
f 24/74/54 26/77/57 28/76/56
f 169/501/370 170/502/371 168/503/371
f 29/78/58 27/79/59 28/80/60
f 27/75/55 30/81/61 14/55/41
f 453/1829/1423 535/1825/1421 451/1824/1420
f 168/504/372 171/505/373 166/506/374
f 160/507/375 170/508/375 169/509/375
f 450/1481/1153 451/1482/1153 448/1483/1154
f 453/1830/1424 532/1821/1417 535/1822/1418
f 107/258/196 82/257/195 100/259/197
f 167/493/366 170/510/376 160/480/356
f 533/2383/1848 452/2384/1848 444/2385/1848
f 27/75/55 31/82/62 30/81/61
f 90/220/163 108/260/198 36/261/199
f 453/2251/1744 449/2252/1745 533/2253/1745
f 533/1831/1425 532/1821/1417 453/1830/1424
f 452/1484/1155 445/1463/1140 444/1462/1140
f 175/821/624 176/832/634 227/819/624
f 453/1485/1156 450/1486/1156 449/1487/1157
f 448/1480/1152 449/1479/1152 450/1488/1158
f 172/511/377 173/512/378 105/513/379
f 231/829/632 176/831/632 180/833/635
f 36/261/199 41/144/104 90/220/163
f 453/1485/1156 454/1489/1159 450/1486/1156
f 452/2254/1746 657/2255/1746 445/2256/1746
f 174/514/380 168/503/371 170/502/371
f 105/513/379 173/512/378 106/515/381
f 451/1824/1420 454/1832/1426 453/1829/1423
f 109/516/382 107/517/383 100/518/382
f 109/262/200 92/224/167 107/255/193
f 109/516/382 100/518/382 175/519/384
f 32/83/63 28/84/64 26/85/65
f 171/520/385 168/521/385 174/522/385
f 176/523/386 175/524/387 177/525/387
f 26/85/65 33/86/66 32/83/63
f 26/71/51 25/70/51 33/87/67
f 27/79/59 29/78/58 31/88/68
f 100/526/388 110/527/389 178/528/388
f 106/254/192 108/260/198 90/220/163
f 25/64/46 22/53/39 33/86/66
f 32/83/63 29/89/69 28/84/64
f 177/525/387 175/524/387 173/529/390
f 450/1481/1153 454/1490/1160 451/1482/1153
f 94/263/201 108/264/202 100/265/202
f 176/530/391 179/531/392 180/532/393
f 181/533/394 174/534/394 170/535/395
f 174/534/394 181/533/394 171/536/396
f 175/537/397 100/526/388 178/528/388
f 176/530/391 177/538/398 179/531/392
f 100/265/202 108/264/202 106/266/203
f 39/289/204 55/267/204 41/268/204
f 34/90/70 30/81/61 31/82/62
f 34/91/71 31/88/68 29/78/58
f 172/539/399 177/540/399 173/541/399
f 172/511/377 105/513/379 182/542/400
f 22/53/39 35/92/72 33/86/66
f 92/543/401 109/544/401 180/545/401
f 32/83/63 33/86/66 35/92/72
f 533/2253/1745 449/2252/1745 447/2268/1754
f 180/546/402 110/547/403 92/548/404
f 182/623/467 183/549/405 172/624/468
f 94/226/169 92/233/176 108/269/205
f 36/93/73 37/94/74 38/95/73
f 180/546/402 178/550/406 110/547/403
f 180/546/402 179/551/407 178/550/406
f 110/270/206 100/271/206 106/272/206
f 172/624/468 179/552/408 177/553/409
f 184/554/410 185/555/411 181/556/412
f 37/273/207 92/274/207 110/275/207
f 173/557/413 175/558/414 178/559/415
f 18/560/416 167/561/416 165/562/417
f 184/554/410 181/556/412 170/510/376
f 39/96/75 40/97/75 22/98/75
f 29/89/69 32/83/63 34/99/76
f 41/100/77 40/101/77 39/102/77
f 108/269/205 92/233/176 37/276/208
f 106/277/209 37/278/209 110/279/209
f 42/103/78 34/104/78 32/105/78
f 178/559/415 186/563/418 173/557/413
f 32/106/79 35/107/79 42/108/79
f 452/2257/1747 447/2258/1747 657/2259/1748
f 37/564/419 173/512/378 186/565/420
f 179/551/407 186/566/421 178/550/406
f 179/552/408 172/624/468 183/549/405
f 533/2260/1749 447/2258/1747 452/2257/1747
f 18/560/416 30/567/422 167/561/416
f 30/109/80 18/38/28 14/23/17
f 187/568/423 164/484/360 166/491/364
f 187/568/423 183/569/424 164/484/360
f 166/506/374 171/505/373 185/555/411
f 183/569/424 182/570/425 164/484/360
f 38/95/73 41/110/81 36/93/73
f 38/111/82 43/112/83 40/113/84
f 40/114/85 43/115/85 22/116/85
f 184/554/410 170/510/376 167/493/366
f 187/571/426 166/572/427 188/573/428
f 185/555/411 171/505/373 181/556/412
f 166/572/427 185/574/429 189/575/430
f 35/117/86 34/118/86 42/119/86
f 190/576/431 179/552/408 183/549/405
f 166/572/427 189/575/430 188/573/428
f 183/577/432 187/571/426 191/578/433
f 191/578/433 187/571/426 188/573/428
f 30/579/434 192/580/435 167/581/436
f 30/579/434 34/582/437 192/580/435
f 167/581/436 192/580/435 184/583/438
f 35/92/72 22/53/39 44/120/87
f 44/120/87 34/121/88 35/92/72
f 38/111/82 40/113/84 41/122/89
f 183/577/432 191/578/433 190/584/439
f 189/585/440 44/586/441 45/587/442
f 48/588/443 189/585/440 45/587/442
f 191/589/444 188/590/444 189/591/444
f 44/123/90 22/124/90 45/125/90
f 22/126/91 43/127/92 45/128/92
f 44/592/445 189/593/446 49/594/447
f 189/585/440 48/588/443 191/595/448
f 111/596/449 186/565/420 179/625/469
f 186/565/420 111/596/449 37/564/419
f 193/597/450 185/598/450 184/599/451
f 36/261/199 108/260/198 37/280/210
f 185/600/452 194/601/452 189/602/452
f 34/121/88 46/129/93 47/130/94
f 37/564/419 106/515/381 173/512/378
f 48/131/95 45/128/92 43/127/92
f 49/132/96 46/133/96 44/134/96
f 193/597/450 194/603/453 185/598/450
f 179/552/408 190/576/431 111/626/470
f 48/588/443 43/604/454 111/605/455
f 192/606/456 193/607/456 184/608/456
f 38/609/457 37/564/419 111/596/449
f 47/610/458 192/611/458 34/612/458
f 43/281/211 38/282/211 111/283/211
f 44/120/87 46/129/93 34/121/88
f 111/605/455 191/595/448 48/588/443
f 111/605/455 190/613/459 191/595/448
f 189/593/446 194/614/460 49/594/447
f 192/615/461 194/616/461 193/617/461
f 194/618/462 192/619/463 47/620/464
f 47/620/464 49/621/465 194/618/462
f 49/135/97 47/136/97 46/137/97
