# Delivery Dash City vehicle mesh (Van_Body); units = studs; +X right, +Y up, -Z forward; origin = chassis centre
mtllib Van.mtl
o Van_Body
v -2.39487 4.77872 -1.20274
v -2.53810 4.56813 5.99193
v -2.39723 4.77805 5.98749
v -2.53367 4.60403 5.99064
v -2.53335 4.59620 -1.19732
v -2.75088 1.60876 6.12014
v -2.39489 4.82750 6.34336
v -0.99561 4.83490 6.33971
v 2.39664 4.78279 6.00883
v -2.58534 4.64341 6.34388
v -2.71838 1.60839 6.42486
v -2.57509 4.67389 6.52250
v 1.31970 4.66396 6.54519
v -2.88975 1.60207 6.46570
v -2.89024 1.60150 5.86504
v -2.61742 3.50243 6.41171
v -2.71065 1.59421 6.46216
v -2.62665 1.93987 6.54544
v -1.45527 0.94391 6.54091
v 1.30023 1.20852 6.54531
v -2.81028 0.68309 3.41336
v -2.80989 0.65860 4.43736
v -3.13698 0.53161 4.63521
v -2.81177 0.63890 4.70541
v -2.80955 0.52039 4.79686
v -3.14478 0.28555 4.81102
v -2.80656 0.84615 5.85544
v -2.81402 -0.25047 5.49222
v -2.81016 0.33614 4.92523
v -2.79384 1.08739 5.85682
v -2.96398 -0.34502 6.26617
v -2.90931 -0.29765 5.86446
v -2.81065 -0.23351 5.85347
v -2.77335 1.44871 5.85798
v -2.92845 0.32277 5.85972
v -2.91861 0.82607 5.85214
v -2.81156 0.30857 5.85340
v -2.82389 -0.25740 5.84277
v -2.92845 -0.26568 5.86792
v -2.90851 0.87819 5.86081
v -2.90759 1.59126 5.86772
v -2.91801 0.87815 5.88097
v -2.91470 0.90463 6.46385
v -2.92429 -0.29010 6.20381
v -2.90681 -0.30396 6.14145
v -2.99748 -0.34719 5.49103
v -2.89333 -0.30734 6.28922
v -2.88979 -0.30342 6.45867
v -2.91647 -0.28845 6.47183
v -2.92955 -1.20227 6.73475
v -2.92328 0.29201 6.46749
v -2.93058 -0.34688 6.70112
v -2.72441 0.88495 6.46800
v -2.65088 0.80296 6.54143
v -2.81044 -0.26744 6.48233
v -2.74473 -0.24852 6.47969
v -2.74009 0.31088 6.47693
v -2.65193 -0.27934 6.55402
v -2.59340 -0.29307 6.59193
v -1.80643 -0.28017 6.56055
v -1.78510 -0.34100 6.70663
v -2.81326 0.69962 2.67022
v -3.15014 0.55182 3.84521
v -3.16445 0.16768 4.36106
v -2.24814 0.16431 4.36073
v -2.25342 0.18257 3.79239
v -2.24793 -0.17902 4.30566
v -2.24315 -0.08616 4.56467
v -2.24211 -0.39217 4.48545
v -3.07054 -0.17508 4.29487
v -3.14633 -0.52723 4.91616
v -2.24100 -0.41694 4.83664
v -3.05791 -0.74008 4.76334
v -2.23992 -0.47677 4.55481
v -2.21090 -0.66429 4.70723
v -2.24141 -0.33860 4.76802
v -2.22475 -0.52568 4.91504
v -2.26947 -0.73072 4.76015
v -2.19311 -0.75007 4.77099
v -3.26995 -0.81363 4.72493
v -2.08328 -1.22153 4.75069
v -2.08979 -1.63571 4.75930
v -2.06906 -1.21516 4.26068
v -2.10034 -1.80060 4.76204
v -2.08903 -1.84963 4.70688
v -1.68789 -1.21587 4.96307
v -2.12751 -1.19773 4.77049
v -2.15899 -0.96421 4.77258
v -3.07134 -1.81059 4.75244
v -3.15906 -0.46989 4.88058
v -3.16322 -0.52304 4.92665
v -3.15127 -0.42186 5.28981
v -2.12127 -1.21625 4.91493
v -3.10999 -1.18170 4.92425
v -3.10244 -1.16131 5.26575
v -2.07565 -1.21177 5.13613
v -3.09514 -1.17354 5.25667
v -2.80911 0.15324 5.06033
v -2.80991 -0.00242 5.16704
v -2.81090 -0.15403 5.27260
v -3.13423 -0.39614 5.30398
v -2.84589 -1.20163 5.36032
v -2.84798 -1.03781 5.36089
v -2.80944 -0.24848 5.34463
v -2.87518 -0.38770 5.41351
v -2.79614 -0.33008 5.41866
v -2.84899 -0.87905 5.37779
v -2.86341 -0.68222 5.39075
v -2.86730 -0.53972 5.40033
v -2.99074 -1.19140 5.43936
v -1.78300 -1.20247 6.72824
v -1.69102 -1.20736 6.63282
v 2.12608 -1.21223 4.90840
v 1.64820 -1.20732 6.62648
v -0.80463 0.47125 6.40638
v -0.00573 0.19841 6.45038
v 0.04244 0.29155 6.42377
v 0.93461 0.47092 6.40414
v -1.49995 0.50728 6.54651
v -1.39757 0.47208 6.41418
v -1.35951 0.34008 6.41953
v -1.33027 0.24401 6.42478
v -1.20258 0.22605 6.42891
v -1.02226 0.22574 6.42880
v -1.36679 0.19979 6.54382
v -1.53646 0.93355 6.43560
v -1.02301 0.69629 6.43637
v -0.86069 0.68187 6.43880
v 0.28123 0.91880 6.43622
v 0.53266 0.92308 6.53745
v -1.50450 0.81225 6.44143
v -1.10537 0.68316 6.43574
v -0.68563 0.68445 6.43632
v -0.33347 0.68463 6.43638
v -0.11319 0.68431 6.43591
v -1.21632 0.68317 6.43560
v -1.46055 0.68255 6.44838
v 0.09865 0.66958 6.53997
v 0.08262 0.68419 6.43589
v -1.57375 0.93565 6.45995
v -0.92927 0.66728 6.54268
v -1.46119 0.46468 6.53789
v -0.41692 0.17479 6.53400
v -1.60900 0.94361 6.54065
v -0.61202 0.17970 6.51961
v -1.54474 0.76359 6.54194
v -1.59434 0.94050 6.50135
v -0.98513 0.19230 6.53350
v -1.49561 0.66804 6.53825
v -0.67517 -0.32829 6.56748
v 0.72566 -0.31705 6.56198
v 1.34077 0.46934 6.53876
v -2.25274 -0.27277 6.56345
v -1.66878 -0.33203 6.57422
v -1.67292 -0.34563 6.61867
v -1.07356 -0.34172 6.61001
v 0.45364 -0.34743 6.61692
v -0.72405 -1.01070 6.63638
v -0.49971 -0.38171 6.62354
v -0.72397 -0.40733 6.62320
v -0.68829 -0.38952 6.62303
v -0.71456 -1.01354 6.73940
v -0.71796 -0.41143 6.74023
v 0.02675 -0.38968 6.73790
v -0.30324 -0.39028 6.74090
v -0.65562 -0.39048 6.74104
v -0.18279 -1.00513 6.74771
v -0.36937 -1.01440 6.74115
v -0.52793 -0.39337 6.74345
v 0.29679 -0.38547 6.62575
v 0.57211 -1.01429 6.74100
v -0.03067 -0.39912 6.74775
v -2.64108 3.17459 -1.03352
v -2.75558 1.65714 -1.32384
v -2.71937 1.93941 -1.27046
v -2.47555 -1.21391 1.97787
v -2.47510 -1.21217 -2.49400
v -2.09380 -1.21228 2.48346
v 2.11894 -1.21315 2.48958
v -2.85061 -0.22204 0.39437
v -2.86212 -0.22443 -0.07076
v -2.92183 -0.25853 -0.02366
v -2.82068 -0.10909 0.42408
v -2.83778 0.00568 0.15135
v -2.97004 -0.27855 0.40186
v -2.92845 -1.18146 1.60282
v -2.80805 0.74192 1.29480
v -2.81047 -0.23819 -1.32473
v -2.81047 -0.23822 0.68985
v -3.10228 -0.83959 1.63553
v -2.94053 -1.17005 -2.49206
v -2.81043 -0.23825 0.93958
v -2.81041 -0.23828 1.21643
v -2.81040 -0.23822 1.46621
v 2.40475 4.77004 -1.21908
v -2.97073 -0.27919 1.77611
v -3.07584 -0.72331 1.66541
v -3.04224 -0.59270 1.70584
v -2.96993 -0.27982 -0.58936
v -2.80862 0.38709 2.36976
v -2.80930 0.52780 2.50364
v -2.80826 0.63838 2.59385
v -3.02157 -1.80354 2.49764
v -2.08927 -2.20696 2.82874
v -2.08681 -2.39286 3.01580
v -2.09028 -1.99683 2.62046
v -2.89840 -2.32517 2.95622
v -3.28285 -1.83173 2.54824
v -2.07006 -1.21397 2.96711
v -3.26702 -2.20475 2.86196
v -3.24303 -2.39355 3.01728
v -3.25388 -2.39281 4.21110
v -3.28943 -1.89721 3.29398
v -3.29017 -0.95584 3.05874
v -3.27806 -1.63094 3.06723
v -3.15271 -1.45126 3.08021
v -3.17432 -1.13542 3.07730
v -3.14931 -1.60312 3.08888
v -3.28847 -0.21052 4.12714
v -3.06766 -0.17574 2.93941
v -3.25054 -1.52344 3.39101
v -3.16971 -1.71063 3.19010
v -3.24308 -1.03140 3.38870
v -3.16046 -0.94834 3.07798
v -2.10318 -2.39676 4.21498
v -3.29992 -0.68372 3.26903
v -3.28822 -0.70924 3.98319
v -3.19141 -1.85286 3.31793
v -3.16112 -0.72714 3.25903
v -3.16161 -0.72640 3.59122
v -3.28519 -0.70500 3.25903
v -3.24073 -1.12994 3.38609
v -3.27628 -1.53487 3.39941
v -3.27433 -1.02082 3.40085
v -3.27651 -1.52870 3.87368
v -3.28475 -1.04053 3.86133
v -3.24557 -1.53847 3.86877
v -3.19040 -1.84795 3.93505
v -3.27064 -1.02448 3.87390
v -3.28932 -1.89725 3.99037
v -3.23946 -1.01636 3.87570
v -3.15984 -0.72819 4.00726
v -3.17768 -1.39328 4.16344
v -2.25202 -0.17087 3.85473
v -3.19052 -1.73639 4.04892
v -3.29252 -1.64766 4.20108
v -3.29403 -0.78667 4.05601
v -3.27926 -0.96197 4.19194
v -3.18550 -1.66215 4.10450
v -3.18186 -0.93510 4.16717
v -3.17841 -1.57126 4.16039
v -3.17757 -1.45828 4.16347
v -3.17771 -1.20860 4.16330
v -3.25529 -2.32662 4.27703
v -2.08858 -2.05698 4.52001
v -3.28553 -0.22091 4.27063
v -3.28155 -0.36299 4.37796
v -3.26121 -2.21327 4.37845
v -3.26757 -2.14311 4.43947
v -3.27213 -1.95371 4.61766
v 1.84504 -1.21534 4.52804
v -3.27751 -1.82154 4.72169
v -3.28178 -1.51495 4.71767
v -2.81337 0.26421 2.27508
v -3.18470 -0.09883 2.16439
v -3.16823 0.11909 2.34498
v -3.15735 0.58776 2.77719
v -3.16432 0.30289 2.50957
v -3.17934 0.20917 2.93283
v -3.19267 -0.13796 2.62946
v -3.18529 -0.00339 2.75048
v -2.26814 -0.06837 2.69941
v -2.61157 -0.50363 2.32748
v -2.26900 -0.00154 2.75569
v -3.30325 -0.35306 2.92644
v -3.28970 -0.21069 3.07572
v -3.30274 -0.24202 3.06478
v -2.25796 -0.21656 2.88896
v -2.27626 -0.17543 2.93633
v -2.26120 0.09793 2.84325
v -2.26896 -0.48841 2.63336
v -2.25620 0.20537 2.93677
v -2.25598 0.19866 3.34061
v -2.92593 -1.18748 1.71370
v -2.81385 -0.23456 1.84543
v -2.93811 -1.17644 1.70771
v -2.93408 -1.17450 1.66658
v -2.96243 -0.61050 1.74449
v -2.98808 -0.37602 1.77603
v -3.07489 -1.16032 1.81977
v -3.17242 -1.12850 1.88823
v -3.00266 -0.29732 1.80353
v -3.19273 -0.31796 1.97036
v -2.71182 -1.17619 2.31572
v -3.18661 -1.14034 2.31448
v -2.22831 -1.20092 2.32686
v -3.20165 -0.49844 2.32418
v -2.24226 -0.97317 2.31993
v -2.24621 -0.71276 2.32462
v -2.26874 -0.50461 2.33020
v -2.22792 -0.93588 2.47278
v -2.24050 -0.67076 2.46917
v -2.27589 -0.39536 2.42247
v 2.10212 -1.21452 2.61971
v -2.24903 -0.60560 2.50757
v -2.20428 -1.20673 2.48040
v -3.19257 -0.29473 2.50160
v -2.26995 -0.26483 2.53466
v -3.05344 -0.62908 2.47303
v -3.29580 -0.65365 2.54868
v -2.08890 -1.36453 2.49620
v -2.09597 -1.88832 2.50635
v -3.15590 -0.77680 3.20548
v 2.40976 4.77193 2.83351
v 2.53269 4.61119 6.00658
v 2.53515 4.60266 2.79776
v 2.76235 1.60817 5.86271
v 2.40269 4.85125 6.31432
v 2.57612 4.63091 6.33945
v 2.76725 1.61205 6.36668
v 2.46561 4.76927 6.40533
v 2.53235 4.66021 6.54019
v 2.57742 3.12652 6.54155
v 2.65402 0.75003 6.54002
v 1.48274 0.88587 6.53569
v 2.21228 -1.20695 5.12787
v 2.92682 -1.19472 6.73411
v 1.78119 -1.20082 6.73401
v 1.05448 0.22650 6.42224
v 0.98969 0.47095 6.40421
v 1.24974 0.40613 6.40820
v 0.64912 0.20518 6.42906
v 1.28512 0.47566 6.40788
v 1.19697 0.23590 6.43206
v 1.34148 0.68273 6.43451
v 1.40629 0.90829 6.43138
v 0.59451 0.91867 6.43940
v 1.43109 0.90731 6.42832
v 0.59010 0.68678 6.43449
v 1.16690 0.67977 6.45669
v 0.47541 0.68324 6.43581
v 0.33531 0.68331 6.43566
v 0.49849 0.17441 6.53433
v 1.43899 0.91158 6.53235
v 1.22159 0.19382 6.54564
v 1.39183 0.66609 6.54333
v 1.68913 -0.32483 6.56579
v 1.35829 0.46110 6.54532
v 1.80120 -0.28379 6.56485
v 2.61244 -0.27896 6.56943
v 1.78158 -0.33435 6.70048
v 1.65362 -0.35936 6.62043
v 0.71363 -0.39379 6.62649
v 0.55698 -0.38547 6.62700
v 0.74387 -0.66968 6.62976
v 0.64724 -0.39001 6.74156
v 0.27309 -0.39062 6.74093
v 0.74584 -0.89554 6.63394
v 0.73394 -1.01748 6.63597
v 0.74400 -0.77930 6.74055
v 0.73998 -0.40865 6.73020
v 0.73039 -1.00032 6.74804
v 0.74416 -0.42409 6.74100
v 2.61512 -0.33481 6.70663
v 0.72611 -0.51319 6.75000
v 2.80182 0.85682 5.85393
v 2.80875 0.67640 3.73449
v 2.77880 1.32733 5.85608
v 2.80722 0.48572 4.82465
v 2.81503 0.64105 4.69824
v 2.80887 0.65593 4.55056
v 2.80851 0.33646 4.93196
v 2.80831 0.14213 5.07028
v 2.80806 0.22914 5.85056
v 2.81536 -0.24531 5.84838
v 2.92716 0.80656 5.86063
v 2.92685 0.32278 5.86031
v 2.92399 -0.30205 5.86430
v 2.90891 0.88782 5.86550
v 2.91679 0.83284 6.47264
v 2.90649 1.60559 5.87312
v 2.92646 0.31916 6.46773
v 2.92087 -0.28872 6.47167
v 2.90592 1.60509 6.45695
v 2.90917 -0.31129 6.46017
v 2.97651 -0.33494 5.85049
v 2.94051 -0.34906 6.69926
v 2.94725 -1.20090 6.36448
v 2.70824 1.60186 6.45835
v 2.71674 0.91496 6.47131
v 2.85874 -0.27524 6.47710
v 2.77830 -0.24200 6.48262
v 2.72971 0.28592 6.47764
v 2.72178 -0.24155 6.48743
v 2.80962 0.70080 2.65645
v 2.27416 0.16485 4.35909
v 2.26816 -0.16933 4.18513
v 2.26563 -0.17230 4.30529
v 2.26127 -0.12017 4.59195
v 2.26242 -0.24890 4.36730
v 3.16271 0.01082 4.49295
v 3.16417 0.17975 4.36345
v 2.24450 -0.48402 4.56160
v 2.26099 -0.19592 4.65551
v 2.29772 -0.74673 4.76714
v 3.05736 -0.74017 4.76337
v 3.14126 0.53105 4.62334
v 2.22559 -0.60136 4.65835
v 3.16203 -0.50904 4.92946
v 2.24417 -0.52160 4.91867
v 3.04783 0.56125 4.65298
v 3.14198 0.42102 4.71129
v 2.20478 -0.71978 4.75548
v 2.09216 -1.22496 4.74729
v 2.10168 -1.37986 4.76625
v 2.10512 -1.48070 4.76592
v 3.14512 0.30579 4.79032
v 2.09445 -1.79902 4.75984
v 2.15754 -1.00083 4.77431
v 3.05214 -1.79862 4.75914
v 2.12604 -1.21163 4.77039
v 3.14654 0.09825 4.94277
v 2.19007 -0.79677 4.91453
v 2.81232 0.41676 4.87070
v 2.14991 -1.03941 4.90765
v 3.11684 -0.52182 4.91831
v 3.10150 -1.18755 4.92704
v 3.13168 -0.89292 4.92290
v 3.15636 -0.50433 4.90875
v 3.11785 -1.17511 4.93753
v 3.10113 -1.16773 5.26148
v 3.14900 -0.02052 5.02576
v 3.14501 -0.19259 5.15955
v 2.80833 -0.09384 5.23623
v 3.14913 -0.39716 5.29433
v 2.81528 -0.34269 5.40981
v 2.98862 -1.19652 5.44359
v 3.01119 -1.18090 5.29324
v 2.86905 -0.38711 5.40961
v 2.84653 -1.19715 5.35898
v 2.80892 -0.23750 5.49963
v 2.97678 -1.20858 5.43813
v 2.85458 -0.69197 5.39313
v 2.99415 -0.34571 5.49037
v 2.97863 -0.32585 5.48988
v 2.96905 -0.28531 0.22697
v 2.89312 -0.30920 0.77231
v 3.02226 -0.60333 0.88337
v 2.80873 -0.23821 1.29513
v 2.85332 -0.25255 0.09989
v 2.80841 -0.21286 -0.23362
v 2.99678 -0.48877 1.48851
v 3.09213 -0.84103 0.77854
v 2.48391 -1.21097 -2.52675
v 2.91923 -1.18448 1.64929
v 2.47128 -1.21205 1.98046
v 3.00514 -1.00411 1.64532
v 3.04457 -0.83504 1.28777
v 2.86430 -0.28036 1.29483
v 2.80343 0.73873 -1.33767
v 3.08985 -0.83748 1.63073
v 2.80870 -0.23822 1.46114
v 2.80913 0.03309 2.06329
v 2.85529 -0.25537 1.62944
v 2.80883 -0.23800 1.68862
v 2.93824 -1.12687 1.66540
v 2.93283 -1.16975 1.70569
v 2.80847 -0.12634 1.92558
v 2.90965 -1.19142 1.71166
v 2.95412 -0.67402 1.73830
v 2.98831 -0.41610 1.77899
v 2.94340 -0.30577 1.67003
v 2.80856 -0.23849 1.82831
v 3.04739 -1.16128 1.79740
v 2.97384 -0.28579 1.78178
v 3.18978 -0.32897 1.96528
v 2.91581 -0.24553 1.86876
v 3.16630 0.17563 2.39588
v 2.75913 1.59683 -1.32868
v 3.16983 -1.13976 1.89719
v 3.20389 -0.50906 2.30514
v 2.54614 -1.18749 2.31328
v 3.19154 -1.14098 2.30977
v 2.86734 -0.50499 2.32691
v 3.19859 -0.51331 2.32183
v 2.25748 -0.74651 2.32479
v 2.23594 -1.03795 2.32425
v 2.27523 -0.51495 2.32710
v 2.29523 -0.44533 2.37502
v 2.29918 -0.32997 2.47271
v 2.25348 -0.62895 2.46980
v 2.21830 -1.06581 2.47646
v 3.19019 -0.18308 2.59783
v 2.20227 -1.20422 2.48171
v 3.14341 0.59249 2.76538
v 2.28876 -0.23466 2.56179
v 3.03230 -1.82497 2.50005
v 3.07601 -0.62627 2.47796
v 2.26014 -0.60166 2.51052
v 2.10936 -1.88640 2.50779
v 2.48370 -0.45671 2.66648
v 2.27840 -0.51878 2.60167
v 3.30834 -0.68923 2.55592
v 3.28953 -1.82853 2.55188
v 3.26801 -2.15343 2.81593
v 3.30230 -0.65191 2.55450
v 2.29276 -0.04781 2.71857
v 3.30174 -0.22277 3.07338
v 2.28195 -0.36324 2.75019
v 2.09281 -2.39760 3.02387
v 2.28188 0.03964 2.79789
v 3.17766 0.21100 2.94029
v 3.07524 -0.17566 2.94322
v 3.28666 -1.63104 3.06143
v 2.28532 -0.17445 2.93325
v 2.28216 -0.26589 2.84681
v 2.28709 0.11671 2.85930
v 2.28234 0.20525 2.93692
v 3.14897 0.56509 3.58038
v 3.29036 -0.94096 3.06472
v 3.17189 -1.10755 3.07939
v 3.16186 -0.98157 3.07512
v 3.16563 -0.94142 3.07966
v 2.28314 0.19134 3.51904
v 3.24883 -1.03224 3.39180
v 3.16723 -1.57615 3.07698
v 3.14708 -1.59273 3.08726
v 3.15465 -0.85170 3.14843
v 3.29087 -0.84479 3.14160
v 3.07727 -0.17506 4.29498
v 3.16246 -0.73732 3.24219
v 3.30116 -0.68878 3.27212
v 3.29353 -0.21793 4.25455
v 3.16323 -0.72330 4.00164
v 2.70005 -2.39686 3.02338
v 3.28738 -1.89356 3.30878
v 3.29430 -1.81815 3.22093
v 3.24757 -2.39899 3.03204
v 2.06984 -1.21419 4.03955
v 3.17082 -1.71052 3.19667
v 3.24686 -1.53722 3.39071
v 3.24543 -2.40000 3.86643
v 3.19577 -1.85312 3.31920
v 3.24976 -1.53686 3.87525
v 3.19618 -1.84640 3.94875
v 3.28711 -1.89614 3.96676
v 3.24522 -1.01426 3.67350
v 3.27994 -1.12418 3.39426
v 3.28705 -1.52733 3.40078
v 3.28674 -1.02134 3.41147
v 3.28022 -1.02061 3.87227
v 3.29449 -0.70318 3.97820
v 3.28735 -1.52847 3.86642
v 2.08614 -2.39468 4.21522
v 3.25482 -1.02801 3.87907
v 3.16191 -0.79189 4.05999
v 3.25570 -1.40328 3.87912
v 3.18611 -0.94837 4.16982
v 3.18234 -1.59643 4.16335
v 2.07454 -1.21502 4.37227
v 3.25509 -2.38673 4.20079
v 3.28400 -0.75896 4.02298
v 3.28800 -0.85672 4.10638
v 3.28775 -0.95593 4.19944
v 3.24190 -2.39984 4.20572
v 3.29195 -1.64315 4.20425
v 3.28481 -0.80977 4.70717
v 3.28242 -1.84255 4.71454
v 3.28721 -0.49399 4.47545
v 3.28760 -0.67101 4.60431
v 3.26776 -2.06885 4.51262
v 2.47686 4.14864 -3.83320
v -2.45683 4.14428 -3.83975
v -2.44487 4.60592 -3.48840
v -2.41246 3.90493 -3.25380
v -2.40851 3.96686 -2.04370
v -2.40244 4.12617 -3.15926
v 2.44230 4.60553 -1.58769
v -2.44491 4.60189 -1.59165
v -2.39456 4.13416 -2.88949
v -2.47794 4.22131 -3.22426
v -2.51116 4.19932 -1.66766
v -2.48920 4.14432 -3.24261
v -2.40671 4.13771 -2.02930
v -2.54211 3.41031 -1.96211
v -2.50554 2.73918 -2.07623
v -2.48315 4.17275 -1.93776
v -2.59028 3.08434 -1.72223
v -2.63106 2.59127 -1.74595
v -2.18749 2.94059 -1.61517
v -2.67023 1.91488 -1.97923
v -2.22118 2.40178 -1.64363
v -2.25481 1.86427 -1.66786
v -2.23592 2.33388 -1.47753
v -2.16571 3.19944 -1.59564
v -2.20638 2.73136 -1.45904
v -2.17891 4.16379 -1.60249
v -2.39135 4.19984 -1.57072
v -1.18254 4.16524 -1.59722
v -1.75638 4.16794 -1.59504
v -1.18624 4.15654 -1.57667
v -0.44557 4.16467 -1.59546
v 0.05908 4.15766 -1.57095
v 0.28648 4.16160 -1.59492
v -0.75805 4.20475 -1.57331
v -0.86370 4.16003 -1.59619
v -2.14679 3.46875 -1.57714
v -0.86542 4.15489 -1.57379
v -2.17299 3.18373 -1.43523
v -2.13140 3.70408 -1.56774
v -2.00529 4.15678 -1.57952
v -1.43516 4.06369 -1.54021
v 0.13244 4.30274 -1.57716
v -0.59349 4.08656 -1.53879
v 0.02663 4.07611 -1.52923
v -2.19387 2.91411 -1.44915
v -2.10314 4.03626 -1.54270
v -2.15940 3.35840 -1.42865
v -1.41633 4.06490 -1.40071
v -2.13832 3.67543 -1.41432
v -2.58791 2.58898 -1.42167
v -2.62758 2.06542 -1.44385
v -2.60589 2.32621 -1.43349
v -2.11424 4.03355 -1.39677
v -2.62675 2.36618 -1.39934
v -2.63813 2.82281 -1.20277
v 0.16279 4.07565 -1.40497
v -2.12466 3.89929 -1.40076
v -2.48541 3.83414 -1.37312
v -0.06583 4.48536 -1.37054
v -2.52355 3.31300 -1.39461
v -2.44027 4.39383 -1.35394
v -2.63821 3.15696 -1.25994
v 0.66377 4.05571 -1.40391
v -2.42904 4.51584 -1.35230
v -2.09050 4.12029 -3.65208
v 2.17124 2.83756 -4.28357
v -2.19979 2.58803 -4.40761
v -2.25340 3.48553 -4.05910
v -2.63153 2.73596 -4.44339
v -2.59816 3.07100 -4.26636
v -2.55496 3.41445 -4.09673
v -2.19734 4.12224 -3.73944
v -2.50230 3.86723 -3.86391
v -2.67759 3.09814 -3.87775
v -2.47246 4.12378 -3.73897
v 0.33129 4.12283 -3.65609
v -2.69299 2.94812 -3.94974
v -2.46848 3.20087 -3.60052
v -2.47845 4.13300 -3.83341
v -2.63788 3.44782 -3.68612
v -2.60948 3.68675 -3.55949
v -2.48363 4.16635 -3.63140
v -2.43195 3.68710 -3.36501
v -2.57574 3.97859 -3.40641
v -2.55449 4.16212 -3.31901
v -2.49565 4.16976 -3.27459
v -2.53572 2.40509 -2.07612
v -0.76027 2.02534 -4.68288
v -1.67533 2.02185 -4.68719
v -2.40249 2.07099 -4.78522
v -2.67525 2.36314 -4.63259
v -2.64789 2.58544 -4.52071
v -2.79741 2.05457 -4.42538
v -2.77435 2.23896 -4.32813
v -2.97737 1.88558 -4.32382
v -3.55904 2.73445 -4.32478
v -2.93536 2.77582 -4.32453
v -3.53078 2.40369 -4.30905
v -3.58046 2.52333 -4.32196
v -3.58045 2.44766 -4.21225
v -3.54567 1.97406 -4.32535
v -3.58979 2.11401 -4.27403
v -3.61412 1.72602 -3.88601
v -3.56063 2.72836 -3.87368
v -2.78672 2.03410 -3.37181
v -2.76595 2.01268 -4.39777
v -2.80647 2.02503 -4.41102
v -3.57281 2.72759 -4.26737
v -2.64742 2.01869 -4.27295
v -2.74456 1.98840 -3.65531
v -2.56307 2.03120 -4.17555
v -2.73038 2.61312 -4.13412
v -2.54377 2.28053 -4.05790
v -2.87972 2.77613 -3.88095
v -2.93506 2.07535 -4.11009
v -2.88278 1.92341 -4.12081
v -2.95740 1.89251 -4.24531
v -2.56392 2.02518 -4.03725
v -2.88044 1.93012 -4.08572
v -2.81951 1.95538 -4.06496
v -2.92179 1.90971 -3.96425
v -2.91568 1.90919 -3.88468
v -2.82552 1.94549 -3.67194
v -2.53032 2.46761 -3.96782
v -2.51873 2.59323 -3.90495
v -2.98739 1.87179 -3.86833
v -2.99589 1.75414 -3.87112
v -2.56647 1.99147 -3.30290
v -2.98136 1.86462 -3.81586
v -2.99055 1.56161 -3.83087
v -2.83519 1.45664 -3.67328
v -2.81362 2.03109 -3.36501
v -2.82258 1.78126 -3.37263
v -2.74458 1.98493 -3.36502
v -2.75529 1.68738 -3.36135
v -2.72408 1.96019 -2.90761
v -2.56793 1.96510 -2.22726
v -2.72635 1.66713 -2.67449
v -2.72281 1.94832 -2.77662
v -2.71336 1.92314 -2.46222
v -2.69553 1.90661 -2.10360
v -2.57443 1.95781 -2.08645
v -2.76542 1.26179 -3.36506
v -2.77008 1.11176 -3.36836
v -2.73871 1.28989 -2.65813
v -2.71377 0.71528 -1.79576
v -2.76414 1.64160 -2.65642
v -2.78274 1.30045 -2.65462
v -2.72341 1.64583 -2.41617
v -2.72723 1.27949 -2.50332
v -2.76217 1.63291 -2.05867
v -2.72394 1.28481 -2.06238
v -2.78156 1.29505 -2.06238
v -2.71324 1.29662 -2.04565
v -2.70577 1.63665 -2.04839
v -2.76474 1.29702 -2.04900
v -2.69284 -0.22420 -1.80266
v -2.36385 -0.35942 -1.77028
v -2.71009 -0.33860 -1.77909
v -2.26988 1.47382 -1.68462
v -2.26922 -0.34295 -1.76140
v -2.26305 0.05239 -1.73977
v -2.27072 0.45130 -1.71762
v -2.28910 0.20246 -1.55612
v -2.29082 1.02882 -1.53916
v -2.29723 -0.34225 -1.55268
v -2.28388 1.61054 -1.51143
v -2.52587 0.73187 -1.50560
v -2.51808 -0.37005 -1.51808
v -2.68592 -0.39760 -1.49063
v -2.28688 1.39421 -1.52323
v -2.53327 1.46185 -1.47613
v -2.26340 1.91114 -1.49827
v -2.67197 1.26622 -1.47202
v -2.69682 0.77665 -1.47839
v -2.69243 0.91464 -1.44544
v -2.75882 -0.24265 -1.41059
v -2.71033 1.52975 -1.40024
v -2.63625 1.82507 -1.44814
v -2.61633 1.62104 -1.45423
v -2.66505 1.65174 -1.45639
v -2.64038 1.72045 -1.43194
v -2.80439 0.74022 -1.33670
v -2.70052 1.72847 -1.38344
v -2.76026 -0.23666 -1.83779
v -2.97012 -0.28073 -1.04350
v -2.88403 -0.20996 -0.14967
v -2.89787 -0.22130 -0.62401
v -3.09423 -0.83932 -2.57816
v -3.18092 -0.21253 -3.44826
v -2.96267 -0.17599 -3.41665
v -2.97731 -0.18192 -4.74684
v -3.10713 0.24479 -3.61451
v -2.14283 0.22157 -4.15064
v -2.14382 0.22019 -3.60314
v -2.14363 -0.17117 -4.02106
v -2.14542 -0.16890 -3.41703
v -2.14715 0.10764 -3.49405
v -3.18604 -0.69924 -3.72466
v -3.17394 -0.82108 -2.99173
v -3.18228 -0.37997 -3.32298
v -3.18106 -0.94550 -3.51059
v -2.73742 0.66012 -3.39329
v -2.77130 0.68688 -3.36501
v -2.83857 0.72429 -3.38171
v -2.15149 -0.00846 -3.38824
v -3.19684 -0.22099 -4.60786
v -2.15482 -0.73210 -2.95065
v -3.12899 -0.78605 -2.98708
v -2.96070 -0.72465 -2.95888
v -2.71202 0.66994 -3.38300
v -3.06800 0.52500 -3.40126
v -2.77049 0.65202 -3.36535
v -3.08650 -0.49497 -2.82794
v -2.77547 0.55348 -3.25114
v -3.09604 0.54664 -4.90323
v -2.15118 -0.19309 -3.22124
v -3.08179 0.28371 -3.19309
v -3.09150 -0.30472 -3.11597
v -2.91326 -0.51227 -2.92813
v -2.76920 0.43530 -3.13209
v -2.13141 -0.48768 -3.15378
v -2.14516 -0.31341 -3.11557
v -2.14528 -0.43370 -3.00807
v -2.13080 -0.55340 -3.09296
v -3.09467 -0.06759 -2.88736
v -2.14524 -0.57096 -2.93213
v -3.08571 -0.51083 -2.92959
v -2.13430 -0.66419 -3.00437
v -2.36000 -0.50145 -2.93207
v -2.76776 0.25915 -2.96115
v -2.13403 -0.74047 -2.94235
v -2.14189 -0.67173 -2.91289
v -2.12243 -0.86519 -2.94235
v -3.05942 -1.11679 -2.86871
v -3.09868 -0.36099 -2.62683
v -2.75495 -0.13466 -2.57891
v -2.96049 -0.27938 -2.57598
v -2.99037 -0.34526 -2.56487
v -2.75480 -0.23149 -2.48177
v 2.09853 -1.20265 -2.85869
v -1.99636 -1.21052 -2.95015
v -1.98634 -1.22175 -3.70913
v -3.17787 -1.62613 -2.99423
v -2.96503 -1.79138 -2.95976
v -2.01957 -1.79005 -2.95268
v -2.10773 -1.20332 -2.94327
v -2.10987 -1.19778 -2.86787
v -3.05296 -1.13157 -2.60881
v -3.07788 -0.80977 -2.61116
v -3.06046 -0.72577 -2.59253
v -3.03176 -0.88835 -2.57858
v -3.04961 -0.81663 -2.58531
v -2.99649 -1.02659 -2.54546
v -2.74802 -0.23843 -2.24487
v -2.74086 -0.23882 -2.12950
v -2.73632 -0.24808 -1.88217
v -2.74146 -0.27333 -1.85838
v -2.72393 -0.31781 -1.78395
v -2.68291 -0.42229 -1.80878
v -2.60665 -0.40974 -1.79172
v -3.04583 -1.61001 -4.58830
v -3.18954 -0.94467 -4.61252
v -3.18158 -1.64167 -4.60430
v -3.06346 -0.94367 -4.59548
v -3.06170 -1.23372 -4.59283
v -3.13958 -1.53080 -4.30075
v -3.18622 -1.82078 -5.10416
v -3.13897 -2.39566 -4.64471
v -3.17825 -1.88570 -4.38318
v -3.14080 -1.01636 -4.29348
v -3.05240 -0.79208 -4.46347
v -3.05748 -0.86527 -4.52919
v -3.08806 -1.84540 -4.37949
v -2.00276 -2.39583 -4.63757
v -1.98918 -1.77688 -4.69858
v -1.99998 -2.39286 -3.51442
v -3.19260 -0.69213 -4.41383
v -3.05586 -0.71969 -3.71838
v -3.05979 -0.72301 -4.41487
v -3.17247 -1.53489 -4.29173
v -3.16932 -1.02232 -4.29648
v -3.17868 -1.52804 -3.83181
v -3.18043 -1.01885 -3.84310
v -3.17878 -1.89230 -3.74312
v -3.08803 -1.84533 -3.75704
v -3.14660 -1.01375 -3.83893
v -3.16344 -1.54091 -3.83943
v -3.14186 -1.53751 -3.83555
v -3.14560 -2.30639 -3.42747
v -3.12627 -2.39368 -3.49977
v -1.98620 -1.23571 -4.35940
v -3.17155 -1.02071 -3.83258
v -3.08661 -1.74483 -3.67002
v -3.05888 -0.76295 -3.67920
v -3.07981 -1.61166 -3.55359
v -3.18850 -1.64087 -3.51061
v -3.07064 -0.86346 -3.60170
v -3.17857 -0.81403 -3.63936
v -3.07993 -0.93666 -3.54796
v -3.17447 -1.82087 -2.99308
v -3.15698 -2.15739 -3.29229
v -2.00305 -2.24416 -3.37182
v -3.17140 -1.96415 -3.12056
v -2.00701 -1.78909 -2.96953
v -2.01256 -1.88851 -3.04154
v -2.76832 1.64626 -6.29198
v -2.75779 1.85726 -5.49427
v -1.35439 2.03098 -4.85193
v -2.44531 2.01955 -4.82550
v -2.75156 1.94097 -5.19339
v -2.76172 1.62216 -4.83013
v -2.74872 2.02818 -4.84780
v -2.75843 1.99148 -4.82002
v -2.77571 1.40375 -4.82346
v -2.77882 1.14486 -4.82865
v -2.70501 2.01305 -4.81556
v -2.79650 1.40050 -4.82443
v -2.81379 0.98817 -4.82607
v 0.62965 2.03474 -4.84405
v 0.26578 2.02512 -4.68278
v -2.80684 0.83009 -4.47900
v -2.82322 1.44029 -4.50858
v -2.80551 2.01589 -4.81811
v -2.80624 1.56362 -4.74879
v -2.81465 1.94192 -4.52547
v -2.80862 2.01852 -4.66182
v -2.31525 2.02465 -4.74366
v -2.74473 1.97809 -4.79816
v -2.22540 2.02633 -4.68320
v -2.75483 1.98571 -4.71084
v -2.71363 2.06147 -4.78107
v -2.68930 2.22268 -4.70640
v -2.77495 2.01280 -4.59965
v -2.80063 2.02634 -4.46683
v -2.84548 1.57954 -4.50946
v -2.98170 1.54657 -4.36947
v -2.98458 1.85134 -4.37225
v -2.89084 1.48022 -4.05714
v -2.93887 1.89183 -4.41136
v -2.83308 1.28711 -4.10174
v -2.98926 1.74724 -4.32119
v -2.78456 0.66567 -4.82067
v -3.60974 1.72622 -4.32720
v -3.60730 1.82718 -4.32507
v -3.59603 1.70909 -4.31928
v -2.99065 1.73481 -4.25567
v -3.10478 1.73260 -4.21000
v -3.18138 1.72972 -4.15517
v -3.04584 1.67463 -4.20602
v -2.98976 1.64813 -4.20460
v -2.99580 1.59250 -4.09612
v -3.19863 1.73059 -4.06491
v -2.99049 1.61930 -4.00642
v -3.05432 1.65452 -3.99073
v -3.17216 1.72959 -4.01377
v -2.99051 1.66767 -3.95766
v -2.99054 1.74366 -3.92956
v -3.59736 1.70928 -3.88463
v -1.96460 1.00964 -6.36899
v -2.76179 1.00903 -6.36885
v -2.75910 1.01953 -6.33971
v -1.95360 1.00561 -6.33932
v -2.77784 1.16964 -6.33724
v -1.69481 1.25907 -6.34160
v -1.64423 1.24744 -6.34667
v -1.64667 0.89315 -6.34796
v -1.68747 1.29201 -6.30612
v -1.57182 1.25608 -6.43345
v -2.79206 0.66609 -5.10417
v -1.82959 1.18361 -6.33584
v -2.81690 -0.21086 -6.33292
v -1.72571 1.26519 -6.31386
v 0.96550 1.31811 -6.31234
v -2.78627 0.85392 -4.83389
v -2.79834 0.35429 -5.36746
v 1.74599 1.64161 -6.29970
v -3.15404 -0.12320 -5.49310
v -3.13699 0.08256 -5.31659
v -2.80402 0.17962 -5.49218
v -2.80154 0.29194 -5.40196
v -3.16625 -0.19341 -5.10367
v -3.12455 0.25787 -5.16062
v -2.82581 0.64955 -5.09448
v -2.98448 -0.61579 -5.18183
v -3.15657 0.06792 -4.89379
v -2.14506 0.22629 -4.82475
v -2.15353 0.01682 -5.00262
v -2.15126 0.17173 -4.87994
v -2.14442 -0.17247 -4.74521
v -2.65078 0.22611 -4.79570
v -3.14498 0.22955 -4.75128
v -3.18427 -0.75059 -4.44963
v -3.20551 -0.54299 -4.98984
v -2.81861 0.72339 -4.82494
v -2.77299 0.69380 -4.81161
v -2.16251 -0.15894 -5.13846
v -2.72703 0.68327 -4.80990
v -2.81678 0.71973 -4.65448
v -2.75496 0.69103 -4.54861
v -2.87172 -1.21334 -6.74935
v -2.87278 -0.25164 -6.74276
v -1.71232 -1.21141 -6.74938
v -1.62917 -1.22309 -6.70311
v -3.06686 -1.22232 -5.73791
v -2.98749 -1.22337 -6.19145
v -3.02479 -0.25241 -6.02429
v -2.60442 0.19744 -6.34045
v -2.62682 -0.10352 -6.33988
v -3.08151 -0.66405 -5.74369
v -3.08239 -0.26238 -5.75548
v -3.06793 -0.25143 -5.73714
v -3.08172 -1.21636 -5.75642
v -2.82149 -0.21603 -5.81876
v -1.73375 -1.24273 -5.69717
v -2.08255 -1.24071 -5.71148
v -2.66485 -1.22208 -5.71736
v -3.03551 -0.24903 -5.69887
v -3.06801 -0.29059 -5.72793
v -3.07204 -1.04587 -5.72752
v -3.06954 -0.47657 -5.73429
v -3.06674 -0.87441 -5.72973
v -3.06632 -0.57242 -5.73119
v -3.03781 -1.06911 -5.72514
v -3.16607 -0.30718 -5.65827
v -2.67359 -1.14565 -5.71751
v -2.44757 -1.18015 -5.71079
v -3.15342 -1.03652 -5.68580
v -2.91750 -1.07803 -5.59279
v -2.36134 -1.17091 -5.61734
v -2.10385 -1.21503 -5.58541
v -2.07280 -1.24896 -5.47941
v -3.17616 -0.48007 -5.32959
v -3.17920 -0.41361 -5.28598
v -2.09483 -1.22548 -5.44261
v -2.82428 -1.09758 -5.39811
v -2.56211 -1.15297 -5.41921
v -3.14918 -1.03445 -5.37945
v -3.15704 -0.91747 -5.36397
v -2.08667 -1.23946 -5.17523
v -2.11136 -1.02306 -5.43202
v -2.13112 -0.88834 -5.43357
v -2.15782 -0.50750 -5.42000
v -2.00982 -1.24819 -5.16693
v -2.15019 -0.61576 -5.18155
v -2.16396 -0.22218 -5.19243
v -2.93024 -1.80363 -5.15630
v -2.15750 -0.48949 -5.04181
v -2.01869 -1.88915 -5.15043
v -3.20600 -0.63368 -5.10071
v -2.01373 -2.06084 -4.98234
v -1.98537 -1.24304 -4.77334
v 1.99118 -1.22895 -3.80472
v -0.69579 -0.39040 -6.74960
v -0.04567 -0.39063 -6.74976
v -0.70375 -1.00268 -6.74962
v -1.71684 -0.26330 -6.75000
v -1.63070 -0.24442 -6.70221
v -0.71101 -0.40906 -6.73924
v -1.87861 -0.19761 -6.34057
v -0.48961 -0.38366 -6.71509
v 0.07327 -0.38362 -6.71570
v -0.70705 -0.38769 -6.71218
v -0.71689 -1.01685 -6.70798
v -0.69377 -1.01945 -6.73939
v 0.08812 -1.22268 -6.70113
v -0.35198 -0.25144 -6.70805
v -1.05951 -0.20618 -6.35145
v -1.37513 0.20925 -6.43810
v -0.76609 -0.13322 -6.44435
v -1.57365 -0.13060 -6.44325
v -1.36618 0.47902 -6.43258
v 0.41417 -0.13354 -6.44447
v 0.43220 1.25912 -6.43169
v -1.36588 0.93632 -6.43409
v -1.36370 0.65920 -6.42754
v 1.37139 0.65236 -6.43238
v -1.41125 0.66224 -6.31997
v -1.62942 -0.13753 -6.35246
v -1.64701 0.14434 -6.34807
v 1.38833 0.48076 -6.43690
v -1.42180 -0.13977 -6.35216
v -0.75655 -0.13963 -6.35210
v -1.40745 0.20644 -6.32366
v -2.06228 -0.10650 -6.38951
v -2.62026 -0.08672 -6.39379
v -2.61986 0.18068 -6.38563
v -2.06112 0.17876 -6.39040
v -2.62397 -0.10702 -6.37758
v -2.06510 0.19420 -6.34025
v -0.20236 -0.13946 -6.35187
v -1.41405 0.91303 -6.32362
v -1.97536 0.30926 -6.36882
v -2.76941 0.32236 -6.36898
v -2.05858 -0.10991 -6.34000
v 0.74935 -1.21983 -6.65812
v -0.30775 -0.20587 -6.35199
v -2.05052 -0.09609 -6.34005
v -1.41298 0.47022 -6.31798
v -1.71942 -0.20356 -6.34344
v -1.12063 0.47552 -6.32173
v -1.71549 -0.19699 -6.31987
v -1.95540 0.31318 -6.33940
v -1.40455 0.92610 -6.31304
v 1.37797 0.20081 -6.43914
v -0.17055 0.47554 -6.32024
v -0.81176 0.47376 -6.31733
v 0.27675 0.92620 -6.31302
v 2.02246 -1.24228 -5.17568
v 2.49294 4.18120 -2.38859
v 2.39286 4.13390 -2.04777
v 2.39295 4.13428 -2.25354
v 2.48392 4.16570 -1.95110
v 2.50385 4.17554 -2.01024
v 2.46784 3.22979 -2.05639
v 2.51054 4.19984 -1.66456
v 2.44889 4.59886 -3.49314
v 2.57338 3.33148 -1.71214
v 2.60742 2.88820 -1.73446
v 2.53958 3.74976 -1.69448
v 2.30856 2.30887 -1.67089
v 2.49902 4.17212 -1.66918
v 2.24066 2.57560 -1.62870
v 2.25447 2.34624 -1.64319
v 2.18761 3.39018 -1.56952
v 2.25856 4.02683 -1.57899
v 2.33550 4.17032 -1.62982
v 2.39156 4.17651 -1.64353
v 2.39356 4.18908 -1.57360
v 2.22299 2.98759 -1.44714
v 2.17611 4.16197 -1.60177
v 2.14027 3.99938 -1.52759
v 0.78078 4.19879 -1.57399
v 2.42961 4.59492 -1.57508
v 1.23734 4.03702 -1.51149
v 2.29507 1.88721 -1.50734
v 1.59349 4.03344 -1.38576
v 2.14708 4.00583 -1.38296
v 2.17120 3.72497 -1.40049
v 2.34159 1.77397 -1.50718
v 2.19891 3.36311 -1.42111
v 2.37048 3.56099 -1.41579
v 2.48910 3.74423 -1.38728
v 2.61419 2.23891 -1.44306
v 2.53201 4.60516 -1.19368
v 2.41833 4.49537 -1.35897
v 2.60723 2.98276 -4.31766
v 2.64226 2.67865 -4.46996
v 2.28566 3.21380 -4.20062
v 3.57732 2.72624 -4.32349
v 2.94636 2.77684 -4.31730
v 2.89197 2.77589 -3.87431
v 2.96962 2.12603 -4.32073
v 2.73169 2.59233 -4.13980
v 2.15655 3.22060 -4.09642
v 2.58028 3.20535 -4.20691
v 2.55907 3.42700 -4.08891
v 2.68249 3.05630 -3.89902
v 2.24152 3.60097 -3.99948
v 2.51767 3.80131 -3.89498
v 1.22164 4.12070 -3.65223
v 2.54499 2.27722 -4.06810
v 2.50393 2.74051 -3.82602
v 2.10159 3.96835 -3.72825
v 3.56880 2.73341 -3.87559
v 2.98946 1.86871 -3.86694
v 2.91275 2.08867 -3.88087
v 2.56616 2.00659 -3.38775
v 2.49290 4.17256 -3.54489
v 2.47629 4.12533 -3.73587
v 2.08829 4.12041 -3.65216
v 2.56628 1.95833 -2.09353
v 2.19625 4.12301 -3.73848
v 2.74297 1.98283 -3.37887
v 2.79908 2.03540 -3.37954
v 2.81283 2.03552 -3.76019
v 2.49635 4.15533 -3.63311
v 2.81710 2.02928 -3.36676
v 2.82422 1.95457 -3.67588
v 1.88873 4.12039 -3.65245
v 2.60122 3.78947 -3.51270
v 2.49816 4.14415 -3.24720
v 2.43508 3.63370 -3.39542
v 2.55766 4.15826 -3.32344
v 2.75521 1.97312 -3.36775
v 2.76401 1.36591 -3.36471
v 2.47568 4.12755 -3.23054
v 2.39996 4.12025 -3.15377
v 2.50424 4.16130 -2.55810
v 2.73193 1.63614 -2.66789
v 2.39774 4.13121 -2.78311
v 2.70498 1.91642 -2.29394
v 2.73760 1.29631 -2.66509
v 2.72840 1.65165 -2.60554
v 2.75389 1.63999 -2.66213
v 2.70451 1.64614 -2.06020
v 2.75277 1.63860 -2.06011
v 2.66359 1.91732 -1.99061
v 2.68425 1.93250 -1.78140
v 2.64251 2.44370 -1.75402
v 2.28932 1.84670 -1.67682
v 2.77501 1.29875 -2.65608
v 2.73296 1.28609 -2.54286
v 2.77411 1.29320 -2.05903
v 2.69107 0.01816 -1.79578
v 2.72548 1.28629 -2.27400
v 2.71178 1.28623 -2.05198
v 2.28889 0.73112 -1.71959
v 2.68488 -0.44761 -1.80330
v 2.27478 0.09285 -1.74732
v 2.49298 -0.40155 -1.79133
v 2.30997 -0.21114 -1.58106
v 2.39033 1.29923 -1.71781
v 2.29594 1.33935 -1.69873
v 2.31958 0.72854 -1.57250
v 2.31178 1.35167 -1.53642
v 2.30492 1.76717 -1.51529
v 2.30980 1.50755 -1.52571
v 2.70719 -0.26435 -1.47782
v 2.69382 0.76466 -1.48181
v 2.66506 1.61674 -1.46453
v 2.80665 -0.23499 -1.33528
v 2.73689 -0.30816 -1.43852
v 2.77000 -0.23489 -1.39684
v 2.96132 -0.28652 -1.56908
v 2.83867 -0.24660 -1.18145
v 2.80853 -0.23820 -0.26249
v 3.09522 -0.83056 -2.58086
v 2.80241 1.63425 -6.29357
v 2.78746 1.74307 -5.91690
v 2.77474 1.84111 -5.55339
v 2.80889 1.14055 -6.33428
v 2.76733 1.92384 -5.24029
v 2.35583 2.03181 -4.84121
v 2.78091 1.04224 -4.82995
v 2.75382 2.00000 -4.96995
v 2.77432 1.46510 -4.82371
v 2.75315 2.02745 -4.84780
v 2.30614 2.01877 -4.82705
v 2.70178 2.01002 -4.81479
v 2.77050 1.98980 -4.81957
v 2.39520 2.02042 -4.80990
v 2.18891 2.02205 -4.68907
v 2.25253 2.02033 -4.70467
v 2.81609 2.01462 -4.81014
v 2.72423 1.99187 -4.81145
v 2.82281 0.74489 -4.82374
v 2.81578 2.02076 -4.42250
v 2.82260 1.95135 -4.50460
v 2.82733 1.43574 -4.51473
v 2.69158 2.23597 -4.69919
v 2.76780 2.00027 -4.63019
v 0.81666 2.02519 -4.68290
v 2.79648 2.03112 -4.42458
v 1.52684 2.02561 -4.68314
v 2.23156 2.11279 -4.64347
v 2.82292 1.91046 -4.53088
v 2.82963 1.43447 -3.76770
v 2.93307 1.89431 -4.42749
v 2.76665 2.01378 -4.37995
v 2.98889 1.86164 -4.36620
v 2.99274 1.86541 -4.33491
v 2.98928 1.55028 -4.37909
v 2.71879 2.02087 -4.34534
v 2.99566 1.75393 -4.33100
v 2.99696 1.74327 -4.26280
v 3.61367 1.71470 -4.31947
v 3.20689 1.72795 -4.12067
v 2.99544 1.65494 -4.21034
v 2.82947 1.95122 -3.99131
v 3.00127 1.59432 -4.11178
v 2.56608 2.03432 -4.17919
v 3.04954 1.66960 -4.20728
v 2.96767 1.88227 -4.25659
v 2.90621 1.91641 -4.13665
v 3.17038 1.72634 -4.18222
v 2.93679 2.06931 -4.07900
v 2.99580 1.55992 -3.85410
v 3.00207 1.59889 -4.05097
v 2.90338 1.91967 -4.03694
v 3.14893 1.70164 -4.01252
v 2.92362 1.90624 -3.87105
v 2.92716 1.90885 -3.98016
v 3.18662 1.72934 -4.01724
v 2.99578 1.67771 -3.95086
v 2.73227 1.00797 -6.36123
v 2.72847 1.01883 -6.33882
v 2.74298 0.90683 -6.33562
v 1.94190 1.00990 -6.36241
v 1.93311 1.02617 -6.33661
v 2.80611 0.73341 -6.31047
v 1.82126 1.18550 -6.33587
v 2.82074 0.07345 -5.98807
v 2.80508 0.44451 -5.27751
v 3.16194 -0.12011 -5.03850
v 3.18648 -0.48810 -5.33915
v 3.13366 0.05906 -5.34248
v 3.10711 0.35677 -5.07877
v 2.82132 -0.06654 -5.67406
v 3.08644 0.55019 -4.90875
v 2.80017 0.66799 -5.08145
v 2.16311 0.09528 -4.94204
v 2.16386 -0.04307 -5.04608
v 2.41731 0.22281 -4.82008
v 3.15568 0.05868 -4.89878
v 3.15177 -0.08041 -5.00226
v 2.79476 0.66929 -4.85692
v 2.79812 0.70074 -4.82000
v 2.14914 0.22689 -4.82568
v 2.15750 -0.25899 -4.82362
v 2.16890 -0.17550 -4.74641
v 2.97744 -0.18190 -4.74732
v 3.14190 0.23241 -4.75197
v 2.72451 0.68315 -4.80985
v 3.20295 -0.64347 -5.10691
v 2.98052 -0.61670 -5.18251
v 3.19840 -0.22052 -4.60569
v 2.15522 -0.17957 -4.75801
v 2.73891 0.68096 -4.66076
v 2.73677 0.67590 -4.74521
v 3.10581 0.23650 -3.60752
v 2.14337 0.22637 -4.03523
v 2.73547 0.67521 -4.51484
v 3.19680 -0.21739 -4.39355
v 3.18673 -0.69873 -4.41126
v 3.18538 -0.94157 -4.60516
v 2.97045 -0.18190 -3.41058
v 2.83680 0.71762 -3.37517
v 2.73680 0.67824 -4.40554
v 2.73687 0.67303 -4.10853
v 2.14288 0.21979 -3.60360
v 0.82066 -0.45406 -6.74975
v 0.56901 -0.39089 -6.74959
v 0.82117 -0.38943 -6.74400
v 0.20851 -0.39093 -6.74958
v 0.81893 -1.00352 -6.74918
v 0.83451 -1.01949 -6.70949
v 0.82301 -0.38083 -6.71264
v 0.82709 -0.95099 -6.71499
v 1.71749 -0.25284 -6.74934
v 1.59582 -1.11692 -6.71367
v 1.62012 -0.24446 -6.70143
v 1.32628 -1.03019 -6.69380
v 1.20014 -1.19879 -6.62857
v 1.61615 -1.22205 -6.70126
v 1.40005 -1.22825 -6.49861
v 1.60953 -0.13359 -6.43886
v 0.38100 -0.20623 -6.35148
v 0.77501 0.93633 -6.42528
v 0.07421 -0.13965 -6.35221
v 0.74076 -0.13980 -6.35241
v 1.41045 -0.14729 -6.34777
v 1.49012 -0.20363 -6.34784
v 1.43021 0.20513 -6.32010
v 0.74592 0.92615 -6.31309
v 2.08093 -1.23533 -5.44042
v 1.38012 0.93644 -6.43559
v 1.60796 1.25768 -6.42987
v 1.65874 1.25865 -6.36887
v 1.67938 0.62798 -6.34791
v 0.91461 1.15857 -6.42847
v 0.92831 1.26123 -6.38316
v 1.69449 -0.20005 -6.34585
v 1.36763 0.92598 -6.42065
v 1.37534 0.21101 -6.42065
v 1.65778 -0.14815 -6.34765
v 1.04395 0.92633 -6.31295
v 1.42647 0.80928 -6.31321
v 1.56023 1.26531 -6.31998
v 1.69457 1.29241 -6.30653
v 1.41666 0.65540 -6.31936
v 1.43177 0.47020 -6.31238
v 2.02647 0.17613 -6.38861
v 2.02447 -0.09609 -6.39089
v 2.02272 -0.10286 -6.34361
v 1.30020 -0.14125 -6.43201
v 2.01891 0.07348 -6.34096
v 2.71856 0.30866 -6.36358
v 1.94149 0.31965 -6.36304
v 1.88628 -0.19703 -6.34086
v 1.72442 -0.19865 -6.32413
v 2.02296 0.18749 -6.33966
v 1.70718 1.25907 -6.34119
v 1.71434 0.79869 -6.33687
v 1.72066 -0.03560 -6.31997
v 1.29187 0.47557 -6.32008
v 1.43069 0.92639 -6.31293
v 1.71719 1.26176 -6.31738
v 1.72056 1.07358 -6.31987
v 1.72076 0.82289 -6.32004
v 1.72068 0.62949 -6.31998
v 1.72071 0.93401 -6.32000
v 1.32039 0.92620 -6.31303
v 1.72955 0.87322 -6.31956
v 2.10033 -1.23614 -5.70106
v 3.06778 -1.22677 -5.74947
v 2.37156 -1.20096 -5.71063
v 2.67664 -1.14563 -5.71747
v 2.96263 -1.06963 -5.59659
v 3.15577 -1.03536 -5.37713
v 2.25097 -1.21092 -5.43651
v 2.10219 -1.01878 -5.44030
v 2.11580 -0.81148 -5.43346
v 2.09508 -1.06106 -5.17685
v 2.15695 -0.50071 -5.41306
v 2.14299 -0.61576 -5.18872
v 2.07123 -1.23927 -5.17493
v 2.16913 -0.24312 -5.20631
v 2.14312 -0.54431 -5.09963
v 2.02515 -1.88780 -5.14959
v 2.91592 -1.81210 -5.15631
v 3.17785 -1.81191 -5.11530
v 2.00930 -2.39839 -4.63934
v 3.13386 -2.39275 -4.65696
v 1.99068 -1.24306 -4.79042
v 1.79325 -1.23859 -4.50947
v 1.99147 -1.24256 -4.46864
v 1.99155 -1.23518 -4.21215
v 2.88545 -1.21644 -6.73682
v 1.70553 -1.22237 -6.74324
v 2.87872 -0.25146 -6.74355
v 2.89871 -0.25233 -6.65866
v 2.81862 -0.21227 -6.34391
v 2.66806 -0.19683 -6.34086
v 2.57587 -0.10162 -6.39492
v 2.58747 0.17808 -6.38981
v 2.59375 -0.09402 -6.37784
v 2.03622 -0.11179 -6.37908
v 2.36745 -0.11329 -6.34087
v 2.58357 0.19488 -6.33995
v 2.59408 -0.09976 -6.34117
v 2.72379 0.30681 -6.34204
v 2.73919 0.34672 -6.34677
v 2.59399 0.08763 -6.34098
v 2.71967 0.23108 -6.32166
v 2.77657 -0.07350 -6.32669
v 2.77953 0.57754 -6.29637
v 2.79254 0.22241 -6.24812
v 3.02385 -0.25175 -6.04428
v 3.05806 -0.25240 -5.87527
v 3.04835 -0.25222 -5.70020
v 2.82223 -0.21085 -5.80691
v 3.08624 -0.25928 -5.75029
v 3.07187 -0.39205 -5.72437
v 3.06789 -0.63974 -5.72639
v 3.07360 -0.28972 -5.72044
v 3.02342 -1.07647 -5.72435
v 2.78159 -1.12560 -5.71723
v 3.16156 -1.03425 -5.67872
v 3.16940 -0.31139 -5.64836
v 3.17241 -0.49959 -5.32491
v 3.06661 0.51726 -3.40352
v 2.14736 -0.17926 -3.40660
v 3.07954 1.72864 -3.97102
v 3.00166 1.74667 -3.87724
v 2.99581 1.73684 -3.92302
v 2.74700 0.66609 -3.40236
v 3.61334 1.71500 -3.87970
v 3.61266 1.80097 -3.87390
v 2.96852 1.87609 -3.81799
v 2.76862 0.68043 -3.37161
v 3.09344 -0.03115 -3.37598
v 2.15566 -0.02687 -3.37200
v 2.15742 -0.13410 -3.27140
v 2.15536 -0.33857 -3.08083
v 2.70970 0.66949 -3.38256
v 3.07987 0.31763 -3.22172
v 2.78099 0.64103 -3.35026
v 2.77842 0.70819 -3.36364
v 2.77410 0.53785 -3.23689
v 2.77304 0.41692 -3.12071
v 3.08584 -0.50112 -2.93167
v 2.75995 0.10079 -2.80790
v 3.08782 0.12557 -3.05314
v 3.08784 0.08343 -3.07654
v 3.09776 -0.10995 -2.85227
v 3.10050 -0.34689 -2.63305
v 2.76552 -0.18196 -2.52259
v 2.75310 -0.12302 -2.59120
v 2.75229 -0.23177 -2.47558
v 2.73941 -0.24522 -2.10669
v 2.76440 -0.23317 -1.99277
v 2.74312 -0.25753 -1.88464
v 2.96106 -0.28890 -2.56090
v 2.71346 -0.36672 -1.77027
v 2.71215 0.30239 -1.78136
v 2.26758 -0.15788 -1.76378
v 2.29581 -0.34290 -1.64255
v 2.14760 -0.29707 -3.30976
v 2.15061 -0.50147 -2.92505
v 2.13385 -0.56102 -3.08855
v 2.13411 -0.71925 -2.95600
v 2.96188 -0.73153 -2.95570
v 2.11597 -0.98435 -2.94578
v 2.12951 -0.86701 -2.89023
v 2.10878 -1.05401 -2.87628
v 2.09157 -1.20490 -2.94784
v 2.31934 -1.17696 -2.86538
v 3.05935 -1.12615 -2.61099
v 3.03777 -0.56151 -2.56394
v 3.05826 -0.68963 -2.58543
v 2.91406 -1.18768 -2.47414
v 3.03667 -0.88811 -2.57960
v 3.00918 -0.97912 -2.55806
v 2.99525 -1.03344 -2.54472
v 2.51477 -0.38551 -1.52890
v 2.26109 -0.34242 -1.77511
v 2.69067 -0.42304 -1.49028
v 2.31386 -0.33145 -1.57694
v 3.18421 -1.63504 -4.61334
v 3.18111 -1.88375 -4.40435
v 3.06488 -1.00854 -4.59502
v 3.05821 -1.34719 -4.59491
v 3.05111 -0.95376 -4.59522
v 3.05116 -1.59633 -4.59491
v 3.14086 -1.54015 -4.28618
v 3.07208 -1.76250 -4.44939
v 3.05133 -0.84140 -4.51158
v 3.14119 -1.03149 -4.29673
v 3.08574 -1.84584 -4.38082
v 3.05711 -0.72207 -4.40984
v 3.16525 -1.97889 -4.10692
v 3.12680 -1.88248 -4.20680
v 3.18329 -0.21696 -3.44417
v 3.17700 -1.02624 -4.29148
v 3.17637 -1.53383 -4.29024
v 3.17519 -1.02189 -3.83344
v 3.17671 -1.53455 -3.83838
v 3.13746 -1.01746 -3.82908
v 3.13989 -1.53720 -3.82948
v 3.05622 -0.72241 -3.70714
v 3.18115 -1.90401 -3.73973
v 3.13306 -2.39239 -3.50092
v 3.14498 -1.89103 -3.87211
v 3.08299 -1.84218 -3.75995
v 1.99772 -2.39299 -3.51409
v 3.07883 -1.61035 -3.55524
v 3.19018 -0.69212 -3.72033
v 3.05077 -0.76592 -3.67901
v 3.05768 -0.81869 -3.63754
v 3.17526 -0.86826 -3.59681
v 3.07163 -0.92981 -3.55501
v 3.18240 -1.64071 -3.51438
v 3.17958 -0.94142 -3.51745
v 3.15524 -2.15745 -3.29225
v 2.00457 -2.28956 -3.40963
v 2.00487 -2.15767 -3.29205
v 2.97406 -1.79190 -2.95954
v 3.17674 -0.44510 -3.27087
v 3.17609 -0.81348 -2.99369
v 3.17779 -0.66437 -3.10861
v 2.01121 -1.99281 -3.13742
v 3.16902 -1.94256 -3.09835
v 3.17763 -1.82111 -2.99760
v 2.01772 -1.79739 -2.95858
v 3.05808 -1.11790 -2.86948
vt 0.562966 0.536126
vt 0.724990 0.536126
vt 0.724689 0.541809
vt 0.999957 0.004439
vt 0.999957 0.009416
vt 0.999537 0.003742
vt 0.728670 0.514076
vt 0.566966 0.508429
vt 0.734147 0.447463
vt 0.888314 0.970089
vt 0.893272 0.969655
vt 0.888224 0.978175
vt 0.206978 0.197163
vt 0.198892 0.197126
vt 0.198892 0.165633
vt 0.206293 0.089274
vt 0.894165 0.977689
vt 0.039387 0.174357
vt 0.021508 0.238321
vt 0.019436 0.236349
vt 0.671254 0.066129
vt 0.635832 0.059883
vt 0.723480 0.061237
vt 0.994423 0.152376
vt 0.990802 0.144815
vt 0.993567 0.138884
vt 0.043631 0.215531
vt 0.639773 0.065280
vt 0.022011 0.239640
vt 0.893861 0.981762
vt 0.990513 0.151706
vt 0.990395 0.152614
vt 0.087610 0.229105
vt 0.087851 0.230286
vt 0.079740 0.227497
vt 0.163926 0.086152
vt 0.186564 0.112325
vt 0.181134 0.174388
vt 0.103373 0.175487
vt 0.102404 0.087835
vt 0.020335 0.235872
vt 0.020713 0.170279
vt 0.581653 0.594032
vt 0.635378 0.591345
vt 0.725027 0.639012
vt 0.983479 0.735262
vt 0.976942 0.715143
vt 0.992694 0.724570
vt 0.993415 0.516394
vt 0.992882 0.524238
vt 0.974803 0.521050
vt 0.975071 0.505165
vt 0.649423 0.589937
vt 0.710083 0.599233
vt 0.654061 0.583589
vt 0.689504 0.542162
vt 0.993820 0.504608
vt 0.943280 0.824441
vt 0.937939 0.854731
vt 0.939689 0.812273
vt 0.174099 0.966314
vt 0.179646 0.987019
vt 0.174295 0.990164
vt 0.948701 0.842658
vt 0.867556 0.197276
vt 0.866980 0.223709
vt 0.861090 0.224748
vt 0.861410 0.196517
vt 0.709235 0.571012
vt 0.950922 0.990572
vt 0.951912 0.991752
vt 0.951106 0.996776
vt 0.708493 0.542555
vt 0.866646 0.164691
vt 0.867666 0.166370
vt 0.861426 0.168049
vt 0.866436 0.226481
vt 0.866051 0.263929
vt 0.860307 0.237411
vt 0.575767 0.062309
vt 0.538318 0.061386
vt 0.575767 0.061138
vt 0.859055 0.256375
vt 0.865125 0.264459
vt 0.999873 0.202208
vt 0.990898 0.214562
vt 0.990511 0.198393
vt 0.574189 0.092911
vt 0.578586 0.060957
vt 0.757177 0.982298
vt 0.757348 0.984255
vt 0.739525 0.983415
vt 0.171925 0.187027
vt 0.180158 0.176195
vt 0.170302 0.192997
vt 0.742801 0.984583
vt 0.937943 0.606152
vt 0.937943 0.565407
vt 0.948697 0.586695
vt 0.725878 0.986060
vt 0.757422 0.986060
vt 0.757282 0.987118
vt 0.635934 0.062169
vt 0.637056 0.079821
vt 0.605036 0.061458
vt 0.735036 0.985270
vt 0.167531 0.192860
vt 0.162571 0.199601
vt 0.725446 0.983705
vt 0.083533 0.559773
vt 0.106399 0.605737
vt 0.083028 0.639114
vt 0.636844 0.093901
vt 0.606361 0.093390
vt 0.726134 0.985313
vt 0.119401 0.586875
vt 0.166802 0.213315
vt 0.537539 0.092799
vt 0.412468 0.084852
vt 0.375223 0.083947
vt 0.375223 0.074530
vt 0.411872 0.074821
vt 0.240057 0.564323
vt 0.238636 0.527094
vt 0.243961 0.522626
vt 0.982224 0.393614
vt 0.976895 0.391584
vt 0.973782 0.389787
vt 0.783807 0.991076
vt 0.783807 0.996779
vt 0.782489 0.995630
vt 0.246820 0.582278
vt 0.471986 0.086401
vt 0.442626 0.085363
vt 0.444034 0.075782
vt 0.474473 0.077472
vt 0.242675 0.465799
vt 0.237406 0.496957
vt 0.000388 0.039704
vt 0.000388 0.049871
vt 0.000118 0.046148
vt 0.236480 0.467593
vt 0.964132 0.392987
vt 0.126595 0.014680
vt 0.152695 0.050603
vt 0.080605 0.048086
vt 0.932551 0.614785
vt 0.930303 0.570438
vt 0.114376 0.225121
vt 0.101475 0.097251
vt 0.101475 0.172486
vt 0.065529 0.124249
vt 0.158672 0.201424
vt 0.932551 0.573418
vt 0.149241 0.207959
vt 0.346791 0.411493
vt 0.357662 0.441361
vt 0.357287 0.563710
vt 0.609450 0.853329
vt 0.636521 0.858219
vt 0.633131 0.877441
vt 0.206445 0.976091
vt 0.196001 0.943949
vt 0.212906 0.947249
vt 0.710099 0.850893
vt 0.685842 0.852589
vt 0.707193 0.836311
vt 0.937995 0.328295
vt 0.937995 0.289114
vt 0.962309 0.328076
vt 0.841197 0.967214
vt 0.841197 0.953401
vt 0.880373 0.967922
vt 0.915702 0.118959
vt 0.927621 0.119352
vt 0.927621 0.154530
vt 0.674453 0.855374
vt 0.718412 0.839861
vt 0.714532 0.826911
vt 0.729499 0.825288
vt 0.896246 0.153612
vt 0.911025 0.118809
vt 0.717360 0.823184
vt 0.723583 0.814841
vt 0.900708 0.117444
vt 0.726694 0.828746
vt 0.732680 0.820469
vt 0.897046 0.119905
vt 0.896147 0.116626
vt 0.841337 0.939541
vt 0.880185 0.929884
vt 0.841386 0.935088
vt 0.894747 0.163232
vt 0.726180 0.811005
vt 0.976261 0.019200
vt 0.989833 0.007812
vt 0.989179 0.035710
vt 0.969716 0.988522
vt 0.971580 0.985929
vt 0.864169 0.860279
vt 0.843663 0.855920
vt 0.876133 0.845271
vt 0.896844 0.182617
vt 0.895688 0.208398
vt 0.895206 0.201349
vt 0.936629 0.163047
vt 0.898190 0.172631
vt 0.902915 0.162634
vt 0.937210 0.208824
vt 0.894774 0.183638
vt 0.899620 0.163470
vt 0.645959 0.875775
vt 0.033839 0.995153
vt 0.032333 0.997762
vt 0.016262 0.996404
vt 0.725472 0.791670
vt 0.731617 0.790630
vt 0.725920 0.801736
vt 0.918913 0.000194
vt 0.920526 0.006215
vt 0.918543 0.007397
vt 0.870791 0.863135
vt 0.932269 0.434712
vt 0.931572 0.425135
vt 0.934613 0.390382
vt 0.325333 0.003087
vt 0.325333 0.006023
vt 0.324465 0.005971
vt 0.840781 0.929345
vt 0.899534 0.072728
vt 0.899661 0.030423
vt 0.927585 0.027980
vt 0.928907 0.067365
vt 0.985238 0.193782
vt 0.984398 0.193557
vt 0.984777 0.165530
vt 0.881252 0.968323
vt 0.882527 0.953746
vt 0.909499 0.969057
vt 0.880448 0.862909
vt 0.877746 0.906753
vt 0.021023 0.004386
vt 0.019782 0.001725
vt 0.037404 0.001687
vt 0.682048 0.870136
vt 0.881900 0.954105
vt 0.931133 0.415421
vt 0.863644 0.904832
vt 0.930487 0.407378
vt 0.937977 0.276640
vt 0.953126 0.265586
vt 0.953192 0.275309
vt 0.952903 0.257519
vt 0.929912 0.399499
vt 0.936778 0.240134
vt 0.952699 0.249622
vt 0.998766 0.473754
vt 0.998766 0.490821
vt 0.997691 0.489846
vt 0.915307 0.953008
vt 0.884070 0.897022
vt 0.935475 0.225114
vt 0.942480 0.225114
vt 0.937325 0.236786
vt 0.997122 0.074026
vt 0.997122 0.062421
vt 0.997818 0.074219
vt 0.952737 0.244543
vt 0.949627 0.238036
vt 0.953404 0.239845
vt 0.929760 0.394422
vt 0.949302 0.224844
vt 0.999248 0.870376
vt 0.998222 0.869349
vt 0.999200 0.857357
vt 0.957754 0.225152
vt 0.929968 0.389681
vt 0.963863 0.225108
vt 0.970396 0.225172
vt 0.970110 0.237200
vt 0.946651 0.727548
vt 0.939521 0.733937
vt 0.939608 0.726932
vt 0.947119 0.763712
vt 0.939759 0.740760
vt 0.940354 0.749196
vt 0.940973 0.761822
vt 0.940556 0.755302
vt 0.938003 0.764774
vt 0.564958 0.052892
vt 0.512218 0.035756
vt 0.574321 0.017958
vt 0.940014 0.769020
vt 0.976099 0.689560
vt 0.974255 0.680885
vt 0.991332 0.686889
vt 0.043822 0.259248
vt 0.010583 0.303637
vt 0.005841 0.228246
vt 0.000206 0.228888
vt 0.971545 0.995347
vt 0.003643 0.302288
vt 0.821221 0.384353
vt 0.802767 0.529109
vt 0.797429 0.398089
vt 0.791128 0.384921
vt 0.508759 0.581905
vt 0.668366 0.564907
vt 0.615252 0.539047
vt 0.085881 0.010992
vt 0.113594 0.002242
vt 0.115165 0.005612
vt 0.117057 0.841034
vt 0.200757 0.836091
vt 0.176847 0.841034
vt 0.197231 0.840794
vt 0.065503 0.010463
vt 0.066932 0.005958
vt 0.068025 0.002678
vt 0.072430 0.002166
vt 0.078628 0.002321
vt 0.992204 0.029926
vt 0.991903 0.026482
vt 0.996653 0.030843
vt 0.496091 0.913121
vt 0.502289 0.913050
vt 0.507981 0.917036
vt 0.991523 0.021771
vt 0.138796 0.059988
vt 0.156456 0.051851
vt 0.162038 0.051363
vt 0.506709 0.912675
vt 0.013380 0.469136
vt 0.011250 0.406683
vt 0.014438 0.397926
vt 0.139897 0.055814
vt 0.153625 0.051396
vt 0.168056 0.051461
vt 0.180163 0.051482
vt 0.201284 0.059558
vt 0.187735 0.051480
vt 0.149811 0.051389
vt 0.141404 0.051348
vt 0.895988 0.320166
vt 0.892375 0.319616
vt 0.892375 0.312884
vt 0.998946 0.994630
vt 0.997921 0.995769
vt 0.996499 0.991073
vt 0.896091 0.284829
vt 0.892375 0.278775
vt 0.892371 0.274961
vt 0.892810 0.266565
vt 0.892485 0.287186
vt 0.996276 0.021180
vt 0.475309 0.917284
vt 0.461148 0.914417
vt 0.892389 0.305311
vt 0.892388 0.293205
vt 0.996837 0.019259
vt 0.784811 0.997323
vt 0.788425 0.991678
vt 0.787748 0.996537
vt 0.016922 0.466225
vt 0.482013 0.916721
vt 0.784449 0.990762
vt 0.787948 0.986988
vt 0.014262 0.470390
vt 0.015718 0.471049
vt 0.007268 0.002783
vt 0.007408 0.004375
vt 0.007377 0.005821
vt 0.675935 0.660766
vt 0.669669 0.668131
vt 0.667855 0.668977
vt 0.494854 0.916913
vt 0.895939 0.265360
vt 0.784595 0.987069
vt 0.017090 0.471507
vt 0.706733 0.671745
vt 0.700381 0.669530
vt 0.704661 0.652382
vt 0.749473 0.670023
vt 0.613971 0.700953
vt 0.658950 0.681619
vt 0.663876 0.683533
vt 0.627284 0.664197
vt 0.663241 0.676642
vt 0.688263 0.665277
vt 0.666013 0.674198
vt 0.684205 0.681135
vt 0.759511 0.702707
vt 0.717174 0.693854
vt 0.667784 0.639920
vt 0.561612 0.991137
vt 0.549884 0.992163
vt 0.534542 0.991844
vt 0.672863 0.639905
vt 0.860875 0.448144
vt 0.862473 0.448004
vt 0.862119 0.468608
vt 0.860565 0.482301
vt 0.862327 0.521109
vt 0.793960 0.102297
vt 0.825974 0.078586
vt 0.827367 0.108188
vt 0.752893 0.080532
vt 0.805370 0.078937
vt 0.785686 0.080890
vt 0.793418 0.081557
vt 0.792174 0.080981
vt 0.859890 0.443162
vt 0.036133 0.062729
vt 0.036228 0.066286
vt 0.015529 0.066286
vt 0.015391 0.062257
vt 0.282946 0.972579
vt 0.284314 0.972663
vt 0.283963 0.976679
vt 0.258256 0.975823
vt 0.276460 0.972401
vt 0.269593 0.976252
vt 0.281703 0.976601
vt 0.712613 0.111192
vt 0.989294 0.117279
vt 0.984735 0.087692
vt 0.989294 0.087645
vt 0.865313 0.444007
vt 0.934206 0.435421
vt 0.930897 0.454129
vt 0.930915 0.447703
vt 0.277312 0.976569
vt 0.249087 0.971702
vt 0.984391 0.117315
vt 0.861611 0.416138
vt 0.931879 0.480065
vt 0.000480 0.050755
vt 0.000480 0.062099
vt 0.000026 0.052732
vt 0.957834 0.538080
vt 0.933867 0.555492
vt 0.934587 0.506249
vt 0.930673 0.435838
vt 0.222476 0.997729
vt 0.209653 0.973425
vt 0.224987 0.991814
vt 0.206819 0.979345
vt 0.208238 0.975189
vt 0.229046 0.980662
vt 0.204058 0.986560
vt 0.201116 0.995465
vt 0.646647 0.581905
vt 0.372501 0.572324
vt 0.518023 0.597983
vt 0.358495 0.597664
vt 0.378777 0.541693
vt 0.377587 0.547413
vt 0.750220 0.119793
vt 0.814019 0.183592
vt 0.737561 0.118028
vt 0.677378 0.178048
vt 0.423189 0.971743
vt 0.432576 0.971833
vt 0.431646 0.973235
vt 0.085460 0.529329
vt 0.087636 0.519276
vt 0.090036 0.524753
vt 0.423077 0.974411
vt 0.762049 0.118665
vt 0.104548 0.501457
vt 0.085619 0.554618
vt 0.085297 0.519943
vt 0.085000 0.513924
vt 0.417185 0.971237
vt 0.111366 0.832289
vt 0.110018 0.824641
vt 0.193626 0.824594
vt 0.412148 0.971362
vt 0.084880 0.508916
vt 0.084797 0.503330
vt 0.406564 0.971501
vt 0.401526 0.971626
vt 0.084723 0.498291
vt 0.710148 0.564236
vt 0.795419 0.446872
vt 0.788279 0.621448
vt 0.395359 0.975120
vt 0.814249 0.380951
vt 0.809626 0.380951
vt 0.805690 0.235952
vt 0.968513 0.491487
vt 0.968404 0.494325
vt 0.941406 0.491963
vt 0.505976 0.923388
vt 0.459611 0.923036
vt 0.967646 0.500923
vt 0.097069 0.479877
vt 0.099868 0.477134
vt 0.103289 0.473722
vt 0.102072 0.475281
vt 0.434673 0.544707
vt 0.486658 0.918212
vt 0.930202 0.061387
vt 0.948035 0.030007
vt 0.956943 0.030007
vt 0.938040 0.029953
vt 0.953695 0.057400
vt 0.931985 0.070250
vt 0.022024 0.772554
vt 0.023821 0.762722
vt 0.052220 0.757202
vt 0.948441 0.069815
vt 0.956705 0.069064
vt 0.020490 0.781329
vt 0.647737 0.846689
vt 0.607554 0.850123
vt 0.636967 0.830722
vt 0.642161 0.798345
vt 0.661876 0.826350
vt 0.643826 0.821095
vt 0.982046 0.442269
vt 0.965077 0.438498
vt 0.975771 0.438646
vt 0.959250 0.443081
vt 0.959939 0.438625
vt 0.937035 0.291545
vt 0.929362 0.296917
vt 0.931045 0.251160
vt 0.751343 0.914164
vt 0.754261 0.925053
vt 0.740665 0.914762
vt 0.756482 0.914183
vt 0.996016 0.051444
vt 0.996447 0.056461
vt 0.991956 0.056068
vt 0.737647 0.925684
vt 0.734332 0.914968
vt 0.043545 0.814642
vt 0.603929 0.776395
vt 0.634228 0.789735
vt 0.610272 0.792742
vt 0.760282 0.917487
vt 0.002447 0.916750
vt 0.042774 0.917168
vt 0.042774 0.956226
vt 0.991913 0.044248
vt 0.995568 0.044958
vt 0.765309 0.921610
vt 0.652410 0.839832
vt 0.349176 0.993241
vt 0.337955 0.993241
vt 0.349169 0.988984
vt 0.077182 0.793067
vt 0.727017 0.921271
vt 0.740968 0.925429
vt 0.324705 0.988951
vt 0.998109 0.523511
vt 0.997986 0.510214
vt 0.998885 0.509794
vt 0.999484 0.527149
vt 0.998339 0.526834
vt 0.999914 0.545271
vt 0.983893 0.545468
vt 0.983893 0.528969
vt 0.999974 0.601943
vt 0.999015 0.602200
vt 0.999518 0.586060
vt 0.766966 0.942392
vt 0.726962 0.932492
vt 0.388995 0.996395
vt 0.364852 0.996395
vt 0.364548 0.995508
vt 0.999430 0.527913
vt 0.999124 0.618812
vt 0.999124 0.603238
vt 0.999865 0.602848
vt 0.956995 0.397151
vt 0.935353 0.393335
vt 0.958878 0.393424
vt 0.613531 0.832758
vt 0.737074 0.942133
vt 0.726961 0.946547
vt 0.999279 0.563906
vt 0.999279 0.580325
vt 0.998191 0.579850
vt 0.936149 0.396972
vt 0.997170 0.614267
vt 0.997170 0.598378
vt 0.998275 0.598283
vt 0.997719 0.581113
vt 0.998809 0.581113
vt 0.997648 0.597531
vt 0.323901 0.993336
vt 0.999821 0.464685
vt 0.999821 0.481183
vt 0.999167 0.464161
vt 0.011174 0.910167
vt 0.028519 0.909643
vt 0.028806 0.910714
vt 0.011493 0.909124
vt 0.754708 0.942593
vt 0.749383 0.952595
vt 0.969775 0.286127
vt 0.984157 0.291156
vt 0.763598 0.946594
vt 0.992110 0.031424
vt 0.996285 0.031390
vt 0.996285 0.042424
vt 0.992323 0.036805
vt 0.019971 0.777344
vt 0.004738 0.777610
vt 0.022084 0.765406
vt 0.608049 0.795569
vt 0.603972 0.801875
vt 0.761317 0.948748
vt 0.964140 0.968683
vt 0.968553 0.969319
vt 0.968553 0.978184
vt 0.992073 0.039932
vt 0.733913 0.952047
vt 0.964226 0.972278
vt 0.755395 0.952739
vt 0.751577 0.952688
vt 0.743150 0.952331
vt 0.965382 0.979698
vt 0.273388 0.990301
vt 0.282628 0.990127
vt 0.274298 0.993695
vt 0.991570 0.043509
vt 0.297462 0.994202
vt 0.288867 0.990124
vt 0.291062 0.990120
vt 0.294880 0.990110
vt 0.605140 0.848090
vt 0.502889 0.951082
vt 0.463292 0.936277
vt 0.502889 0.947926
vt 0.002266 0.955621
vt 0.936815 0.296400
vt 0.464022 0.951692
vt 0.519971 0.996437
vt 0.522458 0.989393
vt 0.528270 0.990950
vt 0.601395 0.844567
vt 0.503009 0.942785
vt 0.585594 0.798465
vt 0.595938 0.782270
vt 0.599131 0.777170
vt 0.503175 0.939641
vt 0.605704 0.824980
vt 0.058863 0.816524
vt 0.592583 0.836522
vt 0.599136 0.842374
vt 0.696695 0.721453
vt 0.554317 0.721453
vt 0.680481 0.680875
vt 0.496308 0.924321
vt 0.546831 0.995926
vt 0.068218 0.817697
vt 0.503193 0.930855
vt 0.503308 0.925172
vt 0.075160 0.815020
vt 0.587924 0.822045
vt 0.000034 0.077499
vt 0.000472 0.075015
vt 0.000147 0.086928
vt 0.588694 0.832375
vt 0.951443 0.847017
vt 0.955614 0.835430
vt 0.958313 0.845430
vt 0.948661 0.812777
vt 0.463504 0.924362
vt 0.940978 0.812397
vt 0.961187 0.312557
vt 0.756192 0.941085
vt 0.758546 0.950974
vt 0.566066 0.500300
vt 0.516571 0.497706
vt 0.395472 0.454660
vt 0.055692 0.637374
vt 0.059974 0.640967
vt 0.036686 0.639497
vt 0.966720 0.952902
vt 0.967254 0.942705
vt 0.981077 0.940268
vt 0.000009 0.892253
vt 0.000497 0.886684
vt 0.000165 0.899247
vt 0.967117 0.919738
vt 0.967241 0.933818
vt 0.100827 0.628470
vt 0.107390 0.620648
vt 0.101519 0.649883
vt 0.981098 0.927701
vt 0.111836 0.636862
vt 0.107855 0.642031
vt 0.095399 0.635508
vt 0.122094 0.964389
vt 0.088139 0.954652
vt 0.124918 0.940508
vt 0.981154 0.922561
vt 0.980690 0.919061
vt 0.120145 0.966860
vt 0.094138 0.946540
vt 0.808593 0.904505
vt 0.805485 0.914671
vt 0.800393 0.909239
vt 0.049088 0.067098
vt 0.075861 0.067266
vt 0.071888 0.080261
vt 0.964692 0.372687
vt 0.967529 0.366963
vt 0.989762 0.366963
vt 0.712773 0.912154
vt 0.714286 0.910351
vt 0.718363 0.918786
vt 0.724229 0.913452
vt 0.720717 0.916697
vt 0.117448 0.970808
vt 0.796880 0.982035
vt 0.796579 0.966346
vt 0.728016 0.909987
vt 0.114454 0.974977
vt 0.087068 0.646859
vt 0.727406 0.895452
vt 0.800648 0.910497
vt 0.411189 0.938747
vt 0.367658 0.938747
vt 0.373980 0.931699
vt 0.982490 0.375952
vt 0.762764 0.904971
vt 0.872587 0.786832
vt 0.905837 0.801542
vt 0.872587 0.801380
vt 0.329516 0.997879
vt 0.330090 0.997060
vt 0.347609 0.997607
vt 0.033398 0.080057
vt 0.095330 0.684452
vt 0.884267 0.889493
vt 0.885011 0.856410
vt 0.913810 0.905230
vt 0.713637 0.877267
vt 0.726419 0.879199
vt 0.905328 0.750078
vt 0.872503 0.770549
vt 0.791510 0.925455
vt 0.012195 0.067006
vt 0.112325 0.700202
vt 0.825385 0.982035
vt 0.913516 0.856410
vt 0.976657 0.713955
vt 0.958647 0.719805
vt 0.973596 0.712116
vt 0.928222 0.677003
vt 0.928222 0.633220
vt 0.932102 0.633972
vt 0.002140 0.763227
vt 0.013266 0.765176
vt 0.011791 0.770680
vt 0.546417 0.972827
vt 0.548403 0.975795
vt 0.547850 0.975900
vt 0.992407 0.083640
vt 0.992407 0.096016
vt 0.990387 0.095561
vt 0.959150 0.396615
vt 0.960114 0.393365
vt 0.959858 0.394670
vt 0.615893 0.990568
vt 0.626851 0.995678
vt 0.608532 0.996274
vt 0.612142 0.991815
vt 0.607914 0.993433
vt 0.978097 0.396483
vt 0.600882 0.996118
vt 0.546715 0.981495
vt 0.529614 0.975138
vt 0.545226 0.985170
vt 0.927470 0.974719
vt 0.927470 0.985302
vt 0.926782 0.977806
vt 0.518905 0.974747
vt 0.521972 0.975526
vt 0.519326 0.976159
vt 0.519037 0.984313
vt 0.973294 0.706179
vt 0.953567 0.707468
vt 0.961820 0.694574
vt 0.022658 0.763355
vt 0.973213 0.702215
vt 0.944902 0.720406
vt 0.986943 0.703413
vt 0.977529 0.703413
vt 0.987264 0.690312
vt 0.674139 0.976169
vt 0.684128 0.969175
vt 0.709465 0.975638
vt 0.961117 0.690585
vt 0.037391 0.337511
vt 0.015200 0.319368
vt 0.040941 0.324260
vt 0.275517 0.997051
vt 0.289275 0.997051
vt 0.268923 0.997889
vt 0.017512 0.331931
vt 0.006659 0.323329
vt 0.961412 0.138558
vt 0.982947 0.134761
vt 0.962969 0.153788
vt 0.960210 0.123034
vt 0.967546 0.123281
vt 0.975920 0.123192
vt 0.982632 0.123742
vt 0.983616 0.153723
vt 0.042412 0.369191
vt 0.032733 0.370168
vt 0.035759 0.366089
vt 0.027995 0.362949
vt 0.024934 0.366702
vt 0.011685 0.453116
vt 0.001072 0.448086
vt 0.012086 0.448530
vt 0.828884 0.327937
vt 0.828884 0.462549
vt 0.813323 0.462020
vt 0.022503 0.366989
vt 0.021746 0.360439
vt 0.337555 0.004216
vt 0.341885 0.006716
vt 0.335241 0.006918
vt 0.040655 0.373872
vt 0.009598 0.335521
vt 0.011670 0.458653
vt 0.017385 0.369173
vt 0.017335 0.361758
vt 0.966612 0.616007
vt 0.969022 0.615583
vt 0.969434 0.641753
vt 0.924194 0.109426
vt 0.923450 0.100924
vt 0.950366 0.109721
vt 0.922344 0.092249
vt 0.958484 0.108555
vt 0.947880 0.072018
vt 0.956388 0.070732
vt 0.918787 0.092186
vt 0.918459 0.087282
vt 0.961130 0.616967
vt 0.948583 0.643424
vt 0.918035 0.070441
vt 0.988548 0.625505
vt 0.995732 0.630396
vt 0.012048 0.363405
vt 0.953359 0.651624
vt 0.983299 0.621664
vt 0.003593 0.338021
vt 0.019728 0.223514
vt 0.014713 0.222796
vt 0.014254 0.196527
vt 0.814657 0.001108
vt 0.852536 0.001522
vt 0.824189 0.017617
vt 0.011420 0.466893
vt 0.614941 0.984937
vt 0.644714 0.982332
vt 0.645686 0.987304
vt 0.004147 0.365757
vt 0.978459 0.618424
vt 0.804852 0.013144
vt 0.997328 0.779941
vt 0.997872 0.781970
vt 0.001527 0.205496
vt 0.004702 0.209248
vt 0.968791 0.649929
vt 0.006096 0.373251
vt 0.733640 0.007039
vt 0.729417 0.007039
vt 0.732853 0.001059
vt 0.839280 0.984465
vt 0.843453 0.985116
vt 0.843453 0.991990
vt 0.839240 0.994787
vt 0.843267 0.994336
vt 0.000494 0.021248
vt 0.000494 0.028121
vt 0.000012 0.018943
vt 0.984579 0.645746
vt 0.997067 0.793946
vt 0.518142 0.203494
vt 0.356962 0.311182
vt 0.427428 0.203494
vt 0.175123 0.232134
vt 0.103312 0.230626
vt 0.104223 0.225931
vt 0.356352 0.203876
vt 0.838978 0.830235
vt 0.776850 0.803863
vt 0.863674 0.762787
vt 0.175289 0.227234
vt 0.069789 0.470590
vt 0.062802 0.394841
vt 0.182233 0.226282
vt 0.182638 0.232571
vt 0.836714 0.837413
vt 0.075329 0.706485
vt 0.081628 0.758274
vt 0.075122 0.782556
vt 0.773007 0.814470
vt 0.184212 0.228646
vt 0.081761 0.785418
vt 0.077863 0.783964
vt 0.803459 0.830447
vt 0.753229 0.812850
vt 0.187174 0.231567
vt 0.835813 0.841971
vt 0.140817 0.746021
vt 0.139703 0.780348
vt 0.112558 0.780348
vt 0.112361 0.703000
vt 0.116472 0.695789
vt 0.142699 0.692831
vt 0.069789 0.394288
vt 0.311465 0.392402
vt 0.322645 0.381222
vt 0.322060 0.523130
vt 0.803701 0.129213
vt 0.849595 0.265018
vt 0.857198 0.131141
vt 0.435164 0.931782
vt 0.397009 0.935120
vt 0.705103 0.895900
vt 0.702939 0.904095
vt 0.701097 0.904095
vt 0.642953 0.904124
vt 0.671269 0.898076
vt 0.711632 0.901922
vt 0.691550 0.895176
vt 0.712816 0.904246
vt 0.669647 0.894843
vt 0.709880 0.896172
vt 0.243822 0.009701
vt 0.241791 0.002122
vt 0.268932 0.002266
vt 0.240955 0.002140
vt 0.268939 0.010021
vt 0.351751 0.933398
vt 0.332514 0.934942
vt 0.326653 0.934430
vt 0.279405 0.002453
vt 0.272771 0.010208
vt 0.292446 0.010530
vt 0.285901 0.010415
vt 0.277454 0.010291
vt 0.355586 0.933299
vt 0.360266 0.933108
vt 0.368311 0.936309
vt 0.045546 0.066295
vt 0.037030 0.063196
vt 0.047501 0.062946
vt 0.892968 0.345220
vt 0.896688 0.326546
vt 0.896541 0.340118
vt 0.074616 0.061741
vt 0.075824 0.065079
vt 0.917811 0.005965
vt 0.908101 0.007533
vt 0.912277 0.003617
vt 0.896199 0.362020
vt 0.893549 0.375818
vt 0.896346 0.321773
vt 0.892279 0.321045
vt 0.888805 0.995362
vt 0.888805 0.990974
vt 0.889535 0.991381
vt 0.368707 0.932777
vt 0.579448 0.007324
vt 0.571362 0.003305
vt 0.579448 0.003277
vt 0.715710 0.005151
vt 0.719045 0.006366
vt 0.714659 0.006488
vt 0.909729 0.003061
vt 0.338307 0.750605
vt 0.336679 0.746133
vt 0.348165 0.751238
vt 0.431540 0.750823
vt 0.350004 0.751337
vt 0.571493 0.007350
vt 0.280638 0.625213
vt 0.263782 0.586712
vt 0.293002 0.625121
vt 0.917806 0.010097
vt 0.325119 0.938174
vt 0.291019 0.655156
vt 0.318740 0.649001
vt 0.832762 0.077173
vt 0.766310 0.078343
vt 0.740582 0.068979
vt 0.736013 0.078947
vt 0.734546 0.079807
vt 0.299142 0.666362
vt 0.362661 0.682850
vt 0.297473 0.668830
vt 0.298914 0.673969
vt 0.323520 0.651095
vt 0.261833 0.721486
vt 0.861341 0.558578
vt 0.862540 0.531483
vt 0.867405 0.531058
vt 0.863024 0.495338
vt 0.865367 0.526366
vt 0.863204 0.527549
vt 0.863448 0.448507
vt 0.865139 0.486248
vt 0.085107 0.737296
vt 0.086252 0.746056
vt 0.083511 0.777383
vt 0.086249 0.740811
vt 0.111833 0.778636
vt 0.095413 0.747532
vt 0.087848 0.705521
vt 0.086670 0.732123
vt 0.991522 0.966799
vt 0.995350 0.969822
vt 0.991503 0.972044
vt 0.991492 0.958101
vt 0.995347 0.957314
vt 0.102952 0.747979
vt 0.979075 0.056538
vt 0.973354 0.056458
vt 0.973354 0.027470
vt 0.107044 0.747787
vt 0.978026 0.335337
vt 0.970476 0.335150
vt 0.974297 0.331608
vt 0.109301 0.699097
vt 0.995256 0.949078
vt 0.994989 0.972987
vt 0.982122 0.335418
vt 0.978417 0.028197
vt 0.981704 0.331649
vt 0.961198 0.334978
vt 0.961895 0.331435
vt 0.962434 0.331080
vt 0.924413 0.984075
vt 0.895425 0.984075
vt 0.924403 0.956208
vt 0.906433 0.806831
vt 0.910369 0.855414
vt 0.906433 0.850304
vt 0.906582 0.855619
vt 0.968533 0.447068
vt 0.980407 0.447205
vt 0.977421 0.447846
vt 0.000447 0.950638
vt 0.000447 0.960799
vt 0.000059 0.952572
vt 0.752376 0.005281
vt 0.755513 0.005834
vt 0.752078 0.005853
vt 0.981579 0.450434
vt 0.981707 0.462941
vt 0.961139 0.447504
vt 0.980925 0.473190
vt 0.960601 0.452793
vt 0.960606 0.478033
vt 0.797661 0.134281
vt 0.392265 0.931922
vt 0.301728 0.677308
vt 0.841330 0.714008
vt 0.862731 0.592634
vt 0.867678 0.721132
vt 0.119863 0.868942
vt 0.126524 0.878454
vt 0.134996 0.879974
vt 0.114286 0.859868
vt 0.107104 0.848059
vt 0.061648 0.849827
vt 0.063757 0.822414
vt 0.186252 0.304649
vt 0.195094 0.271648
vt 0.193344 0.307976
vt 0.187887 0.276667
vt 0.196281 0.244180
vt 0.190120 0.240531
vt 0.196421 0.286432
vt 0.196686 0.281606
vt 0.231876 0.284685
vt 0.184792 0.350954
vt 0.187013 0.309423
vt 0.193139 0.335270
vt 0.193144 0.351574
vt 0.197036 0.350664
vt 0.231776 0.314454
vt 0.232222 0.349674
vt 0.196997 0.240016
vt 0.230824 0.239939
vt 0.196581 0.314462
vt 0.012470 0.839990
vt 0.004096 0.839943
vt 0.006641 0.810852
vt 0.167819 0.219504
vt 0.132769 0.225543
vt 0.133363 0.221913
vt 0.231572 0.351154
vt 0.187300 0.002248
vt 0.240332 0.002248
vt 0.204541 0.048359
vt 0.015068 0.806262
vt 0.181827 0.221444
vt 0.003657 0.805253
vt 0.199711 0.506344
vt 0.201174 0.551078
vt 0.188354 0.511639
vt 0.293830 0.010908
vt 0.292188 0.004780
vt 0.343439 0.008224
vt 0.189724 0.551425
vt 0.233276 0.241541
vt 0.238617 0.290934
vt 0.233276 0.281350
vt 0.193324 0.442366
vt 0.196176 0.439972
vt 0.196898 0.441418
vt 0.188747 0.444507
vt 0.187383 0.475196
vt 0.185465 0.444685
vt 0.198874 0.476586
vt 0.233443 0.348369
vt 0.232836 0.317804
vt 0.241354 0.350565
vt 0.168588 0.215861
vt 0.137438 0.050927
vt 0.074607 0.096577
vt 0.077758 0.049678
vt 0.175042 0.201723
vt 0.187575 0.154517
vt 0.183576 0.202648
vt 0.169277 0.207568
vt 0.168739 0.210810
vt 0.060356 0.641806
vt 0.061533 0.660645
vt 0.012264 0.709915
vt 0.011341 0.643542
vt 0.058830 0.886088
vt 0.419138 0.162598
vt 0.513374 0.154353
vt 0.558089 0.164979
vt 0.494142 0.805048
vt 0.550222 0.801227
vt 0.991754 0.262353
vt 0.996717 0.277627
vt 0.991643 0.276909
vt 0.016050 0.355151
vt 0.011368 0.357236
vt 0.026132 0.347899
vt 0.011943 0.341186
vt 0.019841 0.356965
vt 0.780897 0.936589
vt 0.815822 0.919554
vt 0.790326 0.949137
vt 0.810172 0.912456
vt 0.031640 0.362477
vt 0.029965 0.349652
vt 0.039481 0.971147
vt 0.007122 0.970017
vt 0.042105 0.956991
vt 0.528088 0.051224
vt 0.537413 0.067376
vt 0.519285 0.053421
vt 0.042756 0.963490
vt 0.491549 0.061656
vt 0.037537 0.365285
vt 0.046069 0.357378
vt 0.997740 0.199273
vt 0.995551 0.187684
vt 0.997604 0.183824
vt 0.833982 0.942078
vt 0.792966 0.952423
vt 0.991632 0.197604
vt 0.531617 0.068945
vt 0.115656 0.243999
vt 0.114935 0.238039
vt 0.119240 0.237280
vt 0.043485 0.970038
vt 0.043475 0.368140
vt 0.035382 0.639959
vt 0.015225 0.639914
vt 0.029003 0.636984
vt 0.925882 0.976534
vt 0.925882 0.983198
vt 0.925333 0.972268
vt 0.116116 0.249938
vt 0.129545 0.234530
vt 0.130938 0.242958
vt 0.402166 0.995316
vt 0.377692 0.995316
vt 0.391249 0.994563
vt 0.861960 0.069280
vt 0.873364 0.074078
vt 0.864492 0.124396
vt 0.751335 0.000678
vt 0.751335 0.007925
vt 0.749677 0.007132
vt 0.864358 0.065888
vt 0.525769 0.070074
vt 0.053143 0.387053
vt 0.049404 0.378772
vt 0.058470 0.384557
vt 0.515065 0.072506
vt 0.051032 0.368253
vt 0.131066 0.246497
vt 0.117262 0.260855
vt 0.055258 0.377851
vt 0.030731 0.636357
vt 0.948567 0.639549
vt 0.948567 0.602354
vt 0.966413 0.603072
vt 0.131716 0.250755
vt 0.324780 0.936639
vt 0.284372 0.924230
vt 0.285414 0.912322
vt 0.283770 0.934700
vt 0.283549 0.942132
vt 0.324717 0.924015
vt 0.322397 0.908355
vt 0.283013 0.898455
vt 0.324313 0.907604
vt 0.921091 0.006004
vt 0.921091 0.004117
vt 0.922027 0.004171
vt 0.132782 0.260866
vt 0.997067 0.891776
vt 0.997872 0.891212
vt 0.997427 0.903829
vt 0.460057 0.063519
vt 0.465279 0.050714
vt 0.476582 0.054913
vt 0.058871 0.295775
vt 0.060116 0.310001
vt 0.509011 0.073729
vt 0.500012 0.076043
vt 0.117789 0.267009
vt 0.134037 0.273098
vt 0.097143 0.298180
vt 0.489723 0.077829
vt 0.999938 0.772396
vt 0.999938 0.786225
vt 0.999050 0.771973
vt 0.135065 0.285992
vt 0.119045 0.276215
vt 0.063036 0.287556
vt 0.062597 0.294055
vt 0.119843 0.286627
vt 0.117114 0.319451
vt 0.121075 0.320523
vt 0.132706 0.287801
vt 0.570818 0.007061
vt 0.564304 0.007061
vt 0.568167 0.000530
vt 0.954718 0.689879
vt 0.960418 0.691407
vt 0.954019 0.702648
vt 0.000227 0.009586
vt 0.000227 0.003072
vt 0.000785 0.002560
vt 0.131395 0.300763
vt 0.128487 0.322150
vt 0.939894 0.854130
vt 0.946933 0.853764
vt 0.946933 0.875347
vt 0.947983 0.713360
vt 0.946656 0.888372
vt 0.940404 0.890445
vt 0.928848 0.964952
vt 0.928848 0.949578
vt 0.965037 0.968014
vt 0.941030 0.891319
vt 0.948770 0.890463
vt 0.947548 0.896237
vt 0.894854 0.993167
vt 0.910083 0.985309
vt 0.910229 0.993167
vt 0.115724 0.232509
vt 0.966396 0.928747
vt 0.895216 0.985010
vt 0.910814 0.990525
vt 0.894892 0.994241
vt 0.948621 0.676316
vt 0.061490 0.248295
vt 0.948084 0.764497
vt 0.948084 0.728418
vt 0.061031 0.232522
vt 0.584805 0.805048
vt 0.101616 0.307183
vt 0.963859 0.728818
vt 0.874202 0.843393
vt 0.876881 0.835981
vt 0.885878 0.841053
vt 0.887592 0.829643
vt 0.862770 0.838317
vt 0.855373 0.839211
vt 0.894557 0.832993
vt 0.886972 0.847955
vt 0.996563 0.796401
vt 0.998883 0.793635
vt 0.998641 0.807580
vt 0.339312 0.100525
vt 0.424742 0.086169
vt 0.432139 0.094984
vt 0.904243 0.855748
vt 0.901549 0.851235
vt 0.443076 0.101584
vt 0.894947 0.845762
vt 0.888296 0.830645
vt 0.131527 0.466640
vt 0.131835 0.549049
vt 0.112197 0.489676
vt 0.112092 0.521221
vt 0.900562 0.838220
vt 0.890625 0.826822
vt 0.117899 0.536994
vt 0.894518 0.826111
vt 0.894956 0.824406
vt 0.112137 0.524646
vt 0.902079 0.848254
vt 0.997669 0.024100
vt 0.997837 0.022816
vt 0.998788 0.023579
vt 0.114572 0.534197
vt 0.112204 0.529339
vt 0.564076 0.004153
vt 0.564076 0.005463
vt 0.563455 0.004395
vt 0.998240 0.728889
vt 0.999966 0.732351
vt 0.996492 0.735825
vt 0.996791 0.726361
vt 0.903959 0.853829
vt 0.998010 0.013349
vt 0.899257 0.831763
vt 0.996784 0.741251
vt 0.896182 0.827642
vt 0.896877 0.822250
vt 0.778539 0.065653
vt 0.779305 0.061311
vt 0.862149 0.066219
vt 0.002284 0.002599
vt 0.002284 0.006004
vt 0.001764 0.005587
vt 0.898384 0.826458
vt 0.899126 0.830124
vt 0.988017 0.002735
vt 0.988677 0.005695
vt 0.978457 0.006589
vt 0.973028 0.006384
vt 0.970331 0.001092
vt 0.112232 0.532221
vt 0.970394 0.007005
vt 0.898483 0.823006
vt 0.902963 0.820872
vt 0.627700 0.990203
vt 0.627264 0.987874
vt 0.630327 0.987874
vt 0.634674 0.987886
vt 0.641396 0.995939
vt 0.627710 0.996438
vt 0.653100 0.987972
vt 0.774840 0.311462
vt 0.776232 0.459794
vt 0.568364 0.582514
vt 0.630347 0.645725
vt 0.760205 0.394460
vt 0.482001 0.642985
vt 0.986749 0.420789
vt 0.985310 0.420258
vt 0.981056 0.408571
vt 0.973460 0.522531
vt 0.952654 0.522531
vt 0.971997 0.518967
vt 0.982567 0.423154
vt 0.353719 0.076472
vt 0.362221 0.080246
vt 0.353411 0.096140
vt 0.970690 0.397780
vt 0.979591 0.425601
vt 0.972788 0.408768
vt 0.860517 0.414950
vt 0.860517 0.313491
vt 0.969729 0.424104
vt 0.363374 0.095478
vt 0.958596 0.319799
vt 0.976209 0.300212
vt 0.983495 0.315856
vt 0.988267 0.309423
vt 0.995535 0.084347
vt 0.999373 0.072535
vt 0.999910 0.079577
vt 0.362650 0.080322
vt 0.974925 0.327318
vt 0.970136 0.324391
vt 0.992603 0.974264
vt 0.995026 0.988002
vt 0.988957 0.974510
vt 0.999542 0.018088
vt 0.999952 0.017939
vt 0.999876 0.026090
vt 0.003128 0.395117
vt 0.006009 0.398502
vt 0.002024 0.400620
vt 0.004191 0.408938
vt 0.994624 0.973696
vt 0.368722 0.071882
vt 0.004588 0.393609
vt 0.747993 0.007131
vt 0.746003 0.007554
vt 0.748431 0.001555
vt 0.000690 0.407556
vt 0.003699 0.412272
vt 0.845489 0.984759
vt 0.838215 0.979666
vt 0.845253 0.968176
vt 0.995785 0.996118
vt 0.985193 0.996223
vt 0.985796 0.974391
vt 0.963906 0.057431
vt 0.982529 0.086474
vt 0.962982 0.067984
vt 0.983785 0.057507
vt 0.007101 0.398014
vt 0.960548 0.071537
vt 0.962572 0.071329
vt 0.960214 0.087812
vt 0.977150 0.554625
vt 0.971190 0.548678
vt 0.975298 0.549537
vt 0.797303 0.003216
vt 0.797407 0.004407
vt 0.797229 0.007412
vt 0.970143 0.568531
vt 0.989685 0.059115
vt 0.988869 0.086641
vt 0.011732 0.971307
vt 0.041405 0.972154
vt 0.020500 0.980075
vt 0.989549 0.058210
vt 0.014245 0.981122
vt 0.009641 0.396400
vt 0.979910 0.974734
vt 0.986841 0.575816
vt 0.970638 0.574316
vt 0.013875 0.393385
vt 0.009991 0.389471
vt 0.085606 0.042235
vt 0.085165 0.043036
vt 0.069050 0.045301
vt 0.871718 0.973394
vt 0.887632 0.980816
vt 0.857426 0.981565
vt 0.977049 0.974591
vt 0.972573 0.996446
vt 0.985767 0.569491
vt 0.980479 0.549947
vt 0.376307 0.061794
vt 0.363238 0.063560
vt 0.371431 0.052863
vt 0.087096 0.016440
vt 0.100089 0.018813
vt 0.016849 0.384039
vt 0.019082 0.389739
vt 0.983787 0.550161
vt 0.016613 0.391517
vt 0.974674 0.974817
vt 0.971826 0.974789
vt 0.856295 0.978603
vt 0.020906 0.380745
vt 0.986818 0.550428
vt 0.895823 0.003651
vt 0.872539 0.012364
vt 0.876114 0.003651
vt 0.194173 0.943937
vt 0.204421 0.975476
vt 0.176005 0.949805
vt 0.898597 0.012086
vt 0.078304 0.030613
vt 0.998795 0.418183
vt 0.995737 0.414287
vt 0.997987 0.401524
vt 0.995639 0.417341
vt 0.995762 0.418314
vt 0.973586 0.918518
vt 0.951947 0.918518
vt 0.973516 0.904445
vt 0.899962 0.003258
vt 0.902161 0.001135
vt 0.906438 0.007932
vt 0.000778 0.926220
vt 0.000234 0.925815
vt 0.774337 0.002751
vt 0.774752 0.003639
vt 0.774378 0.006359
vt 0.075505 0.031622
vt 0.171592 0.954461
vt 0.185606 0.981031
vt 0.798302 0.007995
vt 0.798302 0.005019
vt 0.801332 0.007791
vt 0.801433 0.001486
vt 0.798083 0.000102
vt 0.801613 0.005061
vt 0.070839 0.033188
vt 0.044648 0.030486
vt 0.905671 0.000302
vt 0.034657 0.383738
vt 0.909248 0.000165
vt 0.026127 0.982527
vt 0.025498 0.986096
vt 0.007780 0.983140
vt 0.180227 0.981671
vt 0.051655 0.395967
vt 0.410668 0.060062
vt 0.973660 0.884133
vt 0.232976 0.059919
vt 0.334838 0.059919
vt 0.952147 0.884114
vt 0.054472 0.388208
vt 0.852811 0.012543
vt 0.850897 0.003995
vt 0.391125 0.052119
vt 0.416326 0.051128
vt 0.557837 0.514819
vt 0.731637 0.514819
vt 0.731466 0.521618
vt 0.863674 0.415254
vt 0.000778 0.937545
vt 0.244285 0.105061
vt 0.135982 0.281267
vt 0.190682 0.235368
vt 0.160973 0.324283
vt 0.427066 0.459174
vt 0.396636 0.449286
vt 0.447807 0.422020
vt 0.439037 0.420818
vt 0.135988 0.323061
vt 0.135229 0.234927
vt 0.451138 0.465979
vt 0.440342 0.272466
vt 0.400890 0.283779
vt 0.524091 0.203652
vt 0.021136 0.810833
vt 0.029097 0.804614
vt 0.029804 0.845534
vt 0.019205 0.809912
vt 0.421043 0.415463
vt 0.015767 0.797994
vt 0.022237 0.787138
vt 0.732822 0.352978
vt 0.751784 0.303861
vt 0.750874 0.354536
vt 0.375476 0.752099
vt 0.311239 0.793890
vt 0.311793 0.752099
vt 0.017821 0.779466
vt 0.771973 0.319348
vt 0.776134 0.293678
vt 0.774333 0.307910
vt 0.011694 0.784104
vt 0.726537 0.262784
vt 0.593188 0.011569
vt 0.591794 0.003662
vt 0.642012 0.003613
vt 0.852458 0.860279
vt 0.833267 0.885578
vt 0.798778 0.859348
vt 0.840364 0.962900
vt 0.808781 0.961247
vt 0.839522 0.959759
vt 0.801833 0.963824
vt 0.800830 0.960613
vt 0.080001 0.931728
vt 0.080779 0.962496
vt 0.079394 0.970351
vt 0.547157 0.970210
vt 0.583916 0.970210
vt 0.548862 0.973110
vt 0.585839 0.204042
vt 0.694211 0.206213
vt 0.661575 0.295881
vt 0.441272 0.317970
vt 0.395441 0.346345
vt 0.438841 0.275418
vt 0.044463 0.931833
vt 0.504619 0.431407
vt 0.311396 0.840235
vt 0.396347 0.977150
vt 0.417810 0.975272
vt 0.433106 0.977157
vt 0.546325 0.970840
vt 0.545556 0.973999
vt 0.510017 0.973999
vt 0.641239 0.011258
vt 0.570669 0.293869
vt 0.848301 0.885591
vt 0.857867 0.863797
vt 0.897770 0.058934
vt 0.897770 0.115661
vt 0.888162 0.062621
vt 0.758213 0.246047
vt 0.999762 0.635391
vt 0.997708 0.635029
vt 0.998973 0.619669
vt 0.509343 0.971059
vt 0.044221 0.970600
vt 0.801729 0.964678
vt 0.839872 0.968015
vt 0.801127 0.966675
vt 0.830365 0.965244
vt 0.840573 0.965082
vt 0.490050 0.394865
vt 0.402324 0.840512
vt 0.690971 0.217833
vt 0.719273 0.251552
vt 0.735700 0.241625
vt 0.560446 0.203613
vt 0.525457 0.416622
vt 0.000910 0.668198
vt 0.010984 0.666090
vt 0.010070 0.671532
vt 0.959698 0.742150
vt 0.988176 0.743307
vt 0.983633 0.749927
vt 0.000656 0.675067
vt 0.010196 0.681343
vt 0.009903 0.691703
vt 0.401372 0.752303
vt 0.406586 0.988917
vt 0.432483 0.988917
vt 0.406972 0.990334
vt 0.002052 0.689708
vt 0.963624 0.733373
vt 0.885545 0.453464
vt 0.893621 0.454104
vt 0.893621 0.506557
vt 0.884720 0.502921
vt 0.421327 0.289301
vt 0.465941 0.324978
vt 0.492399 0.294546
vt 0.494765 0.368802
vt 0.535733 0.360394
vt 0.455862 0.322485
vt 0.464451 0.283935
vt 0.480051 0.289926
vt 0.310493 0.755699
vt 0.310582 0.817303
vt 0.222368 0.817303
vt 0.697891 0.836928
vt 0.690366 0.836928
vt 0.700242 0.775021
vt 0.667054 0.837539
vt 0.644202 0.774721
vt 0.254850 0.975272
vt 0.254348 0.976652
vt 0.220352 0.976088
vt 0.220698 0.782836
vt 0.237402 0.755066
vt 0.700231 0.757914
vt 0.531782 0.203828
vt 0.400504 0.309000
vt 0.673247 0.757399
vt 0.643382 0.756085
vt 0.656559 0.756518
vt 0.219782 0.759680
vt 0.532218 0.383301
vt 0.112961 0.598347
vt 0.125614 0.585245
vt 0.171500 0.649340
vt 0.529979 0.247616
vt 0.159998 0.664026
vt 0.112406 0.697144
vt 0.074240 0.706621
vt 0.049941 0.707445
vt 0.042244 0.707186
vt 0.029401 0.709051
vt 0.013311 0.711462
vt 0.811470 0.884581
vt 0.694303 0.237294
vt 0.867215 0.875400
vt 0.074240 0.779715
vt 0.723172 0.535270
vt 0.553650 0.535270
vt 0.554091 0.515337
vt 0.937799 0.812152
vt 0.938564 0.770525
vt 0.945298 0.808655
vt 0.725826 0.446762
vt 0.670148 0.275404
vt 0.735216 0.279100
vt 0.945298 0.799378
vt 0.798186 0.904294
vt 0.806515 0.890549
vt 0.863251 0.900553
vt 0.885197 0.452684
vt 0.885421 0.398531
vt 0.888878 0.410613
vt 0.859879 0.886698
vt 0.805738 0.887914
vt 0.944414 0.769832
vt 0.889095 0.440171
vt 0.728807 0.012439
vt 0.709619 0.007298
vt 0.751926 0.008666
vt 0.998851 0.838083
vt 0.998851 0.851189
vt 0.997101 0.847293
vt 0.702527 0.011724
vt 0.703736 0.007628
vt 0.847660 0.810436
vt 0.859536 0.803015
vt 0.847056 0.839386
vt 0.838693 0.835149
vt 0.306985 0.097297
vt 0.323963 0.098485
vt 0.309551 0.112227
vt 0.866267 0.762335
vt 0.328055 0.113859
vt 0.346504 0.115521
vt 0.172076 0.853986
vt 0.190599 0.853940
vt 0.174191 0.859799
vt 0.300617 0.111679
vt 0.153501 0.854173
vt 0.160482 0.859843
vt 0.999762 0.948156
vt 0.997202 0.941124
vt 0.999708 0.936459
vt 0.378991 0.905730
vt 0.398708 0.905565
vt 0.379126 0.906496
vt 0.461131 0.529553
vt 0.439343 0.531343
vt 0.446609 0.529553
vt 0.353670 0.906098
vt 0.336342 0.907189
vt 0.328519 0.906453
vt 0.439345 0.531467
vt 0.495455 0.530367
vt 0.437819 0.545338
vt 0.480842 0.529059
vt 0.491793 0.528709
vt 0.291347 0.110970
vt 0.368037 0.905943
vt 0.368105 0.906732
vt 0.144555 0.854457
vt 0.144875 0.859992
vt 0.283269 0.110249
vt 0.997200 0.764763
vt 0.998246 0.770694
vt 0.997929 0.779266
vt 0.996243 0.156079
vt 0.996243 0.170338
vt 0.991106 0.169054
vt 0.265466 0.131640
vt 0.264170 0.119956
vt 0.266794 0.111790
vt 0.526121 0.533042
vt 0.531308 0.528042
vt 0.268659 0.094182
vt 0.260106 0.139134
vt 0.605703 0.541649
vt 0.506160 0.528594
vt 0.257908 0.159566
vt 0.257572 0.149863
vt 0.249965 0.180705
vt 0.253288 0.180372
vt 0.154179 0.859913
vt 0.271802 0.109560
vt 0.267754 0.105844
vt 0.138851 0.859959
vt 0.135260 0.854696
vt 0.127150 0.854674
vt 0.079654 0.682545
vt 0.079654 0.705516
vt 0.074863 0.681879
vt 0.079714 0.653615
vt 0.127923 0.859986
vt 0.079360 0.632305
vt 0.518813 0.310453
vt 0.528024 0.311240
vt 0.523631 0.318949
vt 0.522306 0.295141
vt 0.525212 0.303156
vt 0.526220 0.324449
vt 0.074638 0.705883
vt 0.115669 0.855038
vt 0.389329 0.071643
vt 0.397019 0.072999
vt 0.387960 0.073023
vt 0.405284 0.065530
vt 0.374718 0.066049
vt 0.417632 0.060289
vt 0.075098 0.627619
vt 0.532441 0.337899
vt 0.530003 0.332600
vt 0.537153 0.347323
vt 0.115575 0.860067
vt 0.120204 0.860129
vt 0.378962 0.072929
vt 0.546394 0.346471
vt 0.540113 0.354168
vt 0.524507 0.427334
vt 0.534013 0.380850
vt 0.542964 0.424379
vt 0.541917 0.358266
vt 0.539701 0.332441
vt 0.564400 0.352166
vt 0.421993 0.073945
vt 0.416709 0.067800
vt 0.439957 0.074404
vt 0.520809 0.437808
vt 0.566106 0.354289
vt 0.466325 0.068968
vt 0.466339 0.067915
vt 0.473460 0.072300
vt 0.463453 0.075338
vt 0.555520 0.494332
vt 0.575316 0.358000
vt 0.459249 0.075090
vt 0.247626 0.188207
vt 0.359866 0.545388
vt 0.359866 0.384775
vt 0.418980 0.529675
vt 0.876315 0.479569
vt 0.866383 0.511029
vt 0.865995 0.497443
vt 0.865944 0.483669
vt 0.411401 0.045323
vt 0.350239 0.046002
vt 0.384256 0.040536
vt 0.875359 0.454052
vt 0.865707 0.465383
vt 0.813280 0.047605
vt 0.819942 0.060402
vt 0.806178 0.059907
vt 0.865588 0.455132
vt 0.409790 0.040661
vt 0.859995 0.278732
vt 0.866220 0.265381
vt 0.863643 0.365186
vt 0.438862 0.012575
vt 0.453084 0.002608
vt 0.444833 0.012575
vt 0.802220 0.006045
vt 0.802810 0.002700
vt 0.803043 0.006409
vt 0.970475 0.975833
vt 0.970475 0.985804
vt 0.969809 0.975228
vt 0.459137 0.011946
vt 0.837313 0.047549
vt 0.848471 0.061128
vt 0.838228 0.060729
vt 0.780440 0.997429
vt 0.780440 0.987599
vt 0.783831 0.987389
vt 0.827597 0.047486
vt 0.998867 0.755840
vt 0.997591 0.751076
vt 0.998198 0.741124
vt 0.851575 0.058369
vt 0.867912 0.061161
vt 0.847485 0.064712
vt 0.472430 0.002881
vt 0.468845 0.011580
vt 0.860075 0.046400
vt 0.849148 0.047665
vt 0.480675 0.011192
vt 0.481196 0.002799
vt 0.856443 0.048010
vt 0.999625 0.897066
vt 0.997638 0.885794
vt 0.999832 0.884311
vt 0.487978 0.011144
vt 0.857513 0.047078
vt 0.857329 0.045612
vt 0.898252 0.013186
vt 0.896826 0.056456
vt 0.889086 0.060572
vt 0.489782 0.003356
vt 0.488803 0.007592
vt 0.799546 0.991598
vt 0.799546 0.995244
vt 0.798632 0.994083
vt 0.996476 0.850258
vt 0.998970 0.853819
vt 0.997211 0.863305
vt 0.871821 0.069304
vt 0.854279 0.015153
vt 0.605072 0.971942
vt 0.593268 0.969860
vt 0.629404 0.970796
vt 0.831493 0.332337
vt 0.833889 0.304951
vt 0.850408 0.422542
vt 0.854236 0.291020
vt 0.001172 0.006633
vt 0.010400 0.015579
vt 0.010400 0.023100
vt 0.964089 0.337625
vt 0.969966 0.347804
vt 0.956568 0.337645
vt 0.010467 0.028207
vt 0.963667 0.347933
vt 0.001943 0.054602
vt 0.983782 0.523379
vt 0.959133 0.542036
vt 0.957008 0.523379
vt 0.969032 0.540736
vt 0.965497 0.542411
vt 0.323818 0.005898
vt 0.319907 0.005898
vt 0.321402 0.002705
vt 0.049535 0.985272
vt 0.053633 0.983032
vt 0.062440 0.984585
vt 0.912291 0.771960
vt 0.907070 0.791447
vt 0.907041 0.743472
vt 0.063680 0.981285
vt 0.042087 0.971244
vt 0.993909 0.822223
vt 0.993834 0.841001
vt 0.980281 0.841001
vt 0.693791 0.984943
vt 0.724621 0.985429
vt 0.724966 0.986717
vt 0.072072 0.983038
vt 0.065913 0.984607
vt 0.275839 0.931693
vt 0.282796 0.933194
vt 0.280609 0.937884
vt 0.262342 0.891400
vt 0.266001 0.895058
vt 0.243705 0.893905
vt 0.072286 0.984810
vt 0.278719 0.941283
vt 0.951461 0.337718
vt 0.950939 0.348134
vt 0.270422 0.940972
vt 0.263110 0.931861
vt 0.980591 0.820496
vt 0.251572 0.932168
vt 0.259489 0.888757
vt 0.975414 0.653369
vt 0.981371 0.674554
vt 0.974722 0.680134
vt 0.940038 0.338035
vt 0.934386 0.348557
vt 0.856414 0.992409
vt 0.856414 0.987950
vt 0.003993 0.865558
vt 0.000369 0.872374
vt 0.000108 0.864076
vt 0.993042 0.126141
vt 0.992858 0.127200
vt 0.990851 0.127738
vt 0.856557 0.993474
vt 0.255331 0.888693
vt 0.939406 0.348610
vt 0.994082 0.130906
vt 0.993816 0.133289
vt 0.959089 0.132828
vt 0.960934 0.143278
vt 0.960934 0.155090
vt 0.856379 0.997374
vt 0.677464 0.982434
vt 0.646711 0.984671
vt 0.655138 0.982434
vt 0.990622 0.139548
vt 0.264175 0.940753
vt 0.259941 0.940702
vt 0.985662 0.679624
vt 0.988058 0.679691
vt 0.072244 0.971206
vt 0.988841 0.653637
vt 0.992105 0.841447
vt 0.996220 0.133890
vt 0.763064 0.968429
vt 0.788428 0.986189
vt 0.759524 0.968612
vt 0.758287 0.987168
vt 0.790296 0.965768
vt 0.764234 0.966244
vt 0.000845 0.882848
vt 0.000616 0.878620
vt 0.024644 0.873384
vt 0.901100 0.008264
vt 0.901100 0.011809
vt 0.899507 0.008429
vt 0.899674 0.017545
vt 0.991677 0.184975
vt 0.997890 0.172759
vt 0.998345 0.181866
vt 0.996101 0.135487
vt 0.239472 0.940341
vt 0.001968 0.903291
vt 0.958088 0.164237
vt 0.991533 0.170288
vt 0.965601 0.164223
vt 0.975617 0.155477
vt 0.646423 0.982737
vt 0.693556 0.985748
vt 0.233250 0.888301
vt 0.234986 0.893699
vt 0.837497 0.981380
vt 0.838323 0.981525
vt 0.836211 0.982853
vt 0.836255 0.991799
vt 0.838385 0.989038
vt 0.998292 0.253674
vt 0.998292 0.269606
vt 0.990574 0.258196
vt 0.054618 0.885483
vt 0.221242 0.892785
vt 0.997160 0.960732
vt 0.999487 0.969413
vt 0.217292 0.892664
vt 0.207825 0.892182
vt 0.197056 0.891390
vt 0.049521 0.908697
vt 0.200942 0.887331
vt 0.053526 0.899450
vt 0.058597 0.886949
vt 0.933540 0.343852
vt 0.929569 0.358882
vt 0.929304 0.345394
vt 0.934056 0.388941
vt 0.938003 0.329093
vt 0.961289 0.329093
vt 0.940010 0.332344
vt 0.644059 0.972898
vt 0.658713 0.975482
vt 0.622663 0.975265
vt 0.981954 0.540560
vt 0.861232 0.992839
vt 0.996465 0.971960
vt 0.273785 0.366671
vt 0.276552 0.366101
vt 0.282866 0.399562
vt 0.997022 0.456056
vt 0.998233 0.469897
vt 0.996201 0.473094
vt 0.266087 0.358474
vt 0.268491 0.387177
vt 0.304086 0.420819
vt 0.259170 0.372872
vt 0.992908 0.082835
vt 0.991404 0.071424
vt 0.992716 0.070506
vt 0.991448 0.082575
vt 0.141962 0.995974
vt 0.149796 0.997355
vt 0.141336 0.997448
vt 0.083546 0.995904
vt 0.078602 0.997825
vt 0.078488 0.996347
vt 0.984694 0.868813
vt 0.995462 0.849305
vt 0.995845 0.868813
vt 0.270896 0.476866
vt 0.257609 0.490210
vt 0.281076 0.405679
vt 0.161473 0.996107
vt 0.271809 0.466418
vt 0.097939 0.995881
vt 0.097932 0.997792
vt 0.590882 0.008309
vt 0.584777 0.008376
vt 0.582701 0.004781
vt 0.286153 0.430157
vt 0.587589 0.005087
vt 0.286202 0.431603
vt 0.283965 0.446369
vt 0.286885 0.461650
vt 0.161802 0.997953
vt 0.098399 0.997264
vt 0.098637 0.995596
vt 0.926068 0.950283
vt 0.925197 0.938887
vt 0.927030 0.939280
vt 0.925379 0.950136
vt 0.998149 0.037154
vt 0.999827 0.037301
vt 0.999011 0.048372
vt 0.984418 0.849484
vt 0.304132 0.475070
vt 0.357854 0.736350
vt 0.353867 0.725396
vt 0.388469 0.738209
vt 0.251508 0.973692
vt 0.247786 0.974689
vt 0.217116 0.974458
vt 0.449777 0.737835
vt 0.413843 0.724349
vt 0.426608 0.724289
vt 0.354526 0.722318
vt 0.367448 0.722526
vt 0.380473 0.723179
vt 0.141871 0.801486
vt 0.129370 0.797769
vt 0.136033 0.793739
vt 0.161590 0.802372
vt 0.173624 0.811814
vt 0.117004 0.794013
vt 0.119361 0.787557
vt 0.179748 0.807997
vt 0.185788 0.815682
vt 0.241037 0.834502
vt 0.258503 0.827023
vt 0.268009 0.834999
vt 0.223271 0.833796
vt 0.222539 0.826480
vt 0.221773 0.820910
vt 0.172979 0.805949
vt 0.282355 0.827204
vt 0.279942 0.835333
vt 0.189122 0.810999
vt 0.287010 0.835539
vt 0.276057 0.822556
vt 0.202329 0.815147
vt 0.296818 0.836370
vt 0.302135 0.824474
vt 0.310616 0.837492
vt 0.260099 0.821410
vt 0.264591 0.821373
vt 0.833459 0.991719
vt 0.831581 0.994401
vt 0.831521 0.985862
vt 0.284933 0.821056
vt 0.532384 0.812279
vt 0.494068 0.813257
vt 0.499192 0.806426
vt 0.556990 0.809549
vt 0.548432 0.812342
vt 0.561099 0.806582
vt 0.294297 0.824029
vt 0.536941 0.811443
vt 0.287723 0.824745
vt 0.288961 0.823329
vt 0.566673 0.812119
vt 0.560015 0.812816
vt 0.563241 0.811691
vt 0.531128 0.806487
vt 0.759552 0.005993
vt 0.756136 0.005993
vt 0.757438 0.004635
vt 0.563496 0.809169
vt 0.574523 0.812213
vt 0.584373 0.811011
vt 0.996863 0.561426
vt 0.998246 0.564393
vt 0.996693 0.578250
vt 0.561011 0.811835
vt 0.762768 0.002227
vt 0.764561 0.004020
vt 0.762860 0.005870
vt 0.570505 0.805671
vt 0.045486 0.928055
vt 0.043727 0.916288
vt 0.025053 0.913439
vt 0.029315 0.911827
vt 0.048605 0.913771
vt 0.063125 0.893461
vt 0.171604 0.761941
vt 0.140905 0.770744
vt 0.146975 0.679661
vt 0.481318 0.185674
vt 0.416068 0.168190
vt 0.553568 0.165541
vt 0.055067 0.900011
vt 0.055763 0.897723
vt 0.200188 0.752928
vt 0.011268 0.913281
vt 0.766136 0.004787
vt 0.768481 0.006154
vt 0.260545 0.478565
vt 0.054050 0.930932
vt 0.763908 0.006347
vt 0.031451 0.546738
vt 0.043954 0.546738
vt 0.032578 0.620266
vt 0.407904 0.038503
vt 0.469626 0.038503
vt 0.454703 0.065242
vt 0.848868 0.840079
vt 0.880889 0.829307
vt 0.188647 0.548449
vt 0.134749 0.548164
vt 0.134749 0.539395
vt 0.015393 0.314420
vt 0.048702 0.316024
vt 0.045849 0.324316
vt 0.046035 0.300192
vt 0.210357 0.711154
vt 0.220353 0.751494
vt 0.194309 0.734946
vt 0.225024 0.722017
vt 0.819876 0.990563
vt 0.821319 0.993064
vt 0.820082 0.997291
vt 0.134803 0.530607
vt 0.184426 0.728693
vt 0.179834 0.663992
vt 0.051313 0.307633
vt 0.714495 0.013232
vt 0.669596 0.054125
vt 0.668785 0.013232
vt 0.724686 0.054754
vt 0.714664 0.053196
vt 0.969394 0.991997
vt 0.969042 0.994863
vt 0.967853 0.991473
vt 0.934849 0.444024
vt 0.954828 0.444024
vt 0.936697 0.445652
vt 0.629006 0.037937
vt 0.569881 0.037937
vt 0.588189 0.021273
vt 0.317764 0.003070
vt 0.317764 0.005533
vt 0.315839 0.005221
vt 0.493972 0.039277
vt 0.502370 0.039277
vt 0.472182 0.042444
vt 0.470221 0.038499
vt 0.531297 0.043484
vt 0.554140 0.677393
vt 0.614314 0.672129
vt 0.553859 0.697206
vt 0.157642 0.768639
vt 0.135331 0.791448
vt 0.148259 0.771508
vt 0.486876 0.646474
vt 0.149289 0.769851
vt 0.055379 0.294315
vt 0.750149 0.872757
vt 0.744872 0.855069
vt 0.753310 0.854830
vt 0.571373 0.693808
vt 0.595073 0.670513
vt 0.134487 0.516686
vt 0.186882 0.506979
vt 0.176580 0.491540
vt 0.735484 0.854980
vt 0.668163 0.036360
vt 0.057850 0.285700
vt 0.166820 0.766658
vt 0.060426 0.277053
vt 0.051730 0.277768
vt 0.732391 0.874463
vt 0.727307 0.025245
vt 0.727587 0.056100
vt 0.053246 0.272995
vt 0.726994 0.013553
vt 0.596966 0.688912
vt 0.061024 0.268300
vt 0.186225 0.491448
vt 0.353365 0.997770
vt 0.348376 0.997333
vt 0.366199 0.997170
vt 0.998297 0.158516
vt 0.999325 0.171322
vt 0.998297 0.166453
vt 0.055125 0.265284
vt 0.610399 0.667912
vt 0.145655 0.492798
vt 0.133949 0.507740
vt 0.133756 0.498719
vt 0.133354 0.489955
vt 0.180179 0.763494
vt 0.998145 0.171949
vt 0.997378 0.840310
vt 0.996550 0.843399
vt 0.996801 0.830184
vt 0.056456 0.259949
vt 0.176443 0.489625
vt 0.132709 0.484251
vt 0.961747 0.996247
vt 0.961747 0.988572
vt 0.962849 0.995490
vt 0.721760 0.855342
vt 0.186062 0.488919
vt 0.181791 0.455094
vt 0.059605 0.262737
vt 0.053453 0.253619
vt 0.634076 0.643381
vt 0.221450 0.820107
vt 0.618557 0.684979
vt 0.691059 0.855666
vt 0.706422 0.876602
vt 0.685542 0.868604
vt 0.210060 0.756437
vt 0.684517 0.877964
vt 0.682419 0.871250
vt 0.683390 0.855850
vt 0.217553 0.754792
vt 0.866462 0.785933
vt 0.368043 0.151589
vt 0.492066 0.129720
vt 0.496329 0.152668
vt 0.216033 0.972498
vt 0.210081 0.968330
vt 0.214640 0.944000
vt 0.757921 0.954965
vt 0.725250 0.979745
vt 0.963804 0.478385
vt 0.981366 0.475289
vt 0.982046 0.478659
vt 0.753833 0.953921
vt 0.999389 0.400648
vt 0.998437 0.384271
vt 0.999389 0.390242
vt 0.770693 0.004619
vt 0.773671 0.006338
vt 0.769346 0.006515
vt 0.957569 0.065540
vt 0.957569 0.034156
vt 0.972593 0.040383
vt 0.997069 0.400477
vt 0.351701 0.231448
vt 0.321812 0.235329
vt 0.322685 0.227370
vt 0.324827 0.239470
vt 0.072925 0.971586
vt 0.080771 0.981104
vt 0.074029 0.990732
vt 0.080183 0.994913
vt 0.350150 0.988873
vt 0.363971 0.988943
vt 0.361433 0.989861
vt 0.080921 0.971180
vt 0.366487 0.990532
vt 0.364245 0.990107
vt 0.349857 0.992729
vt 0.373895 0.989008
vt 0.835129 0.987139
vt 0.833627 0.987542
vt 0.835401 0.984330
vt 0.835257 0.993909
vt 0.370812 0.991786
vt 0.999661 0.010279
vt 0.999860 0.012552
vt 0.999634 0.017049
vt 0.375346 0.993920
vt 0.016529 0.866983
vt 0.012874 0.867303
vt 0.027898 0.863379
vt 0.000775 0.949840
vt 0.000202 0.943292
vt 0.000810 0.938318
vt 0.339068 0.241390
vt 0.019287 0.817354
vt 0.030142 0.863207
vt 0.095906 0.978018
vt 0.082201 0.948628
vt 0.103194 0.977837
vt 0.913087 0.696457
vt 0.913056 0.703746
vt 0.906612 0.706751
vt 0.081523 0.981028
vt 0.355580 0.229527
vt 0.912509 0.683948
vt 0.998856 0.767518
vt 0.999836 0.756318
vt 0.999517 0.771010
vt 0.913251 0.692906
vt 0.329069 0.597493
vt 0.997634 0.760005
vt 0.913352 0.685296
vt 0.307882 0.364229
vt 0.910708 0.668200
vt 0.998851 0.083541
vt 0.999012 0.082712
vt 0.999942 0.083921
vt 0.010684 0.007975
vt 0.010972 0.004685
vt 0.011077 0.008979
vt 0.996981 0.085286
vt 0.996498 0.084862
vt 0.006562 0.966675
vt 0.006562 0.977657
vt 0.001029 0.975087
vt 0.914468 0.985322
vt 0.924531 0.984989
vt 0.922120 0.985322
vt 0.999418 0.095426
vt 0.342261 0.003842
vt 0.343468 0.001254
vt 0.343197 0.007349
vt 0.591151 0.992082
vt 0.591542 0.991404
vt 0.591322 0.994932
vt 0.992973 0.085554
vt 0.923721 0.994768
vt 0.905474 0.659646
vt 0.993444 0.094900
vt 0.918540 0.993455
vt 0.911810 0.991818
vt 0.911502 0.985351
vt 0.016143 0.803750
vt 0.825560 0.123271
vt 0.698633 0.112166
vt 0.828190 0.112053
vt 0.758049 0.979745
vt 0.743437 0.953454
vt 0.329069 0.445017
vt 0.342996 0.459829
vt 0.885848 0.397561
vt 0.885848 0.343193
vt 0.897047 0.397698
vt 0.307242 0.396111
vt 0.292183 0.379647
vt 0.289990 0.343712
vt 0.602789 0.302740
vt 0.660973 0.311661
vt 0.635934 0.350076
vt 0.610253 0.344463
vt 0.233278 0.636377
vt 0.225709 0.616710
vt 0.231617 0.613542
vt 0.981543 0.646187
vt 0.970380 0.645282
vt 0.970380 0.618995
vt 0.272464 0.360075
vt 0.261675 0.338519
vt 0.562083 0.202575
vt 0.557755 0.153106
vt 0.651734 0.203315
vt 0.977986 0.621096
vt 0.884740 0.264042
vt 0.884740 0.209026
vt 0.895252 0.264659
vt 0.218784 0.619848
vt 0.943947 0.715485
vt 0.947753 0.674192
vt 0.946679 0.715246
vt 0.945451 0.674595
vt 0.640105 0.905668
vt 0.639518 0.946319
vt 0.603316 0.946319
vt 0.395233 0.004272
vt 0.394123 0.012429
vt 0.344437 0.012429
vt 0.215994 0.670231
vt 0.433816 0.975425
vt 0.470536 0.975425
vt 0.434457 0.977005
vt 0.296663 0.300980
vt 0.703094 0.399511
vt 0.661795 0.394142
vt 0.434065 0.973997
vt 0.433355 0.971348
vt 0.470491 0.971736
vt 0.470175 0.973479
vt 0.186762 0.664202
vt 0.493825 0.751212
vt 0.493030 0.841906
vt 0.403377 0.841906
vt 0.895625 0.209063
vt 0.471343 0.971573
vt 0.507834 0.974040
vt 0.471547 0.973901
vt 0.507544 0.971304
vt 0.402430 0.751999
vt 0.585302 0.110208
vt 0.637217 0.109663
vt 0.143679 0.209464
vt 0.093817 0.186213
vt 0.173895 0.182236
vt 0.706422 0.390957
vt 0.603386 0.905402
vt 0.508414 0.971992
vt 0.949604 0.896087
vt 0.949604 0.855432
vt 0.950700 0.895917
vt 0.286500 0.004312
vt 0.287386 0.002778
vt 0.287284 0.005826
vt 0.942084 0.642430
vt 0.938483 0.683593
vt 0.940047 0.641812
vt 0.941458 0.682925
vt 0.344139 0.004544
vt 0.262986 0.289928
vt 0.272323 0.285510
vt 0.964199 0.355842
vt 0.968865 0.355842
vt 0.963192 0.366324
vt 0.285874 0.280168
vt 0.946359 0.505215
vt 0.959101 0.513238
vt 0.948490 0.513167
vt 0.973681 0.504053
vt 0.186929 0.669263
vt 0.979032 0.356221
vt 0.974556 0.365097
vt 0.195371 0.685138
vt 0.191655 0.678912
vt 0.989238 0.364546
vt 0.973225 0.513659
vt 0.986316 0.356420
vt 0.433800 0.995833
vt 0.419165 0.994552
vt 0.884839 0.097672
vt 0.894514 0.150691
vt 0.885225 0.153180
vt 0.893431 0.096820
vt 0.673121 0.456569
vt 0.653605 0.420234
vt 0.686650 0.448908
vt 0.728934 0.782714
vt 0.821497 0.757635
vt 0.818845 0.782714
vt 0.729314 0.766272
vt 0.663251 0.191574
vt 0.697812 0.109438
vt 0.698111 0.414804
vt 0.820509 0.773688
vt 0.691509 0.434389
vt 0.730025 0.717792
vt 0.806500 0.718035
vt 0.822818 0.737009
vt 0.073224 0.393722
vt 0.063415 0.393722
vt 0.070080 0.317311
vt 0.059314 0.387541
vt 0.059314 0.310840
vt 0.069734 0.312793
vt 0.823192 0.721703
vt 0.617502 0.488758
vt 0.888021 0.274148
vt 0.886342 0.274148
vt 0.891998 0.265182
vt 0.229581 0.078930
vt 0.217025 0.061252
vt 0.232549 0.062099
vt 0.144475 0.076186
vt 0.695768 0.155609
vt 0.889393 0.320344
vt 0.065914 0.221557
vt 0.065914 0.174192
vt 0.318289 0.379071
vt 0.230835 0.721478
vt 0.320309 0.263302
vt 0.445208 0.995105
vt 0.605479 0.447896
vt 0.140564 0.210459
vt 0.381408 0.653177
vt 0.349402 0.651445
vt 0.325829 0.595911
vt 0.323192 0.638218
vt 0.337290 0.650720
vt 0.145211 0.584567
vt 0.114469 0.573451
vt 0.105504 0.560534
vt 0.323462 0.650037
vt 0.118564 0.581154
vt 0.120857 0.583094
vt 0.149351 0.581404
vt 0.150989 0.574588
vt 0.318956 0.608128
vt 0.320131 0.572603
vt 0.999595 0.934542
vt 0.997119 0.922982
vt 0.998714 0.924483
vt 0.192844 0.997414
vt 0.192702 0.996608
vt 0.202761 0.996537
vt 0.208870 0.997790
vt 0.328427 0.518888
vt 0.321626 0.532776
vt 0.886833 0.678437
vt 0.877236 0.666986
vt 0.901709 0.664749
vt 0.997589 0.712208
vt 0.999374 0.713239
vt 0.998607 0.727569
vt 0.151735 0.587432
vt 0.160862 0.577162
vt 0.998788 0.922239
vt 0.150525 0.616400
vt 0.185867 0.997896
vt 0.161735 0.618114
vt 0.160837 0.620394
vt 0.320200 0.633050
vt 0.999845 0.922638
vt 0.868326 0.982425
vt 0.856843 0.985985
vt 0.858266 0.983305
vt 0.304844 0.976251
vt 0.307758 0.977096
vt 0.308121 0.981243
vt 0.317984 0.629473
vt 0.709225 0.006332
vt 0.710755 0.004802
vt 0.713852 0.006268
vt 0.868866 0.984695
vt 0.999257 0.823197
vt 0.999257 0.829270
vt 0.997200 0.823071
vt 0.868508 0.991651
vt 0.931772 0.005525
vt 0.932637 0.004799
vt 0.931736 0.008952
vt 0.805636 0.996743
vt 0.801955 0.993937
vt 0.806239 0.994489
vt 0.310397 0.984782
vt 0.932380 0.013419
vt 0.809818 0.988513
vt 0.800170 0.989792
vt 0.868489 0.997838
vt 0.997898 0.831666
vt 0.812655 0.983014
vt 0.975680 0.715660
vt 0.983197 0.738793
vt 0.955569 0.722878
vt 0.998913 0.836849
vt 0.033520 0.997662
vt 0.038914 0.996710
vt 0.053019 0.997723
vt 0.988384 0.706261
vt 0.989720 0.713838
vt 0.974292 0.705085
vt 0.797461 0.983321
vt 0.333820 0.978225
vt 0.993826 0.705636
vt 0.000387 0.029034
vt 0.000387 0.038780
vt 0.000119 0.036616
vt 0.797438 0.985272
vt 0.977881 0.713944
vt 0.164493 0.628474
vt 0.796151 0.983512
vt 0.982295 0.784137
vt 0.980453 0.801840
vt 0.975268 0.790033
vt 0.976287 0.711622
vt 0.893557 0.650487
vt 0.532641 0.003152
vt 0.533655 0.004003
vt 0.532720 0.005451
vt 0.987154 0.313440
vt 0.988669 0.320105
vt 0.985326 0.325668
vt 0.979917 0.327660
vt 0.976413 0.327754
vt 0.990046 0.466907
vt 0.994131 0.468812
vt 0.982293 0.468968
vt 0.326018 0.002188
vt 0.327828 0.004346
vt 0.326113 0.005909
vt 0.995440 0.466896
vt 0.987819 0.323729
vt 0.891279 0.986046
vt 0.892693 0.994068
vt 0.890708 0.995230
vt 0.868534 0.676903
vt 0.870044 0.625713
vt 0.003429 0.803425
vt 0.001327 0.779400
vt 0.008820 0.803598
vt 0.011073 0.781372
vt 0.005249 0.779284
vt 0.000628 0.779976
vt 0.016579 0.778892
vt 0.990847 0.354001
vt 0.967225 0.352573
vt 0.971575 0.350603
vt 0.951249 0.988997
vt 0.963407 0.976406
vt 0.996813 0.490856
vt 0.995961 0.490546
vt 0.996954 0.473719
vt 0.989505 0.464373
vt 0.974455 0.348343
vt 0.967260 0.355164
vt 0.073744 0.096522
vt 0.013301 0.096522
vt 0.070101 0.083133
vt 0.900944 0.647781
vt 0.976065 0.810950
vt 0.828130 0.992916
vt 0.830312 0.995919
vt 0.826579 0.994761
vt 0.830830 0.991172
vt 0.986092 0.462469
vt 0.172871 0.648748
vt 0.830773 0.987511
vt 0.826397 0.994591
vt 0.822570 0.991793
vt 0.926673 0.973978
vt 0.925132 0.965237
vt 0.927095 0.962763
vt 0.974968 0.344811
vt 0.983836 0.458299
vt 0.828839 0.984512
vt 0.982313 0.448036
vt 0.990780 0.337144
vt 0.984773 0.454779
vt 0.820427 0.988847
vt 0.822180 0.986541
vt 0.973852 0.342872
vt 0.966738 0.337592
vt 0.897889 0.632645
vt 0.826809 0.983570
vt 0.819345 0.986409
vt 0.826236 0.982826
vt 0.986590 0.452825
vt 0.818461 0.983388
vt 0.966643 0.339905
vt 0.996504 0.455304
vt 0.996504 0.438421
vt 0.997424 0.455253
vt 0.949042 0.985752
vt 0.989843 0.449348
vt 0.989505 0.451639
vt 0.983740 0.816572
vt 0.894012 0.152425
vt 0.894012 0.208405
vt 0.889389 0.153123
vt 0.188018 0.559755
vt 0.166080 0.586416
vt 0.958990 0.997279
vt 0.987108 0.243563
vt 0.986018 0.215602
vt 0.987108 0.215654
vt 0.988172 0.243912
vt 0.784976 0.001162
vt 0.785898 0.006392
vt 0.784952 0.006935
vt 0.998128 0.871052
vt 0.999848 0.871678
vt 0.998228 0.884008
vt 0.005244 0.003577
vt 0.006344 0.001218
vt 0.006396 0.007385
vt 0.779554 0.905313
vt 0.767109 0.860246
vt 0.807026 0.878784
vt 0.270361 0.122941
vt 0.275591 0.122018
vt 0.277757 0.155235
vt 0.271297 0.151203
vt 0.731436 0.899437
vt 0.313755 0.004165
vt 0.314971 0.005380
vt 0.312368 0.005358
vt 0.315163 0.003729
vt 0.281927 0.160038
vt 0.280887 0.158741
vt 0.292392 0.121507
vt 0.287650 0.252987
vt 0.774779 0.851605
vt 0.755147 0.868130
vt 0.796357 0.905713
vt 0.381516 0.335051
vt 0.330430 0.444606
vt 0.328504 0.286163
vt 0.964507 0.584533
vt 0.980523 0.598665
vt 0.970992 0.598440
vt 0.000398 0.018191
vt 0.000108 0.013142
vt 0.015411 0.309647
vt 0.018109 0.296016
vt 0.024426 0.306543
vt 0.962744 0.598396
vt 0.949133 0.598095
vt 0.950435 0.585997
vt 0.032173 0.303713
vt 0.950181 0.584658
vt 0.044963 0.299046
vt 0.674978 0.995407
vt 0.649415 0.995407
vt 0.654763 0.987893
vt 0.784944 0.852629
vt 0.768273 0.850360
vt 0.029340 0.292496
vt 0.000389 0.961774
vt 0.000389 0.971424
vt 0.000117 0.964493
vt 0.898172 0.400369
vt 0.904607 0.409560
vt 0.892637 0.404550
vt 0.055748 0.622046
vt 0.065446 0.622894
vt 0.059493 0.633507
vt 0.988064 0.762586
vt 0.980291 0.756866
vt 0.990743 0.742482
vt 0.065690 0.621554
vt 0.004947 0.179711
vt 0.011865 0.170189
vt 0.890677 0.406454
vt 0.000633 0.185937
vt 0.994693 0.309310
vt 0.977979 0.299450
vt 0.992168 0.289141
vt 0.036467 0.289931
vt 0.997348 0.436050
vt 0.996192 0.433995
vt 0.997417 0.429426
vt 0.552309 0.004605
vt 0.552290 0.005718
vt 0.550333 0.005890
vt 0.994405 0.767134
vt 0.996461 0.424704
vt 0.997735 0.419214
vt 0.553918 0.006023
vt 0.000039 0.993248
vt 0.000467 0.991648
vt 0.000313 0.995194
vt 0.131331 0.930900
vt 0.154938 0.914370
vt 0.131913 0.948307
vt 0.990409 0.123752
vt 0.992608 0.118185
vt 0.998575 0.114007
vt 0.996461 0.983344
vt 0.999997 0.983653
vt 0.996942 0.989309
vt 0.005666 0.624235
vt 0.999560 0.992871
vt 0.998963 0.127390
vt 0.903990 0.434970
vt 0.929209 0.255869
vt 0.929209 0.209719
vt 0.936176 0.215762
vt 0.131309 0.913120
vt 0.890311 0.430114
vt 0.171829 0.949229
vt 0.291472 0.001165
vt 0.291472 0.008450
vt 0.287981 0.005740
vt 0.992385 0.310050
vt 0.891930 0.983085
vt 0.894002 0.982530
vt 0.893565 0.992167
vt 0.990560 0.106441
vt 0.994258 0.110849
vt 0.990594 0.119773
vt 0.923525 0.474811
vt 0.923525 0.500229
vt 0.894752 0.453628
vt 0.889927 0.449327
vt 0.051896 0.253106
vt 0.000398 0.010655
vt 0.015055 0.195701
vt 0.894289 0.500319
vt 0.934856 0.350838
vt 0.966966 0.350838
vt 0.934878 0.389547
vt 0.081722 0.786137
vt 0.106370 0.838434
vt 0.091797 0.833539
vt 0.073959 0.826920
vt 0.983442 0.883482
vt 0.951333 0.883482
vt 0.983587 0.858964
vt 0.707462 0.973933
vt 0.694422 0.969187
vt 0.718940 0.968979
vt 0.999458 0.233965
vt 0.999458 0.249335
vt 0.995481 0.240077
vt 0.951130 0.864457
vt 0.969909 0.849311
vt 0.983318 0.849784
vt 0.728622 0.969462
vt 0.951467 0.849598
vt 0.105674 0.838863
vt 0.724337 0.977089
vt 0.728122 0.968762
vt 0.114410 0.794626
vt 0.112191 0.806068
vt 0.109065 0.825267
vt 0.729667 0.970773
vt 0.491950 0.988904
vt 0.492907 0.989928
vt 0.491586 0.989685
vt 0.027718 0.907593
vt 0.040433 0.908706
vt 0.021990 0.908388
vt 0.499112 0.989626
vt 0.505366 0.989044
vt 0.518122 0.989468
vt 0.512396 0.989638
vt 0.021814 0.907590
vt 0.502314 0.989737
vt 0.974830 0.847485
vt 0.980051 0.847304
vt 0.980636 0.848558
vt 0.491494 0.991359
vt 0.976928 0.834211
vt 0.303843 0.993730
vt 0.322764 0.989570
vt 0.313925 0.993730
vt 0.979404 0.834893
vt 0.989701 0.592737
vt 0.988652 0.596653
vt 0.987954 0.591741
vt 0.979431 0.827256
vt 0.979297 0.814903
vt 0.980388 0.596564
vt 0.989545 0.583632
vt 0.015848 0.003897
vt 0.016540 0.002699
vt 0.016399 0.006917
vt 0.699967 0.919330
vt 0.691829 0.915587
vt 0.703291 0.913277
vt 0.965259 0.583003
vt 0.298411 0.990517
vt 0.298117 0.993572
vt 0.317129 0.993699
vt 0.675417 0.940432
vt 0.676141 0.929310
vt 0.680494 0.928933
vt 0.323341 0.993582
vt 0.673945 0.939029
vt 0.687367 0.924426
vt 0.933778 0.026591
vt 0.909499 0.025743
vt 0.944752 0.013389
vt 0.005489 0.009011
vt 0.003114 0.005971
vt 0.003134 0.001617
vt 0.159443 0.977541
vt 0.161294 0.965276
vt 0.163946 0.965415
vt 0.119905 0.806908
vt 0.662600 0.921315
vt 0.664074 0.920506
vt 0.167670 0.976758
vt 0.672868 0.940730
vt 0.687565 0.904918
vt 0.679017 0.910670
vt 0.139267 0.963870
vt 0.145366 0.955658
vt 0.148828 0.957557
vt 0.778277 0.919323
vt 0.772770 0.926371
vt 0.772936 0.915130
vt 0.192969 0.050931
vt 0.188440 0.050535
vt 0.196427 0.035650
vt 0.199757 0.051102
vt 0.175687 0.050366
vt 0.187388 0.016206
vt 0.699009 0.908352
vt 0.803131 0.007315
vt 0.803911 0.016224
vt 0.802871 0.017483
vt 0.194060 0.026993
vt 0.172726 0.016349
vt 0.769546 0.912101
vt 0.191336 0.016266
vt 0.130535 0.806390
vt 0.129879 0.808903
vt 0.143360 0.034234
vt 0.160531 0.016819
vt 0.757140 0.912448
vt 0.759641 0.904066
vt 0.170071 0.016290
vt 0.163500 0.050297
vt 0.747465 0.903536
vt 0.195376 0.907365
vt 0.216151 0.904801
vt 0.235588 0.932561
vt 0.216414 0.902218
vt 0.160725 0.050372
vt 0.590343 0.995790
vt 0.562806 0.981886
vt 0.590343 0.975276
vt 0.195968 0.935213
vt 0.123909 0.938039
vt 0.104553 0.924552
vt 0.118368 0.917359
vt 0.562491 0.975601
vt 0.237823 0.902075
vt 0.196812 0.943067
vt 0.173486 0.964889
vt 0.236410 0.941263
vt 0.935720 0.447575
vt 0.943744 0.447575
vt 0.932915 0.478014
vt 0.111152 0.941297
vt 0.728836 0.989408
vt 0.733456 0.990646
vt 0.725205 0.996422
vt 0.934303 0.486644
vt 0.958897 0.485492
vt 0.750891 0.913193
vt 0.929128 0.824019
vt 0.914964 0.793614
vt 0.931156 0.800833
vt 0.912086 0.833149
vt 0.934068 0.830888
vt 0.157316 0.809630
vt 0.143652 0.807544
vt 0.736400 0.913718
vt 0.744689 0.903509
vt 0.111567 0.913102
vt 0.915549 0.836447
vt 0.959798 0.447567
vt 0.737279 0.903083
vt 0.749492 0.995246
vt 0.097750 0.904928
vt 0.562540 0.996384
vt 0.960504 0.334835
vt 0.950230 0.332339
vt 0.959766 0.330651
vt 0.937776 0.334083
vt 0.097772 0.944769
vt 0.014609 0.015920
vt 0.011307 0.026084
vt 0.011201 0.016332
vt 0.964468 0.987006
vt 0.969007 0.990696
vt 0.964767 0.990427
vt 0.968587 0.982245
vt 0.964192 0.983729
vt 0.964382 0.980905
vt 0.968834 0.979952
vt 0.829580 0.327444
vt 0.851088 0.458528
vt 0.829580 0.461523
vt 0.994422 0.397756
vt 0.994422 0.420838
vt 0.972683 0.397482
vt 0.684450 0.103329
vt 0.643411 0.069057
vt 0.684450 0.069667
vt 0.535045 0.801534
vt 0.494002 0.801534
vt 0.538086 0.799680
vt 0.937025 0.297259
vt 0.937025 0.341405
vt 0.935444 0.300273
vt 0.268203 0.997803
vt 0.247123 0.997803
vt 0.246473 0.997136
vt 0.529169 0.786812
vt 0.553955 0.990216
vt 0.533971 0.990216
vt 0.561274 0.988960
vt 0.544379 0.004595
vt 0.544379 0.005526
vt 0.543171 0.005284
vt 0.561677 0.990291
vt 0.184997 0.997905
vt 0.162675 0.996963
vt 0.163471 0.996022
vt 0.687950 0.069012
vt 0.687826 0.103759
vt 0.319216 0.004092
vt 0.319216 0.005480
vt 0.318435 0.005523
vt 0.720718 0.074268
vt 0.184549 0.996338
vt 0.984521 0.118096
vt 0.986127 0.118379
vt 0.985118 0.147592
vt 0.733348 0.069490
vt 0.728440 0.074167
vt 0.748796 0.104064
vt 0.720253 0.096604
vt 0.558256 0.786978
vt 0.583486 0.799522
vt 0.199868 0.087834
vt 0.187463 0.109319
vt 0.187881 0.080650
vt 0.209443 0.088260
vt 0.186979 0.151220
vt 0.236487 0.152401
vt 0.225683 0.088448
vt 0.237111 0.081254
vt 0.215842 0.088419
vt 0.394425 0.713678
vt 0.491531 0.713678
vt 0.493227 0.717496
vt 0.801885 0.008793
vt 0.801957 0.012584
vt 0.791929 0.012584
vt 0.208414 0.186050
vt 0.765375 0.011296
vt 0.496465 0.010909
vt 0.491013 0.007761
vt 0.520080 0.010464
vt 0.745306 0.007445
vt 0.735464 0.007445
vt 0.745275 0.003268
vt 0.796318 0.003115
vt 0.786678 0.007338
vt 0.786733 0.003115
vt 0.752812 0.010670
vt 0.752698 0.006647
vt 0.970370 0.427356
vt 0.990182 0.428024
vt 0.990182 0.437522
vt 0.970344 0.437484
vt 0.057036 0.995932
vt 0.056875 0.996850
vt 0.037093 0.995559
vt 0.968927 0.599248
vt 0.949252 0.601157
vt 0.949089 0.599296
vt 0.539752 0.010101
vt 0.519679 0.007188
vt 0.968399 0.600965
vt 0.489094 0.011031
vt 0.997721 0.981982
vt 0.997799 0.972484
vt 0.999748 0.971962
vt 0.495852 0.786894
vt 0.736370 0.003182
vt 0.898140 0.930136
vt 0.889594 0.893751
vt 0.912757 0.910016
vt 0.875348 0.913537
vt 0.795019 0.988372
vt 0.793214 0.988856
vt 0.795348 0.978250
vt 0.999381 0.982670
vt 0.672345 0.004415
vt 0.653368 0.002754
vt 0.696723 0.004034
vt 0.702401 0.002671
vt 0.099310 0.996124
vt 0.119245 0.995446
vt 0.119399 0.997206
vt 0.175227 0.671508
vt 0.175427 0.576974
vt 0.185169 0.650186
vt 0.584946 0.786764
vt 0.099225 0.997469
vt 0.952651 0.992032
vt 0.953220 0.993784
vt 0.952652 0.993798
vt 0.796046 0.007513
vt 0.998412 0.971783
vt 0.534825 0.786888
vt 0.686007 0.989081
vt 0.685822 0.990198
vt 0.661159 0.988041
vt 0.793529 0.978541
vt 0.863052 0.928087
vt 0.932096 0.622732
vt 0.933018 0.633074
vt 0.928824 0.631722
vt 0.724505 0.752165
vt 0.728516 0.756944
vt 0.634339 0.755086
vt 0.664382 0.898452
vt 0.648278 0.898171
vt 0.667790 0.895632
vt 0.617535 0.902079
vt 0.624856 0.901215
vt 0.614669 0.904834
vt 0.637915 0.901898
vt 0.608526 0.853263
vt 0.615556 0.892248
vt 0.611985 0.865903
vt 0.534952 0.786017
vt 0.321397 0.017406
vt 0.328569 0.020354
vt 0.342358 0.043303
vt 0.340858 0.036356
vt 0.037381 0.957406
vt 0.015386 0.965412
vt 0.001587 0.956653
vt 0.614952 0.969339
vt 0.650099 0.969339
vt 0.650737 0.970438
vt 0.790488 0.981613
vt 0.790204 0.981121
vt 0.790767 0.970817
vt 0.354932 0.029953
vt 0.349203 0.029501
vt 0.337461 0.014376
vt 0.734493 0.007071
vt 0.734493 0.002545
vt 0.735143 0.002762
vt 0.860848 0.165886
vt 0.860848 0.066908
vt 0.864861 0.164571
vt 0.374299 0.014812
vt 0.381989 0.014369
vt 0.661255 0.989307
vt 0.929614 0.589092
vt 0.931430 0.611785
vt 0.880952 0.677644
vt 0.880952 0.737336
vt 0.876639 0.735963
vt 0.386599 0.015530
vt 0.345685 0.047878
vt 0.999991 0.026942
vt 0.999991 0.036317
vt 0.999503 0.027425
vt 0.235563 0.011821
vt 0.235822 0.010353
vt 0.287717 0.012420
vt 0.338021 0.039666
vt 0.336393 0.048897
vt 0.277363 0.040031
vt 0.924978 0.664441
vt 0.915609 0.654088
vt 0.924978 0.654059
vt 0.924719 0.675405
vt 0.924369 0.698168
vt 0.756304 0.235993
vt 0.806449 0.372306
vt 0.207364 0.593399
vt 0.804610 0.237680
vt 0.981673 0.651660
vt 0.972296 0.648483
vt 0.977980 0.648562
vt 0.969589 0.651110
vt 0.971215 0.651744
vt 0.375076 0.988873
vt 0.400734 0.988873
vt 0.399518 0.994426
vt 0.136444 0.013622
vt 0.084709 0.013622
vt 0.136068 0.002066
vt 0.417677 0.991258
vt 0.442646 0.989074
vt 0.443659 0.992708
vt 0.961647 0.652124
vt 0.959223 0.364063
vt 0.945348 0.383769
vt 0.935399 0.390998
vt 0.954678 0.376870
vt 0.964905 0.369704
vt 0.893105 0.718487
vt 0.883265 0.679385
vt 0.893105 0.706883
vt 0.000498 0.899882
vt 0.000853 0.900642
vt 0.000160 0.912365
vt 0.893082 0.694585
vt 0.881784 0.686934
vt 0.881693 0.680574
vt 0.881916 0.709545
vt 0.885460 0.726890
vt 0.892897 0.730228
vt 0.888271 0.730672
vt 0.889874 0.730673
vt 0.014594 0.008858
vt 0.014328 0.005815
vt 0.016543 0.009097
vt 0.001523 0.960353
vt 0.005562 0.961078
vt 0.001608 0.971943
vt 0.005481 0.960243
vt 0.768420 0.041277
vt 0.756723 0.037019
vt 0.774780 0.041257
vt 0.883945 0.731041
vt 0.881842 0.726466
vt 0.745809 0.041140
vt 0.014759 0.014934
vt 0.014698 0.010458
vt 0.065718 0.898872
vt 0.069645 0.894614
vt 0.083352 0.894614
vt 0.001163 0.989880
vt 0.006934 0.987893
vt 0.001554 0.994901
vt 0.000018 0.063110
vt 0.000488 0.062780
vt 0.000146 0.074365
vt 0.129991 0.902250
vt 0.127814 0.891697
vt 0.095656 0.889077
vt 0.120516 0.886718
vt 0.062317 0.892024
vt 0.787231 0.036659
vt 0.810625 0.018796
vt 0.800776 0.022242
vt 0.785462 0.022242
vt 0.826470 0.021820
vt 0.844092 0.018415
vt 0.840321 0.021838
vt 0.728888 0.041117
vt 0.728457 0.037136
vt 0.736260 0.037093
vt 0.114869 0.303505
vt 0.116718 0.269827
vt 0.117528 0.273110
vt 0.746302 0.036990
vt 0.108436 0.318569
vt 0.104381 0.323102
vt 0.107233 0.281440
vt 0.113953 0.313886
vt 0.113190 0.323899
vt 0.150129 0.816441
vt 0.191861 0.817931
vt 0.215437 0.824248
vt 0.152959 0.339297
vt 0.171045 0.354161
vt 0.127660 0.334789
vt 0.112670 0.331685
vt 0.785660 0.018243
vt 0.103181 0.343926
vt 0.132096 0.820379
vt 0.212711 0.818549
vt 0.220637 0.821685
vt 0.102234 0.352397
vt 0.862002 0.559309
vt 0.867710 0.558302
vt 0.867756 0.669431
vt 0.857198 0.464078
vt 0.857198 0.605254
vt 0.792093 0.553080
vt 0.913816 0.745532
vt 0.913816 0.755380
vt 0.905367 0.737163
vt 0.995925 0.785212
vt 0.995121 0.803427
vt 0.982314 0.804548
vt 0.009893 0.066856
vt 0.025068 0.077881
vt 0.002260 0.077199
vt 0.139043 0.012180
vt 0.137283 0.002172
vt 0.147131 0.002172
vt 0.948297 0.590206
vt 0.947841 0.602484
vt 0.943404 0.600698
vt 0.913777 0.738330
vt 0.154333 0.002144
vt 0.161588 0.002354
vt 0.154164 0.012425
vt 0.943798 0.613322
vt 0.173788 0.002531
vt 0.913909 0.731073
vt 0.285899 0.251006
vt 0.254118 0.288882
vt 0.278658 0.226405
vt 0.265777 0.285006
vt 0.905388 0.724532
vt 0.667855 0.021337
vt 0.661207 0.029784
vt 0.652753 0.021330
vt 0.646085 0.029645
vt 0.288357 0.276704
vt 0.913966 0.718872
vt 0.983021 0.785028
vt 0.947606 0.626541
vt 0.833077 0.985673
vt 0.812945 0.968780
vt 0.842925 0.968805
vt 0.816952 0.974178
vt 0.513753 0.842815
vt 0.533671 0.849773
vt 0.527288 0.863460
vt 0.258931 0.159499
vt 0.328379 0.518166
vt 0.322936 0.482038
vt 0.322936 0.456393
vt 0.537704 0.712984
vt 0.394989 0.712984
vt 0.535025 0.696935
vt 0.818368 0.995823
vt 0.818368 0.987477
vt 0.819284 0.993089
vt 0.947625 0.631454
vt 0.476451 0.843055
vt 0.913841 0.708408
vt 0.943851 0.630183
vt 0.007526 0.989603
vt 0.004880 0.997746
vt 0.002596 0.995987
vt 0.905808 0.707676
vt 0.925276 0.951106
vt 0.927457 0.951491
vt 0.925935 0.962355
vt 0.000424 0.985011
vt 0.000424 0.990698
vt 0.000082 0.988129
vt 0.999415 0.964422
vt 0.997043 0.955572
vt 0.999340 0.953088
vt 0.995202 0.080528
vt 0.994171 0.084374
vt 0.994406 0.072003
vt 0.291319 0.269440
vt 0.186280 0.004809
vt 0.184252 0.002415
vt 0.292947 0.274953
vt 0.178142 0.012932
vt 0.323031 0.501252
vt 0.323050 0.507000
vt 0.327886 0.376064
vt 0.739338 0.047765
vt 0.746817 0.060719
vt 0.729930 0.061040
vt 0.516022 0.889778
vt 0.998867 0.446514
vt 0.998867 0.463404
vt 0.998097 0.454824
vt 0.624137 0.022160
vt 0.622104 0.029253
vt 0.190147 0.013039
vt 0.000917 0.977669
vt 0.000337 0.984302
vt 0.000095 0.975212
vt 0.797530 0.236662
vt 0.663475 0.193105
vt 0.814258 0.184391
vt 0.040450 0.338724
vt 0.038747 0.340426
vt 0.021291 0.339322
vt 0.855062 0.992188
vt 0.855062 0.994403
vt 0.854453 0.991933
vt 0.610100 0.029089
vt 0.998268 0.054124
vt 0.997727 0.054503
vt 0.997683 0.043169
vt 0.854513 0.994340
vt 0.844260 0.997728
vt 0.844260 0.989114
vt 0.846023 0.991308
vt 0.609311 0.026388
vt 0.609462 0.025463
vt 0.608461 0.022515
vt 0.989779 0.206207
vt 0.988815 0.186822
vt 0.989626 0.186353
vt 0.888080 0.988364
vt 0.888080 0.993924
vt 0.887730 0.993497
vt 0.957476 0.178035
vt 0.951937 0.178520
vt 0.952799 0.141227
vt 0.382752 0.906958
vt 0.402877 0.916754
vt 0.382752 0.924450
vt 0.986571 0.199709
vt 0.986619 0.189029
vt 0.476982 0.879798
vt 0.509681 0.904119
vt 0.499029 0.904904
vt 0.766643 0.059646
vt 0.986436 0.214963
vt 0.956922 0.147035
vt 0.402908 0.926544
vt 0.413707 0.908723
vt 0.116726 0.003645
vt 0.116726 0.005464
vt 0.116068 0.005378
vt 0.989690 0.211133
vt 0.996555 0.619993
vt 0.996984 0.615086
vt 0.997372 0.630866
vt 0.483794 0.905667
vt 0.404677 0.916315
vt 0.420399 0.916542
vt 0.996861 0.491583
vt 0.996861 0.508923
vt 0.996055 0.507293
vt 0.675498 0.059672
vt 0.648471 0.057307
vt 0.713372 0.054194
vt 0.712218 0.058282
vt 0.955859 0.138282
vt 0.428483 0.908327
vt 0.076249 0.061062
vt 0.048339 0.053310
vt 0.061174 0.054033
vt 0.999931 0.736030
vt 0.999931 0.750812
vt 0.999057 0.742038
vt 0.011302 0.059119
vt 0.792337 0.057777
vt 0.782403 0.058759
vt 0.075936 0.054999
vt 0.499359 0.974874
vt 0.483498 0.985087
vt 0.486504 0.974874
vt 0.470276 0.986738
vt 0.471711 0.974800
vt 0.484732 0.986730
vt 0.990408 0.167344
vt 0.990408 0.153506
vt 0.995422 0.153786
vt 0.998950 0.025037
vt 0.997507 0.036176
vt 0.998201 0.025103
vt 0.998766 0.036198
vt 0.058074 0.996018
vt 0.061799 0.997374
vt 0.057794 0.997245
vt 0.077561 0.995690
vt 0.340723 0.049794
vt 0.335700 0.097588
vt 0.337714 0.047149
vt 0.000230 0.567769
vt 0.011916 0.548286
vt 0.011392 0.567769
vt 0.000621 0.548122
vt 0.347781 0.055015
vt 0.353613 0.059341
vt 0.070578 0.997436
vt 0.961734 0.444548
vt 0.979561 0.444548
vt 0.961813 0.446140
vt 0.077833 0.997732
vt 0.999764 0.066762
vt 0.997706 0.055363
vt 0.999764 0.055466
vt 0.998207 0.067106
vt 0.373309 0.047682
vt 0.509253 0.832192
vt 0.532494 0.845610
vt 0.494047 0.832312
vt 0.360411 0.049752
vt 0.377582 0.975975
vt 0.360487 0.971394
vt 0.169253 0.892772
vt 0.199763 0.886763
vt 0.190112 0.892772
vt 0.551055 0.842396
vt 0.552361 0.845541
vt 0.169106 0.887869
vt 0.568928 0.845946
vt 0.571743 0.832613
vt 0.149387 0.892994
vt 0.148731 0.887696
vt 0.135149 0.887680
vt 0.143631 0.887598
vt 0.132809 0.893096
vt 0.179702 0.362026
vt 0.152601 0.384063
vt 0.147753 0.372407
vt 0.182010 0.375336
vt 0.131209 0.887634
vt 0.120174 0.394148
vt 0.121397 0.381358
vt 0.128254 0.391564
vt 0.119597 0.393043
vt 0.133131 0.390072
vt 0.116498 0.395565
vt 0.124578 0.061297
vt 0.158171 0.061158
vt 0.157284 0.067063
vt 0.125499 0.066976
vt 0.102403 0.388772
vt 0.206393 0.060973
vt 0.185330 0.066623
vt 0.186006 0.061233
vt 0.721690 0.993202
vt 0.723430 0.991938
vt 0.723655 0.995411
vt 0.888118 0.981941
vt 0.888118 0.987695
vt 0.887692 0.985395
vt 0.782956 0.041416
vt 0.790350 0.035769
vt 0.795415 0.036662
vt 0.841538 0.039109
vt 0.826274 0.033989
vt 0.969398 0.001567
vt 0.969398 0.033352
vt 0.933436 0.002201
vt 0.998475 0.428819
vt 0.998475 0.444917
vt 0.997476 0.445675
vt 0.222831 0.553058
vt 0.204529 0.520038
vt 0.204529 0.461411
vt 0.998910 0.546214
vt 0.998910 0.563098
vt 0.996536 0.551409
vt 0.506842 0.153809
vt 0.397600 0.163367
vt 0.368158 0.153435
vt 0.000976 0.913913
vt 0.000976 0.924974
vt 0.000036 0.913083
vt 0.255206 0.622884
vt 0.283255 0.492526
vt 0.398117 0.972308
vt 0.223102 0.443399
vt 0.255206 0.492500
vt 0.760680 0.717096
vt 0.760680 0.680137
vt 0.774398 0.716623
vt 0.787571 0.716227
vt 0.899141 0.527579
vt 0.898451 0.540740
vt 0.883641 0.507139
vt 0.813531 0.571872
vt 0.813573 0.641281
vt 0.897798 0.552053
vt 0.813417 0.701668
vt 0.864018 0.556101
vt 0.798900 0.716010
vt 0.897396 0.561882
vt 0.808728 0.715575
vt 0.878007 0.560921
vt 0.813108 0.715567
vt 0.998973 0.666247
vt 0.998335 0.667998
vt 0.998748 0.652346
vt 0.896980 0.566242
vt 0.997485 0.654174
vt 0.049068 0.909608
vt 0.047724 0.910736
vt 0.029373 0.910248
vt 0.021730 0.990442
vt 0.018792 0.991641
vt 0.008222 0.993504
vt 0.026697 0.994376
vt 0.024406 0.994275
vt 0.931789 0.526674
vt 0.933462 0.525894
vt 0.930911 0.545010
vt 0.555533 0.992589
vt 0.554233 0.994170
vt 0.553779 0.992589
vt 0.931227 0.570260
vt 0.555061 0.994759
vt 0.891258 0.585679
vt 0.898711 0.574347
vt 0.899111 0.578094
vt 0.913814 0.588551
vt 0.927685 0.611103
vt 0.065597 0.003580
vt 0.063734 0.014149
vt 0.056753 0.002719
vt 0.581794 0.008066
vt 0.580149 0.008066
vt 0.580542 0.001549
vt 0.819280 0.628576
vt 0.819192 0.647847
vt 0.066221 0.002777
vt 0.999111 0.186184
vt 0.999111 0.172622
vt 0.999878 0.186118
vt 0.950365 0.994748
vt 0.949433 0.996362
vt 0.949625 0.988456
vt 0.980967 0.945066
vt 0.981541 0.954517
vt 0.969197 0.952340
vt 0.818776 0.695852
vt 0.819076 0.672692
vt 0.236048 0.684189
vt 0.236531 0.681948
vt 0.239965 0.683698
vt 0.241679 0.614868
vt 0.268352 0.683678
vt 0.240260 0.634087
vt 0.238440 0.658865
vt 0.233830 0.689981
vt 0.244328 0.579071
vt 0.981714 0.972041
vt 0.899775 0.579660
vt 0.280846 0.691172
vt 0.998123 0.822217
vt 0.999376 0.808350
vt 0.999398 0.814986
vt 0.997566 0.808710
vt 0.016775 0.011540
vt 0.039241 0.002045
vt 0.268332 0.684762
vt 0.928581 0.566989
vt 0.999484 0.186908
vt 0.999484 0.200744
vt 0.998997 0.193418
vt 0.011425 0.445272
vt 0.010781 0.446846
vt 0.006143 0.444683
vt 0.011002 0.428660
vt 0.538761 0.006463
vt 0.538124 0.006031
vt 0.538799 0.004177
vt 0.969614 0.974468
vt 0.003251 0.443521
vt 0.970369 0.280246
vt 0.968165 0.278042
vt 0.971480 0.280251
vt 0.003589 0.432624
vt 0.538370 0.002140
vt 0.005923 0.381826
vt 0.002585 0.379674
vt 0.003362 0.378880
vt 0.009063 0.388442
vt 0.008018 0.380624
vt 0.965325 0.273785
vt 0.960028 0.181475
vt 0.939200 0.215199
vt 0.939148 0.211296
vt 0.960803 0.216877
vt 0.938460 0.202155
vt 0.937983 0.179378
vt 0.435794 0.909976
vt 0.451351 0.908065
vt 0.439663 0.945174
vt 0.038508 0.986516
vt 0.060176 0.986516
vt 0.046076 0.993747
vt 0.011382 0.381890
vt 0.909241 0.563266
vt 0.015403 0.381385
vt 0.009360 0.842185
vt 0.013126 0.841176
vt 0.002128 0.845387
vt 0.798852 0.990038
vt 0.795387 0.991376
vt 0.795312 0.989414
vt 0.974186 0.279110
vt 0.978298 0.276512
vt 0.983279 0.273392
vt 0.795949 0.996094
vt 0.564461 0.972770
vt 0.586133 0.974666
vt 0.562958 0.974493
vt 0.017386 0.002030
vt 0.019124 0.008517
vt 0.017313 0.010116
vt 0.969935 0.261907
vt 0.970521 0.271054
vt 0.967652 0.270424
vt 0.791259 0.989398
vt 0.672222 0.975701
vt 0.680120 0.969643
vt 0.678700 0.971165
vt 0.791665 0.988280
vt 0.791665 0.977813
vt 0.792344 0.980223
vt 0.795396 0.996128
vt 0.945915 0.992903
vt 0.948822 0.987867
vt 0.948611 0.996951
vt 0.470048 0.989495
vt 0.465160 0.996334
vt 0.446790 0.996334
vt 0.793447 0.997699
vt 0.002056 0.854760
vt 0.011952 0.863277
vt 0.961389 0.263840
vt 0.789205 0.989974
vt 0.557315 0.006474
vt 0.558574 0.003218
vt 0.563130 0.006408
vt 0.023225 0.376740
vt 0.981780 0.276257
vt 0.789257 0.996387
vt 0.987610 0.276894
vt 0.559182 0.001117
vt 0.911300 0.554889
vt 0.016970 0.379936
vt 0.789768 0.997950
vt 0.644779 0.971904
vt 0.983796 0.277103
vt 0.333925 0.006523
vt 0.327512 0.006523
vt 0.331821 0.002587
vt 0.954075 0.269513
vt 0.957894 0.269441
vt 0.954411 0.263120
vt 0.954235 0.239067
vt 0.443920 0.988989
vt 0.955544 0.752380
vt 0.958750 0.743572
vt 0.983222 0.751173
vt 0.599492 0.971690
vt 0.897358 0.002646
vt 0.898686 0.002027
vt 0.898695 0.008601
vt 0.934213 0.231064
vt 0.935656 0.230810
vt 0.936738 0.276781
vt 0.019305 0.169078
vt 0.019305 0.215355
vt 0.012175 0.164466
vt 0.025813 0.168155
vt 0.035902 0.164200
vt 0.028811 0.161196
vt 0.000036 0.105355
vt 0.026430 0.099777
vt 0.914608 0.707667
vt 0.929020 0.732629
vt 0.914604 0.750329
vt 0.144653 0.459365
vt 0.123035 0.418029
vt 0.197652 0.574255
vt 0.183810 0.550281
vt 0.213780 0.561448
vt 0.224598 0.581960
vt 0.462941 0.037362
vt 0.425296 0.037712
vt 0.407505 0.016509
vt 0.110025 0.406628
vt 0.422532 0.016157
vt 0.445721 0.015932
vt 0.408007 0.037127
vt 0.985069 0.775147
vt 0.979149 0.783295
vt 0.978983 0.758203
vt 0.495260 0.995725
vt 0.482053 0.995752
vt 0.492125 0.995172
vt 0.230998 0.041322
vt 0.227950 0.020925
vt 0.240286 0.025234
vt 0.108118 0.391416
vt 0.109962 0.393561
vt 0.231676 0.595221
vt 0.204448 0.585579
vt 0.991666 0.767299
vt 0.643236 0.931963
vt 0.643559 0.928796
vt 0.088224 0.391993
vt 0.907404 0.792022
vt 0.913952 0.793176
vt 0.910138 0.840064
vt 0.210899 0.597162
vt 0.642289 0.905516
vt 0.933060 0.500676
vt 0.933060 0.525284
vt 0.930806 0.483348
vt 0.932278 0.480789
vt 0.964173 0.991468
vt 0.967001 0.991468
vt 0.966492 0.995881
vt 0.468809 0.995140
vt 0.095059 0.941720
vt 0.081512 0.944108
vt 0.094716 0.903564
vt 0.755725 0.996224
vt 0.773171 0.988088
vt 0.779700 0.995994
vt 0.777621 0.066182
vt 0.768527 0.062142
vt 0.777234 0.061756
vt 0.247567 0.024366
vt 0.244317 0.022301
vt 0.854929 0.986281
vt 0.855598 0.982489
vt 0.855224 0.991196
vt 0.363614 0.995165
vt 0.363707 0.996232
vt 0.339734 0.995839
vt 0.630021 0.722187
vt 0.636984 0.788440
vt 0.587712 0.723985
vt 0.252131 0.026213
vt 0.663019 0.894072
vt 0.617033 0.894696
vt 0.080042 0.908347
vt 0.760054 0.061480
vt 0.764167 0.988869
vt 0.754056 0.995949
vt 0.739881 0.989843
vt 0.969441 0.574754
vt 0.953802 0.583827
vt 0.932887 0.557058
vt 0.260103 0.029159
vt 0.968993 0.544716
vt 0.811660 0.849685
vt 0.734185 0.802643
vt 0.201783 0.839855
vt 0.201525 0.836915
vt 0.285823 0.836765
vt 0.266047 0.031426
vt 0.188051 0.659739
vt 0.693533 0.065017
vt 0.753694 0.061348
vt 0.282172 0.037649
vt 0.899325 0.115333
vt 0.913537 0.071594
vt 0.923043 0.118183
vt 0.688129 0.893563
vt 0.000036 0.162875
vt 0.082574 0.479535
vt 0.684634 0.905082
vt 0.617033 0.879089
vt 0.733887 0.849685
vt 0.056109 0.872098
vt 0.058887 0.860608
vt 0.059065 0.872098
vt 0.058742 0.844184
vt 0.031075 0.872237
vt 0.030510 0.802865
vt 0.058655 0.832604
vt 0.400131 0.907332
vt 0.399422 0.905382
vt 0.469506 0.907371
vt 0.567627 0.058398
vt 0.573045 0.056812
vt 0.602666 0.056812
vt 0.561465 0.056820
vt 0.545040 0.056826
vt 0.533468 0.058573
vt 0.533552 0.057092
vt 0.986995 0.121367
vt 0.987274 0.118424
vt 0.988707 0.118040
vt 0.762145 0.003115
vt 0.762145 0.005995
vt 0.760123 0.005529
vt 0.231688 0.239170
vt 0.192367 0.233079
vt 0.232120 0.234230
vt 0.988823 0.147142
vt 0.986885 0.146401
vt 0.196841 0.198338
vt 0.187771 0.164280
vt 0.198164 0.128239
vt 0.231916 0.144379
vt 0.225940 0.197904
vt 0.225855 0.163745
vt 0.225893 0.138100
vt 0.196281 0.220753
vt 0.187414 0.194468
vt 0.188005 0.215064
vt 0.188125 0.234333
vt 0.421602 0.522595
vt 0.414278 0.514460
vt 0.441284 0.528691
vt 0.561650 0.513565
vt 0.819488 0.241258
vt 0.835371 0.284939
vt 0.820957 0.366683
vt 0.834565 0.230483
vt 0.494050 0.831274
vt 0.527196 0.814400
vt 0.583885 0.829590
vt 0.360420 0.720623
vt 0.382901 0.714599
vt 0.457900 0.717189
vt 0.241821 0.280783
vt 0.246243 0.296213
vt 0.242241 0.311148
vt 0.246725 0.350673
vt 0.242402 0.341662
vt 0.241635 0.268183
vt 0.245510 0.242445
vt 0.577720 0.813463
vt 0.495820 0.814890
vt 0.155822 0.081849
vt 0.187178 0.080636
vt 0.169907 0.084333
vt 0.586549 0.108620
vt 0.657501 0.102412
vt 0.712034 0.106852
vt 0.182498 0.083847
vt 0.105332 0.083945
vt 0.139562 0.085517
vt 0.109060 0.086368
vt 0.856710 0.296693
vt 0.856710 0.425979
vt 0.851286 0.423592
vt 0.182811 0.351606
vt 0.182811 0.273764
vt 0.186117 0.252645
vt 0.255749 0.490756
vt 0.255749 0.361470
vt 0.268036 0.417819
vt 0.395840 0.460175
vt 0.622925 0.395972
vt 0.611306 0.398253
vt 0.599921 0.393499
vt 0.592902 0.390702
vt 0.583865 0.383421
vt 0.591420 0.372154
vt 0.555800 0.496437
vt 0.929215 0.340738
vt 0.932929 0.297830
vt 0.933344 0.317319
vt 0.576578 0.357815
vt 0.582520 0.360060
vt 0.577784 0.341583
vt 0.585635 0.359245
vt 0.933050 0.342889
vt 0.963353 0.983972
vt 0.963353 0.992748
vt 0.962761 0.984312
vt 0.552177 0.274818
vt 0.784183 0.006943
vt 0.775534 0.006784
vt 0.775861 0.006214
vt 0.310622 0.997185
vt 0.328924 0.997185
vt 0.310246 0.997754
vt 0.808942 0.001265
vt 0.812101 0.001879
vt 0.807332 0.007844
vt 0.300593 0.971795
vt 0.318873 0.972678
vt 0.308754 0.975601
vt 0.728288 0.007067
vt 0.719835 0.006800
vt 0.724930 0.003065
vt 0.819175 0.222514
vt 0.818103 0.240029
vt 0.816991 0.218577
vt 0.837124 0.993886
vt 0.838484 0.990970
vt 0.838413 0.995367
vt 0.296668 0.840841
vt 0.210679 0.840841
vt 0.297924 0.837297
vt 0.784047 0.002860
vt 0.997045 0.012142
vt 0.997437 0.003745
vt 0.998907 0.003616
vt 0.812580 0.985860
vt 0.812580 0.995416
vt 0.809890 0.992076
vt 0.998707 0.009059
vt 0.989838 0.003053
vt 0.989838 0.007069
vt 0.989413 0.003553
vt 0.720166 0.003054
vt 0.990829 0.479448
vt 0.969191 0.503441
vt 0.969517 0.479448
vt 0.224413 0.997049
vt 0.245726 0.997049
vt 0.223910 0.997890
vt 0.990784 0.503852
vt 0.930479 0.297798
vt 0.930988 0.001237
vt 0.924782 0.010680
vt 0.919214 0.008654
vt 0.930677 0.012933
vt 0.923675 0.010966
vt 0.998537 0.012578
vt 0.775861 0.002673
vt 0.934652 0.297857
vt 0.398193 0.968684
vt 0.376444 0.970587
vt 0.360410 0.969695
vt 0.404223 0.996425
vt 0.403970 0.995478
vt 0.428520 0.996112
vt 0.804303 0.011474
vt 0.805891 0.002696
vt 0.806031 0.009006
vt 0.804293 0.003837
vt 0.934591 0.312075
vt 0.933247 0.342890
vt 0.679111 0.987290
vt 0.653351 0.986729
vt 0.648325 0.985382
vt 0.700520 0.008193
vt 0.697542 0.011804
vt 0.652387 0.011804
vt 0.299559 0.975236
vt 0.285084 0.974669
vt 0.728545 0.003222
vt 0.290158 0.997853
vt 0.290088 0.997054
vt 0.295898 0.997180
vt 0.304375 0.997886
vt 0.303638 0.997317
vt 0.309608 0.997419
vt 0.300207 0.997257
vt 0.056722 0.928130
vt 0.071806 0.901324
vt 0.075372 0.908825
vt 0.061068 0.908260
vt 0.093076 0.901774
vt 0.317283 0.975940
vt 0.994968 0.919623
vt 0.991485 0.920891
vt 0.994184 0.900030
vt 0.999605 0.902354
vt 0.998678 0.911610
vt 0.996669 0.906548
vt 0.820566 0.211943
vt 0.817457 0.217420
vt 0.530431 0.004276
vt 0.531842 0.005264
vt 0.529393 0.005407
vt 0.320686 0.976080
vt 0.993269 0.922571
vt 0.999789 0.914953
vt 0.692678 0.982314
vt 0.687241 0.986988
vt 0.661573 0.984743
vt 0.648318 0.986525
vt 0.701864 0.012050
vt 0.692267 0.987322
vt 0.823677 0.206159
vt 0.724608 0.982843
vt 0.719433 0.983756
vt 0.693408 0.983024
vt 0.077018 0.549839
vt 0.529632 0.004208
vt 0.063678 0.905106
vt 0.804866 0.218293
vt 0.064274 0.903109
vt 0.995358 0.923857
vt 0.642768 0.003260
vt 0.647804 0.011172
vt 0.643481 0.011416
vt 0.220961 0.833875
vt 0.218185 0.825444
vt 0.221377 0.829128
vt 0.209651 0.825241
vt 0.221589 0.825516
vt 0.692759 0.006935
vt 0.133674 0.831629
vt 0.200452 0.825032
vt 0.818991 0.350015
vt 0.817618 0.213668
vt 0.064496 0.904392
vt 0.075849 0.626623
vt 0.075130 0.611308
vt 0.078716 0.627792
vt 0.820323 0.238917
vt 0.822882 0.207886
vt 0.977054 0.753776
vt 0.978120 0.786204
vt 0.976255 0.762907
vt 0.974816 0.773194
vt 0.063473 0.629335
vt 0.063030 0.649966
vt 0.061064 0.639766
vt 0.069606 0.621616
vt 0.072871 0.652377
vt 0.065003 0.658917
vt 0.073716 0.658069
vt 0.042681 0.686583
vt 0.962268 0.777928
vt 0.969062 0.780567
vt 0.965761 0.785281
vt 0.955860 0.775208
vt 0.010388 0.478962
vt 0.010388 0.485923
vt 0.001521 0.477824
vt 0.010045 0.496440
vt 0.002410 0.492804
vt 0.946792 0.809716
vt 0.816820 0.718757
vt 0.817188 0.717163
vt 0.945918 0.771762
vt 0.860812 0.597877
vt 0.010149 0.471678
vt 0.844252 0.986913
vt 0.854635 0.979369
vt 0.853352 0.992612
vt 0.001251 0.471808
vt 0.915476 0.896447
vt 0.943528 0.896447
vt 0.913891 0.911369
vt 0.985436 0.272629
vt 0.985436 0.244577
vt 0.989261 0.244601
vt 0.913100 0.917339
vt 0.911590 0.939079
vt 0.941421 0.936497
vt 0.951388 0.897410
vt 0.911466 0.917441
vt 0.950300 0.936539
vt 0.162796 0.927476
vt 0.152576 0.905560
vt 0.182815 0.935691
vt 0.936124 0.015169
vt 0.898896 0.027265
vt 0.903070 0.008160
vt 0.563473 0.926358
vt 0.570121 0.952185
vt 0.561309 0.951089
vt 0.849339 0.968180
vt 0.877023 0.969147
vt 0.187229 0.923519
vt 0.996511 0.909483
vt 0.999440 0.920170
vt 0.297205 0.571888
vt 0.314836 0.446437
vt 0.305285 0.580074
vt 0.601140 0.926783
vt 0.600038 0.950940
vt 0.539491 0.003038
vt 0.539963 0.002641
vt 0.190921 0.913394
vt 0.294678 0.578179
vt 0.194084 0.905403
vt 0.286222 0.576647
vt 0.272795 0.574201
vt 0.825444 0.720949
vt 0.852499 0.996340
vt 0.846661 0.981213
vt 0.996511 0.921995
vt 0.317792 0.583422
vt 0.539868 0.006468
vt 0.183939 0.437501
vt 0.253272 0.351324
vt 0.254765 0.437501
vt 0.182794 0.352685
vt 0.544086 0.155669
vt 0.469306 0.115632
vt 0.464746 0.109119
vt 0.081758 0.477654
vt 0.011279 0.472579
vt 0.081758 0.471283
vt 0.292620 0.213864
vt 0.310445 0.236218
vt 0.295669 0.220401
vt 0.554256 0.127808
vt 0.544703 0.122239
vt 0.247176 0.445904
vt 0.240338 0.465477
vt 0.254959 0.444712
vt 0.494497 0.095028
vt 0.300785 0.250869
vt 0.011270 0.545924
vt 0.548404 0.150984
vt 0.368817 0.185194
vt 0.562389 0.905012
vt 0.602670 0.905012
vt 0.561749 0.925454
vt 0.140019 0.996051
vt 0.140508 0.997876
vt 0.120119 0.996269
vt 0.957019 0.110254
vt 0.958467 0.109418
vt 0.957702 0.149691
vt 0.941484 0.685245
vt 0.943802 0.724620
vt 0.939361 0.709509
vt 0.948275 0.673140
vt 0.944436 0.673476
vt 0.943931 0.632500
vt 0.533933 0.005999
vt 0.534892 0.004629
vt 0.537424 0.005934
vt 0.602724 0.924898
vt 0.938789 0.684322
vt 0.942632 0.726104
vt 0.939920 0.726082
vt 0.947597 0.632192
vt 0.395779 0.003768
vt 0.446832 0.005763
vt 0.439390 0.007583
vt 0.728161 0.014955
vt 0.727741 0.013385
vt 0.784911 0.013590
vt 0.560719 0.991978
vt 0.560719 0.995370
vt 0.559221 0.992606
vt 0.026923 0.985591
vt 0.047215 0.981986
vt 0.040611 0.985591
vt 0.073055 0.664718
vt 0.073718 0.702702
vt 0.016869 0.708764
vt 0.794605 0.851155
vt 0.849678 0.848888
vt 0.816076 0.856364
vt 0.027335 0.982911
vt 0.398507 0.005784
vt 0.048482 0.985626
vt 0.840551 0.856876
vt 0.800114 0.858095
vt 0.887541 0.576661
vt 0.880670 0.580012
vt 0.877154 0.570946
vt 0.058550 0.310457
vt 0.058550 0.381850
vt 0.039628 0.333491
vt 0.872599 0.569783
vt 0.870456 0.567021
vt 0.783925 0.850593
vt 0.868452 0.613141
vt 0.149345 0.452275
vt 0.408624 0.991472
vt 0.426065 0.992998
vt 0.400352 0.994358
vt 0.415248 0.010908
vt 0.139197 0.389205
vt 0.144616 0.425545
vt 0.140209 0.425235
vt 0.490425 0.006557
vt 0.503590 0.003126
vt 0.514791 0.006128
vt 0.479787 0.736083
vt 0.532128 0.747915
vt 0.511688 0.756016
vt 0.455527 0.718792
vt 0.540951 0.007501
vt 0.532279 0.781250
vt 0.578344 0.116327
vt 0.082272 0.523449
vt 0.365426 0.114515
vt 0.293273 0.127677
vt 0.082354 0.536045
vt 0.592298 0.095347
vt 0.586608 0.106820
vt 0.556619 0.750488
vt 0.573849 0.093825
vt 0.081952 0.545408
vt 0.592946 0.099918
vt 0.532041 0.055929
vt 0.541739 0.053763
vt 0.559835 0.053763
vt 0.602722 0.055261
vt 0.534261 0.053557
vt 0.531387 0.051359
vt 0.543221 0.690410
vt 0.554411 0.736331
vt 0.943319 0.494348
vt 0.960470 0.499920
vt 0.938760 0.505007
vt 0.129723 0.896031
vt 0.172636 0.895976
vt 0.143990 0.904268
vt 0.933409 0.489426
vt 0.967907 0.502288
vt 0.190731 0.895860
vt 0.198212 0.895955
vt 0.196839 0.904748
vt 0.115319 0.911947
vt 0.102044 0.902302
vt 0.120071 0.902755
vt 0.961746 0.270380
vt 0.969125 0.282661
vt 0.947619 0.282344
vt 0.938264 0.287210
vt 0.944376 0.280741
vt 0.130446 0.906602
vt 0.128937 0.928585
vt 0.723589 0.810511
vt 0.700545 0.798375
vt 0.724051 0.757661
vt 0.958982 0.315653
vt 0.094251 0.901881
vt 0.702252 0.838493
vt 0.590401 0.836190
vt 0.608758 0.904701
vt 0.535627 0.865177
vt 0.702025 0.758268
vt 0.534461 0.899894
vt 0.237254 0.895885
vt 0.236760 0.897497
vt 0.198019 0.904328
vt 0.058131 0.471154
vt 0.018792 0.471154
vt 0.021789 0.396761
vt 0.988192 0.383677
vt 0.962213 0.392118
vt 0.966040 0.374076
vt 0.608107 0.880567
vt 0.270099 0.907253
vt 0.608676 0.861849
vt 0.959102 0.101206
vt 0.981666 0.103180
vt 0.958618 0.088571
vt 0.003041 0.762628
vt 0.003041 0.700935
vt 0.047566 0.756564
vt 0.899260 0.570708
vt 0.155145 0.466803
vt 0.133651 0.482252
vt 0.164932 0.460781
vt 0.959241 0.119931
vt 0.027502 0.620762
vt 0.011351 0.581030
vt 0.030653 0.547598
vt 0.591987 0.009851
vt 0.541616 0.011064
vt 0.577594 0.008592
vt 0.001673 0.059977
vt 0.016147 0.015428
vt 0.068165 0.046617
vt 0.062170 0.152014
vt 0.091977 0.172885
vt 0.026858 0.170262
vt 0.012167 0.006439
vt 0.013637 0.004688
vt 0.013518 0.010359
vt 0.997365 0.681777
vt 0.999330 0.692919
vt 0.996622 0.697272
vt 0.966322 0.953622
vt 0.968198 0.959314
vt 0.967213 0.964901
vt 0.013959 0.015049
vt 0.010839 0.014444
vt 0.925724 0.997960
vt 0.926285 0.991781
vt 0.933680 0.992298
vt 0.013527 0.546748
vt 0.934558 0.966262
vt 0.963031 0.975022
vt 0.949941 0.983347
vt 0.028531 0.097536
vt 0.098999 0.097273
vt 0.048407 0.131962
vt 0.925126 0.988821
vt 0.968395 0.954607
vt 0.928164 0.986673
vt 0.001216 0.624336
vt 0.020537 0.613663
vt 0.021558 0.617727
vt 0.926315 0.986858
vt 0.006454 0.570502
vt 0.887687 0.577972
vt 0.901623 0.631542
vt 0.873657 0.621150
vt 0.996511 0.954309
vt 0.996511 0.942959
vt 0.998934 0.951524
vt 0.872520 0.625184
vt 0.998991 0.225020
vt 0.994300 0.215172
vt 0.999776 0.209696
vt 0.999183 0.684132
vt 0.996964 0.675248
vt 0.996964 0.669262
vt 0.999494 0.668601
vt 0.990609 0.215115
vt 0.994154 0.221832
vt 0.998255 0.233101
vt 0.994253 0.237176
vt 0.983024 0.604402
vt 0.962616 0.614222
vt 0.967490 0.604402
vt 0.991499 0.217573
vt 0.988295 0.613557
vt 0.541742 0.007285
vt 0.511082 0.094902
vt 0.446065 0.091494
vt 0.518314 0.079531
vt 0.083136 0.153127
vt 0.029565 0.161331
vt 0.559973 0.909174
vt 0.554093 0.925362
vt 0.510714 0.911267
vt 0.060042 0.635117
vt 0.010808 0.635117
vt 0.012080 0.626523
vt 0.515196 0.895421
vt 0.093961 0.165537
vt 0.543331 0.006143
vt 0.508589 0.918096
vt 0.504299 0.930996
vt 0.959082 0.445069
vt 0.960867 0.446099
vt 0.941967 0.446126
vt 0.528800 0.087463
vt 0.524622 0.105547
vt 0.554217 0.004457
vt 0.555601 0.003074
vt 0.555541 0.006036
vt 0.589249 0.003876
vt 0.590848 0.002277
vt 0.590913 0.006327
vt 0.636750 0.057598
vt 0.604753 0.057737
vt 0.605138 0.054833
vt 0.603330 0.058153
vt 0.960210 0.581731
vt 0.963718 0.579706
vt 0.979062 0.580394
vt 0.847592 0.993619
vt 0.846741 0.994834
vt 0.846798 0.991502
vt 0.668938 0.054195
vt 0.786917 0.033889
vt 0.779482 0.034539
vt 0.784080 0.018793
vt 0.331012 0.751269
vt 0.326568 0.707034
vt 0.353007 0.725055
vt 0.323507 0.705715
vt 0.316247 0.707447
vt 0.255798 0.751202
vt 0.098649 0.170938
vt 0.308204 0.708797
vt 0.550163 0.123910
vt 0.770941 0.018307
vt 0.749718 0.035856
vt 0.771329 0.034739
vt 0.758512 0.017949
vt 0.537897 0.097312
vt 0.538626 0.095084
vt 0.550392 0.104490
vt 0.286920 0.712706
vt 0.743459 0.017404
vt 0.727759 0.017457
vt 0.730184 0.036239
vt 0.797871 0.965578
vt 0.761168 0.962367
vt 0.800573 0.962054
vt 0.267723 0.716342
vt 0.991276 0.007077
vt 0.990505 0.011450
vt 0.990706 0.003733
vt 0.915516 0.944598
vt 0.920478 0.950512
vt 0.881142 0.952857
vt 0.897768 0.941818
vt 0.988906 0.156918
vt 0.989351 0.174876
vt 0.987875 0.180385
vt 0.989269 0.185694
vt 0.060006 0.081736
vt 0.032139 0.090998
vt 0.000217 0.088205
vt 0.887130 0.939856
vt 0.011781 0.080561
vt 0.998928 0.252936
vt 0.993481 0.252268
vt 0.993500 0.237954
vt 0.942574 0.996889
vt 0.929683 0.987522
vt 0.948354 0.985399
vt 0.275477 0.039105
vt 0.280285 0.047433
vt 0.219715 0.045111
vt 0.617521 0.974512
vt 0.594868 0.975001
vt 0.598801 0.972874
vt 0.631346 0.973279
vt 0.479488 0.988880
vt 0.468346 0.993910
vt 0.044920 0.994259
vt 0.027981 0.994198
vt 0.023906 0.988378
vt 0.034718 0.987522
vt 0.986701 0.176919
vt 0.984328 0.149787
vt 0.988345 0.147980
vt 0.003169 0.090056
vt 0.903796 0.625964
vt 0.044516 0.157354
vt 0.494711 0.994420
vt 0.978583 0.884607
vt 0.975618 0.888564
vt 0.974386 0.884240
vt 0.981322 0.892378
vt 0.130294 0.988270
vt 0.103067 0.980974
vt 0.131071 0.969220
vt 0.102734 0.987611
vt 0.978462 0.898317
vt 0.980194 0.904149
vt 0.983610 0.898617
vt 0.702666 0.990126
vt 0.727069 0.990126
vt 0.702587 0.996210
vt 0.617252 0.989060
vt 0.593681 0.995376
vt 0.591250 0.987924
vt 0.980232 0.908919
vt 0.977331 0.911446
vt 0.978375 0.914161
vt 0.974641 0.917409
vt 0.977088 0.918392
vt 0.132332 0.958110
vt 0.152325 0.980724
vt 0.132332 0.985678
vt 0.143155 0.986311
vt 0.148682 0.986928
vt 0.153093 0.987235
vt 0.640274 0.379632
vt 0.644976 0.384200
vt 0.654745 0.405149
vt 0.640963 0.394611
vt 0.559324 0.290056
vt 0.980324 0.049889
vt 0.989312 0.045698
vt 0.986500 0.057128
vt 0.980635 0.026880
vt 0.502560 0.992758
vt 0.506305 0.993762
vt 0.496144 0.995292
vt 0.648594 0.404877
vt 0.519150 0.994824
vt 0.512183 0.993415
vt 0.514907 0.992501
vt 0.516529 0.991998
vt 0.890590 0.983742
vt 0.889202 0.985725
vt 0.888762 0.979853
vt 0.888992 0.988590
vt 0.998470 0.937099
vt 0.996542 0.930718
vt 0.996542 0.925785
vt 0.494484 0.990647
vt 0.888940 0.990288
vt 0.521204 0.989020
vt 0.172408 0.950530
vt 0.170425 0.954342
vt 0.167933 0.957312
vt 0.996470 0.937576
vt 0.464509 0.113668
vt 0.461166 0.101919
vt 0.463336 0.107019
vt 0.163691 0.964502
vt 0.138321 0.949972
vt 0.970355 0.285268
vt 0.974763 0.280015
vt 0.988148 0.284864
vt 0.560663 0.488790
vt 0.999790 0.096284
vt 0.999823 0.102112
vt 0.992047 0.102112
vt 0.010025 0.013512
vt 0.006169 0.009656
vt 0.009970 0.003694
vt 0.992324 0.279492
vt 0.996413 0.294942
vt 0.993060 0.287905
vt 0.995947 0.007023
vt 0.991907 0.007023
vt 0.992260 0.001581
vt 0.999831 0.109182
vt 0.995857 0.108457
vt 0.990429 0.288553
vt 0.990554 0.096899
vt 0.339641 0.104102
vt 0.993848 0.108143
vt 0.542331 0.005288
vt 0.540674 0.002149
vt 0.995705 0.057376
vt 0.991451 0.064240
vt 0.992209 0.057992
vt 0.995779 0.069574
vt 0.996137 0.278438
vt 0.991063 0.069649
vt 0.703613 0.006341
vt 0.704728 0.004749
vt 0.708330 0.006384
vt 0.342760 0.717025
vt 0.541349 0.695127
vt 0.540665 0.006455
vt 0.428682 0.598765
vt 0.294194 0.899680
vt 0.316308 0.892532
vt 0.327289 0.906586
vt 0.340910 0.885816
vt 0.321977 0.883237
vt 0.023807 0.379052
vt 0.026131 0.375045
vt 0.037481 0.375045
vt 0.024304 0.374550
vt 0.045833 0.374974
vt 0.047043 0.379499
vt 0.268835 0.900574
vt 0.284331 0.896044
vt 0.271178 0.907287
vt 0.698166 0.932508
vt 0.705492 0.922366
vt 0.716800 0.923355
vt 0.995745 0.018562
vt 0.991097 0.019146
vt 0.991745 0.011739
vt 0.817801 0.993380
vt 0.813273 0.982835
vt 0.817801 0.982966
vt 0.697174 0.921616
vt 0.691187 0.926024
vt 0.813272 0.987529
vt 0.718692 0.923395
vt 0.715182 0.933574
vt 0.722278 0.926424
vt 0.686415 0.931548
vt 0.995697 0.007676
vt 0.813428 0.992785
vt 0.992198 0.008122
vt 0.726034 0.930103
vt 0.942803 0.512043
vt 0.934286 0.503768
vt 0.941015 0.507269
vt 0.258787 0.870385
vt 0.321864 0.872759
vt 0.962412 0.516113
vt 0.969560 0.516920
vt 0.968191 0.518516
vt 0.998130 0.508880
vt 0.997627 0.491878
vt 0.999337 0.508667
vt 0.887133 0.997232
vt 0.869953 0.981951
vt 0.887133 0.982089
vt 0.998817 0.491626
vt 0.999352 0.651600
vt 0.998145 0.651813
vt 0.997612 0.636143
vt 0.697790 0.949499
vt 0.870123 0.997300
vt 0.725336 0.953641
vt 0.861309 0.902036
vt 0.824981 0.928430
vt 0.809238 0.905781
vt 0.998888 0.636257
vt 0.924490 0.641073
vt 0.917490 0.653198
vt 0.998551 0.696259
vt 0.999392 0.711291
vt 0.998180 0.711397
vt 0.838325 0.760728
vt 0.824121 0.721703
vt 0.851977 0.760976
vt 0.958382 0.443139
vt 0.934836 0.438440
vt 0.958382 0.438725
vt 0.315549 0.861892
vt 0.328604 0.849083
vt 0.999796 0.695992
vt 0.949942 0.516498
vt 0.687518 0.952325
vt 0.715205 0.949253
vt 0.947274 0.521536
vt 0.949382 0.521527
vt 0.995953 0.527078
vt 0.997468 0.509764
vt 0.997222 0.527179
vt 0.996194 0.509900
vt 0.359610 0.977113
vt 0.321925 0.938990
vt 0.359610 0.938373
vt 0.321564 0.976699
vt 0.695488 0.958951
vt 0.935228 0.443047
vt 0.276818 0.874142
vt 0.001745 0.988207
vt 0.006353 0.985270
vt 0.006210 0.987010
vt 0.922856 0.609298
vt 0.924697 0.990927
vt 0.925000 0.992646
vt 0.924881 0.994904
vt 0.791589 0.966206
vt 0.795365 0.977720
vt 0.791589 0.976571
vt 0.561055 0.200886
vt 0.421232 0.200886
vt 0.551068 0.170571
vt 0.002062 0.980987
vt 0.006059 0.983028
vt 0.722106 0.955969
vt 0.718293 0.958651
vt 0.005468 0.978404
vt 0.281111 0.868329
vt 0.995840 0.925358
vt 0.995840 0.948165
vt 0.992119 0.924305
vt 0.001757 0.977380
vt 0.795455 0.966106
vt 0.304793 0.857512
vt 0.318885 0.844962
vt 0.992014 0.947739
vt 0.560620 0.956460
vt 0.522572 0.956460
vt 0.560348 0.951536
vt 0.560289 0.945615
vt 0.527673 0.929322
vt 0.861830 0.721996
vt 0.521739 0.945936
vt 0.865327 0.725473
vt 0.869254 0.729905
vt 0.964457 0.654038
vt 0.974060 0.654158
vt 0.974060 0.661474
vt 0.264203 0.862454
vt 0.973401 0.689049
vt 0.968292 0.688922
vt 0.282597 0.865028
vt 0.272973 0.849736
vt 0.956744 0.689114
vt 0.269453 0.854971
vt 0.560014 0.938043
vt 0.955324 0.653660
vt 0.874424 0.735445
vt 0.309983 0.841082
vt 0.305044 0.839171
vt 0.950151 0.661205
vt 0.880402 0.742011
vt 0.949017 0.653497
vt 0.559721 0.929168
vt 0.933203 0.429742
vt 0.969631 0.437513
vt 0.935867 0.437062
vt 0.521197 0.936241
vt 0.520858 0.930956
vt 0.883875 0.762103
vt 0.968730 0.430563
vt 0.969289 0.398519
vt 0.949403 0.400761
vt 0.942003 0.401492
vt 0.035116 0.638622
vt 0.034596 0.635670
vt 0.054979 0.636186
vt 0.050285 0.993157
vt 0.072690 0.985877
vt 0.071043 0.994386
vt 0.936271 0.392215
vt 0.964033 0.372045
vt 0.961102 0.392631
vt 0.699224 0.988035
vt 0.701902 0.996277
vt 0.675629 0.995784
vt 0.689005 0.928982
vt 0.696964 0.934216
vt 0.915591 0.608442
vn -0.83030 0.55730 -0.00020
vn 0.02710 -0.03930 -0.99890
vn -0.99740 0.07170 -0.00040
vn -0.78510 0.61410 -0.08020
vn -0.73250 0.66730 -0.13460
vn -0.72440 0.67830 -0.12340
vn -0.00150 0.98810 -0.15350
vn -0.00560 0.99050 -0.13760
vn -0.00030 0.98740 -0.15830
vn -0.68770 0.71100 -0.14690
vn -0.99740 0.06540 0.03180
vn -0.99680 0.02550 -0.07590
vn -0.98090 0.11560 -0.15640
vn -0.00200 0.75890 0.65120
vn -0.00200 0.75880 0.65130
vn -0.00190 0.75830 0.65190
vn -0.04020 0.99900 0.01860
vn -0.04470 0.99900 0.00140
vn -0.05040 0.99870 -0.00090
vn -0.99770 0.03870 0.05480
vn -0.00230 0.76030 0.64960
vn -0.99220 0.02430 0.12240
vn -0.69270 0.71650 -0.08250
vn -0.02590 0.99860 0.04560
vn 0.04800 0.93700 0.34610
vn -0.86230 0.05540 0.50340
vn -0.95060 0.16820 0.26080
vn -0.94440 0.03700 0.32670
vn 0.00100 0.00510 1.00000
vn -0.00100 -0.00580 1.00000
vn -0.00240 0.00260 1.00000
vn -0.00580 0.00010 1.00000
vn -0.00260 0.00370 1.00000
vn -0.99840 0.05700 -0.00230
vn -0.99150 0.07590 0.10590
vn -0.99830 0.05880 0.00180
vn -0.99780 0.06640 -0.00300
vn -0.99770 0.06720 -0.00300
vn -0.32560 0.94310 0.06700
vn -0.34960 0.55040 0.75820
vn -0.34840 0.56860 0.74520
vn -0.35230 0.55680 0.75220
vn -0.34980 0.54530 0.76170
vn -1.00000 0.00640 0.00340
vn -0.99940 0.03520 -0.00310
vn -1.00000 0.00390 0.00160
vn -1.00000 0.00580 0.00090
vn -0.34400 0.53750 0.76990
vn 0.99700 -0.05470 -0.05430
vn 0.99690 -0.05220 -0.05930
vn 0.54290 -0.83940 -0.02510
vn 0.99710 -0.05640 -0.05100
vn -0.05380 -0.00570 -0.99850
vn 0.02930 0.00090 -0.99960
vn -0.01880 0.00360 -0.99980
vn -0.05380 0.00190 -0.99860
vn -1.00000 0.00380 0.00100
vn -0.44160 0.55900 -0.70180
vn -1.00000 -0.00170 0.00940
vn -0.11880 -0.01120 -0.99290
vn -0.20010 -0.01370 -0.97970
vn -0.07880 -0.00550 -0.99690
vn -0.04930 0.01730 -0.99860
vn -0.05930 0.00700 -0.99820
vn -0.05610 0.00860 -0.99840
vn -0.99980 0.01460 -0.01100
vn -0.99970 0.02490 0.00890
vn -0.90440 0.02170 -0.42620
vn -0.06920 0.00300 -0.99760
vn -0.12410 -0.04920 -0.99100
vn 0.71610 0.56670 -0.40740
vn -0.99970 0.02110 0.01240
vn -0.99980 0.01940 0.00250
vn -0.85900 -0.51140 -0.02650
vn -0.79610 -0.60480 -0.02170
vn -0.70040 -0.71370 -0.00310
vn -0.52520 0.85010 0.03920
vn -0.54820 0.83600 0.02400
vn -0.53890 0.84170 0.03410
vn -0.61050 -0.79200 0.00490
vn -0.54970 0.83510 0.02140
vn -0.50790 0.86140 -0.00040
vn -0.99990 0.00020 0.01240
vn -0.99990 -0.00350 0.01410
vn -0.99990 0.00850 0.00810
vn -0.51960 -0.85400 0.02580
vn -0.47650 0.87880 0.02410
vn -0.51100 0.85810 0.04990
vn -0.51060 -0.85950 0.02420
vn -0.99840 -0.00990 0.05520
vn -0.99890 -0.01650 0.04320
vn -0.99950 -0.01150 0.02920
vn -0.99990 0.00300 0.01240
vn -0.47750 -0.87810 0.03030
vn -0.99710 0.00180 0.07660
vn -0.12890 0.93380 0.33370
vn -0.99890 0.03570 0.02920
vn -0.01750 0.00680 0.99980
vn 0.02010 0.00780 0.99980
vn -0.00140 0.00290 1.00000
vn -0.02160 0.00200 0.99980
vn -0.71800 0.01550 0.69580
vn -0.65910 0.01730 0.75190
vn -0.71220 0.01310 0.70180
vn -0.21510 0.82100 0.52880
vn -0.20400 0.78940 0.57900
vn -0.20400 0.78930 0.57910
vn 0.04380 -0.61460 0.78760
vn -0.73080 0.01320 0.68250
vn -0.04970 0.00610 0.99870
vn -0.05260 0.01130 0.99860
vn -0.04280 0.00890 0.99900
vn -0.04730 0.00690 0.99890
vn -0.63830 0.01450 0.76960
vn -0.58360 0.01880 0.81180
vn 0.14820 -0.83440 -0.53090
vn -0.62330 0.00900 0.78200
vn -0.20260 0.78540 0.58490
vn -0.00770 0.01160 0.99990
vn -0.00170 0.93940 0.34280
vn -0.00670 0.90500 0.42540
vn -0.00500 0.03930 0.99920
vn -0.15150 0.95290 0.26280
vn -0.01980 0.91970 0.39210
vn -0.99880 0.04920 0.00510
vn -0.99790 0.06160 0.01820
vn -0.99810 0.04130 0.04520
vn -0.99890 0.03460 0.03120
vn -0.34610 0.93770 0.02980
vn -0.99990 -0.00260 0.01250
vn -1.00000 -0.00210 0.00920
vn -0.99990 -0.00390 0.01170
vn -0.00370 -0.99950 -0.03210
vn -0.00260 -0.63140 -0.77540
vn 0.00060 -0.62630 -0.77960
vn -0.00020 -0.62610 -0.77980
vn -0.00880 0.63930 0.76890
vn -0.00690 0.64460 0.76450
vn -0.06430 0.63760 0.76770
vn -0.99980 0.01190 0.01880
vn -0.99980 0.00130 0.01800
vn -0.99970 -0.02580 0.00140
vn -0.99760 -0.06870 0.01300
vn -0.05690 0.63470 0.77070
vn -0.00560 0.63140 0.77550
vn -0.99480 -0.10000 0.01740
vn -0.98960 -0.14090 0.02880
vn -0.00360 0.62830 0.77790
vn -0.99980 0.00710 0.01660
vn -0.98860 -0.14980 0.01500
vn 0.00030 0.62290 0.78230
vn 0.03900 0.60130 0.79810
vn 0.00590 -0.63510 -0.77240
vn 0.00230 -0.62390 -0.78150
vn 0.00610 -0.61750 -0.78650
vn -0.33860 0.59610 0.72800
vn -0.98600 -0.16260 0.03680
vn 0.99950 -0.01510 0.02880
vn 0.96670 -0.05770 0.24940
vn 0.01460 -0.99990 -0.00050
vn 0.02100 -0.99970 -0.01240
vn 0.01040 -0.99990 0.00490
vn 0.00330 -0.01260 0.99990
vn -0.00450 -0.01420 0.99990
vn 0.36390 0.00750 0.93140
vn -0.01020 0.00040 0.99990
vn -0.01200 -0.00160 0.99990
vn -0.00830 0.04920 0.99880
vn -0.01180 -0.01140 0.99990
vn 0.41410 0.01240 0.91020
vn -0.14440 -0.01570 0.98940
vn -0.99970 -0.00110 -0.02350
vn -0.99630 0.08570 0.00890
vn -0.99070 -0.13380 0.02560
vn -0.98950 -0.14450 0.00630
vn -0.98910 -0.14690 0.01050
vn -0.50240 -0.86010 -0.08860
vn -0.02700 -0.99930 0.02630
vn -0.99990 -0.00530 -0.01230
vn -0.99920 -0.02360 -0.03120
vn -0.99910 -0.03470 -0.02620
vn -0.53880 -0.52730 -0.65700
vn 0.00000 -0.58480 -0.81120
vn -0.00560 -0.00650 -1.00000
vn -0.00990 -0.01290 -0.99990
vn -0.00120 0.00000 -1.00000
vn -0.53410 -0.04010 -0.84450
vn -0.99550 -0.09030 0.02740
vn -0.99600 -0.06570 0.06080
vn -0.99610 -0.06130 0.06320
vn -0.03340 -0.99920 -0.02360
vn -0.03830 -0.99920 -0.00610
vn 0.98050 0.19220 -0.04120
vn -0.99990 0.00020 -0.01330
vn -0.84050 -0.53940 0.05080
vn -0.99900 -0.02650 -0.03610
vn -0.03470 -0.99910 0.02610
vn -0.99980 -0.00620 -0.01730
vn -0.36200 0.53030 0.76660
vn -0.35150 0.54390 0.76190
vn -0.34250 0.55700 0.75660
vn -0.36810 0.52550 0.76700
vn -0.99960 -0.01780 -0.02200
vn -0.37480 0.53030 0.76040
vn -0.38650 0.53920 0.74820
vn 0.78770 -0.59970 0.14120
vn -0.99470 -0.04590 0.09190
vn -0.05350 -0.98880 -0.13930
vn -0.34690 -0.00770 0.93790
vn -0.32650 -0.05420 0.94360
vn -0.35350 -0.06790 0.93300
vn -0.34470 -0.68350 0.64350
vn -0.40290 0.55230 0.72980
vn -0.40680 0.55210 0.72780
vn -0.45200 0.55780 0.69610
vn -0.99340 -0.11000 -0.03230
vn -0.31410 -0.09300 0.94480
vn 0.37040 0.24770 -0.89520
vn -0.33080 -0.08030 0.94030
vn -0.98130 -0.18980 -0.03300
vn -0.31470 -0.08560 0.94530
vn -0.37090 -0.06800 0.92620
vn -0.38700 -0.06200 0.92000
vn -0.49530 0.04720 -0.86740
vn -0.51510 0.04140 -0.85610
vn -0.47910 -0.00300 -0.87770
vn -0.49050 0.12300 -0.86270
vn -0.50960 0.04930 -0.85900
vn -0.55800 0.02500 -0.82950
vn -0.46460 0.23240 -0.85450
vn -0.52580 0.04460 -0.84940
vn -0.31960 0.57460 -0.75340
vn -0.99880 -0.01090 0.04710
vn -0.31430 0.60520 -0.73140
vn -0.46580 0.88410 -0.03720
vn -0.00810 -1.00000 -0.00100
vn -0.07310 -0.99730 -0.00490
vn -0.00390 -1.00000 0.00240
vn -0.02980 -0.99930 0.02250
vn -0.01060 -0.99990 0.00170
vn 0.00090 -1.00000 -0.00150
vn 0.00100 -1.00000 0.00390
vn 0.00130 -0.99960 0.02670
vn -0.00230 -1.00000 0.00350
vn 0.00000 -1.00000 -0.00450
vn -0.00090 0.11710 0.99310
vn -0.00440 0.14670 0.98920
vn 0.03490 0.25780 0.96560
vn 0.00010 -0.96830 0.24970
vn 0.00060 -0.96780 0.25180
vn 0.00200 -0.96600 0.25850
vn 0.01320 0.04430 0.99890
vn 0.01190 0.05000 0.99870
vn -0.00030 0.08150 0.99670
vn -0.00690 0.10260 0.99470
vn -0.01540 0.10450 0.99440
vn 0.88010 0.28840 0.37710
vn 0.88750 0.27890 0.36680
vn 0.86080 0.29610 0.41390
vn 0.02070 0.94470 0.32730
vn 0.05280 0.95450 0.29360
vn 0.03900 0.95480 0.29460
vn 0.84400 0.33110 0.42190
vn 0.00210 0.00850 1.00000
vn 0.00640 0.01170 0.99990
vn 0.00010 0.01510 0.99990
vn 0.11700 0.91870 0.37720
vn -0.00900 -0.99620 0.08610
vn -0.00810 -0.99800 0.06240
vn -0.00920 -0.99630 0.08550
vn 0.02500 0.03280 0.99910
vn -0.00200 -0.03900 0.99920
vn 0.00080 0.00550 1.00000
vn 0.00070 -0.00120 1.00000
vn -0.00010 0.00110 1.00000
vn 0.00220 -0.00500 1.00000
vn 0.03550 0.03420 0.99880
vn 0.05190 0.07100 0.99610
vn -0.00090 0.98880 0.14950
vn 0.00060 0.99030 0.13900
vn 0.00120 0.99050 0.13780
vn 0.54480 0.18290 0.81840
vn -0.00080 0.98870 0.15010
vn 0.00230 0.98970 0.14320
vn 0.00320 0.99040 0.13840
vn 0.00170 0.98860 0.15040
vn -0.00320 0.99060 0.13710
vn 0.82340 0.35270 0.44450
vn 0.01370 0.92860 0.37090
vn 0.01770 0.93600 0.35150
vn 0.00030 0.98980 0.14250
vn -0.00270 0.98860 0.15060
vn 0.71620 0.57020 0.40240
vn 0.83680 0.34400 0.42590
vn 0.83320 0.33180 0.44240
vn 0.84430 0.42470 0.32690
vn -0.00960 -0.99440 0.10480
vn 0.02860 0.93770 0.34620
vn 0.82730 0.32560 0.45790
vn 0.82660 0.34800 0.44240
vn 0.02970 -0.99090 0.13090
vn -0.00050 -0.99540 0.09590
vn 0.29150 0.95600 0.03300
vn 0.00620 0.02950 0.99950
vn 0.37190 0.15300 0.91560
vn 0.00200 0.01150 0.99990
vn 0.03480 0.95550 0.29280
vn 0.00010 0.98720 0.15940
vn 0.82560 0.40950 0.38820
vn 0.00170 -0.99680 0.07970
vn -0.00580 0.06940 0.99760
vn 0.00200 0.09360 0.99560
vn 0.00350 0.06930 0.99760
vn 0.00340 0.06470 0.99790
vn 0.00100 -0.00380 1.00000
vn 0.00080 -0.00250 1.00000
vn -0.00170 -0.00650 1.00000
vn 0.00280 0.00730 1.00000
vn 0.00290 0.01400 0.99990
vn 0.03420 0.08540 0.99580
vn 0.00680 0.05110 0.99870
vn -0.00110 0.02790 0.99960
vn 0.00290 0.01190 0.99990
vn 0.00280 0.01250 0.99990
vn 0.00450 0.03940 0.99920
vn -0.01640 -0.71130 -0.70270
vn 0.00550 0.26860 0.96320
vn 0.02640 0.95610 0.29180
vn 0.14880 0.93850 0.31160
vn 0.00020 0.95260 0.30430
vn 0.00070 0.95160 0.30720
vn 0.00210 0.94780 0.31890
vn -0.00320 0.00400 1.00000
vn -0.00500 0.02580 0.99970
vn -0.00310 -0.00290 1.00000
vn -0.00330 0.27760 0.96070
vn -0.00030 0.24750 0.96890
vn -0.00450 0.26200 0.96510
vn -0.00260 0.03850 0.99930
vn -0.01680 0.13420 0.99080
vn 0.05400 0.92500 0.37610
vn -0.99750 -0.00200 0.07020
vn -0.99580 -0.00570 0.09160
vn -0.99870 0.00130 0.05140
vn -0.16020 0.98620 0.04190
vn -0.44550 0.89360 0.05430
vn -0.36690 0.92680 0.08040
vn 0.00280 0.99840 0.05650
vn -0.00300 0.99810 0.06110
vn -0.00580 0.99660 0.08250
vn -0.06820 0.99580 0.06100
vn 0.00190 -0.02740 0.99960
vn 0.66840 0.00920 0.74370
vn 0.71990 -0.00370 0.69410
vn 0.04180 0.92450 0.37890
vn -0.00050 -0.99950 0.03000
vn 0.00010 -0.99880 0.04940
vn 0.01720 -0.99550 -0.09340
vn -0.00050 0.99530 0.09670
vn 0.00460 0.99880 0.04860
vn 0.61740 0.02120 0.78630
vn 0.00020 0.92320 0.38440
vn -0.01110 -0.99450 0.10390
vn 0.00520 0.70710 0.70710
vn 0.00570 0.02510 0.99970
vn -0.00230 -0.99960 -0.02730
vn -0.01590 0.00080 0.99990
vn -0.01590 -0.00590 0.99990
vn -0.01550 -0.00740 0.99990
vn -0.00210 0.00600 1.00000
vn -0.01850 0.01650 0.99970
vn -0.00510 -0.00140 1.00000
vn -0.00850 0.00940 0.99990
vn -0.02490 0.00620 0.99970
vn -0.00710 -0.99980 0.02070
vn -0.99760 0.06990 0.00000
vn -0.99740 0.07180 0.00030
vn -0.99710 0.07570 0.00130
vn -0.99710 0.07620 0.00110
vn -0.99720 0.07540 -0.00090
vn -0.03650 -0.99930 -0.00040
vn -0.00570 -1.00000 -0.00010
vn 0.00020 -1.00000 0.00000
vn -0.00020 -1.00000 0.00000
vn -0.44240 0.89620 0.03230
vn -0.49140 0.87090 0.00770
vn -0.45160 0.89220 -0.00090
vn -0.99170 0.11570 0.05610
vn -0.99890 0.00840 0.04640
vn -0.99850 0.05410 -0.00380
vn -0.28500 0.95850 0.00880
vn -0.07110 -0.99750 -0.00040
vn -0.99990 0.01540 -0.00040
vn -0.99510 0.09250 -0.03370
vn -0.96870 0.23820 0.07010
vn -0.99970 0.00440 0.02490
vn -0.33270 0.94160 0.05250
vn -0.89130 -0.45340 0.00140
vn -0.24510 0.96950 0.00010
vn -1.00000 0.00240 0.00010
vn -0.24440 0.96970 0.00000
vn -0.24650 0.96910 0.00020
vn 0.00180 1.00000 0.00010
vn -0.24700 0.96900 0.00030
vn -0.79660 0.60450 0.00180
vn -0.96890 0.24740 0.00600
vn -0.97320 0.22990 0.00150
vn -0.97320 0.23000 0.00150
vn -0.97350 0.22860 -0.00040
vn -0.97490 0.22250 -0.00040
vn -1.00000 0.00150 0.00000
vn -1.00000 0.00200 -0.00070
vn -0.99730 -0.07380 -0.00600
vn -0.99980 -0.02130 -0.00190
vn -0.99820 0.06010 0.00100
vn -0.03320 -0.68080 -0.73180
vn -0.05450 -0.70570 -0.70640
vn -0.01540 -0.67440 -0.73820
vn -0.05240 -0.70310 -0.70910
vn -0.01530 -0.65780 -0.75310
vn -0.04400 -0.65670 -0.75280
vn 0.99960 -0.01590 -0.02470
vn 0.99960 -0.01640 -0.02140
vn 0.99980 -0.02080 0.00200
vn -0.01330 -0.64120 -0.76730
vn -0.00500 -0.65180 -0.75840
vn 0.99990 -0.01390 0.00810
vn -0.99580 -0.09140 -0.00300
vn -0.99670 -0.08070 -0.00370
vn -0.99790 -0.06470 -0.00440
vn -0.99970 -0.01770 0.01610
vn -0.99990 -0.01650 0.00150
vn -1.00000 0.00140 0.00870
vn -0.12960 0.00700 0.99150
vn -0.13630 0.01350 0.99060
vn -0.16100 -0.00190 0.98700
vn -0.12870 0.01820 0.99150
vn -0.17650 0.05210 0.98290
vn -0.16530 0.98620 0.00640
vn -0.15990 0.98710 -0.00080
vn -0.94830 -0.05840 -0.31200
vn -0.98420 -0.10950 -0.13950
vn -0.96830 -0.00150 -0.24980
vn -0.95120 -0.06540 -0.30140
vn -0.27950 0.67410 0.68370
vn -0.26240 0.68740 0.67720
vn -0.35200 0.64010 0.68300
vn -0.97460 0.21250 -0.07020
vn -0.96630 0.13010 -0.22210
vn 0.99970 -0.02220 0.00370
vn -0.99970 -0.00650 0.02270
vn -0.99990 -0.00520 0.01620
vn -1.00000 -0.00260 0.00710
vn -0.95230 -0.10290 -0.28730
vn -0.00150 -1.00000 -0.00140
vn 0.00060 -1.00000 0.00060
vn -0.00140 -1.00000 -0.00130
vn -0.43430 0.59470 0.67650
vn -0.37930 0.62380 0.68330
vn -0.98480 -0.16400 -0.05760
vn -0.99740 -0.07140 -0.00090
vn -0.17570 -0.98440 0.00190
vn -0.15630 -0.98770 -0.00380
vn -0.16070 -0.98700 -0.00380
vn 0.99970 -0.02620 0.00110
vn -0.97060 0.22000 -0.09730
vn -0.97750 0.01380 -0.21050
vn -0.15070 -0.98860 -0.00540
vn -0.36160 0.00260 -0.93230
vn -0.30850 -0.00420 -0.95120
vn -0.36200 0.00110 -0.93220
vn -0.38630 0.00590 -0.92240
vn -0.35740 0.01630 -0.93380
vn -0.99990 -0.00640 -0.01140
vn -0.99990 -0.01690 -0.00030
vn -0.99990 -0.00640 -0.01150
vn 0.39660 -0.91740 -0.03300
vn -0.98480 -0.17290 0.01870
vn -0.96650 0.25680 0.00210
vn -0.82360 -0.56720 -0.00680
vn -0.99970 0.00390 -0.02250
vn -0.75520 0.65540 0.01100
vn -0.42980 0.90290 -0.00300
vn -0.44600 0.89500 0.00010
vn -0.99820 -0.05920 0.01250
vn -0.98400 0.10660 0.14260
vn -0.96780 0.24980 0.03040
vn 0.32230 0.94660 0.00480
vn -0.41080 0.91170 -0.00660
vn -0.29930 -0.95410 0.01230
vn -0.25030 0.96780 -0.02800
vn -0.14540 -0.98940 -0.00360
vn -0.66990 0.00750 0.74240
vn 0.04970 -0.00750 0.99870
vn 0.04980 -0.00750 0.99870
vn 0.15190 -0.01490 0.98830
vn -0.05750 0.00020 0.99830
vn -0.97520 -0.00150 0.22120
vn -0.97580 0.00560 0.21840
vn 0.00460 0.99980 0.01800
vn -0.97880 -0.12330 0.16360
vn -0.53940 0.56010 -0.62870
vn -0.59930 0.51190 -0.61540
vn -0.54110 0.54060 -0.64420
vn -0.44730 0.60910 -0.65500
vn -1.00000 -0.00240 0.00900
vn -0.99890 0.00380 0.04750
vn -0.99970 0.00290 0.02560
vn -0.97530 -0.08620 0.20330
vn -0.00530 -0.63310 -0.77410
vn 0.05690 -0.61430 -0.78700
vn -0.01360 -0.62710 -0.77880
vn -0.54350 0.49670 -0.67670
vn -0.98150 0.09110 0.16860
vn -0.08210 -0.63640 -0.76700
vn -0.97480 -0.02620 0.22150
vn -0.97440 0.00010 0.22480
vn -0.97910 -0.01060 0.20310
vn -0.03110 -0.61410 -0.78860
vn -0.24900 0.00990 -0.96840
vn -0.28320 -0.00230 -0.95910
vn -0.27740 -0.00260 -0.96080
vn -0.55720 0.46610 -0.68730
vn -0.30070 -0.00160 -0.95370
vn -0.31000 -0.00080 -0.95070
vn -0.33680 0.01750 -0.94140
vn -0.35240 0.02810 -0.93540
vn -0.99770 -0.06310 0.02400
vn -0.00130 -0.67450 0.73830
vn -0.00070 -0.67820 0.73490
vn 0.00520 -0.68170 0.73160
vn -0.00340 -1.00000 -0.00330
vn -0.21600 0.97350 0.07490
vn -0.00480 -0.66790 0.74420
vn -0.21930 0.58990 0.77720
vn -0.21290 0.58510 0.78250
vn -0.21930 0.58990 0.77710
vn -0.99710 -0.07590 0.01040
vn -0.00200 -0.66290 0.74870
vn -0.99980 0.00700 0.01670
vn -0.99970 -0.00950 0.02180
vn -0.99970 -0.01320 0.01960
vn -0.00040 -0.68080 0.73250
vn -0.99990 0.00090 0.01700
vn 0.99970 -0.02390 -0.00220
vn -0.99890 -0.04130 0.02110
vn -0.99820 -0.05760 0.01680
vn 0.00000 -1.00000 -0.00090
vn -0.00300 -0.68350 0.72990
vn -0.22130 0.59140 0.77550
vn 0.99960 -0.01250 0.02700
vn -0.03360 -0.65980 0.75070
vn -0.08370 -0.61840 0.78140
vn 0.99930 -0.00550 0.03690
vn -0.99980 0.00740 0.01890
vn 0.58860 -0.54050 0.60110
vn -0.99950 -0.02650 0.01990
vn -0.17080 -0.00500 0.98530
vn -0.16570 -0.00190 0.98620
vn -0.14810 0.01090 0.98890
vn -0.17470 -0.00760 0.98460
vn -0.00010 -0.68650 0.72710
vn -0.17560 -0.00780 0.98440
vn -0.98580 -0.15890 0.05490
vn -0.97430 -0.05800 0.21780
vn -0.99720 0.07410 -0.00150
vn 0.34820 -0.58060 0.73600
vn -0.38500 0.60600 -0.69610
vn -0.38630 0.61240 -0.68970
vn -0.39610 0.61590 -0.68100
vn -0.95000 0.21280 -0.22850
vn -0.41040 0.61950 -0.66920
vn -0.38150 0.63140 -0.67510
vn -0.99660 0.07690 -0.03060
vn -0.99750 0.06850 -0.01870
vn -0.99840 0.05710 -0.00060
vn -0.43520 0.58730 -0.68240
vn -0.99780 0.06520 -0.01160
vn -0.99890 0.04570 -0.00850
vn -0.99860 0.04630 -0.02520
vn -0.00230 -0.64800 0.76160
vn -0.00400 -0.65070 0.75930
vn -0.00380 -0.64910 0.76070
vn -0.43280 0.62230 -0.65220
vn -0.40950 0.69840 -0.58690
vn -0.00420 -0.65410 0.75640
vn -0.00800 -0.65100 0.75910
vn -0.46530 0.66130 -0.58840
vn -0.49160 0.65200 -0.57720
vn -0.71070 0.59140 -0.38100
vn -0.32180 0.94640 0.02690
vn -0.30280 0.95280 0.02240
vn -0.31430 0.94890 0.02930
vn -0.99920 -0.01790 0.03530
vn -0.99970 -0.01780 0.01790
vn -0.95560 -0.25480 -0.14790
vn -0.99970 0.02190 0.00990
vn -0.99180 -0.10000 -0.07920
vn -0.99840 0.05690 0.00550
vn -0.99910 0.04170 0.00000
vn -0.00640 -0.65850 0.75250
vn -0.00310 0.69550 -0.71850
vn -0.99860 0.05260 -0.00030
vn -0.00590 -0.65640 0.75440
vn -0.99830 0.05790 -0.00020
vn -0.99880 0.04920 0.00460
vn -0.99950 0.03010 0.00970
vn -0.15550 0.98780 0.00000
vn -0.99870 -0.01800 0.04740
vn -0.99960 0.02670 0.01260
vn -0.00100 -0.99960 -0.02810
vn 0.00020 -0.99970 -0.02620
vn -0.00400 -0.99990 -0.01660
vn -0.77580 -0.26890 -0.57080
vn -0.32850 0.94410 0.02850
vn -0.99830 0.05680 0.01060
vn -0.00370 1.00000 -0.00200
vn -0.00040 1.00000 -0.00500
vn -0.00540 1.00000 -0.00050
vn -0.99970 0.00070 0.02640
vn -0.99970 0.01670 0.01970
vn -0.00020 -0.99950 -0.03060
vn -0.00590 -0.99930 -0.03560
vn -0.99990 -0.00020 0.01340
vn -0.33500 0.94190 0.02270
vn -0.99850 0.05330 0.01200
vn -0.00340 1.00000 -0.00230
vn -0.02710 -0.99820 -0.05360
vn -0.10370 -0.99090 0.08630
vn -0.08260 -0.99570 0.04120
vn -0.97490 0.22250 -0.00330
vn -0.26880 0.96310 -0.01170
vn -0.25630 0.96570 -0.04170
vn -0.25640 0.96570 -0.04160
vn -0.66440 -0.74690 -0.02550
vn -0.55560 -0.77560 -0.29950
vn -0.61370 -0.00500 -0.78950
vn -0.89210 -0.45080 -0.02960
vn -0.99370 0.06100 -0.09450
vn -0.99450 -0.03460 -0.09910
vn -0.45480 -0.14070 0.87940
vn -0.45010 -0.14440 0.88120
vn -0.45590 -0.14570 0.87800
vn -0.47510 -0.13220 0.87000
vn -0.45910 -0.16220 0.87340
vn -0.99440 -0.03630 -0.09910
vn -0.45970 -0.16760 0.87210
vn -0.56450 -0.55740 -0.60880
vn -0.64500 0.04260 -0.76300
vn -0.63890 0.04140 -0.76820
vn -0.96220 0.17220 0.21080
vn -0.67470 0.07830 -0.73390
vn -0.68050 0.05370 -0.73080
vn -0.66550 0.11980 -0.73670
vn -0.66490 0.05680 -0.74480
vn -0.09700 -0.99430 0.04460
vn -0.06330 -0.99790 0.01440
vn -0.11580 -0.99320 0.01400
vn -0.23960 0.96750 -0.08070
vn -0.33350 -0.94200 -0.03730
vn -0.08050 -0.99520 0.05480
vn -0.36510 0.62460 -0.69030
vn -0.38090 0.60410 -0.70000
vn -0.99980 0.01620 -0.00920
vn -0.38660 0.59650 -0.70340
vn -0.99910 -0.02210 -0.03510
vn -0.99950 -0.01190 -0.03010
vn -0.99920 -0.02160 -0.03390
vn -0.53760 -0.73780 0.40830
vn -0.99980 0.00850 -0.01970
vn -0.99940 0.03400 -0.00540
vn -0.01390 -0.01540 0.99980
vn -0.00550 -0.01320 0.99990
vn -0.00470 -0.01610 0.99990
vn -0.00690 -0.00470 1.00000
vn 0.02750 0.00560 0.99960
vn -0.00480 -0.02210 0.99970
vn -0.00800 -0.02760 0.99960
vn -0.00570 -0.01520 0.99990
vn -0.98880 -0.07070 0.13110
vn -0.99060 -0.06210 0.12180
vn -0.99560 -0.03960 0.08540
vn -0.99600 -0.07410 0.05070
vn -0.99600 -0.04550 0.07710
vn -0.00600 -0.64890 0.76080
vn -0.01040 -0.64600 0.76330
vn -0.00790 -0.64560 0.76370
vn -0.00040 -1.00000 -0.00350
vn -0.98870 -0.14530 0.03580
vn -0.99270 -0.11870 0.02140
vn -0.04930 -0.99830 -0.03000
vn -0.98510 -0.08180 0.15110
vn -0.99950 0.03000 -0.00590
vn -0.01120 -0.64610 0.76320
vn -0.99910 -0.03290 0.02750
vn -0.99950 -0.02400 0.02220
vn 0.01230 0.67010 -0.74210
vn 0.02210 0.50970 -0.86010
vn -0.10060 0.71100 -0.69590
vn -0.00540 -0.01390 -0.99990
vn -0.00830 -0.02150 -0.99970
vn -0.04780 -0.02810 -0.99850
vn -0.03310 -0.06720 -0.99720
vn -0.24170 -0.01460 -0.97020
vn -0.06160 -0.01890 -0.99790
vn -0.18990 -0.00170 -0.98180
vn 0.02340 -0.08260 -0.99630
vn 0.00310 -0.02760 -0.99960
vn 0.01250 0.72040 -0.69340
vn -0.10380 0.71160 -0.69490
vn 0.00760 -0.01950 -0.99980
vn -0.00360 -0.64620 0.76320
vn -0.01000 -0.65650 0.75430
vn -0.99970 0.00520 0.02180
vn -0.37220 0.68750 -0.62360
vn -0.01340 -0.64930 0.76040
vn -0.99980 0.01250 -0.01610
vn 0.99860 -0.00260 -0.05230
vn 0.99910 -0.01030 -0.04120
vn 0.99910 -0.00400 -0.04240
vn -0.99990 -0.01440 0.00250
vn -0.99990 -0.01100 0.00450
vn -0.99990 -0.01450 0.00240
vn -0.01570 -0.64240 0.76620
vn -0.05990 -0.72480 -0.68630
vn -0.99940 -0.00340 0.03430
vn -0.03320 -0.66730 0.74410
vn -0.99980 -0.02220 -0.00210
vn -0.30030 0.65980 -0.68880
vn 0.99840 0.02810 -0.04890
vn 0.99920 -0.00450 -0.03850
vn -0.26470 0.75200 -0.60360
vn -0.99880 -0.00580 0.04910
vn -0.14720 0.00730 0.98910
vn -0.04730 -0.61170 0.78960
vn -0.08460 -0.59290 0.80080
vn -0.05700 -0.62690 0.77700
vn -0.04200 -0.64480 0.76320
vn -0.13090 -0.73330 0.66720
vn -0.89220 0.28450 -0.35080
vn -0.01190 -0.65220 0.75790
vn 0.00100 1.00000 -0.00050
vn 0.00010 1.00000 -0.00170
vn 0.00010 1.00000 -0.00180
vn 0.79290 0.60910 -0.01520
vn 0.80340 0.59540 -0.00100
vn 0.79350 0.60860 0.00010
vn -0.00100 1.00000 -0.00340
vn 0.99700 0.07680 -0.01220
vn 0.99710 0.07510 -0.01190
vn 0.99710 0.07620 0.00060
vn 0.78350 0.62130 -0.01260
vn -0.00630 0.97580 -0.21860
vn 0.78230 0.61030 -0.12480
vn 0.79210 0.60680 -0.06610
vn 0.99610 0.06640 0.05840
vn 0.00100 0.77430 0.63280
vn 0.00210 0.77180 0.63590
vn 0.00290 0.77200 0.63560
vn 0.97060 0.05730 0.23390
vn 0.79320 0.60620 0.05740
vn 0.00810 0.76580 0.64310
vn 0.37660 0.80260 0.46270
vn 0.88260 0.04160 0.46820
vn 0.77650 0.02460 0.62970
vn 0.79820 0.59610 0.08700
vn 0.97750 0.02890 0.20890
vn 0.00300 -0.00120 1.00000
vn 0.00410 0.00100 1.00000
vn 0.00320 0.00030 1.00000
vn 0.00630 -0.00220 1.00000
vn 0.00260 -0.00390 1.00000
vn -0.00380 -0.00080 1.00000
vn -0.00060 -1.00000 0.00860
vn 0.00110 -1.00000 0.00310
vn 0.00110 -1.00000 0.00300
vn 0.00110 -1.00000 0.00020
vn 0.00530 -0.99850 0.05380
vn -0.00220 0.08790 0.99610
vn -0.00090 0.06050 0.99820
vn 0.00390 0.09400 0.99560
vn 0.00130 0.10240 0.99470
vn 0.00530 0.11590 0.99320
vn -0.01890 0.08250 0.99640
vn 0.01090 0.11740 0.99300
vn -0.01260 0.01100 0.99990
vn 0.02870 0.26080 0.96500
vn -0.07850 0.16220 0.98360
vn 0.00690 -0.00490 1.00000
vn 0.01340 0.01000 0.99990
vn 0.00300 -0.00650 1.00000
vn 0.12150 -0.02120 0.99240
vn 0.00150 -0.02120 0.99980
vn 0.00100 0.98660 0.16340
vn 0.00340 0.98670 0.16270
vn 0.00370 0.98700 0.16070
vn -0.00330 -0.00490 1.00000
vn -0.00340 -0.01050 0.99990
vn 0.00010 -0.00150 1.00000
vn 0.00030 -0.00170 1.00000
vn 0.00020 -0.00230 1.00000
vn -0.01320 0.99650 0.08300
vn 0.00240 0.99070 0.13600
vn 0.00150 0.98840 0.15170
vn -0.00950 -0.99920 0.03890
vn -0.00080 -0.99900 0.04440
vn -0.01070 -0.99920 0.03800
vn -0.02110 0.96030 0.27830
vn -0.05610 0.98230 0.17850
vn -0.01880 0.96660 0.25560
vn -0.01240 -0.99930 0.03650
vn -0.01240 -0.99930 0.03660
vn -0.85600 0.35610 0.37470
vn -0.85200 0.36590 0.37440
vn -0.83930 0.35050 0.41560
vn -0.00020 0.96110 0.27610
vn 0.00030 0.96190 0.27330
vn -0.03910 0.95150 0.30500
vn -0.03060 0.93510 0.35310
vn -0.05980 -0.98400 -0.16770
vn 0.00360 0.99040 0.13850
vn -0.82260 0.34820 0.44950
vn -0.83120 0.34370 0.43710
vn -0.50810 -0.83960 0.19190
vn -0.82660 0.42240 0.37190
vn 0.01660 -0.99830 -0.05530
vn -0.01040 -0.99970 0.02010
vn 0.01400 -0.99870 -0.04860
vn -0.01330 -0.99950 0.02820
vn -0.01300 -0.99950 0.02750
vn -0.81380 0.35270 0.46190
vn -0.00770 0.05260 0.99860
vn -0.00030 0.05600 0.99840
vn -0.00610 0.04610 0.99890
vn -0.86380 0.38190 0.32870
vn 0.00230 0.98870 0.15010
vn -0.01410 0.03670 0.99920
vn -0.00900 0.02910 0.99950
vn 0.00140 -0.03130 0.99950
vn 0.00260 -0.03450 0.99940
vn 0.00100 -0.03530 0.99940
vn 0.00010 -0.04350 0.99910
vn -0.13860 -0.10770 0.98450
vn -0.00500 0.02390 0.99970
vn -0.00140 0.02450 0.99970
vn -0.01430 -0.01730 0.99970
vn -0.00330 -0.02060 0.99980
vn -0.00160 0.02530 0.99970
vn -0.00270 -0.02250 0.99970
vn -0.00750 0.93730 0.34830
vn -0.07310 0.93690 0.34190
vn -0.06060 0.93810 0.34090
vn 0.00170 0.86590 0.50030
vn -0.05290 0.86970 0.49080
vn -0.02780 0.85310 0.52110
vn -0.00530 0.88600 0.46370
vn 0.00060 0.87390 0.48620
vn -0.00040 0.21890 0.97570
vn 0.00510 0.04860 0.99880
vn 0.00700 0.01780 0.99980
vn 0.00360 0.26530 0.96420
vn 0.00780 -0.00180 1.00000
vn 0.00860 0.01010 0.99990
vn -0.00160 0.23230 0.97260
vn -0.00240 0.23530 0.97190
vn 0.00970 0.99940 0.03360
vn 0.04220 0.99840 0.03680
vn 0.10880 0.99360 0.03020
vn 0.00130 0.99900 0.04500
vn 0.00010 0.99910 0.04330
vn 0.01420 0.01730 0.99970
vn -0.58520 0.02070 0.81060
vn -0.62940 0.03030 0.77650
vn 0.00410 -0.03040 0.99950
vn 0.99850 -0.02770 0.04740
vn 0.99630 0.03720 -0.07710
vn 0.99930 -0.02510 0.02690
vn 0.00000 -0.04970 0.99880
vn 0.00320 0.99900 0.04530
vn 0.20650 0.97460 0.08720
vn 0.99500 -0.07210 0.06850
vn -0.53170 0.00940 0.84690
vn 0.99740 -0.06010 0.04080
vn 0.96750 0.10340 -0.23070
vn 0.96760 0.10050 -0.23150
vn 0.99290 0.04800 -0.10870
vn -0.00730 0.03870 0.99920
vn -0.00460 -0.99970 0.02320
vn 0.00430 -0.99930 0.03690
vn 0.08020 -0.98490 0.15340
vn 0.46390 -0.00030 0.88590
vn 0.22330 0.05300 0.97330
vn 0.01470 0.01740 0.99970
vn -0.00550 0.73800 0.67470
vn 0.21470 0.59820 0.77200
vn 0.00490 0.07150 0.99740
vn 0.00770 0.10220 0.99470
vn -0.00310 -0.01410 0.99990
vn -0.00070 -0.00210 1.00000
vn -0.00030 -0.01130 0.99990
vn 0.00890 -0.00230 1.00000
vn 0.00120 -0.99970 0.02360
vn 0.00110 0.02230 0.99980
vn 0.99880 0.04890 -0.00090
vn 0.99990 -0.01360 0.01020
vn 0.99990 0.00670 0.01020
vn 0.98310 0.18170 -0.02270
vn 1.00000 0.00600 0.00390
vn 0.99990 0.01020 0.00050
vn 0.99990 0.01210 -0.00100
vn 0.99990 0.01540 -0.00140
vn 0.06770 0.00850 -0.99770
vn 0.08860 0.00130 -0.99610
vn 0.08900 0.01170 -0.99600
vn 0.08460 -0.00350 -0.99640
vn 0.14850 0.00680 -0.98890
vn 0.11240 -0.00120 -0.99370
vn 0.99940 0.03160 0.01560
vn 0.99980 0.02030 -0.00500
vn 0.99980 0.02070 0.00010
vn 0.09970 0.01430 -0.99490
vn 0.10220 0.01820 -0.99460
vn 0.09650 0.01670 -0.99520
vn 0.07250 0.02780 -0.99700
vn 0.99990 -0.01610 0.00320
vn 1.00000 0.00070 0.00230
vn 0.99960 -0.02750 0.00570
vn 1.00000 0.00340 0.00100
vn 0.99990 0.00890 -0.00570
vn 1.00000 0.00400 0.00560
vn 0.03490 0.99940 -0.00330
vn 0.01840 0.99980 -0.00790
vn 0.02960 0.99950 0.00770
vn 0.58980 0.80680 0.03630
vn 0.58930 0.80720 0.03380
vn 0.53550 0.84410 0.02640
vn 0.88450 -0.46630 0.01480
vn 0.99910 -0.00870 0.04220
vn 0.03770 0.99910 0.01910
vn 0.32770 0.91030 0.25310
vn -0.01550 0.99480 0.10060
vn -0.00330 0.00830 1.00000
vn 0.00400 0.01970 0.99980
vn 0.01190 0.01180 0.99990
vn -0.84090 0.00160 -0.54110
vn 0.00680 0.01890 0.99980
vn 0.71150 0.02210 0.70240
vn 0.65380 0.00860 0.75660
vn 0.71150 0.02200 0.70230
vn 0.07700 -0.00210 0.99700
vn -0.01860 -0.44630 0.89470
vn 0.08390 -0.01430 0.99640
vn 0.06030 0.01270 0.99810
vn 0.05240 0.01290 0.99850
vn 0.08510 0.01720 0.99620
vn 0.04030 0.00580 0.99920
vn 0.61550 0.00030 0.78810
vn 0.68270 0.01320 0.73050
vn 0.60020 -0.00140 0.79980
vn 0.47990 0.87010 0.11250
vn -0.00580 0.02880 0.99960
vn -0.00600 0.92620 0.37710
vn -0.00230 0.92620 0.37700
vn 0.01550 0.92020 0.39120
vn -0.00020 0.92020 0.39140
vn 0.11050 0.92180 0.37150
vn 0.00510 0.03380 0.99940
vn 0.02310 0.00940 0.99970
vn -0.00030 0.04120 0.99920
vn 1.00000 0.00780 0.00340
vn 0.99920 0.04040 0.00170
vn 0.99950 0.03100 0.00060
vn -0.99940 0.02850 -0.02040
vn 0.99950 -0.02640 0.02000
vn 0.99940 -0.02850 0.02040
vn 0.99950 -0.02420 0.01820
vn 0.99900 -0.04300 0.01480
vn 0.00950 -0.62400 -0.78130
vn 0.00940 -0.63430 -0.77300
vn 0.00860 -0.63970 -0.76850
vn 0.01410 -0.60840 -0.79350
vn 0.99690 -0.07840 0.00040
vn 0.99870 -0.05140 0.00420
vn 0.00770 0.61710 0.78690
vn -0.00140 0.61600 0.78770
vn 0.00350 0.61660 0.78720
vn 0.99840 0.02890 0.04890
vn 0.99880 0.03040 0.03930
vn 0.99870 0.03080 0.04130
vn 0.08650 0.62410 0.77660
vn 0.99930 -0.00740 0.03560
vn 0.98380 -0.17850 -0.01550
vn 0.99220 -0.12450 -0.00810
vn 0.33570 0.93820 0.08420
vn 0.33250 0.93860 0.09190
vn 0.00930 -0.64300 -0.76580
vn 0.00950 -0.64270 -0.76600
vn 0.33720 0.93800 0.08050
vn 0.99970 0.02360 0.00880
vn 0.36980 0.55740 0.74340
vn 0.41020 0.57110 0.71110
vn 0.36150 0.55150 0.75180
vn 0.08320 0.62320 0.77760
vn 0.98350 -0.18070 -0.00130
vn -0.06670 -0.99350 0.09260
vn -0.13220 -0.98560 0.10570
vn -0.97670 -0.03400 0.21210
vn 0.36870 0.54520 0.75290
vn 0.34290 0.58250 0.73690
vn 0.35510 0.56700 0.74330
vn -0.73760 0.01180 0.67520
vn 0.01850 0.01800 0.99970
vn 0.02820 0.01260 0.99950
vn -0.57930 0.06390 0.81260
vn -0.10020 0.08320 0.99150
vn 0.99970 0.02280 0.01210
vn 0.98900 -0.14780 -0.00090
vn 0.98780 -0.15550 0.00910
vn 0.98970 -0.14280 0.00710
vn 0.99950 0.02510 0.01830
vn 0.98460 -0.17480 0.00590
vn 0.36670 0.54520 0.75390
vn 0.35970 0.54720 0.75580
vn 0.98820 -0.15240 0.01240
vn 0.36860 -0.92960 -0.00410
vn -0.00050 -0.62850 -0.77780
vn 0.37140 0.54230 0.75360
vn 0.01450 0.00410 -0.99990
vn 0.02120 0.01740 -0.99960
vn 0.00530 -0.00540 -1.00000
vn 0.02220 0.01130 -0.99970
vn 0.01930 -0.00700 -0.99980
vn 0.00610 -0.01280 -0.99990
vn 0.03020 -0.01740 -0.99940
vn 0.26180 -0.08750 -0.96110
vn 0.25340 -0.05390 -0.96590
vn 0.32650 -0.89850 -0.29350
vn 0.35930 0.54330 0.75870
vn 0.57610 -0.07050 -0.81430
vn 0.99680 -0.06500 0.04680
vn 0.99760 -0.04620 0.05250
vn 0.99720 -0.06570 0.03660
vn 0.03410 -0.99920 0.02260
vn 0.02410 -0.99800 0.05920
vn 0.99920 0.02000 0.03390
vn 0.99900 0.02680 0.03710
vn 0.34570 0.54840 0.76140
vn 0.35530 0.53970 0.76320
vn 0.01960 -0.99980 -0.00780
vn 0.99810 -0.03990 0.04750
vn 0.58470 -0.80980 0.04860
vn 0.34290 0.53950 0.76900
vn 0.33330 0.54750 0.76760
vn 0.01020 -0.99990 -0.00440
vn 0.05740 -0.99100 -0.12120
vn 0.37780 0.07720 0.92270
vn 0.34030 -0.06120 0.93830
vn 0.37130 -0.06690 0.92610
vn 0.38150 -0.04530 0.92320
vn -0.06050 0.99370 0.09420
vn 1.00000 -0.00440 -0.00830
vn 0.99890 0.04250 0.02090
vn 0.99970 0.02070 0.00910
vn -0.50870 0.11340 0.85340
vn 0.37640 -0.06820 0.92400
vn 0.37570 -0.06850 0.92420
vn 0.50700 0.04210 -0.86090
vn 0.51080 0.04990 -0.85820
vn 0.48400 0.04120 -0.87410
vn 0.99980 -0.01580 -0.01540
vn 0.49890 0.06480 -0.86420
vn 0.52960 0.05110 -0.84670
vn 0.99870 -0.00920 0.04920
vn 0.99890 -0.00770 0.04600
vn 0.32400 0.55520 -0.76600
vn 0.31010 0.57860 -0.75440
vn 0.28760 0.63190 -0.71970
vn 0.49650 0.86780 0.01830
vn 0.47430 0.88030 0.01340
vn 0.52520 0.85080 0.01610
vn 0.00820 -1.00000 0.00280
vn 0.99900 -0.00710 0.04480
vn 0.46220 0.88670 0.01130
vn 0.47680 0.85210 -0.21590
vn 0.78750 0.61600 0.02020
vn 0.99960 -0.01980 -0.01890
vn 0.00530 -1.00000 0.00160
vn 0.99840 -0.01390 0.05540
vn 0.00840 -0.99980 0.01720
vn 0.03090 -0.99870 0.04040
vn 0.93210 0.34990 0.09400
vn 0.85440 0.51850 0.03320
vn 0.95290 0.29970 0.04730
vn 0.65210 0.75810 0.01110
vn 0.66340 0.74810 0.01580
vn 0.60590 0.79540 0.01310
vn 0.94770 0.31580 -0.04550
vn 0.99850 0.00880 0.05480
vn 0.19920 0.97740 0.07060
vn 0.03570 -0.99940 -0.00010
vn 0.06140 -0.99810 -0.00010
vn 0.90280 -0.42960 0.01820
vn 0.94190 -0.33560 0.01150
vn 0.00280 -1.00000 -0.00020
vn 0.99660 0.08210 -0.00140
vn 0.78200 0.62160 -0.04500
vn 1.00000 0.00350 -0.00150
vn 1.00000 0.00220 -0.00110
vn 1.00000 0.00240 -0.00120
vn 1.00000 -0.00080 -0.00020
vn 0.97080 0.22580 -0.08150
vn 0.49230 0.87010 -0.02410
vn 1.00000 -0.00120 -0.00010
vn 0.42980 0.90110 -0.05770
vn 0.35110 0.93630 0.00080
vn 1.00000 -0.00250 0.00080
vn 0.88080 -0.45820 -0.11950
vn 0.94990 -0.26910 -0.15880
vn 0.99570 -0.07710 0.05170
vn 1.00000 -0.00240 0.00130
vn 1.00000 0.00240 0.00040
vn 0.68600 -0.72720 0.02450
vn 0.50260 -0.16150 0.84930
vn 0.46520 -0.18350 0.86600
vn 0.48360 -0.17520 0.85760
vn 0.53060 -0.15280 0.83370
vn 0.82990 -0.38640 0.40250
vn 0.99540 -0.04820 0.08250
vn 0.97690 0.21220 -0.02460
vn 0.45200 -0.19720 0.87000
vn 0.79300 0.58450 -0.17190
vn 0.26200 0.96110 -0.08780
vn 0.80340 0.59540 -0.00130
vn 0.49030 -0.67610 -0.55000
vn 0.43320 0.87950 -0.19720
vn 0.99390 0.11040 0.00140
vn 0.65390 0.03350 -0.75580
vn 0.62370 0.02460 -0.78130
vn 0.65760 0.03230 -0.75270
vn 0.66640 0.04950 -0.74390
vn 0.66540 0.04110 -0.74540
vn 1.00000 -0.00100 0.00200
vn 0.65520 0.08880 -0.75020
vn 0.30150 0.92590 -0.22740
vn 0.34740 0.91770 -0.19290
vn 0.39610 0.61190 -0.68460
vn 0.31160 0.62270 -0.71770
vn 0.30960 0.62180 -0.71940
vn 0.38890 0.61440 -0.68640
vn 0.40090 0.61010 -0.68340
vn 0.42210 0.59970 -0.67980
vn 0.39610 0.60970 -0.68660
vn 0.99860 0.05290 -0.00070
vn 0.99720 0.07510 -0.00060
vn -0.02320 -0.99320 -0.11410
vn 0.09280 -0.99280 0.07520
vn 0.10560 -0.99160 0.07490
vn 0.62570 0.05000 -0.77850
vn 0.10460 -0.99230 0.06670
vn 0.99910 0.03150 -0.02820
vn 0.99930 -0.00330 -0.03820
vn 0.99840 -0.02000 -0.05250
vn 0.08910 -0.99490 0.04680
vn 0.08640 -0.99610 0.01520
vn 0.07930 -0.99670 0.01720
vn -0.00020 -0.99990 -0.01060
vn 0.07190 -0.99740 0.00400
vn 0.99910 -0.01980 -0.03840
vn 0.07710 0.14510 0.98640
vn 0.12870 0.03890 0.99090
vn 0.05950 0.10320 0.99290
vn 0.01480 -0.01940 0.99970
vn -0.84510 0.06340 -0.53090
vn 0.95410 -0.01650 0.29910
vn 0.00050 -0.01000 0.99990
vn -0.10110 0.24690 0.96370
vn 0.00850 -0.61920 0.78520
vn 0.00700 -0.65230 0.75790
vn -0.00620 -0.66350 0.74820
vn 0.02820 0.96660 0.25460
vn 0.99020 -0.13170 0.04570
vn 0.99160 -0.11200 0.06490
vn 0.99260 -0.07660 0.09410
vn 0.99210 -0.08210 0.09520
vn 0.00980 -0.56890 0.82240
vn 0.99890 0.04640 -0.01130
vn 0.99240 -0.11990 0.02850
vn 0.00530 -0.68820 -0.72550
vn 0.99140 -0.08550 0.09930
vn 0.98930 -0.11100 0.09440
vn 0.41780 0.61540 -0.66840
vn 0.04010 -0.66660 0.74430
vn 0.02920 -0.66060 0.75010
vn 0.00860 -0.65680 0.75410
vn 0.01120 -0.01800 -0.99980
vn 0.06000 -0.02270 -0.99790
vn 0.00890 -0.02150 -0.99970
vn 0.08180 -0.02100 -0.99640
vn 0.97560 -0.21960 -0.00080
vn -0.09130 -0.02560 -0.99550
vn -0.01190 -0.03660 -0.99930
vn -0.01290 -0.03650 -0.99930
vn -0.00250 0.71940 -0.69460
vn -0.00070 0.75270 -0.65840
vn -0.00240 0.72600 -0.68770
vn -0.98670 0.15140 0.05990
vn 0.13450 0.72850 -0.67170
vn 0.25540 -0.01380 -0.96670
vn 0.19750 0.00020 -0.98030
vn 0.06050 -0.66900 -0.74080
vn 0.03900 -0.67800 -0.73410
vn 0.32200 0.01610 -0.94660
vn 0.14500 -0.62980 -0.76310
vn 0.99720 -0.06650 0.03450
vn 0.00290 -0.65230 0.75790
vn 0.39030 0.68670 -0.61330
vn 0.28980 0.73770 -0.60980
vn 0.99940 -0.03000 0.01560
vn 0.99960 -0.01470 0.02450
vn 0.99970 -0.01080 0.01960
vn 0.98000 0.15370 -0.12610
vn 1.00000 -0.00450 0.00670
vn -0.99860 -0.00190 -0.05310
vn -0.99930 -0.00470 -0.03670
vn 0.00250 -0.65040 0.75960
vn 0.00550 -0.65070 0.75930
vn 0.08960 0.70490 -0.70370
vn 0.02440 0.69560 -0.71800
vn 0.99700 0.07710 -0.00650
vn 0.99710 0.07230 -0.02550
vn 0.99740 0.07240 -0.00100
vn 0.99970 -0.01240 0.01980
vn 0.99980 -0.01650 0.01200
vn 0.99990 0.01540 -0.00100
vn 0.99990 -0.00680 0.00820
vn 0.01120 0.69140 -0.72240
vn 0.99920 -0.03640 0.01920
vn 0.00130 -0.64300 0.76590
vn 0.00650 -0.65900 0.75210
vn -0.99170 0.01060 -0.12810
vn 1.00000 0.00790 -0.00340
vn 0.01020 0.68670 -0.72680
vn 0.31120 0.95000 0.02520
vn 0.31410 0.94910 0.02480
vn 0.33080 0.94330 0.02920
vn 0.00160 1.00000 -0.00150
vn 0.00250 1.00000 -0.00100
vn 0.02780 0.99960 -0.00170
vn 0.30210 0.95300 0.02180
vn 0.99950 -0.01130 0.02870
vn 0.11990 -0.00400 0.99280
vn 0.11990 0.00210 0.99280
vn 0.13040 -0.00540 0.99140
vn 0.08020 0.00140 0.99680
vn 0.11840 -0.12240 0.98540
vn 0.00650 -0.99970 -0.02390
vn 0.01030 -0.99960 -0.02510
vn 0.00360 -0.99960 -0.02840
vn 0.96480 0.06820 -0.25410
vn 0.96120 0.13040 -0.24310
vn 0.95880 0.13660 -0.24890
vn 0.46010 -0.00910 0.88780
vn 0.94210 -0.12360 0.31170
vn 0.99940 -0.02040 -0.02720
vn 0.19940 0.97990 -0.00160
vn 0.07090 0.99750 -0.00090
vn 0.09530 -0.62180 0.77730
vn 0.08130 -0.62850 0.77350
vn 0.07820 -0.62120 0.77980
vn 0.06610 -0.63040 0.77340
vn 0.06020 -0.64280 0.76360
vn -0.21300 -0.61060 0.76270
vn 1.00000 -0.00180 -0.00140
vn 1.00000 0.00170 0.00690
vn 0.95490 0.16630 -0.24620
vn 0.99990 -0.01430 0.00970
vn 0.95430 0.14770 -0.25970
vn 0.32700 -0.94490 0.01710
vn 0.19390 0.98100 -0.00270
vn 0.99970 -0.02060 0.01270
vn 0.99770 0.06710 0.00660
vn 0.01140 -0.99960 -0.02520
vn -0.00020 -1.00000 -0.00050
vn 0.01680 -0.99960 -0.02180
vn 0.99960 -0.02690 0.00980
vn 0.33430 0.94200 0.02900
vn 0.34510 0.93800 0.03320
vn 0.99900 0.04480 0.00260
vn 0.99830 0.05820 0.00930
vn 0.99830 0.05850 -0.00050
vn 0.01750 -0.69400 -0.71970
vn 0.01900 -0.69960 -0.71430
vn 0.02730 -0.68450 -0.72850
vn 0.99730 -0.07360 -0.00040
vn 0.99920 -0.04040 -0.00480
vn 0.99690 -0.07930 0.00050
vn 1.00000 -0.00390 -0.00710
vn 0.00930 -0.66110 -0.75030
vn 0.00030 -0.71050 -0.70370
vn 0.99680 -0.08000 0.00280
vn 0.00470 -1.00000 -0.00020
vn 0.00070 -1.00000 -0.00500
vn 0.00590 -1.00000 0.00040
vn 0.13330 0.00930 0.99100
vn 0.25960 0.33530 0.90560
vn 0.12630 -0.00630 0.99200
vn 0.30590 0.63770 0.70690
vn 0.99940 0.03430 -0.00770
vn 0.37710 0.64350 0.66610
vn 0.41440 0.62470 0.66180
vn 0.97120 -0.00330 -0.23840
vn 0.97610 -0.07390 -0.20420
vn 0.96240 -0.02790 -0.27020
vn -0.00300 -1.00000 0.00020
vn -0.00110 -1.00000 -0.00300
vn -0.00390 -1.00000 -0.00120
vn 0.40720 0.65140 0.64010
vn 0.95150 -0.06040 -0.30180
vn 0.98700 -0.15600 -0.03940
vn 0.95130 -0.08600 -0.29600
vn 0.36080 0.64340 0.67520
vn 0.98750 -0.14810 0.05370
vn 0.44310 0.89650 -0.00290
vn 0.47940 0.87760 0.00360
vn 0.96120 0.27560 0.00770
vn 0.95810 0.28600 -0.01420
vn 0.96050 0.27820 -0.00610
vn 0.16760 -0.00490 -0.98580
vn 0.19880 0.00970 -0.98000
vn 0.24580 -0.01130 -0.96930
vn 0.15900 0.02740 -0.98690
vn 0.42930 0.12130 -0.89500
vn 0.99990 0.00090 -0.01490
vn 0.90960 0.00930 -0.41540
vn 1.00000 0.00730 -0.00070
vn -0.27370 0.96180 -0.00540
vn -0.99990 -0.00720 -0.01170
vn -0.99970 0.00010 -0.02270
vn -0.99990 -0.00660 -0.01500
vn 0.99990 -0.00630 0.01450
vn 1.00000 -0.00340 0.00940
vn 0.99990 -0.00790 0.01430
vn 1.00000 0.00680 0.00630
vn 0.99680 -0.08030 -0.00350
vn -0.00250 -1.00000 0.00050
vn 0.45140 0.89090 -0.05100
vn 0.22900 -0.97340 -0.00160
vn 0.23970 -0.97080 -0.00250
vn 0.40290 0.91520 -0.01000
vn -0.99990 -0.01300 0.00950
vn 0.96020 0.26380 0.09180
vn 0.95450 0.23450 0.18400
vn 0.14820 -0.98880 -0.01880
vn 0.98580 -0.15570 0.06300
vn -0.26010 0.96250 0.07650
vn 0.21780 -0.97600 -0.00060
vn 0.99980 0.01390 0.01410
vn 0.31720 -0.00340 0.94840
vn 0.30410 -0.00910 0.95260
vn 0.26050 -0.00750 0.96540
vn 0.33670 -0.01040 0.94150
vn 0.23680 -0.03860 0.97080
vn 0.99740 -0.07270 0.00210
vn -0.00400 -1.00000 0.00210
vn 0.97100 -0.00420 0.23910
vn 0.97160 -0.00950 0.23660
vn 0.97210 -0.04410 0.23020
vn -0.99940 -0.01400 0.03120
vn 0.99830 -0.05770 0.00650
vn -0.05120 -0.63460 -0.77110
vn -0.01250 -0.62460 -0.78080
vn -0.04320 -0.64160 -0.76580
vn 0.47600 0.59260 -0.64980
vn 0.45620 0.59410 -0.66250
vn 0.01410 -0.63120 -0.77550
vn -0.05840 -0.66580 -0.74380
vn 0.06600 -0.61640 -0.78460
vn -0.00450 -1.00000 0.00040
vn 0.70640 -0.70780 0.00770
vn 0.19760 -0.54250 -0.81650
vn 0.49080 0.59130 -0.63990
vn 0.31690 0.00130 -0.94850
vn 0.27950 -0.00500 -0.96010
vn 0.31700 0.00130 -0.94840
vn 0.35230 0.00730 -0.93590
vn -0.00880 -0.99980 -0.01500
vn 1.00000 0.00550 0.00420
vn 0.99990 -0.00020 0.01130
vn 0.99970 -0.01990 0.01250
vn 0.99980 -0.01550 0.01260
vn 0.99990 -0.00860 0.01220
vn 0.99990 -0.00650 0.00850
vn 1.00000 -0.00550 0.00280
vn 0.00220 -0.67570 0.73720
vn 0.00300 -0.67480 0.73800
vn 0.00120 -0.67610 0.73680
vn 0.01200 0.62890 0.77740
vn 0.01110 0.63470 0.77270
vn 0.04820 0.63540 0.77070
vn 0.01020 0.63740 0.77040
vn 0.11550 0.62670 0.77060
vn 0.69810 -0.51540 0.49700
vn -0.00060 -0.67420 0.73850
vn 0.00060 -0.67660 0.73640
vn 0.27500 0.60420 0.74780
vn -0.99930 -0.01080 0.03510
vn -0.01610 -0.99950 -0.02570
vn 0.32430 0.57540 0.75080
vn 0.35530 0.55200 0.75430
vn 0.35600 0.55100 0.75480
vn 0.01730 -0.66630 0.74550
vn 0.99850 -0.05390 0.00390
vn 0.08510 -0.00220 0.99640
vn 0.19140 0.00660 0.98150
vn 0.21520 0.00070 0.97660
vn -0.99980 -0.00360 0.01910
vn 0.06040 -0.00500 0.99820
vn 0.00500 -0.00400 1.00000
vn 0.00070 -0.01910 0.99980
vn 0.00200 -0.01530 0.99990
vn 0.00020 -0.01650 0.99990
vn -0.00120 -0.02100 0.99980
vn 0.00030 -0.01860 0.99980
vn 0.96060 0.27790 -0.00590
vn 0.97330 0.00230 0.22940
vn 0.95400 0.25650 0.15520
vn 0.00050 -0.01800 0.99980
vn 0.00050 0.60560 -0.79570
vn -0.99900 0.04480 0.00100
vn -0.99870 0.05180 -0.00140
vn -0.99750 0.07050 0.00460
vn -0.00070 1.00000 0.00210
vn -0.99810 0.06100 -0.00440
vn -0.99630 0.08580 0.00020
vn -0.99210 0.12530 -0.00950
vn -0.99230 0.12320 -0.00860
vn -0.33840 -0.94080 0.01790
vn -0.22020 -0.97500 0.03100
vn -0.98640 0.16310 -0.01870
vn -0.98860 0.14910 -0.01900
vn -0.99980 0.01170 -0.01420
vn -0.51770 -0.85550 -0.00380
vn -0.73270 0.07670 -0.67620
vn -0.73420 0.07580 -0.67460
vn -0.73010 0.07570 -0.67910
vn 0.36200 0.93060 -0.05400
vn -0.73970 0.07590 -0.66870
vn -0.75400 0.06310 -0.65380
vn -0.99230 0.08100 -0.09410
vn -0.99270 0.08130 -0.08890
vn -0.99170 0.07730 -0.10280
vn -0.99060 0.08010 -0.11060
vn -0.28010 -0.03010 0.95950
vn -0.25850 -0.02910 0.96560
vn -0.26330 -0.03390 0.96410
vn -0.99290 0.08600 -0.08250
vn -0.25570 -0.03130 0.96630
vn -0.25410 -0.02770 0.96680
vn -0.99640 0.06790 -0.05070
vn -0.99600 0.06510 -0.06180
vn -0.99580 0.07010 -0.05970
vn -0.27350 -0.04780 0.96070
vn -0.99680 0.07270 -0.03200
vn -0.99670 0.06960 -0.04150
vn -0.13890 -0.97440 0.17680
vn 0.00860 0.92020 0.39140
vn 0.00580 0.92040 0.39100
vn 0.00720 0.93780 0.34720
vn 0.00070 -0.57980 0.81470
vn 0.00070 -0.59700 0.80230
vn -0.00620 -0.68150 0.73170
vn -0.00250 0.96250 0.27110
vn -0.00040 0.95930 0.28250
vn 0.00400 0.98010 0.19860
vn 0.00140 0.05220 0.99860
vn 0.00210 -0.03010 0.99950
vn -0.00020 0.04440 0.99900
vn -0.00320 -0.49200 0.87060
vn -0.00250 -0.45080 0.89260
vn -0.28430 -0.03360 0.95810
vn 0.00050 0.96170 0.27400
vn -0.00440 0.95550 0.29500
vn -0.99630 0.07920 -0.03480
vn -0.99610 0.08150 -0.03270
vn -0.29250 -0.02920 0.95580
vn -0.01610 0.91600 0.40090
vn -0.62830 -0.04330 0.77680
vn -0.01000 0.39030 0.92060
vn -0.00290 0.45840 0.88880
vn -0.02020 0.37460 0.92700
vn 0.00040 0.03200 0.99950
vn 0.01270 -0.18360 0.98290
vn -0.28390 -0.00680 0.95880
vn -0.01460 0.40770 0.91300
vn -0.00080 0.04110 0.99920
vn -0.00030 -0.48540 0.87430
vn -0.00750 0.42940 0.90310
vn -0.00450 0.44160 0.89720
vn 0.00780 0.44640 0.89480
vn 0.01870 0.44950 0.89310
vn -0.99680 0.07490 -0.02640
vn -0.19320 0.14500 0.97040
vn -0.13130 0.35580 0.92530
vn -0.99690 0.07080 -0.03360
vn -0.99700 0.06960 -0.03290
vn -0.99670 0.07470 -0.03170
vn -0.03340 0.99940 -0.00410
vn -0.04300 0.99910 0.00640
vn -0.01940 0.99900 0.04120
vn -0.00920 0.99480 0.10120
vn -0.99620 0.07470 -0.04460
vn -0.00030 0.99650 0.08310
vn -0.11850 0.05250 -0.99160
vn -0.10830 0.05190 -0.99280
vn -0.11840 0.05710 -0.99130
vn -0.11910 0.04930 -0.99170
vn -0.11910 0.05130 -0.99160
vn -0.11950 0.06100 -0.99100
vn -0.04480 0.99890 0.01510
vn -0.99530 0.07880 -0.05590
vn -0.93060 0.11290 -0.34810
vn -0.90560 0.06190 -0.41970
vn -0.80240 0.08580 -0.59060
vn -0.97010 0.06990 -0.23240
vn -0.95420 0.10910 -0.27850
vn -0.99490 0.07110 -0.07200
vn -0.00680 0.99990 0.01110
vn -0.10530 0.04970 -0.99320
vn -0.11030 0.05430 -0.99240
vn -0.09670 0.05000 -0.99410
vn -0.99410 0.07940 -0.07410
vn -0.99410 0.07090 -0.08230
vn -0.79950 0.09010 -0.59390
vn -0.08950 0.04690 -0.99490
vn -0.08610 0.05450 -0.99480
vn -0.00110 0.08310 -0.99650
vn -0.00520 0.08830 -0.99610
vn -0.00330 0.29680 -0.95490
vn -0.02130 0.08150 -0.99640
vn -0.09460 0.04640 -0.99440
vn -0.08900 0.03780 -0.99530
vn -0.80700 0.08920 -0.58370
vn -0.94330 0.06700 -0.32520
vn -0.80560 0.08420 -0.58640
vn 0.00560 0.08680 -0.99620
vn -0.00660 0.24530 -0.96940
vn -0.79200 0.12500 -0.59760
vn -0.99710 0.07340 -0.01840
vn -0.61630 0.44840 -0.64740
vn -0.69330 0.33290 -0.63920
vn -0.00210 0.48390 -0.87510
vn -0.00160 0.48720 -0.87330
vn -0.80470 0.08460 -0.58760
vn 0.08750 0.42590 0.90050
vn 0.00020 0.44220 -0.89690
vn -0.00420 0.45240 -0.89180
vn -0.03420 0.46960 -0.88220
vn -0.01360 0.45620 -0.88980
vn -0.00200 0.45010 -0.89300
vn 0.59480 0.32020 -0.73740
vn 0.59110 0.32240 -0.73940
vn -0.00400 0.44990 -0.89310
vn -0.01350 0.45150 -0.89220
vn -0.95180 0.22340 -0.21030
vn -0.95230 0.22130 -0.21020
vn -0.95180 0.22350 -0.21010
vn 0.00090 0.43770 -0.89910
vn 0.60440 0.31430 -0.73210
vn 0.00080 -0.99170 -0.12840
vn -0.73360 -0.23140 0.63900
vn -0.71750 -0.26030 0.64610
vn -0.72280 -0.25840 0.64090
vn -0.43290 0.89410 0.11480
vn 0.19050 -0.73230 -0.65380
vn -0.71390 -0.26450 0.64830
vn -0.95440 0.21690 -0.20520
vn -0.95560 0.21430 -0.20240
vn -0.95340 0.21800 -0.20860
vn -0.00570 -0.99530 -0.09680
vn -0.95260 0.22100 -0.20890
vn 0.14150 0.97830 -0.15110
vn -0.98570 0.14470 -0.08690
vn -0.99360 0.10290 -0.04700
vn -0.98170 0.12890 -0.14000
vn -0.71360 -0.26140 0.65000
vn -0.71290 -0.26000 0.65130
vn -0.99340 0.11440 0.00250
vn -0.95440 0.21810 -0.20390
vn -0.71640 -0.25300 0.65020
vn -0.72190 -0.25320 0.64400
vn -0.95370 0.21210 -0.21340
vn -0.11880 0.99280 -0.01350
vn -0.73340 -0.24410 0.63450
vn -0.94710 0.32080 0.00460
vn -0.96310 0.07950 0.25730
vn -0.99680 0.07990 0.00080
vn -0.99600 0.08980 -0.00130
vn -0.99690 0.07880 0.00010
vn -0.69710 -0.25480 0.67020
vn -0.72770 -0.26290 0.63350
vn -0.52620 0.61050 0.59190
vn -0.23730 -0.97080 0.03570
vn -0.99710 0.07560 -0.00140
vn -0.99700 0.07790 0.00040
vn -0.76010 0.06850 -0.64620
vn 0.00260 0.43360 -0.90110
vn 0.00070 0.44090 -0.89760
vn 0.00070 0.44080 -0.89760
vn 0.00020 0.44290 -0.89660
vn -0.00330 0.45610 -0.88990
vn -0.01620 0.45110 -0.89230
vn -0.01000 0.45350 -0.89120
vn -0.94850 0.22760 -0.22030
vn -0.94930 0.22870 -0.21570
vn -0.94980 0.22500 -0.21740
vn -0.00130 0.45680 -0.88960
vn -0.94980 0.22660 -0.21590
vn -0.00150 0.45680 -0.88960
vn -0.01100 -0.00030 -0.99990
vn -0.01410 -0.01360 -0.99980
vn 0.00050 -0.00080 -1.00000
vn -0.02000 -0.00070 -0.99980
vn 0.18000 -0.03140 -0.98320
vn -0.87810 -0.39390 -0.27160
vn -0.68380 0.05130 -0.72780
vn -0.97740 0.05100 -0.20500
vn -0.78910 0.08720 -0.60800
vn 0.57050 0.32670 -0.75360
vn -0.99870 0.04800 -0.01930
vn -0.99890 0.04690 0.00080
vn -0.06810 0.99760 0.01060
vn -0.07430 0.99710 0.01320
vn -0.07210 0.99730 0.01060
vn 0.13820 0.99030 -0.01130
vn 0.29570 0.95520 -0.01400
vn 0.13830 0.99030 -0.01130
vn -0.99920 0.03830 0.00820
vn -0.99700 0.05240 -0.05620
vn -0.71420 -0.24950 0.65400
vn -0.69940 -0.23380 0.67540
vn -0.70680 -0.24060 0.66530
vn -0.12270 0.99200 0.02940
vn -0.08740 0.99560 0.03510
vn -0.10420 0.99400 0.03370
vn -0.97050 0.09550 -0.22140
vn -0.71650 -0.25050 0.65100
vn -0.95400 0.21230 -0.21190
vn -0.95030 0.22310 -0.21700
vn -0.71950 -0.25800 0.64480
vn -0.72300 -0.25880 0.64060
vn -0.06990 0.99750 0.00810
vn -0.71580 -0.26590 0.64580
vn -0.15430 0.98760 0.02740
vn 0.98990 -0.04110 -0.13560
vn 0.99080 -0.04000 -0.12890
vn 0.98700 -0.04670 -0.15390
vn -0.95580 0.20600 -0.20980
vn -0.95690 0.20290 -0.20780
vn 0.82310 0.31640 -0.47150
vn 0.78080 0.30700 -0.54420
vn -0.99690 0.07860 -0.00030
vn -0.99710 0.07600 -0.00120
vn -0.99690 0.07840 -0.00280
vn -0.33240 0.93020 -0.15590
vn -0.37890 0.92540 0.00880
vn -0.40040 0.91630 0.01250
vn 0.89020 0.37760 0.25480
vn -0.10750 0.99320 0.04480
vn -0.95340 0.21540 -0.21130
vn -0.36090 0.93200 0.03380
vn -0.41330 0.91020 0.02550
vn -0.98760 0.15650 -0.00860
vn -0.99190 0.12620 -0.01200
vn -0.99750 0.06940 0.01270
vn 0.85400 0.38070 0.35470
vn 0.73760 0.67520 0.00080
vn 0.74300 0.66920 0.00260
vn -0.44460 0.89460 0.04490
vn -0.70730 -0.26410 0.65570
vn -0.71020 -0.26650 0.65160
vn 0.99700 0.01250 -0.07650
vn 0.99290 -0.03740 -0.11290
vn -0.99870 0.04820 0.01850
vn 0.99190 -0.03880 -0.12090
vn -0.40920 0.91240 0.01090
vn -0.49680 0.86370 0.08530
vn 0.02310 0.00720 0.99970
vn -0.00890 -0.00040 1.00000
vn -0.02540 -0.01210 0.99960
vn -0.02360 -0.01100 0.99970
vn 0.03020 0.01040 0.99950
vn 0.22910 -0.01370 0.97330
vn -0.99660 0.08240 0.00340
vn -0.99690 0.07880 0.00220
vn -0.99680 0.08040 0.00110
vn -0.99000 0.06870 0.12320
vn -0.98090 0.03320 0.19170
vn -0.97550 0.01870 0.21910
vn -0.69570 0.00180 0.71830
vn -0.69580 0.00170 0.71830
vn -0.71630 -0.01280 0.69770
vn -0.57610 0.79840 0.17530
vn -0.71110 -0.26710 0.65040
vn -0.99670 0.08070 0.00070
vn -0.99440 0.10510 0.00920
vn -0.68160 0.01150 0.73160
vn -0.99940 0.02490 0.02350
vn -0.99960 0.01970 0.02060
vn 0.75870 0.65140 0.00780
vn -0.11300 0.99360 -0.00650
vn -0.16450 0.98540 0.04410
vn -0.05020 0.99800 0.03900
vn 0.20190 0.30170 0.93180
vn -0.00180 -0.00300 1.00000
vn -0.07570 0.00770 0.99710
vn -0.14190 0.01730 0.98970
vn -0.08660 -0.00410 0.99620
vn -0.99820 0.03650 0.04670
vn -0.99670 0.08100 -0.00160
vn -0.03870 0.99720 0.06350
vn -0.99980 0.01670 0.01120
vn 0.00360 0.99660 0.08280
vn -0.08920 0.99390 0.06520
vn -0.32440 0.94540 0.03200
vn -0.99670 0.08070 -0.00180
vn -0.39890 0.91670 0.02190
vn -0.99510 0.08830 -0.04510
vn -0.99530 0.08710 -0.04140
vn -0.74490 0.07330 -0.66310
vn -0.75910 0.08060 -0.64600
vn -0.74050 0.07110 -0.66830
vn 0.97970 0.01230 -0.20010
vn -0.99280 0.08610 -0.08300
vn 0.00850 0.03760 -0.99930
vn 0.91530 0.37540 -0.14610
vn -0.99900 0.02520 0.03670
vn -0.99900 0.01880 0.03940
vn -0.99880 0.02650 0.04200
vn -0.17160 -0.00450 0.98520
vn -0.99870 0.03200 0.04060
vn -0.99840 0.03780 0.04320
vn -0.99740 0.02480 0.06760
vn -0.99820 0.04220 0.04330
vn -0.25260 -0.01360 -0.96750
vn -0.25270 -0.01360 -0.96750
vn -0.41700 -0.02580 -0.90850
vn -0.07960 -0.00090 -0.99680
vn -0.30570 0.95150 0.03510
vn -0.22090 0.97470 0.03280
vn -0.53310 0.84270 0.07560
vn -0.26410 -0.96450 -0.00400
vn -0.31800 -0.94800 -0.01470
vn -0.23650 -0.97050 -0.04770
vn -0.99840 0.05580 0.00330
vn -0.99840 0.05590 0.00330
vn -0.99850 0.05440 0.00410
vn -0.99870 0.03610 0.03470
vn -0.99920 0.02420 0.03200
vn -0.99970 0.00730 0.02480
vn -0.13560 0.99050 0.02110
vn -0.99820 0.04430 0.04090
vn -0.17130 -0.98420 0.04520
vn -0.26610 -0.96390 0.00580
vn -0.39230 0.91950 0.02440
vn -0.40020 0.91620 0.02040
vn -0.99950 -0.00350 0.03070
vn -0.38030 0.92440 0.03030
vn -0.99310 0.04700 0.10730
vn -0.99450 0.04180 0.09580
vn -0.99690 0.04920 0.06120
vn -0.07140 0.99700 0.02830
vn -0.09960 -0.86720 0.48800
vn -0.04490 -0.80220 0.59540
vn -0.30940 0.02980 0.95050
vn -0.30940 0.02970 0.95050
vn -0.17930 -0.00050 0.98380
vn -0.62640 0.10740 0.77210
vn -0.06480 0.00950 0.99790
vn -0.99840 0.05730 0.00250
vn -0.99310 0.04330 0.10870
vn -0.10180 -0.00960 0.99480
vn -0.09930 -0.00880 0.99500
vn -0.18440 -0.02510 0.98250
vn 0.77670 0.01270 0.62970
vn -0.22410 -0.01890 0.97440
vn -0.21360 -0.02310 0.97670
vn -0.26090 -0.03140 0.96490
vn -0.15820 -0.03440 0.98680
vn -0.20130 -0.05430 0.97800
vn -0.19600 -0.03900 0.97980
vn -0.99240 0.00000 -0.12270
vn -0.98940 0.00610 -0.14540
vn -0.99150 0.00640 -0.13030
vn -0.99310 0.00480 -0.11700
vn -0.99310 0.01610 -0.11590
vn -0.98950 0.01780 -0.14320
vn -0.99100 0.01400 -0.13300
vn -0.99440 0.04670 -0.09520
vn -0.99450 0.06010 -0.08530
vn -0.17080 0.01030 -0.98530
vn -0.18180 0.01550 -0.98320
vn -0.15980 0.03300 -0.98660
vn -0.15430 -0.00390 -0.98800
vn -0.15720 -0.00280 -0.98760
vn -0.17040 0.00960 -0.98530
vn -0.99520 0.01650 -0.09670
vn -0.19220 0.05750 -0.97970
vn -0.17460 0.04900 -0.98340
vn -0.99520 0.06920 -0.06950
vn -0.15580 0.04510 -0.98680
vn -0.21200 0.04420 -0.97630
vn -0.99530 0.06810 -0.06920
vn -0.13410 0.04710 -0.98980
vn -0.12920 0.04440 -0.99060
vn -0.12400 0.05670 -0.99070
vn -0.14860 0.03330 -0.98830
vn -0.31210 0.02820 -0.94960
vn 0.85170 0.13970 0.50510
vn -0.34450 0.05750 -0.93700
vn -0.79960 0.00790 -0.60050
vn -0.80030 -0.00120 -0.59970
vn -0.79860 -0.00170 -0.60190
vn -0.82740 0.06970 -0.55720
vn -0.85570 0.01310 -0.51740
vn -0.78970 0.05470 -0.61100
vn -0.15210 0.03520 -0.98770
vn -0.78390 0.04960 -0.61890
vn -0.33350 -0.11130 -0.93620
vn -0.18260 -0.35430 -0.91710
vn -0.78740 0.04140 -0.61500
vn -0.80150 -0.06050 -0.59490
vn -0.70070 -0.08210 -0.70870
vn -0.77300 0.03110 -0.63360
vn 0.20660 0.26130 -0.94290
vn -0.85690 0.09700 -0.50620
vn -0.96800 0.03930 -0.24770
vn -0.88650 0.08660 -0.45450
vn 0.10830 0.99400 0.01360
vn -0.85790 0.08520 -0.50670
vn -0.52490 0.44640 -0.72470
vn -0.91400 0.12500 -0.38590
vn -0.26050 0.96550 -0.00180
vn -0.51970 0.85410 -0.01860
vn -0.55780 0.82980 0.01620
vn -0.68440 0.72890 0.01790
vn -0.83020 0.55360 -0.06530
vn -0.90470 0.42380 -0.04420
vn -0.99960 0.02890 -0.00140
vn -1.00000 0.00620 -0.00140
vn -0.99960 0.02900 -0.00140
vn -0.97480 0.22310 -0.00180
vn -0.99040 0.12210 0.06470
vn -0.96100 -0.13250 0.24260
vn -0.99860 0.05320 -0.00140
vn -0.39270 0.91970 -0.00120
vn -0.31930 0.91240 0.25600
vn -0.99920 0.03070 0.02410
vn -0.66670 0.74010 -0.08790
vn -0.16480 0.98630 -0.00260
vn -0.02550 -0.99970 -0.00260
vn -0.00870 1.00000 -0.00380
vn -0.00360 -0.67460 -0.73820
vn -0.00930 -0.69580 -0.71820
vn -0.00640 -0.68470 -0.72880
vn -1.00000 0.00090 -0.00710
vn -0.99990 -0.00120 -0.01160
vn -0.99980 0.01530 -0.01480
vn -0.99920 -0.03150 -0.02300
vn -0.99990 -0.00050 0.01320
vn -0.99990 -0.00720 0.01530
vn -0.99990 -0.00280 0.01160
vn -0.99990 -0.00690 0.01540
vn -0.51200 -0.83970 0.18110
vn -0.00270 -0.67190 -0.74060
vn -0.99990 0.00380 0.01180
vn -0.99990 0.00270 0.01370
vn -0.99850 -0.02930 -0.04700
vn -0.06000 0.63510 0.77010
vn -0.00320 0.63920 0.76900
vn -0.00420 0.63780 0.77020
vn -0.30640 0.59570 0.74250
vn -0.06410 0.63920 0.76640
vn -0.00160 0.72540 -0.68840
vn -0.36910 0.91330 -0.17220
vn -0.99960 0.01490 0.02580
vn -0.64410 -0.00730 -0.76490
vn -0.20310 0.00220 0.97920
vn -0.17150 -0.00720 0.98520
vn -0.18940 -0.00290 0.98190
vn -0.23660 0.00840 0.97160
vn -0.18190 -0.00570 0.98330
vn -0.99480 0.08850 0.04960
vn -0.99980 0.01390 0.01520
vn -0.99560 0.08520 0.03840
vn -0.99970 0.01350 0.02180
vn -0.99920 0.01550 0.03720
vn -0.99940 0.00070 -0.03580
vn -0.99220 0.12310 0.02030
vn -0.99780 -0.02250 -0.06290
vn -0.99800 -0.05280 -0.03590
vn -0.40760 0.63900 0.65240
vn -0.38810 0.67410 0.62840
vn -0.37500 0.70990 0.59610
vn -0.99450 -0.03960 -0.09730
vn -0.99950 -0.03160 -0.00360
vn -0.00270 -0.67420 -0.73860
vn -0.00150 -0.67170 -0.74080
vn -0.00090 -0.67480 -0.73800
vn -0.42140 0.62020 0.66160
vn 0.02870 0.63720 0.77010
vn -0.99900 -0.04130 -0.01890
vn -0.99920 0.01230 0.03910
vn -0.99620 -0.06640 -0.05610
vn -0.99410 -0.08960 -0.06140
vn -0.44540 0.61380 0.65180
vn -0.26320 0.58970 0.76350
vn -0.47930 0.52120 0.70610
vn -0.99460 -0.05490 -0.08780
vn -0.21150 0.58660 0.78170
vn -0.99770 -0.02760 -0.06120
vn -0.99430 -0.05230 -0.09260
vn 0.00070 -0.67070 -0.74170
vn -0.55160 0.56370 0.61480
vn -0.02460 0.62480 0.78040
vn -0.03840 0.62710 0.77800
vn -0.99510 -0.05110 -0.08490
vn -0.99920 -0.03990 -0.00160
vn -0.02110 -0.54220 -0.84000
vn -0.05750 -0.66280 -0.74660
vn -0.10470 -0.57690 -0.81010
vn -0.12000 -0.37010 -0.92120
vn -0.99910 0.01330 0.03970
vn -0.05600 0.62980 0.77470
vn -0.21600 0.14900 0.96500
vn -0.99450 -0.06660 -0.08030
vn 0.00010 -0.10080 -0.99490
vn -0.00340 -0.10420 -0.99460
vn -0.38320 -0.03560 0.92300
vn -0.43310 0.62200 0.65230
vn 0.00760 -0.09960 -0.99500
vn 0.00090 -0.09800 -0.99520
vn -0.99290 -0.07380 -0.09280
vn -0.99450 -0.09250 -0.04950
vn -0.99910 -0.04340 -0.00100
vn -0.99910 0.01430 0.03960
vn -0.99870 -0.02520 -0.04370
vn -0.42480 0.62690 0.65310
vn -0.55440 0.55740 0.61800
vn -0.49290 0.58730 0.64200
vn -0.99920 0.01210 0.03940
vn -0.55160 0.53550 0.63950
vn -0.50200 0.36030 0.78620
vn -0.43090 0.62510 0.65080
vn -0.99940 0.02450 0.02600
vn 0.00160 -0.99990 0.01480
vn -0.15120 -0.00230 0.98850
vn -0.01830 0.00360 0.99980
vn -0.01610 0.00370 0.99990
vn 0.06120 -0.00680 0.99810
vn -0.30990 -0.01610 0.95060
vn -0.99390 -0.05850 -0.09360
vn -0.93340 -0.03960 -0.35660
vn -0.06000 -0.99560 0.07150
vn -0.00640 -0.08570 -0.99630
vn -0.99770 -0.06280 -0.02360
vn -0.10440 -0.98700 -0.12210
vn -0.09930 -0.98910 -0.10850
vn -0.08480 -0.99490 -0.05450
vn -0.09240 -0.99540 -0.02500
vn -0.99850 -0.05480 -0.00630
vn -0.99850 -0.05260 -0.01280
vn -0.99870 -0.04410 -0.02430
vn -0.99850 -0.04730 -0.02890
vn -0.55110 0.02070 0.83420
vn -0.66740 -0.03230 0.74400
vn -0.55830 0.01840 0.82940
vn -0.99680 -0.07700 0.02040
vn -0.67880 -0.03730 0.73340
vn -0.68130 -0.05770 0.72970
vn -0.49950 0.02910 0.86580
vn -0.69610 -0.02980 0.71740
vn -0.07160 -0.16900 -0.98300
vn -0.11190 -0.09190 -0.98950
vn -0.05530 -0.19970 -0.97830
vn -0.72610 -0.02410 0.68720
vn -0.97050 -0.23760 0.04150
vn -0.72430 -0.02610 0.68890
vn -0.85310 0.19240 -0.48490
vn -0.97800 0.20860 -0.00160
vn -0.97270 0.23220 -0.00250
vn -0.73470 -0.46900 -0.49010
vn -0.09250 -0.99560 -0.01580
vn -0.97350 0.22880 0.00240
vn -0.91110 0.41220 -0.00540
vn -0.99790 0.00550 0.06430
vn -0.99930 0.02210 0.02920
vn -0.19040 0.98170 0.00600
vn -0.24190 0.96970 0.03530
vn -0.21750 0.97610 -0.00210
vn -0.99670 -0.00220 0.08070
vn -0.39370 -0.81970 -0.41610
vn -0.14600 0.98920 -0.01050
vn 0.97730 0.21020 -0.02590
vn 0.97730 0.21030 -0.02590
vn 0.99400 0.09080 -0.06140
vn 0.32550 0.94540 0.01460
vn 0.00020 -1.00000 -0.00340
vn 0.96270 0.27040 -0.00750
vn 0.46720 0.88380 0.02450
vn -0.09010 -0.99590 -0.00250
vn -0.22430 0.97450 -0.00520
vn 0.91020 0.41330 0.02700
vn 0.88150 0.21620 0.41980
vn 0.89770 0.43890 0.03780
vn -0.26760 0.68920 0.67330
vn 0.92690 0.37490 0.01600
vn 0.80600 0.57210 0.15200
vn -0.11270 -0.03630 0.99300
vn -0.18390 0.98040 -0.07070
vn -0.15320 0.98730 -0.04170
vn -0.18370 0.97990 -0.07780
vn 0.91330 0.40720 -0.00360
vn 0.76270 0.01830 0.64650
vn -0.78650 -0.41700 0.45560
vn 0.91440 0.40480 -0.00830
vn -0.17950 0.98040 -0.08090
vn -0.25880 0.96590 -0.00080
vn 0.89950 0.43620 -0.02540
vn -0.15230 0.98730 -0.04490
vn -0.12800 0.99160 -0.02050
vn -0.14170 0.98930 -0.03470
vn -0.97620 0.21700 0.00000
vn -0.90670 -0.42180 -0.00180
vn -0.01020 -0.00080 0.99990
vn -0.03410 0.01220 0.99930
vn -0.11940 0.01030 0.99280
vn -0.96720 -0.00210 -0.25410
vn -0.95830 -0.02840 -0.28440
vn -0.97620 -0.06190 -0.20800
vn -0.99840 -0.05670 0.00590
vn -0.99580 -0.09160 0.00260
vn -0.99760 -0.06990 0.00210
vn -0.99990 -0.00400 0.01070
vn -0.96710 0.24160 -0.07910
vn -0.95040 0.18530 -0.24980
vn -0.95400 0.23420 -0.18710
vn -0.27010 0.65490 0.70580
vn -0.23680 0.65060 0.72160
vn -0.95380 -0.06150 -0.29400
vn -0.98660 -0.15110 -0.06180
vn 0.99980 -0.02220 -0.00240
vn 0.99990 -0.01380 0.00100
vn 0.99990 -0.01430 0.00380
vn -0.32270 0.65990 0.67860
vn -0.15480 -0.98790 -0.00870
vn -0.19160 -0.98150 -0.00120
vn -0.19150 -0.98150 -0.00120
vn -0.96210 0.27170 -0.02360
vn -0.09810 0.00260 -0.99520
vn -0.09800 0.00260 -0.99520
vn -0.26590 0.01300 -0.96390
vn 0.10650 -0.00990 -0.99430
vn -0.99980 0.00110 -0.01900
vn -0.99970 -0.00400 -0.02450
vn -0.99980 0.00100 -0.01900
vn -0.43420 0.90080 0.00450
vn -0.45960 0.88810 -0.00010
vn -0.97800 0.18760 0.09120
vn -0.64440 -0.76470 0.00270
vn -0.98960 -0.11930 0.07980
vn -0.99570 -0.09240 0.00100
vn -0.99750 -0.07050 0.00200
vn 0.13500 -0.99070 -0.01470
vn 0.11980 -0.99270 -0.01370
vn 0.15870 -0.98720 -0.01630
vn -0.95730 0.28850 0.01690
vn 0.00030 -1.00000 0.00220
vn -0.00020 -1.00000 0.00260
vn -0.22640 -0.97400 0.00590
vn -0.17360 0.98480 -0.00980
vn -0.17380 0.98480 -0.00600
vn -0.20380 0.97900 -0.00820
vn -0.14860 0.98890 -0.00410
vn 0.00080 -1.00000 0.00170
vn 1.00000 -0.00570 0.00030
vn 0.99990 -0.01030 0.00780
vn -0.99990 -0.00510 0.00950
vn -0.97430 -0.22500 0.01120
vn -0.99990 0.00600 -0.01360
vn -0.17950 0.93160 0.31610
vn -0.76300 0.01170 0.64630
vn -0.06010 -0.56060 0.82590
vn 0.16150 0.00360 0.98690
vn 0.16140 0.00360 0.98690
vn 0.24450 0.00850 0.96960
vn 0.10120 0.00010 0.99490
vn -0.40830 0.91280 0.00910
vn -0.98580 -0.16590 0.02550
vn -0.97700 -0.11940 0.17660
vn -0.06900 -0.66710 -0.74180
vn -0.03630 -0.62750 -0.77780
vn -0.01990 -0.61590 -0.78760
vn -0.97790 -0.03250 0.20660
vn -0.42840 0.60180 -0.67400
vn -0.42820 0.60350 -0.67260
vn -0.41500 0.59890 -0.68490
vn -0.43120 0.60450 -0.66980
vn -0.95900 0.23130 0.16350
vn -0.06460 -0.62980 -0.77400
vn -0.03740 -0.65600 -0.75380
vn -0.97590 0.02590 0.21680
vn -0.95890 0.23570 0.15770
vn -0.12640 -0.65620 -0.74400
vn -0.42790 0.60720 -0.66950
vn -0.24580 -0.55320 -0.79600
vn -0.90020 -0.29590 -0.31950
vn -0.35860 0.00580 -0.93350
vn -0.36870 0.00400 -0.92950
vn -0.34730 0.00780 -0.93770
vn -0.99980 0.00470 0.01670
vn -0.99980 -0.01240 0.01650
vn -0.99950 -0.02580 0.01810
vn 0.00520 -0.67250 0.74010
vn 0.00280 -0.66980 0.74250
vn 0.00730 -0.65930 0.75190
vn 0.00250 -0.67150 0.74100
vn 0.99970 -0.01250 0.01940
vn 0.99970 -0.01370 0.01770
vn -0.99700 -0.07750 0.00260
vn -0.36660 -0.64030 0.67500
vn -0.99860 -0.05300 0.00740
vn 0.00920 -0.66220 0.74920
vn 0.00280 -0.66830 0.74390
vn -0.00320 -0.67150 0.74100
vn -0.00970 0.58690 -0.80960
vn -0.00460 -0.67010 0.74220
vn -0.02520 -0.66480 0.74660
vn -0.99990 0.00480 0.01260
vn 0.80050 -0.09880 0.59120
vn 0.73800 -0.42230 0.52620
vn -0.15960 0.00030 0.98720
vn -0.15960 0.00040 0.98720
vn -0.15760 0.00300 0.98750
vn -0.16000 -0.00020 0.98710
vn 0.99930 -0.01950 0.03190
vn 0.80220 -0.03470 0.59610
vn -0.00750 -0.01720 0.99980
vn -0.96880 0.00120 -0.24780
vn -0.97460 -0.00200 0.22390
vn -0.97700 -0.00750 0.21300
vn -0.99980 0.00750 0.01610
vn -0.00270 0.96680 -0.25570
vn -0.00390 0.96920 -0.24620
vn -0.00660 0.98720 -0.15920
vn -0.00080 0.98180 -0.19010
vn 0.05990 0.96480 -0.25590
vn -0.99750 0.03610 -0.06100
vn -0.99930 0.03680 0.00430
vn -0.99930 0.03760 0.00080
vn 0.04550 0.96850 -0.24480
vn -0.99930 0.03100 -0.02260
vn -0.95060 0.01700 -0.31000
vn -0.99890 0.03640 -0.02880
vn -0.99980 0.01240 -0.01830
vn -0.00370 0.99980 0.02140
vn -0.00180 0.99920 0.03960
vn -0.00610 0.90200 0.43170
vn -0.06880 0.86390 0.49890
vn -0.10050 0.84940 0.51810
vn -0.05710 0.08680 -0.99460
vn 0.01620 0.18840 -0.98200
vn -0.06370 0.01210 -0.99790
vn -0.11220 0.00870 -0.99360
vn -0.00210 0.99850 0.05480
vn -0.00130 0.99890 0.04700
vn -0.99960 -0.02650 0.00800
vn -0.99900 -0.03540 -0.02620
vn -0.99730 -0.06600 -0.03280
vn -0.02620 0.02760 -0.99930
vn -0.99300 0.00760 -0.11770
vn -0.97560 0.04180 -0.21570
vn -0.32100 0.65360 0.68530
vn -0.99000 -0.01680 -0.14030
vn -0.02330 0.41940 -0.90750
vn -0.99890 0.02540 -0.03870
vn -0.99740 0.07160 -0.00400
vn 0.00990 0.99800 -0.06280
vn -0.33400 0.69610 0.63550
vn -0.03660 0.60690 -0.79390
vn -0.01850 0.48670 -0.87340
vn -0.04540 0.63900 -0.76780
vn 0.51300 0.22230 -0.82910
vn 0.53150 0.34380 -0.77420
vn 0.52090 0.24810 -0.81680
vn 0.00780 0.99920 -0.03950
vn -0.68810 0.71160 -0.14160
vn -0.02600 0.46320 -0.88590
vn 0.46020 0.88780 -0.00580
vn 0.34320 0.93830 -0.04210
vn 0.37500 0.92620 -0.03940
vn -0.01220 0.44280 -0.89650
vn 0.68560 0.72780 0.01580
vn 0.77570 0.63110 0.00770
vn -0.90820 0.12310 -0.40000
vn -0.92680 0.22580 -0.30000
vn -0.93240 0.24580 -0.26500
vn 0.53230 0.35050 -0.77060
vn 0.81090 0.58520 0.00410
vn -0.93280 0.24760 -0.26180
vn -0.94000 0.25720 -0.22420
vn 0.00260 0.46500 -0.88530
vn 0.27670 0.95900 -0.06160
vn -0.94450 0.24860 -0.21470
vn -0.00290 0.44060 -0.89770
vn 0.25480 0.96570 -0.04920
vn -0.15240 -0.03070 -0.98780
vn -0.71530 -0.01130 -0.69870
vn -0.69500 -0.01210 -0.71890
vn -0.69360 0.01100 -0.72030
vn -0.94780 0.26140 -0.18270
vn 0.53230 0.35320 -0.76940
vn -0.69800 -0.11610 -0.70660
vn -0.40030 0.91620 -0.02030
vn -0.91490 0.36310 -0.17640
vn -0.66740 -0.00750 -0.74470
vn -0.99420 0.10730 -0.00680
vn -0.96380 0.24920 -0.09500
vn -0.56380 -0.82580 -0.01140
vn -0.58700 -0.80950 0.01030
vn -0.58850 -0.80850 -0.00050
vn -0.69370 0.09340 -0.71410
vn -0.99830 -0.05390 -0.02230
vn -0.14260 0.46770 0.87230
vn -0.39430 0.91850 -0.02910
vn -0.37710 0.92500 -0.04580
vn -0.36490 0.93060 -0.02820
vn -0.38930 0.92080 -0.02340
vn -0.42900 0.90280 -0.03090
vn -0.99910 0.00020 -0.04210
vn -0.99850 0.01970 -0.05130
vn -0.99660 -0.06910 -0.04420
vn -0.76230 0.57650 -0.29410
vn -0.99250 0.08700 0.08640
vn -0.22400 0.97420 -0.02900
vn -0.78680 -0.20800 0.58110
vn -0.99740 -0.06270 -0.03490
vn -0.99940 -0.02640 -0.02400
vn 0.01200 -0.06760 -0.99760
vn 0.00550 -0.02200 -0.99970
vn 0.00620 -0.00320 -1.00000
vn -0.04400 0.02530 -0.99870
vn -0.34940 0.14490 -0.92570
vn 0.02260 -0.40500 -0.91400
vn -0.44070 0.18330 -0.87870
vn 0.03700 -0.99930 0.00710
vn 0.05060 -0.99560 -0.07860
vn 0.04150 -0.99870 0.02820
vn -0.99860 0.05190 -0.00360
vn -0.77860 -0.62750 -0.00800
vn -0.99910 -0.02970 -0.02940
vn 0.04390 -0.99890 0.01460
vn 0.06110 -0.98090 -0.18470
vn -0.37870 0.92530 0.02040
vn -0.95850 -0.28480 -0.00810
vn -0.60030 -0.79950 0.02300
vn -0.42080 -0.69390 -0.58430
vn -0.28420 -0.44150 -0.85100
vn -0.21380 -0.49760 -0.84070
vn -0.40320 -0.46410 -0.78870
vn -0.99910 -0.01100 -0.04200
vn -0.99300 0.11700 -0.01390
vn -0.52740 -0.79100 -0.31010
vn -0.37460 -0.81640 -0.43960
vn -0.51980 -0.84900 -0.09510
vn 0.96550 0.06800 -0.25150
vn 0.02790 -0.99920 0.03000
vn -0.99660 -0.08080 -0.01870
vn -0.55800 -0.82590 0.08040
vn -0.99730 -0.07190 -0.01320
vn 0.03010 -0.99790 0.05810
vn -0.99890 0.04420 0.01420
vn -0.34030 -0.82090 0.45860
vn -0.49340 -0.78190 0.38090
vn 0.02950 -0.99510 0.09460
vn 0.03680 -0.99140 0.12520
vn -0.99840 -0.05420 0.01650
vn -0.55430 -0.78680 0.27140
vn -0.35640 -0.38930 0.84940
vn -0.37830 -0.32420 0.86700
vn -1.00000 -0.00010 -0.00040
vn -0.37770 -0.32120 0.86840
vn -0.00530 -0.98440 0.17600
vn 0.70660 0.70760 0.00190
vn -0.99970 0.02440 -0.00990
vn -0.99550 -0.04500 -0.08320
vn -0.99890 -0.02180 -0.04040
vn -0.58350 -0.81140 0.03470
vn -0.53450 -0.84500 0.01440
vn -0.99590 0.02480 -0.08740
vn -0.99800 0.01850 -0.06110
vn -0.99810 0.06120 -0.00140
vn 0.00830 0.99380 -0.11100
vn -0.00080 0.94090 -0.33880
vn 0.00830 0.99380 -0.11110
vn 0.01710 0.99150 0.12860
vn 0.98280 0.12490 -0.13570
vn -0.09870 0.00430 -0.99510
vn -0.75250 -0.14560 -0.64230
vn -0.99960 0.02740 0.00100
vn -0.99960 0.02720 0.00120
vn 0.00100 0.01790 -0.99980
vn 0.00040 0.07590 -0.99710
vn 0.00800 0.08440 -0.99640
vn 0.00080 0.01900 -0.99980
vn -0.99960 0.02650 0.00130
vn -0.10640 0.73960 -0.66460
vn 0.09650 0.71940 -0.68790
vn -0.38310 0.71510 -0.58470
vn -0.00020 0.03930 -0.99920
vn 0.05240 0.19960 -0.97850
vn 0.00400 0.06780 -0.99770
vn -0.00270 0.03180 -0.99950
vn -0.99970 0.02510 0.00170
vn -0.99990 0.00770 0.01470
vn -0.99980 0.01920 0.00810
vn 0.00060 0.96600 -0.25860
vn -0.56740 0.55790 -0.60570
vn -0.54910 0.56990 -0.61130
vn -0.55060 0.57250 -0.60750
vn -0.98660 0.11490 -0.11600
vn -0.99540 0.09460 -0.01420
vn -0.99440 0.10020 -0.03250
vn -0.99560 0.09220 -0.01730
vn -0.55120 0.58160 -0.59830
vn -0.58350 0.54650 -0.60060
vn -0.60480 0.50960 -0.61200
vn -0.99580 0.09150 -0.00400
vn -0.47330 0.57390 -0.66830
vn -0.99000 0.14120 -0.00500
vn -0.49580 0.61890 -0.60920
vn -0.99970 0.02570 -0.00410
vn -0.99960 -0.00730 0.02650
vn -0.98840 0.12330 -0.08830
vn 0.87020 0.29790 -0.39230
vn -0.99950 -0.00840 0.02920
vn -0.99990 -0.00130 0.01240
vn -0.99880 -0.00080 0.04850
vn -0.36140 0.93230 0.01290
vn -0.36560 0.93080 0.00030
vn -0.35990 0.93290 0.01290
vn 0.05570 -0.63200 0.77300
vn 0.04390 -0.64770 0.76070
vn -0.43720 0.89930 0.01290
vn 0.05190 -0.64090 0.76590
vn 0.04510 -0.62660 0.77810
vn -1.00000 0.00150 0.00640
vn 0.06250 -0.66260 0.74640
vn -0.99970 -0.01850 0.01760
vn -0.99970 -0.01840 0.01760
vn -0.99930 -0.01350 0.03410
vn -0.98700 0.16000 0.01600
vn 0.00650 -0.07000 -0.99750
vn -0.15130 -0.03030 -0.98800
vn -0.15940 -0.00990 -0.98720
vn -0.24510 -0.20430 0.94770
vn -0.36370 -0.14660 0.91990
vn 0.07000 -0.61230 0.78750
vn -0.21860 0.01200 -0.97570
vn -0.17190 0.02210 -0.98490
vn -0.09720 -0.26850 0.95840
vn 0.08680 0.51730 0.85140
vn -0.00350 -1.00000 -0.00420
vn -0.01150 -0.99990 0.00710
vn -0.01420 -0.99980 0.01030
vn -0.99930 0.02750 0.02550
vn -0.99740 0.07030 0.01230
vn -0.99930 0.02740 0.02560
vn -0.39910 -0.91680 -0.01540
vn -0.36050 0.93260 0.01550
vn -0.39910 -0.91680 -0.01550
vn -0.99940 0.01830 0.02840
vn -1.00000 0.00090 0.00110
vn -0.17810 0.98400 -0.00470
vn -0.00010 -1.00000 -0.00700
vn -1.00000 0.00230 0.00100
vn -0.01630 -0.99980 0.01400
vn -0.81010 -0.47460 0.34440
vn -0.98970 -0.06200 -0.12900
vn -0.28200 0.95760 -0.05860
vn 0.90400 0.40540 -0.13610
vn -0.00720 1.00000 -0.00180
vn -0.00990 0.99990 -0.00340
vn -0.00970 0.99990 -0.00330
vn -1.00000 0.00140 -0.00180
vn -0.98550 0.16680 0.03060
vn 0.05190 -0.64080 0.76600
vn -0.01130 0.99990 -0.00430
vn 0.00000 0.00690 -1.00000
vn -0.00920 -0.99990 -0.01420
vn -0.00180 -1.00000 0.00160
vn -0.00550 -0.99990 -0.00980
vn -0.00710 -0.99980 -0.01950
vn -0.97830 0.00030 -0.20700
vn -0.97880 -0.00160 -0.20490
vn -0.97820 0.00090 -0.20770
vn -0.21170 0.97700 -0.02500
vn -0.27720 0.95910 -0.05760
vn -0.28030 0.95840 -0.05390
vn -0.03710 0.00090 -0.99930
vn -0.97840 0.00120 -0.20690
vn -0.97900 -0.00270 -0.20400
vn -0.97900 -0.00390 -0.20380
vn -0.17980 0.98370 -0.00420
vn -0.97730 0.00530 -0.21180
vn -0.31410 -0.94790 -0.05280
vn -0.13820 0.99030 0.01210
vn -0.53260 0.84230 -0.08290
vn 0.01520 -0.99980 -0.00890
vn -0.02020 -0.99940 -0.02820
vn -0.01820 -0.99970 -0.01810
vn -0.12720 0.99080 0.04570
vn -0.82610 0.01490 0.56330
vn -0.85830 0.04340 0.51130
vn -0.77850 0.14520 0.61060
vn -0.90790 -0.01950 0.41880
vn -0.93330 -0.00790 0.35910
vn -0.90780 -0.01950 0.41890
vn -0.80420 0.00570 0.59440
vn -0.66570 0.01370 0.74610
vn -0.46730 0.02590 0.88370
vn -0.58030 0.01330 0.81430
vn -0.78770 -0.05920 0.61320
vn -0.65050 0.00410 0.75950
vn -0.05610 -0.07240 0.99580
vn -0.04620 -0.05180 0.99760
vn -0.11070 -0.06170 0.99190
vn -0.75890 0.15050 0.63360
vn -0.03420 -0.05300 0.99800
vn -0.51660 0.01370 -0.85610
vn -0.54590 0.01300 -0.83770
vn -0.61300 -0.01340 -0.79000
vn -0.02470 -0.00100 0.99970
vn -0.47730 0.72280 -0.49980
vn -0.47200 0.62690 -0.61980
vn -0.46270 0.62300 -0.63070
vn -0.01930 -0.05650 0.99820
vn -0.01290 -0.08910 0.99590
vn -0.49240 0.56430 -0.66260
vn -0.49480 0.55970 -0.66480
vn -0.40210 -0.65760 -0.63700
vn -0.21190 -0.96890 0.12740
vn -0.17870 -0.98370 0.01760
vn -0.18760 -0.98150 0.03800
vn -0.50130 0.54930 -0.66850
vn -0.48250 0.02070 -0.87570
vn -0.45590 0.00260 -0.89000
vn -0.61270 0.00540 -0.79030
vn -0.17230 -0.96360 0.20430
vn -0.17460 -0.98070 0.08770
vn -0.15660 -0.95820 0.23930
vn -0.58250 0.03250 -0.81220
vn -0.16540 -0.98580 -0.02810
vn -0.17140 -0.96640 0.19140
vn -0.99890 0.04720 -0.00840
vn -0.75000 -0.66130 0.00800
vn -0.99940 0.00610 -0.03300
vn -0.99940 -0.02550 -0.02450
vn -0.99790 0.06230 -0.01920
vn -0.00440 -0.99990 -0.01060
vn -0.38690 -0.86480 0.32010
vn -0.18060 -0.98250 -0.04650
vn -0.99700 0.07520 -0.01570
vn -0.13040 -0.95470 -0.26740
vn -0.19810 -0.98020 -0.00360
vn -0.17610 -0.98230 -0.06350
vn -0.99940 -0.02970 -0.02000
vn -0.99750 -0.06890 0.01430
vn -0.99880 -0.04920 0.00700
vn -0.99620 -0.08270 0.02610
vn -0.99440 -0.10320 0.02370
vn -0.99420 -0.10720 0.00530
vn 0.03500 -0.02300 0.99910
vn 0.06480 -0.03680 0.99720
vn 0.05700 -0.04670 0.99730
vn 0.04240 -0.04880 0.99790
vn 0.06350 -0.42020 0.90520
vn 0.07420 -0.05780 0.99560
vn -0.18360 -0.98300 0.00140
vn -0.73900 -0.67360 -0.01260
vn 0.04670 -0.10210 0.99370
vn 0.08350 -0.14890 0.98530
vn -0.99520 -0.09640 0.01570
vn 0.03190 -0.12900 0.99110
vn 0.01610 -0.99980 0.00670
vn -0.11560 -0.99300 0.02570
vn 0.04950 -0.62820 0.77650
vn 0.04620 -0.63140 0.77410
vn -0.99750 -0.06930 0.01450
vn -0.99860 -0.05220 0.00830
vn 0.04590 -0.61930 0.78380
vn 0.05590 -0.62690 0.77710
vn -0.99960 -0.01840 0.02350
vn -0.00500 -0.01800 -0.99980
vn -0.00610 -0.02450 -0.99970
vn -0.05750 -0.02230 -0.99810
vn 0.01080 -0.03700 -0.99930
vn 0.02170 -0.64930 0.76030
vn 0.00410 0.69780 -0.71630
vn 0.00350 0.70470 -0.70950
vn 0.00880 0.71610 -0.69790
vn -0.07590 -0.02490 -0.99680
vn 0.99800 -0.01560 -0.06160
vn 0.99880 -0.01720 -0.04680
vn 0.99800 -0.01850 -0.06060
vn 0.00020 0.74200 -0.67040
vn 0.00400 -0.02580 -0.99970
vn -0.26760 -0.01730 -0.96340
vn -0.99710 0.07350 -0.01800
vn -0.19950 -0.00050 -0.97990
vn -0.06100 -0.69920 -0.71240
vn -0.06660 -0.71080 -0.70020
vn -0.03560 -0.67400 -0.73790
vn 0.99950 -0.01120 -0.02900
vn -0.28220 0.74320 -0.60670
vn -0.28850 0.73680 -0.61150
vn -0.28850 0.73670 -0.61150
vn -0.11520 -0.62590 -0.77130
vn -0.01660 -0.65040 -0.75940
vn -0.99970 -0.01060 0.02400
vn -0.99970 -0.01280 0.02130
vn -0.99970 -0.01470 0.01940
vn -0.99980 -0.01130 0.01330
vn -0.99960 -0.01490 0.02540
vn -0.99950 -0.01010 0.03150
vn 0.06660 -0.99760 0.01780
vn 0.05230 -0.99850 0.01390
vn -0.99900 0.00330 0.04470
vn -0.99890 0.00690 0.04620
vn 0.99790 -0.02790 -0.05840
vn -0.99920 -0.02900 0.02810
vn -0.01980 -0.67610 -0.73650
vn -0.99880 0.01510 0.04650
vn -0.29030 0.73490 -0.61290
vn 0.99790 -0.02770 -0.05860
vn -0.00630 0.68330 -0.73010
vn -0.13660 0.00710 0.99060
vn -0.13660 0.00700 0.99060
vn -0.13400 0.00820 0.99090
vn -0.13880 0.00610 0.99030
vn 1.00000 -0.00680 0.00210
vn -0.95420 0.23220 -0.18850
vn -0.10510 -0.64270 0.75890
vn -0.09810 -0.63820 0.76360
vn -0.10690 -0.61890 0.77820
vn -0.11490 -0.62340 0.77340
vn -0.10620 -0.55790 0.82310
vn -0.11680 -0.53080 0.83940
vn -0.00130 -0.99980 0.02150
vn -0.00020 0.00000 -1.00000
vn 0.06640 -0.00040 -0.99780
vn -0.00630 -0.00070 -1.00000
vn 0.03270 -0.00050 -0.99950
vn 0.00700 0.92570 -0.37820
vn -0.00660 0.99120 -0.13250
vn 0.00360 0.99120 -0.13250
vn 0.00160 -0.96890 -0.24740
vn -0.56910 0.00740 -0.82220
vn -0.00470 0.99340 -0.11470
vn -0.00590 0.98740 -0.15810
vn -0.00030 0.98170 -0.19030
vn -0.00590 0.98740 -0.15800
vn -0.81420 0.50750 -0.28190
vn -0.01950 0.99670 -0.07830
vn -0.99110 0.00280 -0.13290
vn -0.99110 0.01640 0.13210
vn -0.99110 0.00280 -0.13280
vn 0.06440 0.00680 -0.99790
vn 0.01780 -0.00680 -0.99980
vn 0.64340 0.63960 0.42070
vn -0.00770 0.00380 -1.00000
vn -0.95300 -0.00640 -0.30300
vn -0.22640 -0.89810 -0.37710
vn -0.00580 0.04530 -0.99900
vn -0.01460 0.06830 -0.99760
vn 0.00120 -0.02870 -0.99960
vn -0.00190 -0.01510 -0.99990
vn 0.00280 0.99300 -0.11830
vn 0.00290 0.99270 -0.12030
vn -0.00120 0.01750 -0.99980
vn -0.00060 0.01720 -0.99990
vn 0.01850 0.01300 -0.99970
vn -0.00420 0.02740 -0.99960
vn -0.00010 0.01810 -0.99980
vn 0.00090 0.00260 -1.00000
vn -0.00250 0.00040 -1.00000
vn 0.01250 0.00240 -0.99990
vn 0.01120 0.01770 -0.99980
vn 0.00250 0.99960 -0.02710
vn -0.78290 -0.00150 -0.62210
vn -0.84970 -0.04490 -0.52540
vn -0.80700 -0.01090 -0.59050
vn -0.00160 0.02800 -0.99960
vn -0.77320 0.00430 -0.63410
vn -0.00230 -0.99540 -0.09630
vn -0.00280 -0.99650 -0.08310
vn -0.00120 -0.99680 -0.07940
vn 0.91470 0.01670 0.40390
vn 0.91500 0.01640 0.40320
vn 0.94530 -0.01290 0.32590
vn 0.96190 -0.03740 0.27070
vn -0.76820 0.00760 -0.64020
vn -0.76480 0.00600 -0.64420
vn -0.00020 0.01310 -0.99990
vn 0.00870 0.03050 -0.99950
vn -0.00850 -0.00310 -1.00000
vn -0.01610 -0.62190 -0.78290
vn 0.00310 0.94730 -0.32030
vn 0.00290 0.94730 -0.32040
vn 0.00080 0.95570 -0.29420
vn 0.00030 -0.99760 -0.06940
vn -0.00170 -0.99760 -0.06920
vn 0.00580 0.93690 -0.34950
vn -0.01060 -0.99650 -0.08260
vn -0.99530 0.03870 0.08920
vn -0.99300 0.01090 -0.11740
vn -0.99560 0.04090 0.08420
vn -0.01480 0.99520 -0.09700
vn 0.91530 0.01610 0.40250
vn -0.00020 -0.01880 -0.99980
vn 0.00000 0.00000 -1.00000
vn -0.00020 -0.00020 -1.00000
vn -0.00030 -0.02940 -0.99960
vn 0.99680 -0.00380 0.08030
vn 0.99620 0.02310 -0.08380
vn 0.99620 0.02310 -0.08390
vn -0.95170 0.07140 0.29860
vn -0.65630 0.00740 -0.75440
vn -0.77170 0.01610 -0.63580
vn -0.84150 0.02210 -0.53980
vn -0.00520 -1.00000 0.00120
vn -0.00050 -0.99760 -0.06860
vn 0.00500 -0.99990 -0.01090
vn 0.00170 -0.99990 -0.01690
vn -0.00050 0.99190 -0.12690
vn -0.01120 -0.99570 0.09170
vn 0.85950 -0.50160 -0.09880
vn 0.92540 0.01120 0.37870
vn -0.98990 0.11290 -0.08520
vn 0.00920 0.99350 -0.11310
vn 0.93690 -0.01450 -0.34930
vn 0.88580 -0.00800 -0.46400
vn 0.88580 -0.00800 -0.46410
vn 0.96940 0.04850 -0.24080
vn -0.00090 -0.06740 -0.99770
vn 0.00590 -0.99900 -0.04470
vn 0.01720 -0.99740 -0.06960
vn 0.00410 -0.99870 -0.05160
vn -0.01010 0.95990 -0.28000
vn -0.00020 -0.00330 -1.00000
vn -0.00020 -0.00570 -1.00000
vn 0.00040 0.00120 -1.00000
vn -0.06980 -0.04100 -0.99670
vn -0.00520 -0.05660 -0.99840
vn -0.05960 -0.02650 -0.99790
vn -0.00410 -0.03030 -0.99950
vn -0.09050 0.00190 -0.99590
vn -0.09310 0.00310 -0.99570
vn -0.12930 0.00020 -0.99160
vn 0.03100 0.96150 -0.27320
vn -0.00740 -0.05160 -0.99860
vn -0.00500 -0.03250 -0.99950
vn -0.00200 -0.00470 -1.00000
vn -0.00200 0.00240 -1.00000
vn -0.00540 0.02120 0.99980
vn 0.50440 -0.83200 -0.23120
vn 0.00460 0.00090 1.00000
vn -0.00240 0.00350 -1.00000
vn 0.00070 0.00320 -1.00000
vn 0.00040 0.00680 -1.00000
vn 0.72350 -0.66780 0.17470
vn 0.00310 0.99970 0.02530
vn 0.01480 0.00200 -0.99990
vn 0.05570 0.00840 -0.99840
vn 0.82770 -0.00210 -0.56120
vn 0.00250 -0.99830 -0.05770
vn 0.00010 -0.99890 -0.04610
vn 0.00010 -0.99650 -0.08410
vn 0.19140 0.02060 -0.98130
vn 0.06930 0.01100 -0.99750
vn 0.74460 -0.00140 -0.66750
vn -0.66660 0.01220 -0.74530
vn 0.00000 0.02630 -0.99970
vn 0.00110 0.00600 -1.00000
vn -0.00190 0.02040 -0.99980
vn -0.01320 0.02120 -0.99970
vn 0.00160 0.02010 -0.99980
vn -0.00460 0.03400 -0.99940
vn -0.00060 -1.00000 0.00510
vn 0.00030 -0.99980 -0.01950
vn 0.37840 -0.92550 -0.01840
vn 0.37790 -0.92570 -0.01750
vn 0.42320 -0.90600 -0.00150
vn 0.38780 -0.92160 -0.01520
vn 0.46960 -0.88280 0.01130
vn 0.99660 0.08260 0.00060
vn 0.98620 0.16530 0.00280
vn 0.71540 0.06600 -0.69560
vn 0.55280 -0.83190 0.04780
vn 0.99280 0.07820 -0.09040
vn 0.99300 0.08210 -0.08500
vn 0.99270 0.08080 -0.08970
vn 0.99290 0.07680 -0.09080
vn 0.99240 0.07070 -0.10060
vn 0.35220 -0.03380 0.93530
vn 0.33150 -0.03720 0.94270
vn 0.24870 -0.02530 0.96830
vn -0.20370 -0.07800 0.97590
vn 0.26060 -0.02860 0.96500
vn 0.41740 -0.03730 0.90790
vn 0.43890 -0.03030 0.89800
vn 0.37420 -0.04150 0.92640
vn 0.33160 0.07340 0.94060
vn 0.33950 0.02070 0.94040
vn 0.19250 0.23120 0.95370
vn 0.23350 0.03650 0.97170
vn 0.05300 -0.98310 0.17520
vn 0.00210 -0.98420 0.17690
vn 0.07150 -0.97690 0.20140
vn 0.61630 -0.06690 0.78470
vn 0.61630 -0.06690 0.78460
vn 0.61580 -0.04550 0.78660
vn 0.59210 -0.36570 0.71810
vn 0.99610 0.06780 -0.05690
vn 0.99580 0.06830 -0.06150
vn 0.99580 0.06780 -0.06190
vn 0.22740 0.29520 0.92800
vn 0.36830 -0.00360 0.92970
vn 0.99530 0.07440 -0.06240
vn 0.09110 -0.96910 0.22930
vn 0.10690 -0.97110 0.21360
vn -0.00420 0.00420 1.00000
vn -0.02310 0.31050 0.95030
vn -0.00480 0.09510 0.99550
vn 0.16910 -0.43970 -0.88210
vn -0.72910 0.06230 -0.68160
vn 0.00010 0.03340 0.99940
vn 0.00470 0.14340 0.98970
vn 0.00100 0.35190 0.93600
vn 0.02590 0.20280 0.97890
vn 0.00740 0.59500 0.80370
vn 0.99550 0.06880 -0.06510
vn 0.03570 0.99850 -0.04160
vn 0.03450 0.99700 -0.06940
vn 0.04400 0.99660 -0.06960
vn 0.03110 0.99920 -0.02330
vn 0.03460 0.99930 -0.01330
vn 0.03980 0.99840 -0.03990
vn 0.99460 0.08390 -0.06080
vn 0.99480 0.08860 -0.05070
vn 0.99470 0.08270 -0.06100
vn 0.02070 0.05550 -0.99820
vn 0.11860 0.05000 -0.99170
vn 0.16000 0.06440 -0.98500
vn 0.99530 0.07350 -0.06240
vn 0.04290 0.05490 -0.99760
vn 0.15370 0.04900 -0.98690
vn 0.14880 0.04900 -0.98770
vn -0.03870 0.06040 -0.99740
vn -0.02980 0.05680 -0.99790
vn 0.82140 0.08790 -0.56350
vn 0.80490 0.09170 -0.58630
vn 0.80990 0.10330 -0.57740
vn 0.02210 0.11470 -0.99320
vn 0.00680 0.19950 -0.97990
vn 0.00870 0.06310 -0.99800
vn -0.00850 0.05330 -0.99850
vn 0.04080 0.99810 -0.04640
vn 0.00800 0.17680 -0.98420
vn 0.82620 0.08730 -0.55660
vn 0.75770 0.16580 -0.63120
vn 0.62610 0.37820 -0.68190
vn 0.00230 0.45390 -0.89100
vn 0.79160 0.61100 -0.00020
vn 0.99720 0.07530 -0.00070
vn -0.00490 0.44640 -0.89480
vn -0.00400 0.44740 -0.89430
vn -0.00240 0.45600 -0.89000
vn 0.07100 0.99750 -0.00190
vn 0.08000 0.99670 0.01200
vn -0.99190 -0.03480 -0.12190
vn 0.95550 0.21060 -0.20640
vn 0.95580 0.21200 -0.20350
vn 0.95490 0.21260 -0.20730
vn -0.57980 0.33960 -0.74060
vn -0.58660 0.32580 -0.74140
vn -0.58230 0.33020 -0.74290
vn -0.00580 0.45730 -0.88930
vn 0.95340 0.21320 -0.21330
vn 0.95480 0.21030 -0.21010
vn 0.95510 0.21200 -0.20690
vn -0.59190 0.31930 -0.74010
vn 0.95560 0.21280 -0.20370
vn 0.00070 0.46270 -0.88650
vn 0.00160 0.44290 -0.89660
vn -0.00050 0.43870 -0.89860
vn -0.00010 0.43860 -0.89870
vn -0.00220 0.44070 -0.89770
vn 0.00640 0.45290 -0.89150
vn 0.71180 -0.27470 0.64640
vn 0.71590 -0.26640 0.64540
vn 0.71700 -0.26170 0.64610
vn 0.71580 -0.25970 0.64820
vn -0.00080 0.44250 -0.89680
vn 0.00960 0.45210 -0.89190
vn 0.06260 0.99790 -0.01480
vn -0.59270 0.32000 -0.73910
vn -0.01450 0.00660 0.99990
vn 0.00240 0.00840 1.00000
vn -0.22300 -0.01600 0.97470
vn 0.99630 0.08640 0.00320
vn 0.99620 0.08650 0.00340
vn 0.99670 0.08110 0.00080
vn -0.00190 0.43650 -0.89970
vn 0.00050 -0.99030 -0.13930
vn -0.00120 -0.98700 -0.16050
vn 0.00060 -0.99060 -0.13680
vn 0.00010 0.60270 -0.79790
vn 0.98150 -0.18720 -0.03910
vn -0.59710 0.31670 -0.73700
vn 0.99680 0.07950 0.00000
vn 0.01010 0.44550 -0.89520
vn -0.59700 0.31670 -0.73710
vn 0.01020 -0.97250 -0.23280
vn 0.00460 0.44750 -0.89430
vn -0.68360 0.72940 -0.02450
vn -0.37430 0.90730 -0.19180
vn 0.99140 0.13050 -0.00870
vn -0.13770 0.98020 -0.14260
vn 0.00020 0.44640 -0.89480
vn 0.95600 0.20950 -0.20540
vn 0.93590 0.24420 -0.25400
vn 0.00120 0.44750 -0.89430
vn 0.95570 0.21390 -0.20220
vn -0.00030 -0.98780 -0.15550
vn 0.00030 -0.98820 -0.15340
vn 0.00100 -0.99130 -0.13180
vn 0.99540 0.09370 -0.01750
vn 0.99520 0.09580 -0.02230
vn 0.99540 0.08860 -0.03550
vn 0.99700 0.07750 0.00000
vn -0.97740 0.20820 0.03710
vn 0.71690 -0.26150 0.64630
vn 0.70840 -0.26210 0.65540
vn 0.95760 0.20940 -0.19780
vn 0.61190 0.78040 -0.12850
vn 0.00140 1.00000 -0.00350
vn -0.02020 0.00470 0.99980
vn -0.41080 0.44870 0.79370
vn -0.40530 0.43760 0.80260
vn -0.40530 0.43760 0.80270
vn 0.73350 -0.25770 0.62900
vn 0.31440 0.94920 0.01170
vn -0.39960 0.42610 0.81160
vn -0.11120 0.98910 0.09640
vn 0.76480 -0.26500 0.58720
vn 0.69670 -0.27810 0.66120
vn 0.69690 -0.27800 0.66100
vn 0.40510 -0.91310 0.04610
vn 0.25140 -0.96760 0.02530
vn 0.60090 -0.79920 0.01460
vn 0.07580 0.79090 0.60720
vn 0.24900 0.96730 0.04810
vn 0.17040 0.98470 0.03670
vn 0.25730 0.96510 0.04790
vn 0.99880 0.02190 0.04380
vn 0.99890 0.02090 0.04280
vn 0.99910 0.01560 0.03990
vn 0.04450 -0.99890 0.01590
vn 0.12610 -0.99160 0.03010
vn 0.99690 0.07920 -0.00050
vn 0.99750 0.07010 0.00390
vn 0.99780 0.06660 0.00670
vn 0.99390 0.11000 -0.00740
vn 0.26860 -0.96240 0.03990
vn 0.36990 0.92700 0.06220
vn 0.99910 0.01700 0.03940
vn 0.99840 0.03280 0.04530
vn -0.10460 0.96370 -0.24570
vn 0.56280 -0.81580 0.13330
vn -0.81090 -0.58500 0.01460
vn 0.99690 0.07920 0.00200
vn 0.99840 0.03600 0.04440
vn 0.99850 0.03440 0.04170
vn 0.42120 0.90700 0.00290
vn 0.71400 0.07160 -0.69650
vn 0.69740 0.06830 -0.71340
vn 0.73960 0.07680 -0.66870
vn 0.34750 0.93660 0.04460
vn 0.99870 0.03230 0.03940
vn 0.99240 0.08190 -0.09190
vn 0.99270 0.08110 -0.08970
vn 0.99140 0.08460 -0.09990
vn -0.28360 0.95800 -0.04150
vn 0.99270 0.08090 -0.08890
vn 0.99850 0.04970 -0.02280
vn 0.99580 0.09090 -0.01090
vn 0.99080 0.08650 -0.10410
vn 0.25020 -0.02280 0.96790
vn 0.26640 -0.02350 0.96360
vn 0.25490 -0.02580 0.96660
vn 0.27040 -0.02730 0.96240
vn 0.26200 -0.03030 0.96460
vn 0.43920 -0.02980 0.89790
vn 0.99600 0.07290 -0.05120
vn 0.24170 -0.00310 -0.97030
vn 0.24160 -0.00310 -0.97040
vn 0.25440 -0.00370 -0.96710
vn 0.23410 -0.00270 -0.97220
vn 0.23990 -0.97060 -0.01940
vn 0.20200 -0.97930 -0.01180
vn 0.08400 -0.99330 -0.07980
vn 0.18910 -0.98200 -0.00130
vn 0.99940 -0.01500 0.03060
vn 0.99800 -0.00540 0.06290
vn 0.99930 -0.01130 0.03690
vn 0.99810 0.06180 0.00210
vn 0.99810 0.06170 0.00200
vn 0.99900 -0.01090 0.04310
vn 0.99690 0.00280 0.07910
vn 0.11750 -0.99310 0.00530
vn 0.15440 0.98790 0.01670
vn 0.11200 -0.99370 0.00660
vn 0.06290 0.01570 0.99790
vn 0.11130 0.01000 0.99370
vn 0.00170 0.02290 0.99970
vn 0.99620 0.00590 0.08720
vn 0.18810 -0.01460 0.98200
vn 0.14890 -0.02520 0.98850
vn 0.15520 -0.01800 0.98770
vn 0.99850 0.02130 0.05070
vn 0.09770 -0.04540 0.99420
vn 0.97720 -0.00830 -0.21210
vn 0.97660 -0.00970 -0.21490
vn 0.97370 -0.01160 -0.22740
vn 0.20680 -0.01790 0.97820
vn 0.18250 -0.03780 0.98250
vn 0.98500 0.00090 -0.17250
vn 0.24730 -0.02690 0.96860
vn 0.23520 -0.01160 0.97190
vn 0.99100 0.01040 -0.13380
vn 0.99510 0.01800 -0.09750
vn 0.99630 0.04230 -0.07540
vn 0.99590 0.02090 -0.08810
vn 0.99570 0.02670 -0.08910
vn 0.24380 0.00270 -0.96980
vn 0.24060 0.01600 -0.97050
vn 0.21230 0.02590 -0.97690
vn 0.25230 0.00620 -0.96760
vn 0.99490 0.08520 -0.05410
vn 0.16140 0.05090 -0.98560
vn 0.15870 0.03630 -0.98670
vn 0.17190 0.03470 -0.98450
vn 0.15540 0.05060 -0.98660
vn 0.23280 0.06120 -0.97060
vn 0.20080 0.08120 -0.97630
vn 0.80790 0.00480 -0.58930
vn 0.79770 0.02210 -0.60260
vn 0.80960 0.02240 -0.58650
vn 0.82000 0.00130 -0.57240
vn 0.15280 0.04660 -0.98720
vn 0.82490 0.08670 -0.55850
vn 0.82480 0.06450 -0.56170
vn 0.81500 0.05480 -0.57680
vn 0.79200 -0.01070 -0.61040
vn -0.79090 0.39000 0.47160
vn 0.30610 0.95200 -0.00120
vn 0.37530 0.92690 -0.00820
vn 0.37130 0.92850 -0.00870
vn 0.37070 0.92870 -0.00880
vn 0.44650 0.89460 -0.01760
vn 1.00000 0.00330 -0.00170
vn -0.91160 -0.31090 0.26900
vn 0.97370 0.22770 -0.00050
vn 0.96910 0.24660 -0.00430
vn 0.26710 0.96370 0.00520
vn 0.89260 -0.45090 -0.00060
vn 0.98370 0.13700 -0.11620
vn 0.99870 0.05160 -0.00110
vn 0.97600 0.21770 0.00160
vn 0.00830 0.96080 -0.27720
vn 0.00100 0.96530 -0.26100
vn 0.00500 0.96310 -0.26900
vn 0.00110 0.96600 -0.25870
vn 0.99940 0.01390 0.03120
vn 0.99950 0.02220 0.02380
vn 0.99950 0.02420 0.02100
vn -0.00080 0.96530 -0.26130
vn 0.00060 0.97040 -0.24150
vn 0.99940 0.02690 0.02290
vn 0.00150 0.97430 -0.22540
vn 0.99950 0.02600 0.01960
vn -0.00170 0.96490 -0.26280
vn 0.99940 0.03190 0.01370
vn -0.00530 0.96680 -0.25540
vn 0.99880 0.02740 -0.03970
vn 0.00710 0.97570 -0.21920
vn 0.01950 0.70040 0.71350
vn 0.00970 0.83030 0.55720
vn 0.99930 0.03750 -0.00300
vn 0.00480 0.88120 0.47270
vn 0.85800 0.01030 -0.51350
vn 0.00740 0.99770 -0.06780
vn -0.00030 0.99560 -0.09420
vn 0.02900 0.96940 -0.24360
vn 0.02690 0.99960 -0.00090
vn 0.00060 0.99990 -0.01240
vn 0.19770 0.00920 -0.98020
vn 0.17800 0.01080 -0.98400
vn 0.22940 0.59810 0.76790
vn 0.16060 0.63850 0.75270
vn 0.16960 0.01150 -0.98540
vn 0.31880 0.53800 0.78030
vn 0.99960 0.01110 -0.02420
vn 0.98910 0.14710 -0.00430
vn 0.99580 0.09090 -0.00970
vn 0.99990 0.00060 -0.01430
vn 0.99990 -0.00070 -0.01310
vn 0.03550 0.45650 -0.88900
vn 0.00660 0.45650 -0.88970
vn 0.01050 0.45860 -0.88860
vn 0.03510 0.99790 -0.05470
vn -0.00010 0.99820 0.05920
vn 0.00080 0.99860 0.05270
vn 0.45720 0.42130 -0.78320
vn 0.47430 0.88030 -0.01360
vn 0.31990 -0.90090 0.29320
vn 0.95470 0.21990 -0.20060
vn 0.95500 0.21540 -0.20410
vn 0.95530 0.21450 -0.20360
vn 0.00600 0.99750 0.07050
vn 0.00250 0.99860 0.05230
vn -0.45700 0.41650 -0.78590
vn -0.02300 0.45750 -0.88890
vn -0.14140 0.43140 -0.89100
vn 0.00000 0.44110 -0.89750
vn -0.00110 0.44260 -0.89670
vn -0.00180 0.44260 -0.89670
vn -0.00310 0.43450 -0.90070
vn -0.57390 0.33210 -0.74860
vn 0.00020 0.44070 -0.89770
vn 0.95550 0.21330 -0.20400
vn 0.99970 0.00960 -0.02090
vn -0.56530 0.33160 -0.75530
vn -0.48220 0.87400 -0.05970
vn -0.52390 0.85000 -0.05450
vn -0.46740 0.88190 -0.06150
vn 0.01130 0.45550 -0.89020
vn 0.00740 0.45670 -0.88960
vn -0.54680 0.33540 -0.76710
vn 1.00000 -0.00520 -0.00310
vn 0.70220 0.68320 -0.20050
vn 0.68580 0.02060 -0.72750
vn 0.65490 0.41220 -0.63340
vn 0.70150 0.00000 -0.71270
vn 0.67500 -0.00450 -0.73780
vn 0.35420 0.76710 0.53490
vn 0.45400 0.68500 0.56970
vn 0.45410 0.68500 0.56970
vn 0.95560 0.21340 -0.20310
vn 0.66970 0.00490 -0.74260
vn 0.62940 0.75860 -0.16880
vn 0.51540 0.85440 -0.06540
vn 0.48970 0.87080 -0.04440
vn 0.62790 0.03300 -0.77760
vn 0.51720 0.62230 0.58760
vn 0.99560 -0.00620 -0.09340
vn 0.98770 0.01100 -0.15610
vn 0.99200 0.02160 -0.12470
vn 0.99740 -0.05680 -0.04450
vn 0.99940 -0.02720 -0.02080
vn 0.44090 0.89740 -0.01730
vn 0.00240 0.00490 -1.00000
vn 0.02340 -0.00630 -0.99970
vn -0.01910 0.02620 -0.99950
vn 0.01840 -0.00330 -0.99980
vn -0.02250 0.01820 -0.99960
vn -0.00940 0.00490 -0.99990
vn 0.99920 0.03600 0.01840
vn -0.06210 -0.99620 -0.06070
vn 0.99940 -0.00500 -0.03340
vn 0.98690 0.16140 -0.00530
vn 0.99410 -0.10570 -0.02590
vn 0.71180 -0.20740 0.67100
vn 0.69890 -0.25390 0.66870
vn 0.70590 -0.24160 0.66590
vn 0.30910 -0.42170 -0.85240
vn 0.37300 -0.65520 -0.65690
vn 0.22600 -0.69030 -0.68730
vn 0.46440 0.88530 -0.02500
vn 0.42440 0.90540 -0.01230
vn 0.40240 0.91550 -0.00040
vn 0.35750 -0.38580 -0.85050
vn -0.44360 0.89620 0.00160
vn -0.44370 0.89620 0.00160
vn -0.15990 0.98690 -0.02270
vn -0.02500 -0.98780 -0.15390
vn -0.98970 -0.02800 -0.14040
vn -0.95430 -0.06880 -0.29070
vn -0.98230 -0.04020 -0.18280
vn 0.48600 -0.83510 -0.25760
vn 0.13810 0.98970 0.03670
vn 0.13820 0.98970 0.03680
vn 0.25520 0.95400 0.15740
vn 0.33380 0.91610 -0.22210
vn 0.48610 -0.80460 -0.34100
vn -0.79040 0.34810 -0.50410
vn 0.59020 -0.80720 0.00120
vn 0.57300 -0.81950 0.00790
vn 0.55220 -0.83350 -0.01780
vn 0.69850 -0.25480 0.66870
vn 0.69550 -0.25970 0.66990
vn -0.99300 -0.02090 -0.11630
vn 0.55060 -0.83100 0.07930
vn -0.97740 0.20850 -0.03450
vn -0.95720 0.25310 0.14040
vn 0.97790 -0.20910 -0.00710
vn 0.39130 0.92020 0.01200
vn 0.56180 -0.82100 0.10130
vn 0.39520 0.91820 0.02610
vn -0.85520 0.30810 0.41680
vn 0.98110 0.19350 0.00010
vn 0.98670 -0.16270 -0.00080
vn 0.59780 -0.79140 0.12780
vn 0.13610 0.99010 0.03470
vn 0.34630 0.93750 0.03370
vn 0.35180 -0.72460 0.59260
vn -0.99570 -0.03140 -0.08770
vn -0.99870 0.04060 -0.03140
vn -0.99130 -0.02920 -0.12860
vn -0.99100 -0.02870 -0.13060
vn 0.60150 -0.79890 -0.00320
vn 0.99640 0.08520 0.00290
vn -0.55790 0.82980 0.01240
vn 0.98600 0.13070 0.10370
vn 0.00280 0.90010 -0.43560
vn 0.00610 0.03320 -0.99940
vn -0.00240 0.03890 -0.99920
vn 0.05040 0.01500 -0.99860
vn 0.18610 -0.04690 -0.98140
vn 0.22690 -0.05840 -0.97220
vn 0.00580 0.08120 -0.99670
vn 0.00630 0.08010 -0.99680
vn 0.99930 0.01010 0.03670
vn 0.99980 0.01560 0.01390
vn 0.99980 0.01450 0.01320
vn 0.99300 0.11030 -0.04230
vn 0.99470 0.09580 -0.03610
vn 0.99420 0.10320 -0.03170
vn 0.99350 0.11260 -0.01930
vn 0.53070 0.56050 -0.63580
vn 0.60760 0.50920 -0.60950
vn 0.57210 0.53570 -0.62110
vn 0.99950 0.02830 0.01600
vn 0.44160 0.61740 -0.65100
vn 0.44330 0.61620 -0.65100
vn 0.58630 0.54150 -0.60250
vn -0.05270 -0.63330 0.77210
vn -0.08140 -0.59940 0.79630
vn 0.42750 -0.54730 0.71950
vn 0.54100 -0.51180 0.66740
vn 0.54090 -0.51180 0.66750
vn 0.36700 0.93000 0.01890
vn 0.37860 0.92560 0.00380
vn 0.36810 0.92930 0.03100
vn 0.99930 0.03690 0.00320
vn 0.99060 -0.13490 0.02470
vn 0.98640 0.16400 -0.00670
vn 0.98560 0.13680 -0.09940
vn -0.02570 -0.66370 0.74760
vn -0.10390 -0.68490 0.72120
vn -0.06920 -0.63160 0.77220
vn 0.99910 0.03900 0.01840
vn 0.00460 0.67860 -0.73450
vn 0.98390 0.17830 0.01340
vn -0.06490 -0.62470 0.77820
vn 0.14450 -0.00030 -0.98950
vn 0.27340 0.01840 -0.96170
vn 0.14440 -0.00030 -0.98950
vn -0.09070 -0.03360 -0.99530
vn 0.26260 -0.74620 0.61170
vn 0.59780 -0.48930 0.63510
vn 0.29680 0.73120 -0.61430
vn 0.40190 0.67690 -0.61670
vn 0.40190 0.67680 -0.61670
vn 0.99580 0.02930 0.08640
vn 0.34240 -0.93950 -0.00260
vn 0.23120 -0.97230 -0.03480
vn 0.22750 -0.97310 -0.03620
vn 0.11910 0.99290 0.00310
vn 0.23460 0.97000 0.06430
vn 0.72200 0.68930 -0.05960
vn 0.66180 -0.11350 -0.74110
vn 0.01290 -0.99990 0.00400
vn 0.21870 0.97580 0.00420
vn -0.03010 -0.99950 -0.00600
vn -0.01520 -0.99990 -0.00080
vn 0.49890 0.61490 -0.61080
vn 0.34730 -0.93770 -0.00710
vn 0.18030 0.98350 -0.01310
vn 0.99960 -0.01790 0.02190
vn 0.99950 -0.02270 0.02150
vn 0.99960 -0.01810 0.02190
vn 0.36290 0.93140 0.02910
vn 0.99960 -0.01540 0.02210
vn 0.00790 1.00000 0.00000
vn 0.87200 -0.48910 -0.01760
vn 0.34880 0.93720 0.00380
vn 0.98200 0.18630 0.03030
vn 0.35320 -0.93550 0.00150
vn 0.36030 -0.93280 0.00270
vn 0.36440 0.93110 0.01620
vn 0.99870 0.05050 0.00730
vn -0.05680 -0.99830 -0.01530
vn 0.00530 0.08220 -0.99660
vn 0.99960 0.02180 0.01570
vn 0.00060 0.00310 -1.00000
vn 0.00900 0.03850 -0.99920
vn 0.02160 0.08850 -0.99580
vn 0.00010 -0.00040 -1.00000
vn 0.00000 -0.00070 -1.00000
vn 0.00030 -0.00050 -1.00000
vn 0.00040 -0.00040 -1.00000
vn -0.00040 -0.92780 -0.37310
vn -0.00080 0.97520 -0.22140
vn 0.00050 0.97910 -0.20340
vn 0.00030 0.97930 -0.20260
vn 0.00050 0.97790 -0.20900
vn -0.00150 0.97070 -0.24020
vn -0.00200 0.96820 -0.25020
vn 0.00020 0.96440 -0.26430
vn 0.99840 -0.00310 -0.05700
vn 0.99830 -0.00260 -0.05800
vn 0.97420 0.00690 -0.22550
vn -0.93810 -0.07450 0.33820
vn -0.43960 0.02480 -0.89780
vn -0.05290 -0.00360 -0.99860
vn -0.03150 0.02750 -0.99910
vn 0.93280 0.01500 -0.36010
vn 0.97260 0.00730 -0.23250
vn 0.03740 -0.14820 -0.98830
vn 0.03610 -0.17310 -0.98420
vn 0.02440 -0.13050 -0.99110
vn 0.00260 0.06360 -0.99800
vn 0.00320 0.01130 -0.99990
vn 0.00170 0.06330 -0.99800
vn -0.00110 0.05430 -0.99850
vn -0.02700 -0.11290 -0.99320
vn 0.06840 -0.27500 -0.95900
vn -0.01870 -0.30130 -0.95330
vn -0.18000 -0.23490 -0.95520
vn 0.06480 -0.94710 -0.31440
vn 0.00180 -0.99980 -0.01730
vn -0.00080 -0.99880 -0.04960
vn 0.00110 -0.99990 -0.01390
vn 0.00120 0.01250 -0.99990
vn -0.00030 0.01690 -0.99990
vn 0.00470 0.00240 -1.00000
vn -0.00210 0.99260 -0.12140
vn -0.00210 0.99280 -0.11970
vn -0.00270 0.99300 -0.11800
vn 0.00040 -0.99610 -0.08830
vn -0.00040 -0.99770 -0.06750
vn -0.00020 -0.99770 -0.06710
vn -0.00260 -0.99540 -0.09560
vn -0.00340 -0.99440 -0.10600
vn -0.00980 -0.98540 -0.16970
vn -0.00040 -0.99780 -0.06630
vn -0.00030 -0.99780 -0.06560
vn -0.00200 0.99330 -0.11540
vn 0.00060 0.99190 -0.12700
vn 0.00160 -0.01990 -0.99980
vn 0.00020 -0.00430 -1.00000
vn 0.00000 -0.00760 -1.00000
vn 0.00060 -0.99930 -0.03700
vn -0.00130 0.00380 -1.00000
vn 0.00460 -0.01750 -0.99980
vn 0.00320 -0.01600 -0.99990
vn 0.00710 0.01130 -0.99990
vn 0.00050 0.99930 -0.03650
vn -0.00010 0.02730 -0.99960
vn 0.00130 0.00690 -1.00000
vn 0.00250 -1.00000 -0.00830
vn 0.00820 0.00580 -0.99990
vn 0.01210 0.00750 -0.99990
vn 0.00440 0.02440 -0.99970
vn -0.00480 0.02200 -0.99970
vn -0.00360 0.00710 -1.00000
vn -0.00100 0.06420 -0.99790
vn -0.00170 0.02620 -0.99970
vn 0.76200 0.00710 -0.64760
vn 0.73720 0.00220 -0.67570
vn 0.65960 0.00440 -0.75160
vn 0.00100 -0.01390 -0.99990
vn -0.00460 0.09510 -0.99550
vn 0.00940 0.01060 -0.99990
vn 0.00190 0.40360 -0.91490
vn 0.74250 0.01190 -0.66970
vn -0.77270 0.01660 -0.63450
vn 0.00410 -0.01550 -0.99990
vn -0.95970 0.06270 0.27410
vn -0.98620 0.03780 -0.16130
vn -0.93060 0.03210 0.36450
vn -0.00970 -0.81510 -0.57930
vn -0.00340 -0.98780 -0.15590
vn -0.00730 -0.99740 -0.07210
vn -0.01040 -0.99950 -0.02850
vn -0.00860 -0.99880 -0.04750
vn -0.88310 -0.01340 0.46910
vn -0.90520 -0.00490 0.42490
vn -0.89680 0.00260 0.44250
vn 0.04860 0.65620 -0.75300
vn 0.00200 0.06690 -0.99780
vn -0.00310 0.04990 -0.99870
vn -0.77730 -0.53860 0.32520
vn 0.00240 0.99960 -0.02790
vn -0.91510 0.03130 0.40200
vn -0.99530 0.00510 -0.09650
vn -0.99930 0.00760 -0.03580
vn -0.99490 -0.00290 -0.10080
vn -0.02240 0.99470 0.10070
vn -0.98860 0.00290 -0.15060
vn -0.63210 -0.71300 0.30330
vn -0.92780 0.04440 0.37040
vn 0.00030 0.00200 -1.00000
vn 0.00050 0.00220 -1.00000
vn -0.00070 0.00090 -1.00000
vn -0.94650 0.00090 -0.32270
vn 0.00150 0.00330 -1.00000
vn 0.76850 0.00500 -0.63980
vn -0.01430 0.99260 -0.12100
vn -0.01440 0.99280 -0.11890
vn -0.01260 0.99300 -0.11710
vn -0.01620 0.99260 -0.12060
vn -0.01460 0.99890 -0.04420
vn -0.99620 0.03630 -0.07980
vn -0.87800 -0.00880 0.47860
vn 0.43740 -0.00970 -0.89920
vn -0.56040 0.02430 -0.82790
vn 0.00630 0.84690 -0.53180
vn 0.00470 -0.01090 -0.99990
vn 0.00950 0.01470 -0.99980
vn 0.00030 -0.03450 -0.99940
vn 0.29900 0.00040 -0.95430
vn 0.28810 0.00290 -0.95760
vn 0.72910 -0.00830 -0.68430
vn 0.70900 -0.00190 -0.70520
vn 0.70900 -0.00180 -0.70520
vn -0.00310 -0.99890 -0.04690
vn 0.00000 -0.99900 -0.04430
vn 0.00020 -0.99590 -0.09030
vn -0.00010 -0.99590 -0.09040
vn -0.86270 0.02980 0.50480
vn 0.89490 0.01330 -0.44610
vn 0.92070 0.02160 -0.38970
vn 0.90060 0.01160 -0.43450
vn 0.90610 0.00540 -0.42310
vn 0.93430 0.00000 -0.35650
vn 0.93460 -0.00050 -0.35580
vn 0.93280 0.00100 -0.36040
vn -0.07790 -0.00010 -0.99700
vn -0.05850 0.00220 -0.99830
vn 0.00030 0.00480 -1.00000
vn -0.14470 -0.00180 -0.98950
vn 0.00190 0.00600 -1.00000
vn 0.00000 -1.00000 0.00210
vn -0.00940 0.99480 -0.10100
vn 0.00480 0.99770 -0.06720
vn 0.00050 0.99760 -0.06910
vn -0.02850 0.01360 -0.99950
vn -0.03010 0.01440 -0.99940
vn -0.15130 0.00060 -0.98850
vn -0.17490 0.04580 -0.98350
vn 0.43470 0.72280 -0.53720
vn 0.33030 0.73740 -0.58920
vn 0.00170 -1.00000 0.00290
vn -0.05190 0.97020 -0.23680
vn -0.02590 0.01230 -0.99960
vn -0.13860 -0.01410 -0.99020
vn -0.14540 -0.02110 -0.98910
vn 0.58600 0.03420 -0.80960
vn -0.03430 -0.99680 -0.07260
vn -0.10300 0.02300 -0.99440
vn -0.13700 -0.00770 -0.99050
vn 0.60590 0.10150 0.78910
vn -0.00100 0.89820 -0.43960
vn 0.68530 0.63320 -0.35980
vn 0.05510 -0.00010 -0.99850
vn -0.00540 0.04000 -0.99920
vn 0.05250 0.00040 -0.99860
vn -0.14120 0.90220 -0.40750
vn 0.00490 0.00260 -1.00000
vn 0.05600 0.02870 -0.99800
vn 0.00100 0.02410 -0.99970
vn 0.00650 0.02300 -0.99970
vn 0.02310 0.02250 -0.99950
vn 0.00000 0.02370 -0.99970
vn 0.00100 0.00240 -1.00000
vn 0.00010 0.00010 -1.00000
vn 0.00030 0.02380 -0.99970
vn 0.00030 0.02390 -0.99970
vn -0.00170 0.04300 -0.99910
vn -0.14590 0.02880 -0.98890
vn -0.17500 0.00810 -0.98450
vn 0.05970 0.76270 -0.64400
vn 0.00760 0.88240 -0.47040
vn 0.05950 0.76280 -0.64390
vn 0.05650 0.00100 -0.99840
vn 0.05080 -0.12180 0.99130
vn 0.05000 -0.13920 0.98900
vn 0.05000 -0.13910 0.98900
vn 0.04950 -0.15080 0.98730
vn 0.18690 -0.98180 0.03300
vn 0.15670 -0.94750 0.27880
vn 0.17940 -0.96660 0.18330
vn 0.19140 -0.98140 -0.01520
vn 0.18650 -0.98240 -0.01240
vn 0.10190 -0.99450 0.02530
vn 0.01510 -0.99990 0.00420
vn -0.01360 -0.99990 0.00210
vn -0.04220 -0.01290 0.99900
vn -0.02320 0.00180 0.99970
vn -0.05730 -0.02560 0.99800
vn -0.06290 -0.04070 0.99720
vn 0.99650 -0.08220 0.01370
vn 0.99440 -0.10510 -0.00930
vn 0.99480 -0.10150 0.00170
vn 0.99140 -0.13090 -0.00540
vn 0.99300 -0.11680 -0.01690
vn -0.06290 -0.04120 0.99720
vn 0.06160 -0.99800 -0.01260
vn 0.00440 -0.99970 -0.02530
vn -0.06620 -0.05670 0.99620
vn 0.00370 -0.99970 -0.02540
vn 0.99330 -0.11340 0.02160
vn 0.99670 -0.07440 0.03310
vn 0.99670 -0.07650 0.02710
vn 0.99670 -0.07440 0.03300
vn 0.99060 -0.13220 0.03420
vn 0.00740 -0.02740 -0.99960
vn 0.04030 -0.02820 -0.99880
vn 0.00500 -0.02270 -0.99970
vn 0.00550 0.78010 -0.62560
vn 0.01520 -0.03450 -0.99930
vn 0.00330 -0.02840 -0.99960
vn 0.08020 -0.01980 -0.99660
vn 0.23320 -0.01620 -0.97230
vn 0.01790 -0.04030 -0.99900
vn 0.15470 0.00380 -0.98800
vn -0.99930 -0.00560 -0.03670
vn -0.99930 -0.01690 -0.03300
vn -0.99780 -0.01800 -0.06340
vn 0.99950 -0.02160 0.02220
vn 0.01550 -0.64860 -0.76100
vn 0.03040 -0.67120 -0.74070
vn 0.12170 -0.62050 -0.77470
vn 0.00150 0.69530 -0.71880
vn -0.99880 -0.02180 -0.04340
vn 0.99930 -0.00300 0.03840
vn -0.00160 -1.00000 0.00730
vn -0.00050 -1.00000 0.00970
vn -0.02470 -0.99970 -0.00150
vn 0.01840 -0.67720 -0.73560
vn 0.05470 -0.70670 -0.70540
vn 0.41530 0.58640 -0.69550
vn -0.99990 -0.01560 0.00150
vn -0.02280 -0.99960 0.01360
vn -0.99990 -0.01550 0.00080
vn -0.00090 -0.99990 0.01410
vn -0.00040 -0.99990 0.01530
vn 0.99630 -0.06740 0.05260
vn -0.00130 -1.00000 0.00510
vn -0.00740 -0.00650 -1.00000
vn 0.00520 -0.00670 -1.00000
vn -0.02180 -0.00760 -0.99970
vn 0.00500 -0.00690 -1.00000
vn 0.01110 0.99140 -0.13070
vn -0.00030 0.98490 -0.17300
vn 0.00100 0.99070 -0.13580
vn 0.98170 -0.00500 -0.19060
vn 0.98270 0.00150 -0.18530
vn 0.97340 0.00520 -0.22920
vn 0.00670 -0.99990 -0.01430
vn -0.00560 -0.99950 -0.03000
vn -0.07010 -0.99200 -0.10510
vn 0.19810 0.97960 -0.03430
vn 0.01580 0.99190 -0.12630
vn -0.24860 -0.04070 -0.96770
vn -0.11720 -0.13880 -0.98340
vn -0.20390 -0.15360 -0.96690
vn 0.00060 0.99120 -0.13260
vn -0.07460 -0.99110 -0.10990
vn 0.98140 -0.00740 -0.19170
vn 0.26600 0.96240 -0.05480
vn 0.00810 -0.99980 -0.01630
vn -0.00710 0.01860 -0.99980
vn -0.00470 0.01350 -0.99990
vn 0.69410 -0.01560 -0.71970
vn -0.01190 -0.60660 -0.79490
vn -0.00080 -0.99950 -0.03240
vn 0.03780 -0.99370 -0.10550
vn 0.01390 -0.99970 -0.02120
vn -0.00840 0.96150 -0.27460
vn -0.00400 0.94760 -0.31950
vn -0.00840 0.96150 -0.27450
vn -0.74900 -0.65140 -0.12090
vn -0.00220 0.00840 -1.00000
vn -0.03130 -0.97200 0.23290
vn 0.49610 -0.85710 -0.13840
vn 0.08570 -0.99630 0.00540
vn -0.01300 0.97390 -0.22680
vn 0.80090 -0.00470 -0.59880
vn 0.89810 -0.01610 -0.43940
vn 0.78250 0.00150 -0.62260
vn -0.01420 -0.99650 -0.08220
vn 0.89330 -0.37420 -0.24900
vn 0.99770 0.01210 -0.06620
vn 0.99870 0.03060 -0.04190
vn 0.99710 0.03580 -0.06680
vn 0.02610 -0.04570 -0.99860
vn -0.00320 -0.00370 -1.00000
vn 0.00230 -0.01340 -0.99990
vn 0.00170 -0.01170 -0.99990
vn 0.99970 0.02280 -0.00530
vn 0.72270 0.00890 -0.69110
vn 0.99430 0.09620 0.04540
vn 0.00680 -0.03900 -0.99920
vn -0.00890 -0.01000 -0.99990
vn 0.14160 0.00920 -0.98990
vn 0.04630 -0.04190 -0.99800
vn 0.16050 -0.05530 -0.98550
vn 0.00420 -0.00460 1.00000
vn 0.03510 -0.05860 -0.99770
vn 0.39950 -0.25840 -0.87960
vn -0.02230 -0.02020 -0.99950
vn -0.00030 -0.01840 -0.99980
vn 0.27190 0.10870 -0.95620
vn 0.98550 -0.16930 -0.01370
vn 0.76320 0.00770 -0.64610
vn 0.70450 -0.07010 -0.70630
vn 0.65420 0.06750 -0.75330
vn 0.71180 0.02950 -0.70180
vn 0.10110 -0.10670 -0.98910
vn 0.15110 -0.11460 -0.98190
vn 0.15120 -0.11460 -0.98180
vn 0.99450 -0.02720 -0.10070
vn 0.99920 0.01100 -0.03950
vn 0.99500 0.01660 -0.09840
vn 0.99770 -0.01080 -0.06730
vn 0.21250 -0.12390 -0.96930
vn 0.99890 0.03430 -0.03350
vn 0.23170 0.97210 -0.03610
vn 0.97980 -0.01610 -0.19940
vn 0.00690 -0.99990 -0.01380
vn 0.00510 -0.99990 -0.01140
vn 0.97800 -0.01710 -0.20800
vn 0.18440 0.98280 -0.00630
vn 0.09910 0.99510 0.00440
vn 1.00000 0.00240 -0.00450
vn 0.18170 0.98330 -0.00380
vn 0.97510 -0.01880 -0.22090
vn 0.19570 0.98060 0.00980
vn 0.90420 -0.00420 0.42700
vn 0.91740 -0.02170 0.39740
vn 0.90610 -0.01710 0.42280
vn 0.90470 -0.01690 0.42570
vn 0.89010 0.07170 0.45010
vn 0.79190 0.22700 0.56690
vn 0.99970 0.02470 0.00910
vn 0.99980 0.02030 0.00720
vn -0.05610 -0.18060 0.98200
vn 0.05250 -0.16530 0.98480
vn -0.03640 -0.18630 0.98180
vn 0.55860 0.03250 -0.82880
vn 0.56370 0.02500 -0.82560
vn 0.55280 0.03060 -0.83280
vn -0.24150 -0.22890 0.94300
vn 0.03720 -0.20650 0.97770
vn 0.61290 0.00350 -0.79020
vn 0.60410 0.02030 -0.79670
vn 0.57030 0.02060 -0.82120
vn 0.14060 -0.98220 0.12470
vn 0.19620 -0.96830 0.15480
vn 0.19480 -0.97820 0.07210
vn 0.42590 0.61430 -0.66430
vn 0.43350 0.62190 -0.65210
vn 0.46600 0.60860 -0.64230
vn 0.54300 0.57240 -0.61440
vn 0.54470 0.65170 -0.52790
vn 0.29160 -0.95650 0.00210
vn 0.19210 -0.98040 0.04290
vn 0.99880 0.03610 -0.03450
vn 0.99980 0.00870 -0.01890
vn 0.99920 -0.02890 -0.02690
vn 0.47320 0.60560 -0.63980
vn 0.18430 -0.96760 0.17240
vn 0.99540 0.09610 -0.00010
vn -0.05400 -0.62130 0.78170
vn -0.05990 -0.61430 0.78680
vn -0.06090 -0.61380 0.78710
vn 0.99820 -0.05730 0.01900
vn -0.06840 -0.60220 0.79540
vn 0.77730 -0.22290 0.58830
vn 0.74290 -0.08770 0.66360
vn -0.08600 -0.09400 0.99190
vn 0.99730 -0.06870 0.02680
vn -0.04090 -0.62470 0.77980
vn 0.79210 -0.35360 0.49750
vn -0.03900 -0.62530 0.77940
vn 0.99970 -0.00260 0.02610
vn 0.99970 -0.00250 0.02610
vn 0.99980 -0.00930 0.01960
vn -0.00880 0.70740 -0.70680
vn 0.15070 0.00110 -0.98860
vn 0.06950 0.06550 -0.99540
vn 0.07470 0.03040 -0.99670
vn 0.17380 0.17290 -0.96950
vn 0.99950 0.00190 0.03050
vn 0.38240 0.92370 0.02520
vn 0.39480 0.91860 0.01830
vn 0.49900 -0.86650 -0.01530
vn 0.48600 -0.87380 -0.01310
vn 0.50000 -0.86590 -0.01370
vn 0.01740 -0.99980 0.00140
vn 0.99950 0.02940 0.01260
vn 0.99970 0.02410 0.00490
vn 0.99930 0.03490 0.01620
vn 0.40430 -0.34880 0.84550
vn 0.37170 -0.35990 0.85570
vn 0.41940 -0.25930 0.87000
vn 0.09760 0.99520 0.00570
vn 0.09070 -0.96130 0.26010
vn 0.13220 -0.94730 0.29190
vn 0.41300 -0.34570 0.84260
vn 0.39560 -0.39130 0.83090
vn 0.99880 0.03140 0.03800
vn 0.99940 0.02140 0.02590
vn 1.00000 0.00550 -0.00810
vn 0.42220 0.90650 0.00290
vn -0.04100 -0.99900 0.01550
vn -0.05150 -0.99810 0.03330
vn 1.00000 0.00820 -0.00320
vn 0.99990 0.00480 -0.00960
vn 1.00000 0.00810 -0.00110
vn 0.99800 -0.02280 -0.05840
vn 0.02300 -0.97800 0.20710
vn -0.03220 -0.99950 0.00070
vn 0.99900 0.04370 -0.00620
vn 1.00000 0.00790 0.00070
vn 0.99210 -0.04560 -0.11700
vn 0.99890 0.04700 -0.00680
vn 0.01030 -0.00760 0.99990
vn 0.00960 -0.01210 0.99990
vn -0.00510 -0.00430 1.00000
vn -0.03280 0.05180 0.99810
vn 0.00050 -0.06730 0.99770
vn 0.46290 0.88620 0.01950
vn 0.45240 0.89180 0.00960
vn 0.43350 0.90120 -0.00240
vn 0.90390 0.03630 0.42620
vn 0.84520 0.03950 0.53300
vn 0.92080 0.03510 0.38850
vn 0.51030 0.85820 0.05570
vn 0.98790 0.15440 0.01480
vn 0.59950 -0.09810 0.79440
vn 0.49380 -0.05650 0.86770
vn 0.56010 0.82030 0.11580
vn 0.66130 -0.12370 0.73980
vn 0.50050 -0.86560 -0.01290
vn 0.99430 0.10210 0.02920
vn 0.99180 0.12700 0.01580
vn 0.99210 0.12330 0.02090
vn 0.99980 0.00260 -0.01750
vn 0.99980 0.01310 0.01190
vn 0.00130 -0.66920 -0.74310
vn -0.00640 -0.66980 -0.74250
vn 0.00000 -0.67180 -0.74070
vn 0.13140 0.99080 0.03370
vn 0.00890 -0.68420 -0.72920
vn 0.99600 -0.03570 -0.08130
vn 0.56860 -0.82250 -0.01620
vn -0.00660 -0.68260 -0.73070
vn -0.00680 -0.68180 -0.73160
vn 0.35660 0.76160 0.54120
vn 0.99910 0.02910 0.03100
vn 0.99870 0.01740 0.04860
vn 0.10570 -0.92760 0.35830
vn 0.23900 -0.40350 -0.88320
vn 0.12950 -0.00150 0.99160
vn 0.19500 -0.00860 0.98080
vn 0.13110 -0.00610 0.99130
vn 0.23500 -0.34400 0.90910
vn 0.38940 0.91970 -0.04920
vn 0.77540 -0.09470 -0.62430
vn 0.09950 -0.00490 0.99500
vn 0.40490 0.66380 0.62880
vn 0.41210 0.64480 0.64380
vn 0.41700 0.63340 0.65190
vn 0.99860 0.00700 0.05250
vn 0.99840 0.01190 0.05540
vn 0.99900 0.02200 0.03990
vn 0.99140 0.06100 0.11580
vn 0.99940 0.00140 0.03600
vn 0.99780 0.02190 0.06290
vn 0.99730 -0.04050 -0.06070
vn 0.99680 0.03520 0.07140
vn 1.00000 0.00400 -0.00600
vn 0.43660 0.61280 0.65860
vn 0.45440 0.61290 0.64640
vn 0.41620 0.63000 0.65560
vn 0.45270 0.59370 0.66520
vn 0.99760 -0.01610 -0.06700
vn 0.99940 0.01650 -0.02910
vn 0.99830 -0.01410 -0.05630
vn 0.99550 0.06010 0.07270
vn 0.45900 0.59720 0.65780
vn 0.48570 0.61290 0.62330
vn 0.50350 0.61860 0.60320
vn -0.96970 -0.24230 -0.03260
vn 0.99260 0.09560 0.07540
vn -0.30170 0.69550 0.65210
vn 0.99370 0.09910 0.05310
vn 0.99580 0.06320 0.06640
vn 0.99200 0.12010 0.03910
vn 0.98760 0.15520 0.02210
vn -0.48820 0.87260 0.01480
vn -0.53640 0.84350 0.02840
vn -0.62170 0.78140 0.05370
vn 0.27630 0.96100 -0.00750
vn 0.21040 0.97760 -0.01080
vn 0.25940 0.96570 -0.00680
vn 0.98230 0.18740 -0.00600
vn 0.31280 0.94980 -0.00240
vn -0.96970 -0.11340 -0.21630
vn 0.96160 0.07350 0.26430
vn 0.04920 -0.05430 0.99730
vn -0.71070 0.00530 0.70340
vn -0.75550 -0.00050 0.65510
vn -0.71080 0.00530 0.70340
vn -0.66230 0.01110 0.74920
vn 0.04960 -0.06680 0.99650
vn 0.97360 -0.00790 -0.22820
vn 0.97660 -0.00460 -0.21500
vn 0.96970 -0.01180 -0.24400
vn -0.91330 0.40720 0.00980
vn -0.00220 1.00000 0.00290
vn 0.12130 -0.07140 0.99000
vn 0.99970 0.00660 0.02140
vn 0.99760 -0.04870 -0.04830
vn 0.99630 -0.07000 -0.04950
vn 0.99720 -0.04630 -0.05880
vn 0.99530 -0.07710 -0.05860
vn -0.00390 -0.68800 -0.72570
vn -0.00350 -0.68700 -0.72670
vn -0.00490 -0.69100 -0.72280
vn 0.99290 -0.09350 -0.07370
vn 0.99420 -0.07550 -0.07630
vn 0.99630 -0.06790 -0.05320
vn 0.00920 0.64210 0.76650
vn 0.00020 0.03850 0.99930
vn 0.99480 -0.07890 -0.06370
vn 0.99460 -0.09610 -0.03830
vn 0.99460 -0.09970 -0.02980
vn 0.99470 -0.09500 -0.03890
vn 0.99410 -0.07750 -0.07560
vn -0.00700 -0.08970 -0.99590
vn -0.00810 -0.09050 -0.99590
vn -0.00870 -0.09010 -0.99590
vn -0.01170 -0.08700 -0.99610
vn -0.00300 -0.09330 -0.99560
vn -0.01660 -0.11640 -0.99310
vn 0.02630 -0.99770 -0.06280
vn 0.11090 -0.98590 -0.12570
vn 0.13720 -0.96230 -0.23490
vn 0.03340 -0.99930 -0.01510
vn 0.00250 -0.99960 -0.02800
vn 0.99870 -0.04400 -0.02630
vn 0.99900 -0.02290 -0.03720
vn 0.99830 -0.05330 -0.02150
vn 0.58010 0.09110 0.80940
vn 0.77780 -0.02310 0.62800
vn 0.69350 0.04610 0.71900
vn 0.06280 -0.99760 -0.02870
vn 0.74750 -0.03220 0.66350
vn 0.64940 -0.03830 0.75950
vn 0.69170 -0.02380 0.72180
vn 0.69730 -0.02980 0.71610
vn 0.11480 -0.13940 -0.98360
vn 0.08480 -0.10810 -0.99050
vn 0.00820 -0.03030 -0.99950
vn 0.26960 -0.29670 -0.91610
vn 0.47810 0.67120 0.56650
vn 0.47810 0.67130 0.56640
vn 0.50200 0.80100 0.32630
vn 0.49790 0.13060 0.85730
vn 0.26290 -0.29330 -0.91920
vn 0.69310 -0.03540 0.71990
vn 0.97800 0.20820 0.01070
vn 0.86970 0.21370 -0.44480
vn 0.97070 0.24010 0.00480
vn 0.44040 0.55160 0.70840
vn 0.89180 -0.45240 -0.00010
vn 0.89930 -0.42380 0.10820
vn 0.96260 0.27090 -0.00090
vn 0.97070 0.24010 0.00820
vn 0.26250 0.96490 -0.00380
vn 0.05400 -0.99850 0.00070
vn 0.22660 0.97080 -0.07930
vn 0.23870 0.96700 -0.08900
vn 0.24330 0.96660 -0.08010
vn 0.05360 -0.06310 0.99660
vn -0.93330 0.35910 -0.00080
vn -0.93100 0.36500 0.00130
vn -0.93980 0.34160 -0.00780
vn 0.96720 -0.01840 -0.25340
vn 0.24270 0.96820 -0.06010
vn 0.20700 0.97230 -0.10890
vn -0.94170 0.33640 -0.00900
vn 0.22490 0.97110 -0.08040
vn 0.89170 -0.45260 -0.00080
vn 0.24480 0.96330 -0.11050
vn 0.96290 0.02200 -0.26880
vn 0.24480 -0.00260 -0.96960
vn 0.23980 0.01170 -0.97080
vn 0.22590 -0.02610 -0.97380
vn 0.24350 0.02210 -0.96970
vn -0.92840 0.37160 0.00420
vn 0.22490 0.05300 -0.97290
vn 0.77990 -0.03210 -0.62510
vn 0.00020 -1.00000 -0.00040
vn 0.99990 -0.00150 -0.01210
vn 0.99990 -0.00670 -0.01030
vn 0.99910 -0.04070 -0.01160
vn 0.99610 -0.08820 -0.00430
vn 0.99720 -0.07470 -0.00350
vn 0.11160 -0.00630 0.99370
vn 0.08260 0.00230 0.99660
vn 0.08610 -0.00180 0.99630
vn 0.07190 0.02170 0.99720
vn 0.12300 -0.00970 0.99240
vn 0.13380 -0.01190 0.99090
vn 0.99970 -0.02140 0.01300
vn 1.00000 -0.00710 0.00640
vn 0.99970 -0.02120 0.00780
vn 0.96490 -0.02890 -0.26100
vn 0.96210 -0.02250 -0.27160
vn 0.96680 0.00400 -0.25550
vn 0.33220 0.62090 0.71000
vn 0.28680 0.65130 0.70250
vn 0.34330 0.62090 0.70470
vn 0.09830 -0.62210 0.77670
vn 0.08940 -0.61350 0.78460
vn 0.11380 -0.62030 0.77610
vn 0.96140 -0.06170 -0.26810
vn 0.95990 -0.10640 -0.25950
vn 0.08160 -0.62390 0.77720
vn 0.95180 0.19520 -0.23640
vn 0.97710 0.18570 -0.10370
vn 0.95370 0.17260 -0.24620
vn 0.98470 -0.17310 -0.02000
vn 0.37720 0.60100 0.70460
vn 0.12480 -0.64720 0.75200
vn 0.41100 0.61850 0.66980
vn 0.96800 0.24750 -0.04250
vn 0.87980 0.47520 0.01140
vn 0.80730 0.54830 0.21840
vn 0.90090 0.42880 0.06700
vn 0.99980 -0.00940 0.01500
vn 0.99740 -0.07260 -0.00230
vn 0.58740 0.80910 0.01870
vn 0.38880 0.91580 0.10100
vn 0.57770 0.81550 0.03540
vn 0.14550 -0.00260 -0.98940
vn 0.01850 -0.01160 -0.99980
vn 1.00000 0.00100 0.00140
vn 1.00000 0.00070 0.00180
vn 1.00000 0.00300 -0.00070
vn -0.11010 -0.02060 -0.99370
vn -0.01100 0.99970 -0.01990
vn -0.14060 0.98960 -0.03080
vn -0.01090 0.99970 -0.01990
vn 0.98800 -0.09280 0.12350
vn 1.00000 -0.00120 0.00400
vn 0.96630 0.25680 0.01920
vn 0.00320 1.00000 0.00290
vn 0.11550 0.99330 -0.00900
vn 0.16020 0.98710 0.00120
vn 0.15840 0.98740 0.00080
vn 0.12360 -0.99230 0.00250
vn 0.17510 -0.98460 -0.00170
vn -0.99990 -0.01500 -0.00070
vn -0.99990 -0.00990 -0.00790
vn -0.99960 0.01570 0.02400
vn 0.19960 -0.97990 0.00400
vn 0.17720 -0.98420 -0.00030
vn 0.99690 -0.07900 0.00310
vn 0.99520 -0.09740 0.00130
vn 0.07350 -0.99730 0.00660
vn 0.77820 0.62500 -0.06170
vn 0.98370 -0.17050 0.05690
vn 0.97970 0.14970 0.13330
vn 0.68920 0.71480 -0.11820
vn 0.62300 0.78200 -0.01760
vn 0.17510 -0.00440 0.98450
vn 0.17500 -0.00440 0.98460
vn 0.23500 0.00040 0.97200
vn 0.11360 -0.00920 0.99350
vn 0.00270 -1.00000 0.00260
vn 0.00280 -1.00000 0.00250
vn 0.00500 -1.00000 0.00030
vn 0.00050 -1.00000 0.00480
vn 0.97740 -0.03460 0.20840
vn 0.22130 -0.97520 0.00820
vn 0.99990 0.00560 0.01520
vn 0.05950 -0.57090 -0.81890
vn 0.05140 -0.57910 -0.81370
vn 0.04120 -0.54620 -0.83670
vn 0.16280 0.98670 0.00190
vn -0.40420 0.53190 0.74410
vn 0.46740 0.58130 -0.66610
vn 0.46730 0.58130 -0.66610
vn 0.49780 0.57910 -0.64570
vn -0.00110 -0.99960 0.02790
vn 0.06650 -0.61470 -0.78600
vn 0.02310 -0.60140 -0.79860
vn 0.96060 0.20720 0.18510
vn 0.97530 0.03160 0.21850
vn 0.08420 -0.65290 -0.75270
vn 0.99980 -0.00810 0.01990
vn 0.36810 0.00420 -0.92980
vn 0.34770 0.00060 -0.93760
vn 0.34780 0.00060 -0.93760
vn 0.15690 -0.72190 -0.67400
vn 0.44030 0.58260 -0.68320
vn 0.99990 -0.01350 0.00880
vn 0.99800 -0.06240 0.01180
vn 0.32840 -0.00280 -0.94450
vn -0.00780 -0.71030 0.70380
vn -0.00090 -0.67430 0.73840
vn -0.00370 -0.68640 0.72730
vn 0.00000 -0.67160 0.74090
vn 0.00370 -0.67210 0.74050
vn -1.00000 -0.00640 -0.00330
vn 0.01970 -0.66760 0.74420
vn -0.99950 -0.00050 0.03270
vn -0.99970 -0.00080 0.02520
vn 0.21550 0.58420 0.78250
vn 0.21960 0.58610 0.77990
vn 0.06740 0.63290 0.77130
vn 1.00000 -0.00790 0.00580
vn 0.00580 0.63500 0.77250
vn 0.00460 0.64000 0.76840
vn 1.00000 0.00570 0.00340
vn 1.00000 0.00180 0.00800
vn 0.00650 0.63900 0.76910
vn 1.00000 0.00540 -0.00390
vn 0.00620 -0.67930 0.73380
vn 0.30810 0.59120 0.74530
vn -0.99940 0.00380 0.03430
vn 0.99830 -0.05770 -0.00980
vn 1.00000 -0.00690 0.00680
vn 0.09270 0.63270 0.76890
vn -0.99320 0.07980 0.08480
vn 0.34980 0.56940 0.74400
vn 0.00460 -0.67520 0.73760
vn 0.05900 -0.00410 0.99820
vn 0.17840 -0.00250 0.98400
vn 0.17330 -0.00350 0.98490
vn 0.02500 -0.65970 0.75110
vn 0.05150 -0.63980 0.76680
vn -0.98730 0.11590 0.10880
vn 0.02980 -0.00810 0.99950
vn 0.00110 -0.01830 0.99980
vn 0.00810 -0.00930 0.99990
vn 0.01500 -0.01100 0.99980
vn 0.98980 -0.12200 -0.07410
vn 0.99890 -0.04560 -0.00640
vn 0.00250 -0.10040 -0.99490
vn 0.07950 -0.99630 -0.03220
vn 0.95350 -0.08220 -0.28980
vn 0.98550 -0.16260 -0.04870
usemtl Material
f 1303/3896/3226 1304/3897/3227 1305/3898/3228
f 1311/4207/3482 1390/4208/3483 1391/4209/3484
f 1304/3897/3227 1303/3896/3226 1306/3899/3229
f 1025/3040/2559 1026/3041/2559 1027/3042/2559
f 1311/4207/3482 1392/4210/3485 1390/4208/3483
f 1307/3900/3230 1027/3901/3231 1026/3902/3232
f 1307/3900/3230 1306/3899/3229 1303/3896/3226
f 972/2862/2398 973/2863/2398 974/2864/2398
f 1307/3900/3230 1026/3902/3232 1306/3899/3229
f 974/3043/2560 973/3044/2561 1028/3045/2562
f 1028/3046/2563 973/3047/2564 1029/3048/2565
f 975/3049/2566 972/3050/2566 974/3051/2566
f 1027/3052/2567 1030/3053/2567 1025/3054/2567
f 1392/4211/3486 1311/4212/3487 1313/4213/3488
f 1307/3903/3233 1308/3904/3233 1027/3905/3233
f 1029/3048/2565 973/3047/2564 1031/3055/2568
f 1033/3906/3234 1026/3907/3235 1025/3908/3236
f 1033/3906/3234 1306/3909/3237 1026/3907/3235
f 1304/3910/3238 1306/3909/3237 1033/3906/3234
f 1032/3056/2569 1033/3057/2570 1025/3058/2571
f 1393/4214/3489 1390/4215/3490 1392/4216/3491
f 1304/3910/3238 1309/3911/3239 1305/3912/3240
f 1303/3913/3241 1305/3914/3242 1309/3915/3243
f 1033/3906/3234 1309/3911/3239 1304/3910/3238
f 975/2865/2399 976/2866/2400 977/2867/2401
f 1310/3916/3244 1307/3917/3244 1308/3918/3244
f 1311/3919/3245 1312/3920/3246 1313/3921/3247
f 1391/4217/3492 1317/4218/3493 1316/4219/3494
f 1309/3915/3243 1308/3922/3248 1307/3923/3249
f 1025/3059/2572 1030/3060/2572 1034/3061/2572
f 1034/3062/2573 1032/3056/2569 1025/3058/2571
f 1307/3923/3249 1303/3913/3241 1309/3915/3243
f 1035/3063/2574 1034/3064/2575 1030/3065/2576
f 1394/4220/3495 1392/4211/3486 1395/4221/3496
f 1029/3066/2577 975/3067/2578 974/3043/2560
f 1312/4222/3497 1311/4207/3482 1391/4209/3484
f 1308/3924/3250 1037/3925/3251 1027/3926/3252
f 1035/3068/2579 1036/3069/2579 1027/3070/2579
f 975/3067/2578 1029/3066/2577 1034/3071/2580
f 1030/3065/2576 1027/3072/2581 1035/3063/2574
f 1314/4223/3498 1312/4222/3497 1316/4224/3499
f 1391/4209/3484 1316/4224/3499 1312/4222/3497
f 1029/3066/2577 974/3043/2560 1028/3045/2562
f 1035/3073/2582 1027/3074/2582 1037/3075/2582
f 1038/3927/3253 1309/3928/3254 1033/3929/3255
f 1038/3076/2583 1032/3077/2584 1034/3071/2580
f 1033/3929/3255 1032/3930/3256 1038/3927/3253
f 1313/3921/3247 1312/3920/3246 1309/3928/3254
f 1314/3931/3257 1308/3924/3250 1309/3928/3254
f 1313/3921/3247 1309/3928/3254 1038/3927/3253
f 1037/3078/2585 975/3067/2578 1035/3079/2586
f 1314/3931/3257 1309/3928/3254 1312/3920/3246
f 1035/3079/2586 975/3067/2578 1034/3071/2580
f 1029/3066/2577 1038/3076/2583 1034/3071/2580
f 1067/3932/3258 1037/3925/3251 1308/3924/3250
f 1392/4211/3486 1351/4225/3500 1395/4221/3496
f 1315/3933/3259 1308/3924/3250 1314/3931/3257
f 1316/3934/3260 1315/3933/3259 1314/3931/3257
f 1315/4226/3501 1316/4219/3494 1317/4218/3493
f 1039/3080/2587 1038/3081/2588 1029/3048/2565
f 1067/3932/3258 1308/3924/3250 1315/3933/3259
f 1315/3935/3261 1317/3936/3262 1067/3937/3263
f 1367/4227/3502 1390/4215/3490 1393/4214/3489
f 1392/4211/3486 1313/4213/3488 1351/4225/3500
f 975/2865/2399 977/2867/2401 972/2868/2402
f 1394/4220/3495 1393/4228/3503 1392/4211/3486
f 1391/4217/3492 1366/4229/3504 1317/4218/3493
f 986/3938/3264 1067/3937/3263 1317/3936/3262
f 1076/3939/3265 1044/3940/3265 1040/3941/3266
f 1040/3082/2589 1041/3083/2590 1042/3084/2591
f 1076/3939/3265 1318/3942/3267 1044/3940/3265
f 1043/3085/2592 1040/3082/2589 1042/3084/2591
f 1041/3083/2590 1040/3082/2589 1044/3086/2593
f 1038/3943/3268 1319/3944/3269 1313/3945/3270
f 1318/3978/3293 1076/3979/3294 1052/3980/3295
f 1048/3981/3296 1318/3978/3293 1052/3980/3295
f 1328/3982/3297 1329/3983/3298 1318/3978/3293
f 1045/3087/2594 1046/3088/2595 940/3089/2596
f 1048/3981/3296 1052/3980/3295 1047/3984/3299
f 1047/3090/2597 1042/3084/2591 940/3089/2596
f 1318/3985/3300 1330/3986/3301 1331/3987/3302
f 1320/3988/3303 1332/3989/3304 1328/3982/3297
f 1332/3989/3304 1045/3990/3305 1333/3991/3306
f 1047/3090/2597 1043/3085/2592 1042/3084/2591
f 1331/3987/3302 1334/3992/3307 1318/3985/3300
f 1320/3946/3271 1079/3947/3271 1046/3948/3271
f 1318/3978/3293 1048/3981/3296 1328/3982/3297
f 1328/3993/3308 1048/3994/3308 1335/3995/3308
f 1328/3982/3297 1332/3989/3304 1329/3983/3298
f 1046/3088/2595 1047/3090/2597 940/3089/2596
f 1045/3990/3305 1320/3988/3303 1046/3996/3309
f 1052/3997/3310 1076/3998/3311 1336/3999/3312
f 1048/3091/2598 1047/3092/2598 1049/3093/2598
f 1335/4000/3313 1320/4001/3313 1328/4002/3313
f 1321/3949/3272 1044/3950/3273 1322/3951/3274
f 1042/3094/2599 1050/3095/2600 1051/3096/2601
f 1318/4003/3314 1337/4004/3314 1323/4005/3314
f 1320/4006/3315 1335/4007/3316 1338/4008/3317
f 1043/3085/2592 1047/3090/2597 1052/3097/2602
f 1335/4009/3318 1048/4010/3319 1339/4011/3320
f 1329/3983/3298 1332/3989/3304 1333/3991/3306
f 1045/3990/3305 1332/3989/3304 1320/3988/3303
f 1340/4012/3321 945/4013/3322 1341/4014/3323
f 1337/4015/3324 1318/4016/3324 1334/4017/3324
f 1042/3094/2599 1051/3096/2601 938/3098/2603
f 1048/4018/3325 1049/4019/3325 1342/4020/3325
f 1318/3952/3275 1323/3953/3276 1322/3951/3274
f 1322/3951/3274 1044/3950/3273 1318/3952/3275
f 1053/3099/2604 1042/3100/2605 1054/3101/2606
f 1047/3102/2607 1046/3103/2608 1049/3104/2608
f 1043/3105/2609 1055/3106/2609 1040/3107/2610
f 1343/4021/3326 1052/3997/3310 1336/3999/3312
f 937/3108/2611 940/3109/2612 938/3098/2603
f 1056/3110/2613 1057/3111/2614 1058/3112/2613
f 1396/4230/3505 1345/4231/3506 1397/4232/3506
f 940/3109/2612 1042/3094/2599 938/3098/2603
f 1059/3113/2615 1056/3110/2613 1058/3112/2613
f 1398/4233/3507 1396/4234/3507 1397/4235/3507
f 1060/3114/2616 1057/3115/2616 1056/3116/2616
f 1058/3117/2617 1061/3118/2618 1059/3119/2619
f 1062/3120/2620 1054/3101/2606 1041/3121/2621
f 1044/3950/3273 1321/3949/3272 1062/3954/3277
f 1062/3954/3277 1041/3955/3278 1044/3950/3273
f 1399/4236/3508 1345/4237/3508 1396/4238/3508
f 1399/4239/3509 1396/4240/3510 1400/4241/3511
f 1401/4242/3512 1397/4243/3513 1344/4244/3514
f 1344/4022/3327 1345/4023/3328 1346/4024/3329
f 1318/4025/3330 1347/4026/3330 1323/4027/3330
f 1345/4245/3515 1399/4246/3515 1346/4247/3515
f 1344/4022/3327 1346/4024/3329 1348/4028/3331
f 1058/3117/2617 979/3122/2622 1061/3118/2618
f 1344/4248/3516 1397/4232/3506 1345/4231/3506
f 1042/3100/2605 1053/3099/2604 1050/3123/2623
f 1058/3124/2624 1057/3125/2625 980/3126/2626
f 973/2869/2403 972/2870/2404 978/2871/2405
f 943/3127/2627 1031/3055/2568 973/3047/2564
f 1054/3101/2606 1042/3100/2605 1041/3121/2621
f 1399/4239/3509 1400/4241/3511 1346/4249/3517
f 1396/4240/3510 1398/4250/3518 1402/4251/3519
f 1076/4029/3332 1325/4030/3332 1336/4031/3332
f 1046/3103/2608 1063/3128/2628 1049/3104/2608
f 1342/4032/3333 1339/4011/3320 1048/4010/3319
f 1064/3129/2629 932/3130/2630 931/3131/2631
f 1065/3132/2632 932/3130/2630 1064/3129/2629
f 1059/3133/2633 1061/3134/2634 1056/3135/2635
f 980/3126/2626 979/3136/2636 1058/3124/2624
f 1344/4244/3514 1353/4252/3520 1401/4242/3512
f 1260/4033/3334 1349/4034/3335 1350/4035/3336
f 1065/3137/2637 943/3138/2638 932/3139/2638
f 935/3140/2639 932/3139/2638 943/3138/2638
f 1060/3141/2640 1056/3142/2641 1066/3143/2640
f 1260/4036/3337 1350/4037/3337 1261/4038/3337
f 1257/4039/3338 1349/4034/3335 1260/4033/3334
f 1349/4253/3521 1257/4254/3522 1259/4255/3523
f 1067/3144/2642 986/3145/2643 1037/3146/2643
f 1039/3080/2587 1068/3147/2644 1038/3081/2588
f 1066/3143/2640 980/3148/2645 1060/3141/2640
f 1056/3149/2646 1069/3150/2646 1066/3151/2646
f 1329/4040/3339 1330/3986/3301 1318/3985/3300
f 931/2736/2302 932/2737/2303 933/2738/2304
f 1070/3152/2647 1055/3106/2609 1043/3105/2609
f 980/3126/2626 1057/3125/2625 1060/3153/2648
f 1319/3944/3269 1324/3956/3279 1313/3945/3270
f 1039/3080/2587 1029/3048/2565 1071/3154/2649
f 1319/3944/3269 1038/3943/3268 1068/3957/3280
f 1313/4041/3340 1334/4042/3341 1351/4043/3342
f 1313/4041/3340 1324/4044/3343 1334/4042/3341
f 1352/4045/3344 1351/4043/3342 1334/4042/3341
f 1396/4240/3510 1402/4251/3519 1400/4241/3511
f 1344/4022/3327 1348/4028/3331 1353/4046/3345
f 1349/4256/3524 1403/4257/3524 1350/4258/3524
f 1349/4259/3525 1404/4260/3525 1403/4261/3525
f 931/3155/2650 934/3156/2651 1064/3157/2652
f 1319/3958/3281 1068/3959/3282 1321/3960/3283
f 1343/4021/3326 1336/3999/3312 1325/4047/3346
f 1354/4048/3347 1331/3987/3302 1330/3986/3301
f 1261/4049/3348 1350/4050/3348 1351/4051/3348
f 943/2872/2406 973/2873/2407 978/2874/2408
f 1031/3055/2568 1071/3154/2649 1029/3048/2565
f 1061/3134/2634 1069/3158/2653 1056/3135/2635
f 1402/4262/3526 1397/4263/3527 1405/4264/3528
f 1351/4265/3529 1350/4266/3529 1403/4267/3529
f 943/3159/2654 1065/3132/2632 1064/3129/2629
f 1072/3160/2655 1070/3161/2656 1043/3162/2657
f 1052/3961/3284 1077/3962/3284 1043/3963/3284
f 931/2736/2302 933/2738/2304 934/2739/2305
f 935/2740/2306 933/2741/2306 932/2742/2306
f 1260/4052/3349 1261/4053/3349 1258/4054/3349
f 940/3163/2658 939/3164/2658 945/3165/2658
f 1395/4268/3530 1351/4269/3531 1400/4270/3532
f 1321/3960/3283 1068/3959/3282 1062/3964/3285
f 1068/3166/2659 1054/3167/2660 1062/3168/2661
f 1050/3169/2662 1053/3170/2663 1071/3171/2664
f 1324/3965/3286 1319/3958/3281 1322/3966/3287
f 1324/3965/3286 1322/3966/3287 1323/3967/3288
f 1053/3170/2663 1039/3172/2665 1071/3171/2664
f 1039/3172/2665 1054/3167/2660 1068/3166/2659
f 1322/3966/3287 1319/3958/3281 1321/3960/3283
f 1323/4055/3350 1334/4056/3350 1324/4057/3351
f 1039/3172/2665 1053/3170/2663 1054/3167/2660
f 1334/4056/3350 1323/4055/3350 1337/4058/3352
f 1331/3987/3302 1355/4059/3353 1334/4060/3354
f 1071/3171/2664 936/3173/2666 1051/3174/2667
f 1050/3169/2662 1071/3171/2664 1051/3174/2667
f 938/3175/2668 1051/3174/2667 936/3173/2666
f 1354/4048/3347 1355/4059/3353 1331/3987/3302
f 1355/4061/3355 1356/4062/3356 1334/4063/3357
f 936/2743/2307 937/2744/2307 938/2745/2307
f 1031/3055/2568 1073/3176/2669 1071/3154/2649
f 943/3177/2670 980/3178/2671 1031/3179/2672
f 1031/3179/2672 980/3178/2671 1066/3180/2673
f 937/2746/2308 939/2747/2308 940/2748/2308
f 975/3225/2699 1037/3146/2643 986/3145/2643
f 1402/4262/3526 1398/4271/3533 1397/4263/3527
f 1074/3181/2674 979/3182/2674 943/3183/2674
f 943/3184/2675 1064/3185/2675 1074/3186/2675
f 1052/4064/3358 1357/4065/3358 1077/4066/3359
f 1259/4255/3523 1404/4272/3534 1349/4253/3521
f 1320/4006/3315 1326/4067/3360 1079/4068/3361
f 1257/3784/3144 1258/3785/3144 1259/3786/3144
f 1401/4273/3535 1405/4264/3528 1397/4263/3527
f 1335/4009/3318 1339/4011/3320 1358/4069/3362
f 1400/4270/3532 1351/4269/3531 1346/4274/3536
f 1395/4268/3530 1400/4270/3532 1402/4275/3537
f 1405/4276/3538 1401/4277/3539 1406/4278/3540
f 1351/4279/3541 1403/4280/3541 1353/4281/3541
f 1405/4276/3538 1406/4278/3540 1402/4372/3623
f 1354/4070/3363 1359/4071/3364 1360/4072/3365
f 1066/3187/2676 1069/3188/2676 1061/3189/2676
f 1403/4282/3542 1404/4283/3543 1406/4278/3540
f 1355/4073/3366 1361/4074/3367 1362/4075/3368
f 1258/3787/3145 1257/3788/3145 1260/3789/3145
f 1355/4073/3366 1360/4072/3365 1363/4076/3369
f 1403/4282/3542 1406/4278/3540 1401/4277/3539
f 1355/4073/3366 1363/4076/3369 1361/4074/3367
f 1402/4275/3537 1394/4284/3544 1395/4268/3530
f 1401/4277/3539 1353/4285/3545 1403/4282/3542
f 1074/3190/2677 1061/3191/2678 979/3192/2679
f 1402/4373/3624 1406/4374/3625 1407/4286/3546
f 1402/4373/3624 1407/4286/3546 1394/4375/3626
f 1031/3179/2672 1066/3180/2673 1061/3191/2678
f 1046/3193/2680 1075/3194/2680 1063/3195/2680
f 1031/3179/2672 1061/3191/2678 1074/3190/2677
f 1404/4287/3547 1408/4288/3547 1406/4289/3547
f 935/2749/2309 941/2750/2310 879/2751/2310
f 1351/4077/3370 1263/4078/3371 1261/4079/3372
f 943/2875/2409 979/2876/2409 980/2877/2409
f 1404/4272/3534 1259/4255/3523 1408/4290/3548
f 1362/4080/3373 1263/4078/3371 1351/4077/3370
f 1203/4081/3374 1261/4079/3372 1263/4078/3371
f 1055/3196/2681 1076/3197/2681 1040/3198/2681
f 1320/4006/3315 1338/4008/3317 1326/4067/3360
f 1338/4008/3317 1335/4007/3316 1364/4082/3375
f 1340/4083/3376 1329/4084/3377 1333/4085/3378
f 1351/4086/3379 1348/4087/3379 1346/4088/3380
f 1408/4291/3549 1409/4292/3550 1406/4293/3551
f 1258/3790/3146 1261/3791/3147 1203/3792/3148
f 1203/3792/3148 1259/3793/3149 1258/3790/3146
f 934/3199/2682 942/3200/2683 1031/3179/2672
f 933/2752/2311 935/2753/2312 942/2754/2313
f 1031/3179/2672 1074/3190/2677 934/3199/2682
f 934/3156/2651 1074/3201/2684 1064/3157/2652
f 1355/4073/3366 1354/4070/3363 1360/4072/3365
f 934/2755/2314 933/2752/2311 942/2754/2313
f 1203/3792/3148 1262/3794/3150 1259/3793/3149
f 1259/4294/3552 1262/4295/3553 1408/4296/3554
f 1262/4297/3555 1264/4298/3556 1409/4299/3557
f 1394/4375/3626 1407/4286/3546 1409/4292/3550
f 1360/4089/3381 1359/4090/3382 1263/4125/3412
f 1043/3162/2657 1077/3202/2685 1078/3203/2686
f 1354/4091/3383 1330/4092/3384 1341/4093/3383
f 1072/3160/2655 1043/3162/2657 1078/3203/2686
f 1364/4082/3375 1335/4007/3316 1358/4094/3385
f 1079/3204/2687 1075/3205/2687 1046/3206/2687
f 935/2749/2309 943/2756/2315 941/2750/2310
f 1330/4095/3386 1329/4084/3377 1340/4083/3376
f 1351/4086/3379 1353/4096/3387 1348/4087/3379
f 1351/4097/3388 1356/4098/3388 1355/4099/3389
f 1356/4062/3356 1352/4100/3390 1334/4063/3357
f 936/2757/2316 939/2758/2316 937/2759/2317
f 1264/4298/3556 1262/4297/3555 1203/4300/3558
f 1407/4286/3546 1406/4293/3551 1409/4292/3550
f 1357/4065/3358 1052/4064/3358 1343/4101/3391
f 942/3200/2683 944/3207/2688 1071/3208/2689
f 1356/4098/3388 1351/4097/3388 1352/4102/3392
f 1360/4089/3381 1263/4125/3412 1365/4103/3393
f 1200/3795/3151 1203/3891/3224 1263/3796/3151
f 1355/4104/3394 1362/4105/3394 1351/4106/3394
f 1362/4080/3373 1365/4126/3413 1263/4078/3371
f 1075/3209/2690 1049/3210/2690 1063/3211/2690
f 944/3212/2691 936/3213/2691 1071/3214/2691
f 1333/4127/3414 1045/4128/3415 945/4129/3415
f 945/4129/3415 1045/4128/3415 940/4107/3395
f 1333/4130/3416 945/4013/3322 1340/4012/3321
f 1354/4091/3383 1341/4093/3383 1359/4108/3396
f 1361/4109/3397 1365/4126/3413 1362/4080/3373
f 948/4110/3398 1359/4090/3382 1341/4014/3323
f 1262/4295/3553 1409/4301/3559 1408/4296/3554
f 1361/4109/3397 1363/4111/3399 1365/4126/3413
f 1341/4112/3400 1330/4095/3386 1340/4083/3376
f 1360/4089/3381 1365/4103/3393 1363/4131/3417
f 942/3200/2683 1071/3208/2689 1031/3179/2672
f 1055/3968/3289 1325/3969/3289 1076/3970/3289
f 939/2758/2316 936/2757/2316 944/2760/2318
f 1394/4302/3560 1409/4299/3557 1264/4298/3556
f 1049/3971/3290 1079/3972/3290 1326/3973/3290
f 1325/3974/3291 1055/3975/3291 1077/3976/3291
f 1049/3215/2692 1075/3216/2692 1079/3217/2692
f 948/3797/3152 1200/3795/3151 1263/3796/3151
f 1072/3218/2693 1055/3219/2694 1070/3220/2695
f 1325/4113/3401 1357/4114/3401 1343/4115/3402
f 1342/4116/3403 1364/4117/3404 1339/4118/3405
f 1364/4117/3404 1342/4116/3403 1338/4119/3406
f 1358/4120/3407 1339/4118/3405 1364/4117/3404
f 1055/3219/2694 1078/3221/2696 1077/3222/2697
f 1055/3219/2694 1072/3218/2693 1078/3221/2696
f 1077/4121/3408 1357/4114/3401 1325/4113/3401
f 1049/4122/3409 1326/4123/3410 1342/4116/3403
f 1342/4116/3403 1326/4123/3410 1338/4119/3406
f 939/2761/2319 944/2762/2320 878/2763/2321
f 1359/4090/3382 948/4110/3398 1263/4125/3412
f 939/2761/2319 878/2763/2321 945/2764/2322
f 878/2763/2321 944/2762/2320 942/2754/2313
f 948/4110/3398 1341/4014/3323 945/4013/3322
f 878/2763/2321 942/2754/2313 935/2753/2312
f 878/4124/3411 948/4110/3398 945/4013/3322
f 972/2870/2404 977/2878/2410 981/2879/2411
f 941/2750/2310 946/2765/2323 879/2751/2310
f 1410/4303/3561 1393/4228/3503 1394/4220/3495
f 1393/4214/3489 1410/4304/3562 1367/4227/3502
f 972/2870/2404 981/2879/2411 982/2880/2412
f 1367/4305/3563 1391/4217/3492 1390/4306/3564
f 943/2756/2315 947/2766/2324 941/2750/2310
f 943/2872/2406 978/2874/2408 983/2881/2413
f 977/2878/2410 984/2882/2414 981/2879/2411
f 1200/3600/2990 948/3601/2991 1201/3602/2992
f 978/2871/2405 972/2870/2404 982/2880/2412
f 935/2749/2309 879/2751/2310 878/2767/2325
f 1367/4227/3502 1410/4304/3562 1411/4307/3565
f 878/2558/2152 879/2559/2153 880/2560/2154
f 1410/4303/3561 1412/4308/3566 1411/4309/3567
f 977/2867/2401 976/2866/2400 984/2883/2415
f 1394/4302/3560 1264/4298/3556 1413/4310/3568
f 1412/4308/3566 1394/4220/3495 1413/4311/3569
f 880/2768/2326 948/2769/2326 878/2770/2326
f 1412/4308/3566 1410/4303/3561 1394/4220/3495
f 983/2881/2413 985/2884/2416 943/2872/2406
f 1411/4307/3565 1414/4312/3570 1367/4227/3502
f 1411/4309/3567 1412/4308/3566 1414/4313/3571
f 1203/3798/3153 1200/3799/3153 1201/3800/3153
f 982/2885/2417 983/2881/2413 978/2874/2408
f 975/2865/2399 986/2886/2418 987/2887/2419
f 948/3601/2991 1202/3603/2993 1201/3602/2992
f 1317/3936/3262 1327/3977/3292 986/3938/3264
f 975/2865/2399 988/2888/2420 976/2866/2400
f 983/2881/2413 989/2889/2421 985/2884/2416
f 982/2890/2422 990/2891/2423 983/2892/2424
f 991/2893/2425 981/2894/2426 984/2895/2427
f 982/2890/2422 992/2896/2428 990/2891/2423
f 992/2896/2428 982/2890/2422 981/2897/2429
f 1414/4314/3572 1415/4315/3573 1416/4316/3574
f 991/2898/2430 993/2899/2431 981/2897/2429
f 991/2893/2425 984/2895/2427 976/2900/2432
f 1367/4317/3575 1414/4314/3572 1416/4316/3574
f 994/2901/2433 981/2897/2429 993/2899/2431
f 981/2897/2429 994/2901/2433 992/2896/2428
f 1391/4217/3492 1367/4305/3563 1366/4229/3504
f 1414/4314/3572 1417/4318/3576 1415/4315/3573
f 976/2902/2434 995/2903/2435 991/2904/2436
f 1414/4314/3572 1412/4319/3577 1417/4318/3576
f 990/2891/2423 989/2905/2437 983/2892/2424
f 975/2865/2399 987/2887/2419 988/2888/2420
f 1264/4298/3556 1265/4320/3578 1270/4321/3579
f 1366/4132/3418 1367/4133/3419 1368/4134/3420
f 995/2903/2435 976/2902/2434 988/2906/2438
f 1418/4322/3580 1419/4323/3581 1367/4324/3582
f 1367/4325/3583 1416/4326/3584 1420/4327/3585
f 1367/4324/3582 1420/4328/3586 1418/4322/3580
f 993/2907/2439 996/2908/2440 994/2909/2441
f 995/2903/2435 988/2906/2438 997/2910/2442
f 990/2911/2443 996/2912/2444 989/2913/2445
f 1419/4323/3581 1369/4329/3587 1367/4324/3582
f 1369/4135/3421 1368/4134/3420 1367/4133/3419
f 1415/4330/3588 1417/4331/3589 1421/4332/3590
f 997/2910/2442 988/2906/2438 998/2914/2446
f 987/2915/2447 998/2914/2446 988/2906/2438
f 1201/3604/2994 1202/3605/2995 1203/3606/2996
f 949/2916/2448 985/2917/2449 989/2913/2445
f 991/2918/2450 995/2919/2450 999/2920/2450
f 1370/4333/3591 1419/4334/3592 1418/4335/3593
f 1421/4332/3590 1420/4327/3585 1416/4326/3584
f 995/2921/2451 1000/2922/2452 999/2923/2453
f 1413/4310/3568 1264/4298/3556 1270/4321/3579
f 949/2916/2448 947/2924/2454 985/2917/2449
f 999/2925/2455 993/2907/2439 991/2926/2456
f 1421/4332/3590 1416/4326/3584 1415/4330/3588
f 996/2908/2440 992/2927/2457 994/2909/2441
f 1413/4336/3594 1270/4337/3595 1412/4338/3596
f 1370/4136/3422 1368/4137/3423 1369/4138/3424
f 1264/3801/3154 1203/3892/3225 1265/3802/3155
f 1421/4339/3597 1417/4340/3598 1412/4338/3596
f 996/2908/2440 993/2907/2439 999/2925/2455
f 1420/4341/3599 1371/4342/3600 1418/4335/3593
f 987/2928/2458 1001/2929/2459 998/2930/2460
f 996/2908/2440 990/2931/2461 992/2927/2457
f 989/2913/2445 996/2912/2444 949/2916/2448
f 987/2928/2458 1002/2932/2462 1001/2929/2459
f 997/2933/2463 998/2930/2460 1001/2929/2459
f 948/3601/2991 880/3607/2997 891/3608/2998
f 1370/4136/3422 1371/4139/3425 1372/4140/3426
f 1421/4343/3601 1267/4344/3602 1420/4345/3603
f 985/2934/2464 947/2935/2464 943/2936/2464
f 1268/4346/3604 1421/4339/3597 1412/4338/3596
f 1366/4141/3427 1368/4137/3423 1370/4136/3422
f 1003/2937/2465 1002/2938/2465 987/2939/2465
f 1370/4333/3591 1369/4347/3605 1419/4334/3592
f 997/2933/2463 1001/2929/2459 1000/2922/2452
f 996/2940/2466 1004/2941/2467 1005/2942/2468
f 1371/4342/3600 1370/4333/3591 1418/4335/3593
f 1366/4141/3427 1327/4142/3428 1317/4143/3429
f 987/2887/2419 986/2886/2418 1003/2943/2469
f 1000/2922/2452 995/2921/2451 997/2933/2463
f 1001/2929/2459 1003/2944/2470 1006/2945/2471
f 1421/4343/3601 1268/4348/3606 1267/4344/3602
f 996/2940/2466 1005/2942/2468 949/2946/2472
f 1327/4142/3428 1366/4141/3427 1372/4140/3426
f 1003/2947/2473 1001/2929/2459 1002/2932/2462
f 879/2559/2153 881/2561/2155 880/2560/2154
f 947/2771/2327 949/2772/2328 950/2773/2329
f 1203/3606/2996 1202/3605/2995 1204/3609/2999
f 1370/4136/3422 1372/4140/3426 1366/4141/3427
f 1270/4337/3595 1268/4346/3604 1412/4338/3596
f 947/2859/2330 951/2774/2330 952/2775/2330
f 1007/2948/2474 1000/2922/2452 1008/2949/2475
f 999/2950/2476 1009/2951/2477 1010/2952/2478
f 1001/2929/2459 1006/2945/2471 1000/2922/2452
f 1006/2945/2471 1008/2949/2475 1000/2922/2452
f 891/3608/2998 1205/3610/3000 948/3601/2991
f 1373/4144/3430 1327/4145/3431 1372/4146/3432
f 1006/2953/2479 1011/2954/2480 1012/2955/2481
f 1012/2956/2482 1013/2957/2483 1008/2958/2484
f 1012/2956/2482 1008/2958/2484 1006/2959/2485
f 1374/4147/3433 1373/4144/3430 1372/4146/3432
f 1373/4148/3434 1374/4149/3435 1375/4150/3436
f 1014/2960/2486 1010/2961/2487 1013/2957/2483
f 1000/2922/2452 1007/2948/2474 1009/2962/2488
f 999/2923/2453 1000/2922/2452 1009/2962/2488
f 1374/4149/3435 1376/4151/3437 1377/4152/3438
f 1010/2961/2487 1008/2958/2484 1013/2957/2483
f 1203/3606/2996 1204/3609/2999 1206/3611/3001
f 1371/4153/3439 1374/4147/3433 1372/4146/3432
f 1327/4201/3441 1378/4154/3440 1080/4155/3441
f 1011/2963/2489 1006/2964/2489 1003/2965/2489
f 1008/2958/2484 1010/2961/2487 1007/2966/2490
f 1010/2961/2487 1014/2960/2486 1004/2967/2491
f 1012/2955/2481 1011/2954/2480 1013/2968/2492
f 1376/4156/3442 1374/4147/3433 1371/4153/3439
f 1009/2969/2493 1007/2966/2490 1010/2961/2487
f 1275/4349/3607 1376/4350/3608 1266/4351/3609
f 1371/4352/3610 1420/4345/3603 1267/4344/3602
f 1004/2941/2467 999/2950/2476 1010/2952/2478
f 879/2559/2153 882/2562/2156 881/2561/2155
f 1376/4350/3608 1422/4353/3611 1266/4351/3609
f 1003/2943/2469 1015/2970/2494 1011/2971/2495
f 949/2776/2331 953/2777/2332 950/2778/2333
f 986/4157/3443 1327/4201/3441 1080/4155/3441
f 1014/2960/2486 962/2972/2496 953/2973/2497
f 999/2950/2476 1004/2941/2467 996/2940/2466
f 1267/4354/3612 1422/4355/3612 1371/4356/3613
f 1016/2974/2498 1014/2975/2499 1013/2968/2492
f 1371/4357/3614 1422/4358/3614 1376/4359/3614
f 1379/4360/3615 1377/4361/3615 1376/4362/3615
f 1266/3803/3156 1267/3804/3157 1268/3805/3158
f 947/2771/2327 950/2773/2329 954/2779/2334
f 1205/3610/3000 1204/3612/3002 1202/3603/2993
f 1206/3611/3001 1204/3609/2999 1207/3613/3003
f 1005/2976/2500 1014/2960/2486 953/2973/2497
f 1005/2976/2500 1004/2967/2491 1014/2960/2486
f 1375/4150/3436 1327/4158/3444 1373/4148/3434
f 1014/2960/2486 1017/2977/2501 962/2972/2496
f 947/2771/2327 787/2780/2335 955/2781/2336
f 1379/4159/3445 1281/4160/3446 1380/4161/3447
f 953/2777/2332 954/2782/2337 950/2778/2333
f 1202/3603/2993 948/3601/2991 1205/3610/3000
f 986/2886/2418 1015/2970/2494 1003/2943/2469
f 1275/4349/3607 1379/4363/3616 1376/4350/3608
f 941/2783/2338 947/2771/2327 955/2781/2336
f 1375/4150/3436 1378/4162/3448 1327/4158/3444
f 1266/3803/3156 1268/3805/3158 1269/3806/3159
f 1422/4355/3612 1267/4354/3612 1266/4364/3617
f 883/2563/2157 882/2564/2158 879/2565/2159
f 787/2780/2335 947/2771/2327 954/2779/2334
f 1017/2978/2502 1014/2975/2499 1016/2974/2498
f 1011/2954/2480 1016/2974/2498 1013/2968/2492
f 881/2561/2155 882/2562/2156 884/2566/2160
f 1377/4152/3438 1375/4150/3436 1374/4149/3435
f 1207/3614/3004 1204/3612/3002 1205/3610/3000
f 1377/4163/3449 1287/4164/3450 1375/4165/3451
f 1287/4166/3452 1377/4167/3452 1380/4168/3452
f 1270/3807/3160 1265/3808/3161 1271/3809/3162
f 1203/3892/3225 1272/3810/3163 1265/3802/3155
f 1379/4363/3616 1275/4349/3607 1274/4365/3618
f 1287/4164/3450 1378/4169/3453 1375/4165/3451
f 1016/2979/2503 1011/2980/2504 1018/2981/2505
f 1018/2981/2505 1011/2980/2504 1015/2982/2506
f 968/2983/2507 962/2972/2496 1017/2977/2501
f 1269/3811/3164 1268/3812/3165 1270/3807/3160
f 1378/4169/3453 1287/4164/3450 1381/4170/3454
f 763/2984/2508 1019/2985/2509 956/2986/2510
f 956/2987/2511 1016/2979/2503 1018/2981/2505
f 1382/4171/3455 1287/4164/3450 1286/4172/3456
f 1382/4171/3455 1381/4170/3454 1287/4164/3450
f 1080/4173/3457 1378/4169/3453 1381/4170/3454
f 1015/2988/2512 847/2989/2513 1020/2990/2514
f 956/2986/2510 1019/2985/2509 1016/2991/2515
f 1020/2992/2516 1018/2981/2505 1015/2982/2506
f 1379/4376/3627 1274/4366/3619 1281/4367/3620
f 1383/4174/3458 1382/4171/3455 1286/4172/3456
f 1018/2981/2505 1021/2993/2517 956/2987/2511
f 1381/4175/3459 1384/4176/3460 1080/4177/3461
f 953/2994/2518 949/2946/2472 1005/2942/2468
f 839/2995/2519 1021/2993/2517 1018/2981/2505
f 1020/2996/2520 1022/2997/2521 1018/2998/2522
f 1015/2988/2512 1023/2999/2523 847/2989/2513
f 1383/4178/3462 1286/4179/3462 1297/4180/3462
f 1021/3000/2524 965/3001/2525 956/3002/2526
f 839/3003/2527 1018/2998/2522 840/3004/2528
f 1017/2978/2502 1016/2974/2498 1019/3005/2529
f 1272/3813/3166 1271/3809/3162 1265/3808/3161
f 834/3006/2530 839/3007/2531 835/3008/2532
f 1021/3009/2533 834/3006/2530 964/3010/2534
f 1208/3615/3005 1206/3611/3001 1207/3613/3003
f 1379/4159/3445 1380/4161/3447 1377/4202/3480
f 1271/3809/3162 1269/3811/3164 1270/3807/3160
f 787/2784/2339 954/2782/2337 953/2777/2332
f 986/2886/2418 863/3011/2535 1023/3012/2536
f 956/2785/2340 778/2786/2340 763/2787/2340
f 946/2765/2323 887/2788/2341 879/2751/2310
f 1297/4650/3840 1481/4651/3841 1383/4652/3842
f 1019/3005/2529 961/3013/2537 1017/2978/2502
f 968/3014/2538 1017/2978/2502 961/3013/2537
f 1385/4181/3463 1382/4182/3464 1383/4183/3465
f 986/2886/2418 1023/3012/2536 1015/2970/2494
f 1273/3814/3167 1274/3815/3168 1275/3816/3167
f 1022/3015/2539 1020/2990/2514 847/2989/2513
f 914/2789/2342 946/2765/2323 941/2750/2310
f 1266/3817/3169 1276/3818/3170 1277/3819/3171
f 1281/4367/3620 1274/4366/3619 1273/4368/3621
f 1021/3009/2533 964/3010/2534 965/3016/2540
f 957/2790/2343 787/2784/2339 953/2777/2332
f 1287/4369/3622 1380/4370/3622 1283/4371/3622
f 958/2791/2344 959/2792/2344 960/2793/2344
f 1271/3820/3172 1272/3821/3173 1278/3822/3174
f 1272/3810/3163 1279/3823/3175 1278/3824/3176
f 1281/4184/3466 1283/4185/3466 1380/4203/3466
f 959/2794/2345 961/2795/2346 960/2796/2347
f 1271/3825/3177 1266/3803/3156 1269/3806/3159
f 914/2797/2348 955/2798/2349 787/2799/2350
f 959/2800/2351 958/2801/2352 962/2802/2351
f 1018/2998/2522 1022/2997/2521 846/3017/2541
f 961/3013/2537 959/3018/2542 968/3014/2538
f 914/2797/2348 941/2803/2353 955/2798/2349
f 956/3002/2526 965/3001/2525 778/3019/2543
f 883/2563/2157 884/2567/2161 882/2564/2158
f 957/2804/2354 953/2805/2355 962/2860/2396
f 1385/4653/3843 1383/4652/3842 1482/4654/3844
f 1080/4177/3461 1384/4176/3460 1386/4186/3467
f 863/3223/2698 986/3226/2698 1080/3224/2698
f 1207/3614/3004 1205/3610/3000 1209/3616/3006
f 1276/3826/3178 1266/3803/3156 1271/3825/3177
f 1273/3814/3167 1275/3816/3167 1280/3827/3179
f 961/2795/2346 958/2806/2356 960/2796/2347
f 883/2563/2157 885/2568/2162 884/2567/2161
f 962/2860/2396 963/2807/2357 957/2804/2354
f 1275/3893/3181 1266/3828/3180 1277/3829/3181
f 1206/3830/3182 1272/3810/3163 1203/3892/3225
f 1281/3831/3183 1282/3832/3183 1283/3833/3183
f 1271/3825/3177 1284/3834/3184 1276/3826/3178
f 847/2989/2513 846/3020/2544 1022/3015/2539
f 879/2565/2159 886/2569/2163 883/2563/2157
f 1281/4204/3468 1273/4187/3468 1289/4188/3468
f 879/2565/2159 887/2570/2164 886/2569/2163
f 964/2808/2358 778/2809/2359 965/2810/2360
f 787/2784/2339 957/2790/2343 963/2811/2361
f 914/2812/2362 966/2813/2363 946/2814/2364
f 1205/3617/3007 1210/3618/3008 1209/3619/3008
f 880/2560/2154 660/2571/2165 659/2572/2166
f 1387/4189/3469 863/4190/3470 1080/4205/3481
f 1209/3620/3009 1208/3615/3005 1207/3613/3003
f 914/2815/2365 967/2816/2365 966/2817/2366
f 1210/3618/3008 1211/3621/3010 1209/3619/3008
f 959/2800/2351 962/2802/2351 968/2818/2367
f 881/2573/2167 884/2574/2168 888/2575/2169
f 1284/3835/3185 1275/3893/3181 1277/3829/3181
f 880/2560/2154 881/2561/2155 660/2571/2165
f 966/2813/2363 890/2819/2368 946/2814/2364
f 890/2819/2368 887/2820/2369 946/2814/2364
f 1272/3810/3163 1206/3830/3182 1279/3823/3175
f 889/2576/2170 886/2577/2171 887/2578/2172
f 1209/3622/3011 1212/3623/3011 1208/3624/3011
f 1210/3625/3012 1213/3626/3013 1211/3627/3014
f 887/2578/2172 890/2579/2173 889/2576/2170
f 1080/4205/3481 1386/4191/3471 1387/4189/3469
f 891/2580/2174 880/2560/2154 892/2581/2175
f 1210/3625/3012 1214/3628/3015 1215/3629/3016
f 1206/3836/3186 1208/3837/3187 1218/3838/3188
f 890/2582/2176 893/2583/2177 894/2584/2178
f 1212/3630/3017 1216/3631/3018 1208/3632/3018
f 895/2585/2179 885/2586/2179 883/2587/2179
f 890/2733/2299 896/2588/2180 889/2589/2181
f 884/2574/2168 885/2590/2182 888/2575/2169
f 896/2588/2180 895/2591/2183 883/2563/2157
f 886/2577/2171 889/2576/2170 896/2592/2184
f 1218/3838/3188 1279/3839/3189 1206/3836/3186
f 1209/3633/3019 1217/3634/3019 1212/3635/3020
f 895/2591/2183 897/2593/2185 898/2594/2186
f 1218/3636/3021 1208/3632/3018 1216/3631/3018
f 890/2733/2299 894/2734/2300 896/2588/2180
f 1209/3633/3019 1211/3637/3022 1217/3634/3019
f 660/2571/2165 881/2561/2155 899/2595/2187
f 896/2588/2180 883/2563/2157 886/2569/2163
f 1278/3840/3190 1279/3841/3190 1285/3842/3190
f 1284/3843/3191 1277/3819/3171 1276/3818/3170
f 914/2815/2365 969/2821/2370 967/2816/2365
f 1286/3844/3192 1287/3845/3193 1288/3846/3194
f 1216/3638/3023 1219/3639/3024 1220/3640/3025
f 888/2575/2169 885/2590/2182 900/2596/2188
f 967/2822/2371 969/2823/2371 966/2824/2371
f 1221/3641/3026 1218/3642/3027 1216/3638/3023
f 1211/3643/3028 1213/3644/3029 1222/3645/3030
f 888/2597/2189 661/2598/2190 881/2599/2191
f 1384/4192/3472 1381/4193/3473 1382/4182/3464
f 881/2600/2192 661/2601/2193 899/2602/2194
f 962/2825/2372 765/2826/2373 963/2827/2374
f 1212/3646/3031 1217/3647/3031 1223/3648/3031
f 892/3649/3032 1224/3650/3033 891/3608/2998
f 1211/3643/3028 1222/3645/3030 1217/3651/3034
f 1289/3847/3195 1273/3848/3195 1280/3849/3195
f 846/3017/2541 840/3004/2528 1018/2998/2522
f 660/2571/2165 899/2595/2187 901/2603/2195
f 888/2604/2196 900/2605/2196 902/2606/2196
f 1279/3850/3196 1290/3851/3197 1285/3852/3198
f 661/2598/2190 888/2597/2189 903/2607/2197
f 1215/3629/3016 1213/3626/3013 1210/3625/3012
f 1291/3853/3199 1278/3822/3174 1285/3854/3200
f 1289/4194/3474 1282/4195/3474 1281/4206/3474
f 895/2608/2198 898/2609/2199 885/2610/2200
f 903/2607/2197 904/2611/2201 661/2598/2190
f 966/2828/2375 970/2829/2376 893/2830/2377
f 961/3021/2545 1019/2985/2509 763/2984/2508
f 966/2831/2378 969/2832/2378 970/2833/2378
f 900/2612/2202 885/2613/2203 902/2614/2203
f 888/2615/2204 902/2616/2205 903/2617/2206
f 899/2602/2194 661/2601/2193 901/2618/2207
f 1291/3855/3201 1285/3856/3201 1290/3857/3201
f 1282/3858/3202 1289/3859/3202 1280/3860/3202
f 895/2591/2183 896/2588/2180 897/2593/2185
f 1205/3610/3000 891/3608/2998 1224/3650/3033
f 1284/3861/3203 1292/3862/3203 1275/3863/3203
f 1386/4186/3467 1384/4176/3460 1388/4196/3475
f 1278/3822/3174 1291/3853/3199 1290/3864/3204
f 1275/3894/3205 1293/3865/3205 1280/3866/3206
f 774/2834/2379 914/2797/2348 787/2799/2350
f 1219/3652/3035 1216/3653/3035 1225/3654/3035
f 1210/3655/3036 1205/3656/3036 1214/3657/3036
f 1217/3658/3037 1222/3659/3038 1225/3660/3039
f 1214/3661/3040 1205/3610/3000 1226/3662/3041
f 880/2560/2154 659/2572/2166 892/2581/2175
f 1205/3610/3000 1224/3650/3033 1226/3662/3041
f 885/2613/2203 905/2619/2208 902/2614/2203
f 1215/3663/3042 1214/3664/3043 1227/3665/3044
f 892/3666/3045 637/3667/3046 1224/3668/3047
f 1227/3665/3044 1214/3664/3043 1226/3669/3048
f 1215/3663/3042 1227/3665/3044 1213/3670/3049
f 1481/4651/3841 1482/4654/3844 1383/4652/3842
f 904/2620/2209 903/2617/2206 905/2621/2210
f 661/2598/2190 904/2611/2201 662/2622/2211
f 1384/4192/3472 1382/4182/3464 1385/4181/3463
f 903/2617/2206 902/2616/2205 905/2621/2210
f 885/2610/2200 898/2609/2199 905/2623/2212
f 1227/3665/3044 1226/3669/3048 1224/3668/3047
f 892/3666/3045 659/3671/3050 637/3667/3046
f 905/2621/2210 662/2624/2213 904/2620/2209
f 659/1902/1606 660/1903/1607 637/1904/1608
f 1288/3846/3194 1287/3845/3193 1283/3867/3207
f 1119/3672/3051 1225/3660/3039 1222/3659/3038
f 1220/3640/3025 1228/3673/3052 1216/3638/3023
f 1294/3868/3208 1290/3851/3197 1279/3850/3196
f 970/2833/2378 969/2832/2378 971/2835/2380
f 637/1904/1608 660/1903/1607 638/1905/1609
f 893/2830/2377 890/2836/2381 966/2828/2375
f 1213/3670/3049 1227/3665/3044 1120/3674/3053
f 901/2625/2214 638/2626/2214 660/2627/2214
f 1225/3675/3054 1212/3676/3054 1223/3677/3055
f 833/2418/2036 834/2419/2036 835/2420/2036
f 839/3007/2531 834/3006/2530 1021/3009/2533
f 1295/3869/3209 1288/3870/3209 1283/3871/3209
f 1225/3675/3054 1216/3678/3056 1212/3676/3054
f 1296/3872/3210 1297/3873/3211 1286/3874/3212
f 1297/4655/3845 1483/4656/3846 1484/4657/3847
f 1297/4655/3845 1485/4658/3848 1483/4656/3846
f 834/3022/2546 837/3023/2547 836/3024/2548
f 1297/4655/3845 1486/4659/3849 1481/4660/3850
f 961/2795/2346 767/2837/2382 958/2806/2356
f 834/3022/2546 833/3025/2549 837/3023/2547
f 1484/4657/3847 1486/4659/3849 1297/4655/3845
f 661/1906/1610 662/1907/1611 663/1908/1612
f 1023/2999/2523 863/3026/2550 847/2989/2513
f 1295/4661/3851 1296/4662/3852 1288/4663/3853
f 761/2838/2383 763/2839/2383 778/2840/2383
f 765/2826/2373 962/2825/2372 958/2841/2384
f 1487/4664/3854 1484/4665/3855 1483/4666/3856
f 1278/3822/3174 1290/3864/3204 1294/3875/3213
f 1228/3673/3052 1221/3641/3026 1216/3638/3023
f 898/2609/2199 906/2628/2215 905/2623/2212
f 958/2806/2356 767/2837/2382 765/2842/2385
f 836/2421/2037 837/2422/2038 838/2423/2039
f 1213/3644/3029 1120/3679/3057 1119/3680/3058
f 839/2424/2040 840/2425/2041 841/2426/2042
f 1481/4667/3857 1486/4668/3858 1488/4669/3859
f 662/1909/1613 664/1910/1614 663/1911/1615
f 1213/3644/3029 1119/3680/3058 1222/3645/3030
f 836/3027/2551 842/3028/2551 844/3029/2551
f 844/3030/2552 834/3031/2553 836/3032/2553
f 1296/4670/3860 1485/4671/3861 1297/4672/3862
f 1278/3822/3174 1294/3875/3213 1271/3820/3172
f 1486/4673/3863 1484/4665/3855 1487/4664/3854
f 894/2629/2216 907/2630/2216 897/2631/2216
f 1227/3665/3044 637/3681/3059 1120/3674/3053
f 1221/3641/3026 1229/3682/3060 1218/3642/3027
f 1217/3683/3061 1225/3684/3061 1223/3685/3061
f 894/2734/2300 897/2593/2185 896/2588/2180
f 1228/3686/3062 1220/3687/3063 1230/3688/3064
f 844/3030/2552 964/3033/2554 834/3031/2553
f 1296/3872/3210 1286/3874/3212 1288/3876/3214
f 1486/4673/3863 1487/4664/3854 1488/4674/3864
f 1387/4189/3469 1386/4191/3471 1388/4197/3476
f 963/2827/2374 765/2826/2373 764/2843/2386
f 1296/4670/3860 1489/4675/3865 1485/4671/3861
f 907/2632/2217 908/2633/2218 897/2634/2219
f 1483/4666/3856 1485/4676/3866 1490/4677/3867
f 893/2844/2387 970/2845/2387 971/2846/2387
f 1224/3668/3047 637/3667/3046 1227/3665/3044
f 844/3030/2552 843/3034/2555 964/3033/2554
f 841/2426/2042 835/2427/2043 839/2424/2040
f 842/2428/2044 843/2429/2045 844/2430/2046
f 1490/4677/3867 1485/4676/3866 1489/4678/3868
f 833/2431/2047 835/2432/2048 841/2433/2047
f 661/1906/1610 663/1908/1612 640/1912/1616
f 662/2624/2213 905/2621/2210 664/2635/2220
f 901/2618/2207 661/2601/2193 638/2636/2221
f 907/2632/2217 894/2637/2222 908/2633/2218
f 1491/4679/3869 1488/4816/3989 1487/4817/3990
f 898/2638/2223 678/2639/2223 906/2640/2223
f 905/2621/2210 906/2641/2224 664/2635/2220
f 833/2434/2049 838/2423/2039 837/2422/2038
f 1488/4669/3859 1482/4680/3870 1481/4667/3857
f 1298/3877/3215 1283/3895/3215 1282/3878/3215
f 1279/3879/3216 1218/3880/3216 1299/3881/3216
f 909/2642/2225 897/2634/2219 908/2633/2218
f 1296/4670/3860 1492/4681/3871 1489/4675/3865
f 838/2423/2039 833/2434/2049 845/2435/2050
f 851/3035/2556 849/3036/2557 964/3033/2554
f 846/2436/2051 847/2437/2052 848/2438/2053
f 849/2847/2388 778/2809/2359 964/2808/2358
f 969/2848/2389 914/2849/2389 971/2850/2389
f 898/2594/2186 897/2593/2185 678/2643/2226
f 906/2641/2224 678/2644/2227 664/2635/2220
f 1384/4176/3460 1389/4198/3477 1388/4196/3475
f 851/3035/2556 964/3033/2554 843/3034/2555
f 1300/3882/3217 1271/3820/3172 1294/3875/3213
f 894/2645/2228 910/2646/2229 908/2647/2230
f 897/2634/2219 909/2642/2225 911/2648/2231
f 1230/3688/3064 1221/3689/3065 1228/3686/3062
f 893/2583/2177 912/2649/2232 894/2584/2178
f 1488/4669/3859 1491/4682/3872 1482/4680/3870
f 1271/3825/3177 1292/3883/3218 1284/3834/3184
f 1279/3850/3196 1299/3884/3219 1300/3885/3220
f 841/2433/2047 845/2439/2054 833/2431/2047
f 664/2650/2233 678/2651/2233 677/2652/2233
f 1271/4377/3628 1301/4378/3629 1423/4379/3629
f 1219/3690/3066 1225/3691/3067 1231/3692/3068
f 636/1830/1555 637/1831/1555 638/1832/1555
f 1119/3672/3051 1125/3693/3069 1225/3660/3039
f 1232/3694/3070 1221/3689/3065 1230/3688/3064
f 663/1911/1615 664/1910/1614 665/1913/1617
f 1490/4677/3867 1489/4678/3868 1492/4683/3873
f 640/1912/1616 639/1914/1618 661/1906/1610
f 897/2653/2234 911/2654/2235 688/2655/2236
f 1232/3695/3071 1230/3696/3072 1233/3697/3073
f 838/2423/2039 842/2552/2148 836/2421/2037
f 897/2653/2234 687/2656/2237 691/2657/2238
f 1232/3694/3070 1234/3698/3074 1221/3689/3065
f 1493/4684/3874 1482/4685/3875 1494/4686/3876
f 770/2440/2055 849/2441/2056 850/2442/2057
f 1231/3692/3068 1225/3691/3067 1235/3699/3075
f 913/2658/2239 909/2659/2240 908/2660/2241
f 1118/3328/2785 1119/3329/2786 1120/3330/2787
f 851/2443/2058 843/2429/2045 842/2428/2044
f 1296/4662/3852 1295/4661/3851 1495/4687/3877
f 1236/3700/3076 1232/3701/3077 1233/3702/3078
f 911/2661/2242 909/2662/2242 666/2663/2242
f 639/1833/1556 640/1834/1557 641/1835/1558
f 913/2658/2239 666/2664/2243 909/2659/2240
f 1236/3700/3076 1234/3703/3079 1232/3701/3077
f 911/2654/2235 666/2665/2244 688/2655/2236
f 665/2666/2245 664/2667/2245 677/2668/2245
f 1237/3704/3080 1234/3703/3079 1236/3700/3076
f 893/2583/2177 914/2669/2246 776/2670/2247
f 1220/3705/3081 1233/3697/3073 1230/3696/3072
f 666/1915/1619 667/1916/1620 668/1917/1621
f 669/1918/1622 670/1919/1623 667/1916/1620
f 913/2671/2248 915/2672/2249 666/2673/2250
f 670/1920/1624 669/1921/1624 671/1922/1624
f 669/1918/1622 667/1916/1620 666/1915/1619
f 672/1923/1625 673/1924/1626 669/1925/1627
f 672/2674/2251 666/2673/2250 915/2672/2249
f 1121/3706/3082 1236/3707/3083 1233/3708/3084
f 915/2672/2249 916/2675/2252 672/2674/2251
f 672/2044/1734 669/1918/1622 666/1915/1619
f 913/2671/2248 917/2676/2253 915/2672/2249
f 638/1926/1628 661/1927/1628 639/1928/1628
f 1121/3706/3082 1238/3709/3085 1236/3707/3083
f 672/2674/2251 916/2675/2252 673/2677/2254
f 673/1924/1626 671/1929/1629 669/1925/1627
f 1121/3706/3082 1124/3710/3086 1122/3711/3087
f 1121/3706/3082 1233/3708/3084 1124/3710/3086
f 673/1924/1626 674/1930/1630 671/1929/1629
f 1121/3712/3088 1136/3713/3088 1238/3714/3088
f 917/2678/2255 918/2679/2256 919/2680/2257
f 916/2681/2258 674/2682/2258 673/2735/2301
f 668/1931/1631 667/1932/1632 675/1933/1633
f 915/2683/2259 917/2684/2259 674/2685/2259
f 1236/3715/3089 1238/3716/3089 1239/3717/3089
f 676/1934/1634 677/1935/1635 678/1936/1636
f 671/1929/1629 679/1937/1637 670/1938/1638
f 1493/4688/3878 1385/4653/3843 1482/4654/3844
f 1237/3704/3080 1240/3718/3090 1234/3703/3079
f 913/2658/2239 908/2660/2241 918/2686/2260
f 917/2678/2255 919/2680/2257 920/2687/2261
f 665/1939/1639 677/1940/1640 680/1941/1641
f 1494/4689/3879 1482/4690/3880 1491/4691/3881
f 852/2444/2059 842/2445/2060 838/2446/2061
f 853/2447/2062 842/2445/2060 852/2444/2059
f 1487/4664/3854 1483/4666/3856 1490/4677/3867
f 913/2688/2262 918/2679/2256 917/2678/2255
f 854/2448/2063 855/2449/2064 853/2450/2065
f 1496/4692/3882 1497/4693/3883 1490/4694/3883
f 1497/4695/3884 1498/4696/3885 1499/4697/3886
f 1497/4693/3883 1487/4698/3887 1490/4694/3883
f 856/2451/2066 857/2452/2067 845/2453/2066
f 1301/3886/3221 1271/3820/3172 1300/3882/3217
f 680/1942/1642 677/1943/1643 681/1944/1644
f 1496/4699/3888 1490/4700/3889 1500/4701/3890
f 1491/4679/3869 1487/4817/3990 1501/4702/3891
f 1300/4380/3630 1299/4381/3631 1301/4382/3632
f 1279/3850/3196 1300/3885/3220 1294/3868/3208
f 1219/3639/3024 1241/3719/3091 1220/3640/3025
f 667/1945/1645 670/1938/1638 679/1937/1637
f 1292/4383/3633 1302/4384/3633 1275/4385/3633
f 774/2689/2263 787/2690/2263 783/2691/2263
f 1121/3331/2788 1122/3332/2789 1123/3333/2788
f 851/2443/2058 842/2428/2044 858/2454/2068
f 1122/3334/2790 1124/3335/2790 1123/3336/2790
f 665/1939/1639 680/1941/1641 682/1946/1646
f 1497/4695/3884 1496/4703/3892 1498/4696/3885
f 854/2455/2069 852/2456/2069 859/2457/2069
f 1492/4683/3873 1502/4704/3893 1490/4677/3867
f 894/2584/2178 912/2649/2232 910/2692/2264
f 908/2647/2230 910/2646/2229 701/2693/2265
f 687/2656/2237 897/2653/2234 688/2655/2236
f 1125/3337/2791 1119/3338/2792 1118/3339/2793
f 838/2423/2039 845/2435/2050 860/2458/2070
f 637/3340/2794 1126/3341/2795 1120/3342/2796
f 841/2426/2042 861/2459/2071 856/2460/2072
f 1389/4199/3478 1387/4189/3469 1388/4197/3476
f 1282/4705/3894 1424/4706/3894 1298/4707/3894
f 1240/3718/3090 1242/3720/3092 1234/3703/3079
f 1235/3721/3093 1225/3722/3094 1243/3723/3095
f 1237/3724/3096 1244/3725/3097 1240/3726/3098
f 921/2694/2266 918/2695/2267 922/2696/2268
f 852/2461/2073 838/2462/2074 860/2463/2073
f 852/2461/2073 860/2463/2073 859/2464/2075
f 1500/4701/3890 1498/4708/3895 1496/4699/3888
f 1127/3343/2797 1118/3328/2785 1120/3330/2787
f 640/1947/1647 663/1911/1615 683/1948/1648
f 1245/3727/3099 1233/3697/3073 1220/3705/3081
f 918/2695/2267 921/2694/2266 919/2697/2269
f 1295/4709/3896 1283/4710/3897 1298/4818/3896
f 908/2660/2241 922/2698/2270 918/2686/2260
f 1246/3728/3100 1220/3705/3081 1241/3729/3101
f 1246/3728/3100 1245/3727/3099 1220/3705/3081
f 1244/3725/3097 1237/3724/3096 1247/3730/3102
f 1231/3731/3103 1147/3732/3104 1219/3733/3105
f 665/1913/1617 683/1948/1648 663/1911/1615
f 684/1949/1649 683/1950/1650 665/1939/1639
f 850/2465/2076 851/2443/2058 858/2454/2068
f 675/1933/1633 685/1951/1651 668/1931/1631
f 684/1949/1649 648/1952/1652 683/1950/1650
f 1499/4711/3898 1487/4712/3898 1497/4713/3899
f 897/2593/2185 691/2699/2271 678/2643/2226
f 1389/4199/3478 863/4190/3470 1387/4189/3469
f 1247/3734/3106 1237/3735/3106 1236/3736/3106
f 1124/3737/3107 1233/3738/3108 1245/3739/3109
f 682/1953/1653 680/1942/1642 681/1944/1644
f 639/1833/1556 641/1835/1558 642/1836/1559
f 919/2697/2269 921/2694/2266 920/2700/2272
f 1244/3725/3097 1242/3740/3110 1240/3726/3098
f 1243/3741/3111 1231/3742/3112 1235/3743/3113
f 1280/3887/3222 1293/3888/3222 1282/3889/3222
f 1236/3744/3114 1239/3745/3114 1247/3746/3114
f 668/1954/1654 686/1955/1655 666/1956/1656
f 1244/3725/3097 1247/3747/3115 1242/3740/3110
f 636/1837/1560 638/1838/1561 639/1839/1560
f 1389/4714/3900 1384/4715/3901 1024/4716/3902
f 641/1957/1657 640/1947/1647 645/1958/1658
f 1246/3748/3116 1248/3749/3116 1245/3750/3116
f 841/2426/2042 840/2425/2041 861/2459/2071
f 1389/4199/3478 1024/4200/3479 863/4190/3470
f 1221/3751/3117 1234/3752/3118 1249/3753/3117
f 686/2045/1735 687/1959/1659 688/1960/1660
f 1242/3740/3110 1247/3747/3115 1239/3754/3119
f 1133/3755/3120 1225/3722/3094 1125/3756/3121
f 684/1949/1649 665/1939/1639 682/1946/1646
f 921/2694/2266 922/2701/2273 923/2702/2274
f 840/2466/2077 846/2467/2078 848/2468/2077
f 1127/3344/2798 1128/3345/2799 1129/3346/2800
f 849/2441/2056 851/2469/2079 850/2442/2057
f 686/2703/2275 688/2704/2275 666/2705/2275
f 921/2694/2266 923/2702/2274 920/2700/2272
f 853/2470/2080 858/2471/2081 842/2472/2082
f 893/2851/2390 971/2852/2390 914/2853/2390
f 920/2687/2261 924/2706/2276 917/2678/2255
f 923/2707/2277 922/2698/2270 908/2660/2241
f 1245/3739/3109 1248/3757/3122 1124/3737/3107
f 1225/3722/3094 1133/3755/3120 1243/3723/3095
f 689/1961/1661 684/1962/1662 682/1963/1663
f 1296/4717/3903 1502/4718/3903 1492/4719/3904
f 1239/3754/3119 1250/3758/3123 1242/3740/3110
f 687/1964/1664 690/1965/1665 691/1966/1666
f 686/2045/1735 690/1967/1667 687/1959/1659
f 1275/3894/3205 1302/3890/3223 1293/3865/3205
f 923/2702/2274 924/2708/2278 920/2700/2272
f 1246/3759/3124 1251/3760/3125 1248/3761/3125
f 689/1968/1668 682/1953/1653 681/1944/1644
f 1234/3703/3079 1242/3720/3092 1249/3762/3126
f 1241/3729/3101 1251/3763/3127 1246/3728/3100
f 1130/3347/2801 1120/3342/2796 1126/3341/2795
f 683/1948/1648 648/1969/1669 640/1947/1647
f 853/2470/2080 855/2473/2083 858/2471/2081
f 1128/3345/2799 1131/3348/2802 1129/3346/2800
f 1239/3754/3119 1252/3764/3128 1250/3758/3123
f 1241/3729/3101 1253/3765/3129 1251/3763/3127
f 1127/3343/2797 1120/3330/2787 1128/3349/2803
f 767/2854/2391 961/2855/2392 762/2856/2393
f 1248/3761/3125 1251/3760/3125 1254/3766/3130
f 1147/3767/3131 1241/3719/3091 1219/3639/3024
f 1132/3350/2804 637/3351/2805 647/3352/2806
f 701/2709/2279 923/2707/2277 908/2660/2241
f 917/2678/2255 924/2706/2276 674/2710/2280
f 1493/4688/3878 1503/4720/3905 1385/4653/3843
f 1250/3768/3132 1249/3762/3126 1242/3720/3092
f 923/2707/2277 701/2709/2279 925/2711/2281
f 925/2712/2282 926/2713/2283 923/2702/2274
f 923/2702/2274 926/2713/2283 924/2708/2278
f 690/1965/1665 692/1970/1670 693/1971/1671
f 1118/3339/2793 1127/3344/2798 1129/3346/2800
f 674/2710/2280 924/2706/2276 927/2714/2284
f 691/1966/1666 690/1965/1665 693/1971/1671
f 1293/4386/3634 1424/4387/3635 1282/4388/3636
f 893/2583/2177 776/2670/2247 912/2649/2232
f 1239/3754/3119 1255/3769/3133 1252/3764/3128
f 698/2715/2285 674/2710/2280 927/2714/2284
f 678/1972/1672 691/1973/1673 694/1974/1674
f 686/2045/1735 692/1975/1675 690/1967/1667
f 1504/4721/3906 1385/4653/3843 1503/4720/3905
f 776/2670/2247 702/2716/2286 912/2649/2232
f 926/2713/2283 927/2717/2287 924/2708/2278
f 677/1976/1676 676/1977/1677 681/1978/1677
f 1499/4711/3898 1501/4722/3907 1487/4712/3898
f 1243/3741/3111 1139/3770/3134 1231/3742/3112
f 1129/3346/2800 1125/3337/2791 1118/3339/2793
f 645/1958/1658 640/1947/1647 648/1969/1669
f 1493/4684/3874 1494/4686/3876 1505/4723/3908
f 693/1971/1671 694/1979/1678 691/1966/1666
f 926/2713/2283 928/2718/2288 927/2719/2289
f 642/1836/1559 643/1840/1562 639/1833/1556
f 1252/4389/3637 1255/4390/3638 1425/4391/3639
f 862/2474/2084 840/2466/2077 848/2468/2077
f 1426/4392/3640 1255/4393/3640 1239/4394/3640
f 648/1952/1652 684/1949/1649 695/1980/1679
f 863/2475/2085 814/2476/2086 847/2437/2052
f 1426/4395/3641 1425/4396/3641 1255/4397/3642
f 1254/3771/3135 1251/3763/3127 1253/3765/3129
f 1250/3772/3136 1252/3773/3136 1256/3774/3136
f 696/1981/1680 648/1952/1652 695/1980/1679
f 1252/4389/3637 1427/4398/3643 1256/4399/3644
f 925/2712/2282 928/2718/2288 926/2713/2283
f 1250/4400/3645 1256/4401/3646 1249/4402/3647
f 1253/3775/3137 1248/3757/3122 1254/3776/3138
f 925/2711/2281 701/2709/2279 928/2720/2290
f 1126/3353/2807 637/3351/2805 1132/3350/2804
f 1130/3354/2808 1128/3349/2803 1120/3330/2787
f 1301/4378/3629 1428/4403/3648 1423/4379/3629
f 643/1840/1562 642/1836/1559 644/1841/1563
f 1427/4398/3643 1252/4389/3637 1425/4391/3639
f 1253/3775/3137 1138/3777/3139 1248/3757/3122
f 1133/3355/2809 1125/3356/2810 1134/3357/2811
f 692/1982/1681 686/1955/1655 693/1983/1682
f 1129/3358/2812 1134/3357/2811 1125/3356/2810
f 929/2721/2291 927/2719/2289 928/2718/2288
f 767/2837/2382 766/2857/2394 765/2842/2385
f 849/2477/2087 770/2478/2087 778/2479/2087
f 1429/4404/3649 1426/4405/3650 1239/4406/3649
f 929/2722/2292 698/2715/2285 927/2714/2284
f 675/1984/1683 679/1937/1637 671/1929/1629
f 1126/3353/2807 1132/3350/2804 1135/3359/2813
f 685/1985/1684 693/1983/1682 686/1955/1655
f 1130/3354/2808 1131/3360/2814 1128/3349/2803
f 1491/4679/3869 1501/4702/3891 1506/4724/3909
f 761/2189/1859 762/2190/1859 763/2191/1859
f 679/1986/1685 675/1933/1633 667/1932/1632
f 1502/4704/3893 1500/4725/3910 1490/4677/3867
f 1299/4407/3651 1218/4408/3652 1229/4409/3653
f 1427/4410/3654 1249/4402/3647 1256/4401/3646
f 930/2723/2293 917/2724/2293 674/2725/2293
f 693/1971/1671 697/1987/1686 694/1979/1678
f 1425/4396/3641 1426/4395/3641 1427/4411/3655
f 861/2459/2071 840/2425/2041 862/2480/2088
f 1429/4404/3649 1239/4406/3649 1238/4412/3656
f 1238/4413/3657 1430/4414/3657 1429/4415/3658
f 1138/3777/3139 1124/3737/3107 1248/3757/3122
f 675/1984/1683 671/1929/1629 674/1930/1630
f 1136/3361/2815 1121/3331/2788 1123/3333/2788
f 1135/3362/2816 1130/3347/2801 1126/3341/2795
f 697/1988/1687 675/1989/1688 698/1990/1689
f 1505/4723/3908 1503/4726/3911 1493/4684/3874
f 1427/4410/3654 1426/4416/3659 1249/4402/3647
f 1138/3777/3139 1123/3778/3140 1124/3737/3107
f 1136/4417/3660 1430/4414/3657 1238/4413/3657
f 685/1985/1684 686/1955/1655 668/1954/1654
f 1123/3363/2817 1137/3364/2817 1136/3365/2818
f 645/1842/1564 642/1843/1565 641/1844/1566
f 675/1989/1688 674/1991/1690 698/1990/1689
f 854/2448/2063 853/2450/2065 852/2481/2089
f 1136/4418/3661 1426/4419/3662 1430/4420/3663
f 643/1840/1562 644/1841/1563 646/1845/1567
f 685/1992/1691 697/1988/1687 693/1993/1692
f 1137/4421/3664 1138/4422/3664 1253/4423/3664
f 1430/4420/3663 1426/4419/3662 1429/4424/3665
f 674/2682/2258 916/2681/2258 915/2726/2294
f 764/2192/1860 765/2193/1860 766/2194/1860
f 1150/4425/3666 1253/4426/3667 1241/4427/3668
f 1123/3363/2817 1138/3366/2819 1137/3364/2817
f 675/1989/1688 697/1988/1687 685/1992/1691
f 1136/4418/3661 1137/4546/3756 1426/4419/3662
f 696/1994/1693 695/1995/1694 699/1996/1695
f 1249/4428/3669 1426/4429/3670 1137/4430/3669
f 636/1837/1560 639/1839/1560 643/1846/1568
f 698/2727/2295 929/2728/2296 701/2709/2279
f 1431/4431/3671 1249/4428/3669 1137/4430/3669
f 699/1996/1695 684/1962/1662 689/1961/1661
f 1139/3367/2820 1133/3368/2821 1134/3369/2822
f 1506/4727/3912 1494/4689/3879 1491/4691/3881
f 858/2471/2081 855/2473/2083 864/2482/2090
f 637/3351/2805 636/3370/2823 647/3352/2806
f 697/1997/1696 698/1998/1697 700/1999/1697
f 572/3371/2824 1132/3372/2825 647/3373/2826
f 636/1847/1569 573/1848/1569 647/1849/1569
f 855/2483/2091 854/2484/2091 864/2485/2091
f 859/2486/2092 860/2487/2092 854/2488/2092
f 1506/4727/3912 1505/4723/3908 1494/4689/3879
f 1499/4728/3913 1500/4729/3914 1501/4730/3915
f 863/3039/2558 1024/3037/2558 814/3038/2558
f 698/1998/1697 701/2000/1698 700/1999/1697
f 1253/4426/3667 1150/4425/3666 1137/4432/3672
f 1241/4433/3673 1147/4434/3673 1150/4435/3673
f 701/2709/2279 929/2728/2296 928/2720/2290
f 864/2489/2093 860/2490/2094 858/2491/2095
f 864/2489/2093 854/2492/2096 860/2490/2094
f 1431/4436/3674 1229/4437/3674 1249/4438/3675
f 1498/4731/3916 1500/4729/3914 1499/4728/3913
f 1431/4439/3676 1137/4432/3672 1150/4425/3666
f 572/1690/1428 573/1691/1428 574/1692/1428
f 1431/4436/3674 1150/4440/3677 1229/4437/3674
f 1221/3751/3117 1249/3753/3117 1229/3779/3141
f 702/2001/1699 700/2002/1700 701/2003/1701
f 648/1850/1570 649/1851/1571 645/1852/1572
f 572/3374/2827 574/3375/2827 1088/3376/2827
f 650/1853/1573 646/1854/1573 573/1855/1573
f 767/2195/1861 762/2307/1861 768/2196/1861
f 700/2004/1702 694/1979/1678 697/1987/1686
f 573/1856/1574 643/1857/1574 650/1858/1574
f 572/3377/2828 1140/3378/2828 1141/3379/2828
f 696/1981/1680 649/2005/1703 648/1952/1652
f 649/1851/1571 651/1859/1575 645/1852/1572
f 1504/4732/3917 1384/4733/3918 1385/4734/3919
f 1504/4732/3917 1507/4735/3920 1384/4733/3918
f 1505/4723/3908 1506/4727/3912 1503/4726/3911
f 652/1860/1576 646/1861/1577 644/1862/1578
f 856/2451/2066 845/2453/2066 841/2493/2097
f 643/1863/1579 646/1864/1579 650/1865/1579
f 1130/3347/2801 1135/3362/2816 1142/3380/2829
f 642/1843/1565 645/1842/1564 651/1866/1580
f 1134/3369/2822 1143/3381/2830 1139/3367/2820
f 857/2494/2098 860/2458/2070 845/2435/2050
f 762/2856/2393 961/2855/2392 763/2861/2397
f 1299/4381/3631 1432/4441/3678 1301/4382/3632
f 1130/3354/2808 1141/3382/2831 1131/3360/2814
f 1130/3347/2801 1142/3380/2829 1144/3383/2832
f 1508/4736/3921 1506/4724/3909 1501/4702/3891
f 1509/4737/3922 1502/4718/3903 1296/4717/3903
f 649/2006/1704 696/1994/1693 699/1996/1695
f 702/2729/2297 701/2693/2265 910/2646/2229
f 1144/3384/2833 572/3385/2833 1141/3386/2833
f 1144/3387/2834 1141/3382/2831 1130/3354/2808
f 764/2858/2395 787/2784/2339 963/2811/2361
f 651/1866/1580 644/1862/1578 642/1843/1565
f 1292/4442/3679 1271/4443/3680 1423/4444/3681
f 1145/3388/2835 1146/3389/2835 1147/3390/2835
f 860/2458/2070 857/2494/2098 865/2495/2099
f 848/2438/2053 847/2437/2052 814/2476/2086
f 678/1972/1672 694/1974/1674 703/2007/1705
f 1243/3780/3142 1133/3781/3142 1139/3782/3142
f 1509/4738/3923 1296/4662/3852 1495/4687/3877
f 850/2496/2100 866/2497/2101 770/2498/2102
f 860/2458/2070 865/2495/2099 867/2499/2103
f 636/1867/1581 643/1868/1581 573/1869/1581
f 856/2500/2104 865/2501/2105 857/2502/2106
f 1141/3391/2836 1140/3392/2836 1148/3393/2836
f 1509/4739/3924 1510/4740/3925 1502/4741/3926
f 1149/3394/2837 1150/3395/2837 1147/3396/2837
f 653/1870/1582 574/1871/1583 573/1872/1584
f 865/2501/2105 856/2500/2104 868/2503/2107
f 858/2454/2068 866/2504/2108 850/2465/2076
f 1295/4709/3896 1298/4818/3896 1495/4742/3927
f 1302/4445/3682 1424/4387/3635 1293/4386/3634
f 1144/3397/2838 1142/3398/2838 572/3399/2838
f 702/2716/2286 910/2692/2264 912/2649/2232
f 1132/3350/2804 1151/3400/2839 1135/3359/2813
f 702/2001/1699 694/2008/1706 700/2002/1700
f 1502/4743/3928 1510/4744/3928 1511/4745/3928
f 1148/3401/2840 1131/3348/2802 1141/3402/2841
f 866/2497/2101 869/2505/2109 770/2498/2102
f 1508/4746/3929 1503/4747/3930 1506/4748/3931
f 812/4749/3932 814/4750/3932 1024/4751/3932
f 1135/3359/2813 1151/3400/2839 1142/3403/2842
f 1129/3346/2800 1131/3348/2802 1152/3404/2843
f 572/3371/2824 1151/3405/2844 1132/3372/2825
f 572/3371/2824 1142/3406/2845 1151/3405/2844
f 703/2007/1705 694/1974/1674 704/2009/1707
f 694/1974/1674 702/2010/1708 704/2009/1707
f 1509/4739/3924 1512/4752/3933 1510/4740/3925
f 1512/4752/3933 1511/4753/3934 1510/4740/3925
f 572/3371/2824 647/3373/2826 573/3407/2846
f 1502/4704/3893 1511/4754/3935 1500/4725/3910
f 1149/4446/3683 1229/4409/3653 1150/4547/3757
f 1088/3408/2847 1153/3409/2848 572/3410/2849
f 654/1873/1585 652/1874/1586 651/1859/1575
f 870/2506/2110 770/2498/2102 869/2505/2109
f 1154/3411/2850 1143/3381/2830 1134/3369/2822
f 1292/4447/3684 1433/4448/3685 1434/4449/3686
f 871/2507/2111 858/2454/2068 867/2553/2149
f 1231/4450/3687 1139/4451/3687 1145/4452/3687
f 867/2499/2103 858/2554/2150 860/2458/2070
f 858/2454/2068 869/2508/2112 866/2504/2108
f 705/2011/1709 681/1978/1677 676/1977/1677
f 676/1934/1634 678/1936/1636 703/2012/1710
f 644/1862/1578 651/1866/1580 652/1860/1576
f 1500/4725/3910 1511/4754/3935 1513/4755/3936
f 1302/4453/3688 1292/4447/3684 1434/4449/3686
f 572/3412/2851 1153/3413/2851 1140/3414/2851
f 574/1871/1583 653/1870/1582 581/1875/1587
f 1154/3415/2852 1134/3357/2811 1129/3358/2812
f 1511/4753/3934 1512/4752/3933 1513/4756/3937
f 1302/4445/3682 1434/4454/3689 1424/4387/3635
f 869/2508/2112 858/2454/2068 871/2507/2111
f 870/2506/2110 869/2505/2109 773/2509/2113
f 1501/4702/3891 1513/4755/3936 1508/4736/3921
f 649/1851/1571 654/1873/1585 651/1859/1575
f 1500/4725/3910 1513/4755/3936 1501/4702/3891
f 764/2197/1862 766/2198/1863 769/2199/1864
f 1509/4738/3923 1495/4687/3877 1512/4757/3938
f 767/2200/1865 769/2201/1866 766/2202/1867
f 646/1861/1577 652/1860/1576 655/1876/1588
f 653/1870/1582 573/1872/1584 646/1861/1577
f 868/2503/2107 867/2510/2114 865/2501/2105
f 769/2201/1866 767/2200/1865 768/2203/1868
f 869/2505/2109 871/2511/2115 773/2509/2113
f 770/2204/1869 771/2205/1870 772/2206/1871
f 689/1968/1668 681/1944/1644 699/2013/1711
f 1508/4758/3939 1513/4759/3940 1514/4760/3941
f 870/2512/2116 773/2513/2116 770/2555/2116
f 1512/4752/3933 1515/4761/3942 1513/4756/3937
f 773/2514/2117 867/2515/2117 868/2516/2118
f 1428/4455/3690 1301/4382/3632 1432/4441/3678
f 1434/4449/3686 1433/4448/3685 1435/4456/3691
f 1129/3358/2812 1152/3416/2853 1154/3415/2852
f 1508/4746/3929 1514/4762/3943 1503/4747/3930
f 1155/3417/2854 1131/3348/2802 1148/3401/2840
f 699/1996/1695 695/1995/1694 684/1962/1662
f 654/1873/1585 655/1877/1589 652/1874/1586
f 773/2514/2117 871/2517/2119 867/2515/2117
f 1514/4763/3944 1516/4764/3945 1503/4720/3905
f 1515/4765/3946 1514/4760/3941 1513/4759/3940
f 655/1877/1589 654/1873/1585 575/1878/1590
f 1140/3418/2855 1155/3419/2855 1148/3420/2855
f 815/2518/2120 868/2519/2121 872/2520/2122
f 848/2521/2123 873/2522/2124 862/2523/2125
f 771/2205/1870 770/2204/1869 773/2207/1872
f 774/2208/1873 775/2209/1873 776/2210/1873
f 1507/4766/3947 1504/4767/3948 1517/4768/3949
f 1435/4456/3691 1433/4448/3685 1436/4457/3692
f 1131/3348/2802 1155/3417/2854 1152/3404/2843
f 1088/3421/2856 574/3422/2856 578/3423/2856
f 1504/4767/3948 1518/4769/3950 1517/4768/3949
f 848/2521/2123 874/2524/2126 873/2522/2124
f 769/2199/1864 777/2211/1874 764/2197/1862
f 1504/4767/3948 1519/4770/3951 1518/4769/3950
f 653/1870/1582 655/1876/1588 656/1879/1591
f 1428/4458/3693 1437/4459/3693 1423/4460/3693
f 705/2014/1712 699/2013/1711 681/1944/1644
f 1024/4716/3902 1384/4715/3901 1507/4771/3952
f 770/2204/1869 761/2212/1875 778/2213/1876
f 653/1870/1582 646/1861/1577 655/1876/1588
f 653/1880/1592 656/1881/1592 657/1882/1592
f 874/2525/2127 814/2476/2086 813/2526/2128
f 761/2212/1875 770/2204/1869 772/2206/1871
f 1149/3424/2857 1156/3425/2857 1157/3426/2857
f 1145/3783/3143 1147/3732/3104 1231/3731/3103
f 1504/4721/3906 1503/4720/3905 1516/4764/3945
f 873/2527/2129 856/2460/2072 861/2459/2071
f 1504/4767/3948 1516/4772/3953 1519/4770/3951
f 768/2203/1868 777/2214/1877 769/2201/1866
f 762/2215/1878 779/2216/1879 768/2217/1880
f 762/2215/1878 780/2218/1881 781/2219/1882
f 874/2525/2127 848/2438/2053 814/2476/2086
f 776/2730/2298 914/2731/2298 774/2732/2298
f 1438/4461/3694 1433/4462/3695 1292/4442/3679
f 1146/3427/2858 1145/3428/2859 1149/3429/2860
f 1428/4463/3696 1432/4464/3696 1437/4465/3696
f 1155/3430/2861 1154/3415/2852 1152/3416/2853
f 1292/4442/3679 1423/4444/3681 1438/4461/3694
f 774/2220/1883 775/2221/1883 782/2222/1883
f 774/2223/1884 783/2224/1884 784/2225/1884
f 776/2226/1885 704/2227/1885 702/2228/1885
f 1146/3431/2862 1149/3432/2862 1147/3433/2862
f 1432/4466/3697 1439/4467/3697 1437/4468/3697
f 762/2215/1878 781/2219/1882 779/2216/1879
f 1299/4407/3651 1229/4409/3653 1149/4446/3683
f 1157/4469/3698 1440/4470/3699 1299/4471/3700
f 1145/3428/2859 1156/3434/2863 1149/3429/2860
f 1432/4472/3701 1299/4471/3700 1440/4470/3699
f 1437/4473/3702 1439/4474/3702 1423/4475/3702
f 774/2229/1886 784/2230/1886 775/2231/1886
f 1432/4476/3703 1440/4477/3703 1439/4478/3703
f 715/2232/1887 714/2233/1888 776/2234/1889
f 715/2232/1887 776/2234/1889 775/2235/1890
f 776/2234/1889 714/2233/1888 704/2236/1891
f 1149/4479/3704 1157/4469/3698 1299/4471/3700
f 714/2047/1736 715/2048/1737 716/2049/1738
f 714/2050/1739 706/2051/1739 704/2052/1739
f 676/2015/1713 703/2016/1714 705/2017/1715
f 706/2018/1716 705/2017/1715 704/2019/1717
f 704/2019/1717 705/2017/1715 703/2016/1714
f 1439/4480/3705 1441/4481/3706 1423/4482/3707
f 764/2237/1892 785/2238/1893 783/2239/1894
f 786/2240/1895 715/2241/1896 775/2242/1897
f 1140/3435/2864 1153/3436/2864 1155/3437/2864
f 783/2239/1894 787/2243/1898 764/2237/1892
f 706/2020/1718 707/2021/1718 705/2022/1718
f 656/1883/1593 655/1877/1589 575/1878/1590
f 784/2244/1899 786/2240/1895 775/2242/1897
f 699/1996/1695 708/2023/1719 649/2006/1704
f 581/1875/1587 653/1870/1582 657/1884/1594
f 861/2528/2130 862/2523/2125 873/2522/2124
f 1024/4716/3902 1507/4771/3952 1517/4773/3954
f 777/2214/1877 768/2203/1868 788/2245/1900
f 1164/4483/3708 1440/4484/3709 1157/4485/3710
f 783/2246/1901 786/2247/1902 784/2248/1903
f 783/2239/1894 785/2238/1893 789/2249/1904
f 1439/4486/3711 1440/4484/3709 1441/4487/3712
f 1440/4484/3709 1164/4483/3708 1176/4488/3713
f 1024/4716/3902 1517/4773/3954 1518/4774/3955
f 764/2237/1892 790/2250/1905 785/2238/1893
f 1520/4775/3956 1495/4776/3957 1298/4777/3958
f 1520/4778/3959 1512/4757/3938 1495/4687/3877
f 581/1875/1587 657/1884/1594 583/1885/1595
f 1435/4549/3758 1460/4550/3759 1424/4551/3760
f 812/2308/1955 813/2309/1955 814/2310/1955
f 1424/4387/3635 1434/4454/3689 1435/4489/3714
f 1298/4777/3958 1424/4779/3960 1460/4780/3961
f 788/2251/1906 764/2197/1862 777/2211/1874
f 1154/3415/2852 1155/3430/2861 1153/3438/2865
f 576/1886/1596 575/1887/1597 654/1888/1598
f 790/2252/1907 764/2197/1862 791/2253/1908
f 1440/4484/3709 1442/4490/3715 1441/4487/3712
f 577/1889/1599 583/1890/1600 575/1878/1590
f 656/1891/1601 583/1892/1601 657/1893/1601
f 583/1890/1600 656/1883/1593 575/1878/1590
f 868/2519/2121 856/2460/2072 875/2529/2131
f 1514/4763/3944 1515/4781/3962 1521/4782/3963
f 1438/4461/3694 1443/4491/3716 1433/4462/3695
f 856/2460/2072 873/2527/2129 875/2529/2131
f 874/2524/2126 876/2530/2132 816/2531/2133
f 707/2024/1720 699/2013/1711 705/2014/1712
f 764/2197/1862 788/2251/1906 791/2253/1908
f 1460/4780/3961 1462/4783/3964 1298/4777/3958
f 783/2246/1901 792/2254/1909 786/2247/1902
f 875/2532/2134 873/2522/2124 874/2524/2126
f 1512/4757/3938 1520/4778/3959 1522/4784/3965
f 1460/4550/3759 1435/4549/3758 1436/4552/3761
f 1153/3438/2865 1158/3439/2866 1154/3415/2852
f 1518/4769/3950 1519/4770/3951 1523/4785/3966
f 768/2217/1880 779/2216/1879 793/2255/1910
f 1298/4777/3958 1522/4786/3967 1520/4775/3956
f 1154/3415/2852 1158/3439/2866 1159/3440/2867
f 1443/4553/3762 1436/4554/3762 1433/4555/3763
f 768/2203/1868 794/2256/1911 788/2245/1900
f 786/2240/1895 792/2257/1912 715/2241/1896
f 1440/4484/3709 1176/4488/3713 1442/4490/3715
f 575/1693/1429 576/1694/1430 577/1695/1431
f 1160/3441/2868 1158/3442/2869 1153/3443/2870
f 795/2258/1913 768/2203/1868 793/2259/1914
f 783/2246/1901 789/2260/1915 792/2254/1909
f 716/2049/1738 706/2053/1740 714/2047/1736
f 583/1894/1602 577/1895/1602 580/1896/1602
f 1523/4787/3968 1024/4716/3902 1518/4774/3955
f 1522/4784/3965 1515/4781/3962 1512/4757/3938
f 772/2261/1916 771/2262/1917 780/2218/1881
f 1438/4492/3717 1423/4482/3707 1444/4493/3718
f 1524/4788/3969 1516/4764/3945 1514/4763/3944
f 795/2258/1913 793/2259/1914 796/2263/1918
f 1441/4481/3706 1442/4494/3719 1423/4482/3707
f 762/2215/1878 772/2261/1916 780/2218/1881
f 1139/3444/2871 1156/3445/2871 1145/3446/2871
f 1444/4493/3718 1445/4495/3720 1438/4492/3717
f 795/2258/1913 794/2256/1911 768/2203/1868
f 1446/4496/3721 1438/4461/3694 1445/4497/3722
f 876/2533/2135 877/2534/2135 816/2535/2135
f 1525/4789/3970 1524/4788/3969 1514/4763/3944
f 815/2518/2120 773/2556/2151 868/2519/2121
f 762/2215/1878 761/2264/1919 772/2261/1916
f 1298/4777/3958 1464/4790/3971 1522/4786/3967
f 1443/4553/3762 1461/4556/3764 1436/4554/3762
f 1024/4716/3902 1523/4787/3968 1526/4791/3972
f 785/2238/1893 797/2265/1920 789/2249/1904
f 578/1696/1432 574/1697/1432 579/1698/1432
f 798/2266/1921 795/2258/1913 796/2263/1918
f 1462/4557/3765 1460/4550/3759 1436/4552/3761
f 791/2253/1908 799/2267/1922 790/2252/1907
f 1438/4461/3694 1446/4496/3721 1443/4491/3716
f 1464/4790/3971 1521/4792/3973 1522/4786/3967
f 1522/4784/3965 1521/4782/3963 1515/4781/3962
f 706/2053/1740 716/2049/1738 709/2054/1741
f 796/2268/1923 793/2269/1923 779/2270/1923
f 1444/4493/3718 1423/4482/3707 1442/4494/3719
f 1156/3447/2872 1139/3448/2873 1143/3449/2874
f 796/2271/1924 779/2272/1925 800/2273/1925
f 816/2536/2136 877/2537/2136 817/2538/2136
f 798/2266/1921 796/2263/1918 800/2274/1926
f 872/2539/2137 875/2532/2134 816/2531/2133
f 1526/4793/3974 1523/4785/3966 1519/4770/3951
f 785/2238/1893 790/2250/1905 799/2275/1927
f 815/2518/2120 771/2540/2138 773/2556/2151
f 876/2541/2139 817/2542/2139 877/2543/2140
f 872/2520/2122 868/2519/2121 875/2529/2131
f 1463/4558/3766 1462/4557/3765 1436/4552/3761
f 1446/4496/3721 1445/4497/3722 1447/4498/3723
f 1521/4782/3963 1525/4789/3970 1514/4763/3944
f 875/2532/2134 874/2524/2126 816/2531/2133
f 1461/4559/3767 1463/4558/3766 1436/4552/3761
f 1464/4794/3975 1525/4795/3976 1521/4796/3977
f 816/2544/2141 815/2545/2142 872/2546/2143
f 781/2547/2144 815/2545/2142 816/2544/2141
f 874/2525/2127 813/2526/2128 876/2548/2145
f 1156/3450/2875 1161/3451/2876 1157/3452/2877
f 1519/4770/3951 1524/4797/3978 1525/4798/3979
f 801/2276/1928 794/2277/1929 795/2278/1930
f 1463/4560/3768 1464/4561/3768 1462/4562/3768
f 1464/4790/3971 1298/4777/3958 1462/4783/3964
f 801/2276/1928 795/2278/1930 798/2279/1931
f 876/2541/2139 813/2549/2146 817/2542/2139
f 1024/4716/3902 1526/4791/3972 812/4799/3980
f 802/2280/1932 715/2241/1896 792/2257/1912
f 800/2273/1925 779/2272/1925 803/2281/1933
f 781/2311/1956 771/2312/1956 815/2313/1956
f 1525/4795/3976 1464/4794/3975 1519/4800/3981
f 1519/4770/3951 1516/4772/3953 1524/4797/3978
f 780/2282/1934 771/2283/1934 781/2284/1934
f 801/2276/1928 788/2251/1906 794/2277/1929
f 1526/4801/3982 1519/4800/3981 1468/4802/3983
f 779/2314/1957 781/2414/2034 816/2315/1958
f 817/2550/2147 818/2551/2147 816/2557/2147
f 798/2266/1921 800/2274/1926 803/2285/1935
f 576/1694/1430 580/1699/1433 577/1695/1431
f 1519/4800/3981 1464/4794/3975 1468/4802/3983
f 817/2316/1959 813/2317/1959 818/2318/1959
f 1464/4794/3975 1465/4803/3984 1468/4802/3983
f 791/2286/1936 801/2276/1928 804/2287/1937
f 1464/4563/3769 1463/4564/3769 1465/4565/3769
f 779/2314/1957 816/2315/1958 818/2415/2035
f 779/2314/1957 818/2415/2035 805/2319/1960
f 1463/4558/3766 1461/4559/3767 1466/4566/3770
f 1468/4804/3985 812/4805/3985 1526/4806/3985
f 779/2288/1938 805/2289/1938 803/2290/1938
f 1442/4490/3715 1176/4488/3713 1444/4499/3724
f 791/2253/1908 788/2251/1906 801/2276/1928
f 789/2260/1915 802/2291/1939 792/2254/1909
f 1158/3442/2869 1162/3453/2878 1159/3454/2879
f 799/2292/1940 791/2286/1936 806/2293/1941
f 818/2320/1961 804/2321/1961 805/2322/1962
f 1465/4567/3771 1467/4568/3772 1468/4569/3773
f 1466/4566/3770 1465/4567/3771 1463/4558/3766
f 803/2285/1935 804/2294/1942 798/2266/1921
f 1086/3455/2880 1143/3381/2830 1154/3411/2850
f 798/2279/1931 804/2287/1937 801/2276/1928
f 818/2323/1963 813/2324/1963 819/2325/1963
f 805/2295/1943 804/2294/1942 803/2285/1935
f 1443/4491/3716 1446/4496/3721 1447/4498/3723
f 799/2275/1927 806/2296/1944 785/2238/1893
f 1444/4493/3718 1447/4500/3725 1445/4495/3720
f 806/2326/1964 804/2327/1964 819/2328/1964
f 1465/4567/3771 1466/4566/3770 1467/4568/3772
f 1468/4569/3773 1467/4568/3772 812/4570/3774
f 1443/4571/3775 1469/4572/3776 1461/4573/3777
f 1466/4574/3778 1461/4573/3777 1469/4572/3776
f 709/2025/1721 710/2026/1721 707/2046/1721
f 819/2329/1965 804/2321/1961 818/2320/1961
f 806/2293/1941 791/2286/1936 804/2287/1937
f 1469/4572/3776 1467/4575/3779 1466/4574/3778
f 649/1897/1603 586/1898/1604 654/1888/1598
f 1443/4807/3986 1470/4808/3986 1527/4809/3986
f 716/2049/1738 715/2048/1737 717/2055/1742
f 1469/4810/3987 1443/4811/3987 1527/4812/3987
f 812/4576/3780 1467/4575/3779 1469/4572/3776
f 819/2330/1966 820/2331/1967 806/2332/1968
f 1527/4813/3988 1470/4814/3988 1469/4815/3988
f 812/4577/3781 1469/4578/3782 1470/4579/3783
f 715/2241/1896 802/2280/1932 717/2297/1945
f 706/2053/1740 709/2054/1741 707/2056/1743
f 1159/3456/2881 1162/3457/2882 1154/3411/2850
f 812/4577/3781 454/4580/3784 813/4581/3785
f 1448/4582/3786 1443/4583/3786 1447/4584/3787
f 574/1700/1434 581/1701/1435 579/1702/1436
f 1088/3408/2847 1160/3458/2883 1153/3409/2848
f 707/2024/1720 710/2027/1722 699/2013/1711
f 820/2331/1967 819/2330/1966 191/2333/1969
f 1158/3442/2869 1083/3459/2884 1162/3453/2878
f 1444/4493/3718 1448/4501/3726 1447/4500/3725
f 806/2334/1970 821/2335/1971 785/2336/1972
f 1143/3449/2874 1163/3460/2885 1156/3447/2872
f 1444/4493/3718 1449/4502/3727 1448/4501/3726
f 1158/3442/2869 1160/3441/2868 1083/3459/2884
f 1161/3451/2876 1164/3461/2886 1157/3452/2877
f 785/2238/1893 807/2298/1946 797/2265/1920
f 1166/3501/2915 1164/3502/2916 1161/3503/2917
f 1166/3501/2915 1173/3504/2918 1164/3502/2916
f 716/2057/1744 718/2058/1745 709/2059/1746
f 582/1703/1437 583/1704/1438 580/1705/1437
f 789/2260/1915 808/2299/1947 802/2291/1939
f 718/2058/1745 716/2057/1744 719/2060/1747
f 1449/4503/3728 1176/4504/3728 1450/4505/3728
f 797/2300/1948 809/2301/1949 789/2260/1915
f 1443/4583/3786 1448/4582/3786 1470/4585/3788
f 807/2337/1973 785/2336/1972 821/2335/1971
f 582/1706/1439 581/1701/1435 583/1707/1440
f 1449/4506/3729 1444/4499/3724 1176/4488/3713
f 1163/3462/2887 1161/3451/2876 1156/3450/2875
f 1471/4586/3789 1472/4587/3790 1448/4588/3791
f 718/2061/1748 720/2062/1749 709/2063/1750
f 1470/4579/3783 1473/4589/3792 812/4577/3781
f 1165/3463/2888 1166/3464/2888 1161/3465/2888
f 710/2027/1722 711/2028/1723 699/2013/1711
f 807/2338/1974 821/2339/1975 822/2340/1976
f 1448/4588/3791 1472/4587/3790 1470/4590/3793
f 821/2335/1971 806/2334/1970 820/2341/1977
f 821/2339/1975 823/2342/1978 824/2343/1979
f 1470/4590/3793 1472/4587/3790 1474/4591/3794
f 812/4577/3781 1473/4589/3792 454/4580/3784
f 1470/4590/3793 1475/4592/3795 1476/4593/3796
f 802/2280/1932 808/2302/1950 717/2297/1945
f 1173/3505/2919 1174/3506/2920 1164/3507/2921
f 580/1699/1433 576/1694/1430 584/1708/1441
f 809/2301/1949 797/2300/1948 807/2303/1951
f 822/2340/1976 821/2339/1975 824/2343/1979
f 807/2338/1974 822/2340/1976 810/2344/1980
f 821/2339/1975 820/2345/1981 823/2342/1978
f 824/2346/1982 760/2347/1982 822/2348/1983
f 1474/4591/3794 1475/4592/3795 1470/4590/3793
f 760/2347/1982 824/2346/1982 825/2349/1984
f 820/2345/1981 825/2350/1985 823/2342/1978
f 824/2351/1986 823/2352/1986 825/2353/1986
f 820/2345/1981 191/2354/1987 825/2350/1985
f 810/2304/1952 809/2301/1949 807/2303/1951
f 1199/4594/3797 1474/4595/3798 1472/4596/3799
f 1474/4595/3798 1199/4594/3797 1475/4597/3800
f 1449/4598/3801 1455/4599/3802 1448/4600/3803
f 822/2355/1988 760/2356/1989 810/2357/1990
f 789/2260/1915 809/2301/1949 811/2305/1953
f 1448/4588/3791 1455/4601/3804 1471/4586/3789
f 586/1898/1604 576/1886/1596 654/1888/1598
f 1475/4597/3800 1199/4594/3797 1476/4602/3805
f 1449/4507/3730 1450/4508/3730 1451/4509/3730
f 1473/4603/3806 1470/4590/3793 1476/4593/3796
f 1160/3441/2868 1081/3466/2889 1083/3459/2884
f 808/2299/1947 789/2260/1915 811/2305/1953
f 1174/3506/2920 1173/3505/2919 1175/3508/2922
f 721/2064/1751 719/2065/1752 716/2066/1753
f 719/2067/1754 722/2068/1755 718/2069/1756
f 1081/3467/2890 1160/3468/2890 1085/3469/2890
f 760/2358/1991 825/2359/1991 191/2360/1991
f 1083/3470/2891 1086/3455/2880 1154/3411/2850
f 1199/4604/3807 1472/4605/3808 1471/4606/3809
f 1174/3509/2923 1176/3510/2924 1164/3511/2925
f 709/2186/1857 711/2070/1757 710/2071/1758
f 1449/4598/3801 1451/4607/3810 1455/4599/3802
f 1451/4510/3731 1450/4511/3732 1176/4512/3733
f 717/2055/1742 721/2072/1759 716/2049/1738
f 1166/3512/2926 1175/3513/2927 1173/3514/2926
f 699/2013/1711 711/2028/1723 712/2029/1724
f 586/2030/1725 649/2006/1704 708/2023/1719
f 1199/4608/3811 1473/4609/3811 1476/4610/3812
f 177/2361/1992 191/2333/1969 819/2330/1966
f 757/2362/1993 809/2363/1994 810/2357/1990
f 811/2306/1954 717/2297/1945 808/2302/1950
f 582/1703/1437 580/1705/1437 584/1709/1442
f 1165/3471/2892 1163/3462/2887 1167/3472/2893
f 1165/3471/2892 1161/3451/2876 1163/3462/2887
f 1083/3470/2891 1154/3411/2850 1162/3457/2882
f 720/2062/1749 718/2061/1748 722/2073/1760
f 712/2029/1724 708/2031/1726 699/2013/1711
f 1471/4606/3809 1455/4611/3813 1196/4612/3814
f 711/2070/1757 709/2186/1857 720/2074/1761
f 826/2364/1995 717/2365/1995 811/2366/1996
f 826/2367/1997 811/2368/1998 809/2369/1999
f 826/2364/1995 730/2370/2000 717/2365/1995
f 1168/3473/2894 1166/3474/2894 1165/3475/2894
f 1081/3227/2700 1082/3228/2701 1083/3229/2702
f 1166/3512/2926 1168/3515/2927 1175/3513/2927
f 1177/3516/2928 1178/3517/2929 1176/3510/2924
f 721/2064/1751 723/2075/1762 724/2076/1763
f 1174/3506/2920 1175/3508/2922 1177/3518/2930
f 586/2030/1725 708/2023/1719 658/2032/1727
f 810/2357/1990 760/2356/1989 757/2362/1993
f 1168/3519/2931 1165/3520/2931 1167/3521/2931
f 177/2361/1992 819/2330/1966 813/2371/2001
f 756/2372/2002 826/2367/1997 809/2369/1999
f 1175/3508/2922 1178/3522/2932 1177/3518/2930
f 1081/3227/2700 1084/3230/2703 1082/3228/2701
f 1452/4513/3734 1451/4510/3731 1176/4512/3733
f 708/2077/1764 712/2078/1765 591/2079/1764
f 1176/3510/2924 1174/3509/2923 1177/3516/2928
f 721/2064/1751 724/2076/1763 719/2065/1752
f 721/2072/1759 717/2055/1742 723/2080/1766
f 1451/4514/3735 1452/4515/3736 1453/4516/3736
f 713/2081/1767 708/2077/1764 591/2079/1764
f 1452/4515/3736 1454/4517/3737 1453/4516/3736
f 717/2055/1742 725/2082/1768 723/2080/1766
f 713/2033/1728 658/2032/1727 708/2023/1719
f 1086/3476/2895 1084/3477/2896 1169/3478/2895
f 1081/3227/2700 1085/3231/2704 1084/3230/2703
f 827/2373/2003 730/2374/2004 826/2375/2005
f 726/2083/1769 712/2084/1770 720/2074/1761
f 1143/3479/2897 1086/3476/2895 1169/3478/2895
f 720/2062/1749 722/2073/1760 726/2085/1771
f 723/2075/1762 727/2086/1772 724/2076/1763
f 723/2075/1762 725/2087/1773 727/2086/1772
f 724/2088/1774 726/2089/1775 722/2090/1776
f 1163/3460/2885 1143/3449/2874 1169/3480/2898
f 727/2091/1777 726/2089/1775 724/2088/1774
f 1168/3523/2933 1178/3524/2933 1175/3525/2934
f 727/2092/1778 725/2093/1778 726/2094/1778
f 724/2095/1779 722/2068/1755 719/2067/1754
f 1168/3523/2933 1167/3526/2935 1178/3524/2933
f 589/2096/1780 712/2084/1770 726/2083/1769
f 1086/3232/2705 1083/3233/2705 1082/3234/2705
f 1167/3472/2893 1163/3462/2887 1170/3481/2899
f 585/1710/1443 576/1711/1444 586/1712/1445
f 1087/3235/2706 1088/3236/2706 578/3237/2706
f 827/2376/2006 826/2367/1997 756/2372/2002
f 717/2055/1742 726/2083/1769 725/2082/1768
f 582/1713/1446 584/1714/1446 587/1715/1446
f 576/1711/1444 585/1710/1443 587/1716/1447
f 586/1899/1605 658/1900/1605 585/1901/1605
f 1455/4518/3738 1453/4519/3739 1193/4520/3740
f 587/1716/1447 584/1717/1448 576/1711/1444
f 591/2034/1729 658/2035/1729 713/2036/1730
f 712/2084/1770 711/2070/1757 720/2074/1761
f 454/2377/2007 177/2416/2007 813/2417/2007
f 827/2373/2003 828/2378/2008 730/2374/2004
f 1452/4513/3734 1176/4512/3733 1454/4521/3741
f 717/2055/1742 589/2096/1780 726/2083/1769
f 591/2034/1729 585/2037/1731 658/2035/1729
f 1169/3482/2900 1090/3483/2901 1171/3484/2902
f 1086/3238/2707 1082/3239/2707 1084/3240/2707
f 827/2376/2006 756/2372/2002 828/2379/2009
f 1170/3485/2903 1163/3486/2903 1169/3487/2903
f 585/1718/1449 588/1719/1450 582/1720/1451
f 1169/3482/2900 1084/3488/2904 1090/3483/2901
f 1455/4613/3815 1451/4614/3815 1453/4615/3815
f 1473/4589/3792 455/4616/3816 454/4580/3784
f 191/2333/1969 177/2361/1992 186/2380/2010
f 712/2038/1732 589/2039/1732 591/2040/1732
f 809/2369/1999 188/2381/2011 756/2372/2002
f 1087/3489/2905 1085/3490/2906 1088/3408/2847
f 829/2382/2012 828/2383/2013 756/2384/2014
f 1455/4518/3738 1193/4520/3740 1196/4522/3742
f 1453/4523/3743 1454/4524/3743 1176/4525/3743
f 829/2385/2015 730/2386/2015 828/2387/2015
f 582/1720/1451 587/1721/1452 585/1718/1449
f 1085/3231/2704 1087/3241/2708 1084/3230/2703
f 1453/4526/3744 1176/4527/3744 1456/4528/3744
f 1176/3510/2924 1178/3517/2929 1170/3527/2936
f 830/2388/2016 730/2389/2017 829/2382/2012
f 1176/3528/2937 1179/3529/2938 1180/3530/2939
f 1182/4529/3745 1180/4530/3745 1179/4531/3745
f 729/2390/2018 728/2391/2018 831/2392/2018
f 728/2097/1781 729/2098/1782 717/2099/1783
f 730/2100/1784 728/2101/1784 717/2102/1784
f 729/2393/2019 831/2394/2020 832/2395/2021
f 1176/4532/3746 1180/4533/3747 1456/4534/3748
f 1167/3531/2940 1170/3527/2936 1178/3517/2929
f 1180/4617/3817 1182/4618/3818 1477/4619/3819
f 829/2382/2012 756/2384/2014 748/2396/2022
f 730/2397/2023 831/2398/2023 728/2399/2023
f 1457/4535/3749 1176/4532/3746 1456/4534/3748
f 589/2103/1785 731/2104/1786 593/2105/1787
f 717/2099/1783 732/2106/1788 733/2107/1789
f 1458/4620/3820 1478/4621/3820 1182/4622/3820
f 582/1706/1439 579/1702/1436 581/1701/1435
f 730/2400/2024 830/2401/2024 831/2402/2024
f 830/2388/2016 748/2396/2022 831/2403/2025
f 830/2388/2016 829/2382/2012 748/2396/2022
f 732/2106/1788 717/2099/1783 729/2098/1782
f 1170/3491/2907 1169/3482/2900 1171/3484/2902
f 1458/4536/3750 1182/4548/3750 1181/4537/3750
f 1181/3532/2941 1182/3533/2941 1179/3597/2941
f 1479/4623/3821 1453/4624/3822 1456/4625/3823
f 1084/3242/2709 1089/3243/2710 1090/3244/2711
f 831/2394/2020 741/2404/2026 832/2395/2021
f 1181/4538/3751 1183/4539/3752 1459/4540/3751
f 1459/4626/3824 1478/4627/3824 1458/4628/3824
f 589/2041/1733 588/2042/1733 591/2043/1733
f 734/2108/1790 717/2099/1783 733/2107/1789
f 734/2109/1791 733/2110/1792 735/2111/1793
f 588/1722/1453 589/1723/1454 590/1724/1455
f 1179/3534/2942 1183/3535/2943 1181/3536/2944
f 1179/3529/2938 1184/3537/2945 1185/3538/2946
f 1090/3492/2908 1092/3493/2909 1171/3494/2910
f 588/1719/1450 585/1718/1449 591/1725/1456
f 1181/4538/3751 1459/4540/3751 1458/4541/3753
f 1179/3534/2942 1186/3539/2947 1183/3535/2943
f 1084/3242/2709 1091/3245/2712 1089/3243/2710
f 1179/3529/2938 1176/3528/2937 1184/3537/2945
f 1184/3537/2945 1172/3540/2948 1185/3538/2946
f 1184/3537/2945 1176/3528/2937 1170/3541/2949
f 809/2369/1999 757/2405/2027 188/2381/2011
f 1185/3542/2950 1187/3543/2951 1186/3539/2947
f 1172/3495/2911 1170/3496/2912 1171/3494/2910
f 731/2104/1786 717/2099/1783 734/2108/1790
f 748/2396/2022 741/2406/2028 831/2403/2025
f 1478/4629/3825 1459/4630/3826 1182/4618/3818
f 731/2104/1786 589/2103/1785 717/2099/1783
f 736/2112/1794 731/2113/1795 734/2109/1791
f 1087/3246/2713 1091/3245/2712 1084/3242/2709
f 1091/3247/2714 1092/3248/2715 1089/3249/2716
f 734/2109/1791 735/2111/1793 736/2112/1794
f 1172/3540/2948 1184/3537/2945 1170/3541/2949
f 1087/3250/2717 1093/3251/2717 1091/3252/2717
f 1092/3248/2715 1090/3253/2718 1089/3249/2716
f 740/2407/2029 737/2408/2030 732/2409/2031
f 1172/3495/2911 1092/3493/2909 1095/3497/2913
f 592/1726/1457 589/1723/1454 593/1727/1458
f 1094/3254/2719 1095/3255/2720 1092/3248/2715
f 1092/3493/2909 1172/3495/2911 1171/3494/2910
f 1092/3248/2715 1091/3247/2714 1096/3256/2721
f 1479/4623/3821 1456/4625/3823 1180/4631/3827
f 732/2114/1796 737/2115/1797 735/2111/1793
f 731/2113/1795 738/2116/1798 593/2117/1799
f 592/1728/1459 593/1729/1460 594/1730/1461
f 588/1722/1453 590/1724/1455 595/1731/1462
f 741/2404/2026 729/2393/2019 832/2395/2021
f 590/1724/1455 589/1723/1454 592/1726/1457
f 1097/3257/2722 1091/3247/2714 1093/3258/2723
f 1092/3248/2715 1096/3256/2721 1094/3254/2719
f 1098/3259/2724 1093/3258/2723 1099/3260/2725
f 1188/3544/2952 1189/3545/2953 1172/3546/2954
f 729/2393/2019 740/2407/2029 732/2409/2031
f 1093/3258/2723 1098/3259/2724 1097/3257/2722
f 1199/4604/3807 1471/4606/3809 1196/4612/3814
f 1085/3490/2906 1160/3458/2883 1088/3408/2847
f 1187/3543/2951 1185/3542/2950 1172/3546/2954
f 1099/3261/2726 1093/3262/2727 1100/3263/2728
f 1095/3498/2914 1107/3499/2914 1172/3500/2914
f 1180/4617/3817 1477/4619/3819 1479/4632/3828
f 1100/3264/2729 1087/3265/2730 578/3266/2731
f 1093/3267/2732 1087/3265/2730 1100/3264/2729
f 1199/4608/3811 455/4633/3829 1473/4609/3811
f 1094/3268/2733 1101/3269/2734 1095/3270/2735
f 1097/3257/2722 1098/3259/2724 1102/3271/2736
f 1477/4619/3819 1182/4618/3818 1480/4634/3830
f 590/1732/1463 592/1728/1459 596/1733/1464
f 597/1734/1465 598/1735/1465 582/1736/1465
f 1182/4618/3818 1459/4630/3826 1480/4634/3830
f 599/1737/1466 600/1738/1467 601/1739/1468
f 600/1740/1469 598/1741/1470 597/1742/1471
f 602/1743/1472 603/1744/1473 604/1745/1474
f 598/1746/1475 605/1747/1476 579/1748/1477
f 1096/3256/2721 1091/3247/2714 1103/3272/2737
f 599/1749/1478 606/1750/1479 605/1747/1476
f 607/1751/1480 588/1722/1453 595/1731/1462
f 1480/4635/3831 1459/4648/3831 1183/4636/3831
f 735/2111/1793 733/2110/1792 732/2114/1796
f 1185/3542/2950 1186/3539/2947 1179/3534/2942
f 1101/3269/2734 1094/3268/2733 1096/3273/2738
f 606/1752/1481 601/1739/1468 608/1753/1482
f 601/1739/1468 606/1752/1481 599/1737/1466
f 608/1753/1482 602/1743/1472 606/1752/1481
f 1102/3274/2739 1098/3275/2740 1100/3263/2728
f 1099/3261/2726 1100/3263/2728 1098/3275/2740
f 613/3276/2741 604/3277/2742 1104/3278/2743
f 594/1730/1461 596/1733/1464 592/1728/1459
f 599/1749/1478 605/1747/1476 600/1740/1469
f 1190/3547/2955 1186/3548/2956 1191/3549/2957
f 595/1754/1483 590/1732/1463 609/1755/1484
f 1102/3279/2744 1100/3280/2744 1103/3281/2744
f 610/1756/1485 588/1722/1453 607/1751/1480
f 597/1757/1486 611/1758/1486 600/1759/1486
f 579/1760/1487 582/1761/1487 598/1762/1487
f 612/1763/1488 600/1764/1489 611/1765/1490
f 613/1766/1491 605/1747/1476 604/1767/1492
f 582/1768/1493 588/1722/1453 610/1756/1485
f 605/1747/1476 598/1741/1470 600/1740/1469
f 612/1763/1488 601/1769/1494 600/1764/1489
f 579/1748/1477 613/1766/1491 578/1770/1495
f 605/1747/1476 606/1750/1479 602/1771/1496
f 605/1747/1476 613/1766/1491 579/1748/1477
f 1183/4637/3832 1477/4638/3833 1480/4639/3834
f 602/1743/1472 608/1753/1482 603/1744/1473
f 605/1747/1476 602/1771/1496 604/1767/1492
f 1105/3282/2745 578/3283/2745 1100/3284/2745
f 613/3276/2741 1104/3278/2743 578/3285/2746
f 1477/4638/3833 1183/4637/3832 1190/4640/3835
f 1104/3278/2743 1100/3286/2747 578/3285/2746
f 614/1772/1497 608/1773/1498 601/1769/1494
f 603/1774/1499 615/1775/1500 604/1829/1554
f 735/2118/1800 739/2119/1801 736/2120/1802
f 590/1732/1463 616/1776/1501 609/1755/1484
f 610/1756/1485 617/1777/1502 582/1768/1493
f 597/1778/1503 582/1768/1493 617/1777/1502
f 1104/3278/2743 1106/3287/2748 1100/3286/2747
f 595/1754/1483 618/1779/1504 607/1780/1505
f 614/1772/1497 601/1769/1494 612/1763/1488
f 1190/3547/2955 1183/3550/2958 1186/3548/2956
f 1091/3247/2714 1097/3257/2722 1103/3272/2737
f 1172/3546/2954 1189/3545/2953 1187/3543/2951
f 618/1779/1504 610/1781/1506 607/1780/1505
f 1097/3257/2722 1102/3271/2736 1103/3272/2737
f 735/2118/1800 737/2121/1803 740/2122/1804
f 735/2118/1800 740/2122/1804 741/2123/1805
f 735/2118/1800 741/2123/1805 739/2119/1801
f 617/1777/1502 611/1765/1490 597/1778/1503
f 614/1772/1497 603/1774/1499 608/1773/1498
f 1100/3286/2747 1106/3287/2748 1103/3288/2749
f 617/1777/1502 612/1763/1488 611/1765/1490
f 741/2404/2026 740/2407/2029 729/2393/2019
f 742/2124/1806 738/2116/1798 731/2113/1795
f 614/1772/1497 615/1775/1500 603/1774/1499
f 742/2124/1806 731/2113/1795 736/2112/1794
f 615/3289/2750 1106/3287/2748 604/3277/2742
f 1095/3270/2735 1101/3269/2734 1107/3290/2751
f 612/1782/1507 617/1783/1508 619/1784/1509
f 1104/3278/2743 604/3277/2742 1106/3287/2748
f 1172/3546/2954 1107/3551/2959 1188/3544/2952
f 595/1754/1483 609/1755/1484 618/1779/1504
f 1188/3552/2960 1192/3553/2961 1189/3554/2962
f 736/2120/1802 743/2125/1807 742/2126/1808
f 1188/3552/2960 1111/3555/2963 1192/3553/2961
f 1106/3291/2752 1108/3292/2753 1109/3293/2754
f 1191/3549/2957 1187/3556/2964 1189/3554/2962
f 634/3294/2755 1106/3291/2752 615/3295/2756
f 593/2117/1799 738/2116/1798 744/2127/1809
f 615/3295/2756 627/3296/2757 634/3294/2755
f 1103/3297/2758 1109/3298/2759 1110/3299/2760
f 1188/3552/2960 1107/3557/2965 1111/3555/2963
f 743/2125/1807 738/2128/1810 742/2126/1808
f 736/2120/1802 739/2119/1801 745/2129/1811
f 1101/3300/2761 1111/3301/2762 1107/3302/2763
f 594/2130/1812 593/2117/1799 744/2127/1809
f 612/1782/1507 619/1784/1509 614/1785/1510
f 618/1779/1504 620/1786/1511 610/1781/1506
f 1453/4624/3822 1479/4623/3821 1194/4641/3836
f 744/2131/1813 622/2132/1814 594/2133/1815
f 743/2125/1807 736/2120/1802 745/2129/1811
f 1477/4638/3833 1190/4640/3835 1479/4642/3837
f 1186/3548/2956 1187/3556/2964 1191/3549/2957
f 746/2134/1816 747/2135/1817 739/2119/1801
f 1110/3299/2760 1096/3273/2738 1103/3297/2758
f 748/2136/1818 188/2137/1818 741/2138/1818
f 747/2135/1817 745/2129/1811 739/2119/1801
f 1190/3558/2966 1191/3559/2967 460/3560/2968
f 743/2125/1807 745/2129/1811 749/2139/1819
f 1190/4643/3838 1194/4644/3838 1479/4645/3838
f 746/2134/1816 739/2119/1801 741/2123/1805
f 746/2140/1820 741/2141/1821 188/2142/1822
f 619/1784/1509 615/1787/1512 614/1785/1510
f 749/2143/1823 745/2144/1824 174/2145/1825
f 1191/3549/2957 1189/3554/2962 1192/3553/2961
f 594/1788/1513 621/1789/1514 596/1790/1515
f 750/2146/1826 744/2131/1813 738/2128/1810
f 622/1791/1516 623/1792/1517 594/1788/1513
f 590/1732/1463 596/1733/1464 616/1776/1501
f 1190/3558/2966 460/3560/2968 1193/3561/2969
f 745/2144/1824 747/2147/1827 174/2145/1825
f 743/2125/1807 749/2139/1819 751/2148/1828
f 751/2148/1828 749/2139/1819 752/2149/1829
f 750/2150/1830 751/2151/1831 753/2152/1832
f 750/2146/1826 622/2132/1814 744/2131/1813
f 621/1789/1514 594/1788/1513 623/1792/1517
f 747/2147/1827 754/2153/1833 174/2145/1825
f 753/2154/1834 751/2155/1834 752/2156/1834
f 750/2146/1826 743/2125/1807 751/2148/1828
f 755/2157/1835 750/2150/1830 753/2152/1832
f 1453/4542/3754 1194/4543/3754 1195/4544/3754
f 1193/4520/3740 1453/4519/3739 1195/4545/3755
f 1112/3303/2764 1096/3273/2738 1110/3299/2760
f 1111/3301/2762 1101/3300/2761 1113/3304/2765
f 750/2146/1826 738/2128/1810 743/2125/1807
f 616/1793/1518 596/1790/1515 621/1789/1514
f 1101/3269/2734 1096/3273/2738 1112/3303/2764
f 1115/3562/2970 1192/3553/2961 1111/3555/2963
f 1111/3301/2762 1114/3305/2766 1115/3306/2767
f 747/2147/1827 746/2140/1820 754/2153/1833
f 617/1783/1508 624/1794/1519 619/1784/1509
f 755/2157/1835 749/2143/1823 174/2145/1825
f 754/2153/1833 746/2140/1820 188/2142/1822
f 622/2158/1836 750/2150/1830 625/2159/1837
f 188/2160/1838 748/2161/1838 756/2162/1838
f 1115/3563/2971 479/3564/2972 1192/3565/2973
f 617/1795/1520 610/1781/1506 620/1786/1511
f 625/1796/1521 621/1797/1522 623/1798/1523
f 626/1799/1524 175/1800/1525 173/1801/1526
f 1113/3304/2765 1101/3300/2761 1112/3307/2768
f 615/1787/1512 619/1784/1509 627/1802/1527
f 621/1789/1514 618/1803/1528 609/1804/1529
f 616/1793/1518 621/1789/1514 609/1804/1529
f 1194/3566/2974 1190/3567/2974 1195/3568/2974
f 620/1805/1530 618/1803/1528 621/1789/1514
f 624/1806/1531 617/1795/1520 628/1807/1532
f 1191/3559/2967 1192/3565/2973 460/3560/2968
f 617/1795/1520 620/1786/1511 628/1807/1532
f 1113/3304/2765 1112/3307/2768 1110/3308/2769
f 1190/3569/2975 1193/3570/2975 1195/3571/2975
f 1115/3309/2770 1114/3310/2771 1116/3311/2772
f 1111/3301/2762 1113/3304/2765 1114/3305/2766
f 625/1796/1521 623/1798/1523 622/1808/1533
f 634/3312/2773 630/3313/2774 1108/3314/2775
f 629/1809/1534 628/1810/1535 620/1805/1530
f 627/1811/1536 619/1812/1537 630/1813/1538
f 619/1812/1537 624/1814/1539 630/1813/1538
f 629/1809/1534 624/1814/1539 628/1810/1535
f 1113/3304/2765 1110/3308/2769 1109/3315/2776
f 1108/3292/2753 1106/3291/2752 634/3294/2755
f 1196/3572/2976 1193/3573/2977 1197/3574/2978
f 1106/3291/2752 1109/3293/2754 1103/3316/2777
f 620/1805/1530 621/1789/1514 631/1815/1540
f 1109/3315/2776 1117/3317/2778 1113/3304/2765
f 1115/3309/2770 1116/3311/2772 479/3318/2779
f 629/1809/1534 620/1805/1530 631/1815/1540
f 1108/3314/2775 1117/3317/2778 1109/3315/2776
f 1113/3304/2765 1117/3317/2778 1114/3305/2766
f 629/1809/1534 632/1816/1541 624/1814/1539
f 631/1817/1542 633/1818/1543 629/1819/1544
f 627/1811/1536 630/1813/1538 634/1820/1545
f 630/1813/1538 624/1814/1539 635/1821/1546
f 5/1822/1547 629/1819/1544 633/1818/1543
f 1108/3314/2775 630/3313/2774 1117/3317/2778
f 1196/3572/2976 1197/3574/2978 446/3575/2979
f 635/1821/1546 624/1814/1539 632/1816/1541
f 446/3575/2979 1197/3574/2978 451/3576/2980
f 1114/3310/2771 1117/3319/2780 1116/3311/2772
f 755/2157/1835 752/2163/1839 749/2143/1823
f 625/2159/1837 750/2150/1830 755/2157/1835
f 1192/3565/2973 479/3564/2972 460/3560/2968
f 755/2164/1840 753/2165/1840 752/2166/1840
f 175/2167/1841 755/2157/1835 174/2145/1825
f 633/1818/1543 631/1817/1542 621/1797/1522
f 625/1796/1521 175/1800/1525 626/1799/1524
f 1117/3319/2780 195/3320/2781 1116/3311/2772
f 621/1797/1522 626/1799/1524 633/1818/1543
f 621/1797/1522 625/1796/1521 626/1799/1524
f 1117/3317/2778 630/3313/2774 195/3321/2782
f 625/2159/1837 755/2157/1835 175/2167/1841
f 633/1818/1543 626/1799/1524 173/1801/1526
f 5/1823/1548 633/1818/1543 173/1801/1526
f 5/1822/1547 1/1824/1549 635/1825/1550
f 195/1826/1551 630/1813/1538 1/1827/1552
f 173/453/376 6/454/377 5/455/378
f 5/1822/1547 635/1825/1550 632/1828/1553
f 1/1827/1552 630/1813/1538 635/1821/1546
f 5/1822/1547 632/1828/1553 629/1819/1544
f 177/4646/3839 454/4649/3839 179/4647/3839
f 760/2356/1989 199/2410/2032 757/2362/1993
f 1193/3573/2977 451/3576/2980 1197/3574/2978
f 188/2187/1858 757/2168/1842 199/2169/1843
f 174/456/379 6/454/377 175/457/380
f 182/2170/1844 758/2171/1845 199/2169/1843
f 1193/3577/2981 460/3578/2981 451/3579/2981
f 6/454/377 173/453/376 175/457/380
f 188/2187/1858 199/2169/1843 759/2172/1846
f 446/3580/2982 451/3581/2982 1198/3582/2982
f 759/2172/1846 184/2173/1847 188/2187/1858
f 759/2172/1846 199/2169/1843 758/2171/1845
f 1199/3583/2983 1196/3584/2984 446/3585/2983
f 446/3586/2985 1198/3587/2985 450/3588/2985
f 754/2174/1848 188/2175/1849 187/2176/1850
f 1199/3589/2986 453/3590/2986 455/3591/2986
f 176/458/381 177/459/382 178/460/383
f 199/2177/1851 760/2178/1851 190/2179/1851
f 191/2411/2033 190/2412/2033 760/2413/2033
f 758/2180/1852 181/2181/1853 184/2173/1847
f 177/459/382 179/461/384 178/460/383
f 758/2180/1852 184/2173/1847 759/2172/1846
f 180/462/385 181/463/386 182/464/387
f 181/465/388 183/466/389 184/467/390
f 446/3585/2983 453/3598/2989 1199/3583/2983
f 754/2174/1848 187/2176/1850 174/2182/1854
f 180/462/385 182/464/387 185/468/391
f 451/3592/2987 450/3593/2987 1198/3594/2987
f 186/469/392 177/459/382 176/458/381
f 184/467/390 187/470/393 188/471/394
f 199/2169/1843 185/2183/1855 182/2170/1844
f 446/1298/1091 447/1299/1092 448/1300/1093
f 182/2188/1856 181/2184/1856 758/2185/1856
f 1116/3322/2783 195/3323/2783 316/3324/2783
f 186/752/628 176/753/629 284/754/630
f 183/466/389 181/465/388 180/472/395
f 184/467/390 183/466/389 187/470/393
f 449/1301/1094 450/1302/1095 451/1303/1096
f 452/1304/1097 448/1300/1093 447/1299/1092
f 446/1298/1091 448/1300/1093 453/1305/1098
f 316/3325/2784 479/3326/2784 1116/3327/2784
f 189/473/396 187/470/393 183/466/389
f 180/472/395 189/473/396 183/466/389
f 446/1306/1099 450/1307/1099 447/1308/1099
f 447/1299/1092 450/1302/1095 449/1301/1094
f 189/474/397 180/462/385 185/468/391
f 454/1309/1100 455/1310/1101 456/1311/1100
f 186/475/398 190/476/398 191/477/398
f 6/454/377 174/456/379 187/501/415
f 189/474/397 185/468/391 192/478/399
f 455/1312/1102 453/1305/1098 457/1313/1103
f 179/1314/1104 454/1309/1100 456/1311/1100
f 458/1315/1105 453/1305/1098 448/1300/1093
f 195/890/742 3/891/743 314/892/744
f 187/470/393 192/479/400 193/480/400
f 458/1315/1105 448/1300/1093 452/1304/1097
f 447/1299/1092 449/1301/1094 459/1316/1106
f 185/468/391 193/481/401 192/478/399
f 187/470/393 189/473/396 192/479/400
f 185/755/631 190/756/631 197/757/631
f 460/1317/1107 395/1318/1108 451/1319/1109
f 451/1319/1109 395/1318/1108 449/1320/1110
f 185/468/391 194/482/402 193/481/401
f 194/483/400 187/470/393 193/480/400
f 1/484/403 3/485/403 195/486/403
f 458/1315/1105 452/1304/1097 461/1321/1111
f 455/1376/1155 469/1377/1156 456/1378/1157
f 1/1/1 2/2/1 3/3/1
f 194/482/402 185/468/391 196/487/404
f 459/1316/1106 449/1301/1094 462/1322/1112
f 395/1318/1108 463/1323/1113 449/1320/1110
f 1/488/405 5/489/405 2/490/405
f 459/1316/1106 462/1322/1112 464/1324/1114
f 194/758/632 196/759/633 285/760/634
f 462/1322/1112 465/1325/1115 464/1324/1114
f 462/1326/1116 449/1320/1110 463/1323/1113
f 458/1315/1105 461/1327/1117 457/1313/1103
f 186/761/635 284/762/636 286/763/637
f 458/1315/1105 457/1313/1103 453/1305/1098
f 190/764/638 186/765/638 287/766/638
f 455/1328/1118 466/1329/1119 467/1330/1119
f 462/1326/1116 468/1331/1120 465/1332/1121
f 186/767/639 286/768/640 287/769/640
f 469/1333/1122 455/1334/1122 467/1335/1122
f 197/491/406 198/492/407 185/493/408
f 457/1336/1123 461/1337/1124 470/1338/1125
f 457/1336/1123 470/1338/1125 466/1339/1126
f 185/502/409 199/494/409 190/495/409
f 457/1313/1103 466/1340/1127 455/1312/1102
f 190/770/641 287/771/642 288/772/643
f 198/492/407 196/496/410 185/493/408
f 288/772/643 197/773/644 190/770/641
f 466/1329/1119 470/1341/1128 467/1330/1119
f 452/1304/1097 447/1299/1092 459/1316/1106
f 288/772/643 198/774/645 197/773/644
f 461/1321/1111 452/1304/1097 471/1342/1129
f 461/1337/1124 471/1343/1130 470/1338/1125
f 287/769/640 286/768/640 288/775/646
f 472/1344/1131 459/1316/1106 464/1324/1114
f 464/1324/1114 465/1325/1115 473/1345/1132
f 395/3595/2988 460/3599/2988 479/3596/2988
f 314/1346/1133 316/1347/1133 195/1348/1133
f 474/1349/1134 469/1350/1134 467/1351/1134
f 473/1345/1132 475/1352/1135 464/1324/1114
f 474/1379/1158 476/1380/1158 480/1381/1158
f 198/774/645 288/772/643 289/776/647
f 290/777/648 286/763/637 284/762/636
f 471/1342/1129 452/1304/1097 475/1353/1136
f 474/1354/1137 467/1355/1138 470/1356/1139
f 288/778/649 286/763/637 291/779/650
f 462/1326/1116 463/1323/1113 468/1331/1120
f 196/780/651 198/781/651 289/782/651
f 471/1357/1140 476/1358/1141 470/1356/1139
f 472/1344/1131 452/1304/1097 459/1316/1106
f 291/779/650 286/763/637 290/777/648
f 196/783/652 289/784/653 292/785/654
f 472/1344/1131 464/1324/1114 475/1352/1135
f 472/1344/1131 475/1352/1135 452/1304/1097
f 473/1359/1142 465/1332/1121 468/1331/1120
f 476/1358/1141 471/1357/1140 475/1360/1143
f 474/1354/1137 470/1356/1139 476/1358/1141
f 475/1352/1135 473/1345/1132 477/1361/1144
f 289/784/653 293/786/655 292/785/654
f 292/785/654 293/786/655 196/783/652
f 475/1352/1135 477/1361/1144 476/1362/1145
f 284/754/630 176/753/629 290/787/656
f 477/1363/1146 473/1364/1147 468/1365/1148
f 290/787/656 294/788/657 295/789/658
f 474/1382/1159 456/1378/1157 469/1377/1156
f 477/1363/1146 468/1365/1148 463/1366/1149
f 196/759/633 293/790/659 285/760/634
f 194/483/400 200/497/411 187/470/393
f 293/786/655 288/778/649 291/779/650
f 295/789/658 291/791/660 290/787/656
f 176/753/629 296/792/661 290/787/656
f 293/786/655 289/784/653 288/778/649
f 476/1383/1160 481/1384/1161 480/1385/1162
f 293/793/662 265/794/663 285/795/663
f 477/1363/1146 478/1367/1150 476/1368/1151
f 456/1378/1157 474/1382/1159 179/1386/1163
f 194/796/664 285/797/664 200/798/664
f 200/799/665 285/795/663 265/794/663
f 290/787/656 296/792/661 294/788/657
f 474/1382/1159 480/1387/1164 482/1388/1165
f 295/800/666 293/801/667 291/802/668
f 463/1366/1149 478/1367/1150 477/1363/1146
f 187/677/566 62/678/566 6/679/566
f 264/680/567 200/681/567 265/682/567
f 478/1367/1150 463/1366/1149 395/1369/1152
f 304/1389/1166 178/1390/1166 179/1535/1166
f 265/683/568 266/684/569 264/685/570
f 296/803/669 176/804/669 178/805/669
f 474/1382/1159 482/1388/1165 179/1386/1163
f 295/800/666 297/806/670 293/801/667
f 482/1388/1165 480/1387/1164 483/1391/1167
f 480/1385/1162 481/1384/1161 483/1392/1168
f 293/801/667 297/806/670 265/807/671
f 294/808/672 273/809/673 295/810/674
f 179/1393/1169 483/1394/1170 484/1395/1171
f 482/1388/1165 483/1391/1167 179/1386/1163
f 483/1394/1170 485/1396/1172 484/1395/1171
f 273/809/673 294/808/672 296/811/675
f 273/809/673 298/812/676 299/813/677
f 296/811/675 298/812/676 273/809/673
f 179/1397/1173 486/1398/1173 487/1399/1173
f 485/1400/1174 483/1392/1168 481/1384/1161
f 484/1395/1171 488/1401/1175 486/1402/1176
f 489/1403/1177 484/1404/1178 490/1405/1179
f 300/814/678 273/809/673 299/813/677
f 295/810/674 273/809/673 297/815/679
f 485/1406/1180 481/1407/1180 484/1408/1180
f 484/1395/1171 486/1402/1176 179/1393/1169
f 488/1409/1181 491/1410/1182 486/1411/1183
f 296/816/680 301/817/681 298/818/682
f 299/819/683 298/818/682 302/820/684
f 486/1411/1183 491/1410/1182 492/1412/1184
f 303/821/685 273/822/686 300/823/687
f 489/1403/1177 488/1413/1185 484/1404/1178
f 304/824/688 209/825/688 178/826/688
f 299/819/683 305/827/689 300/828/690
f 306/829/691 296/830/691 178/831/691
f 481/1384/1161 476/1383/1160 493/1414/1186
f 489/1415/1187 491/1410/1182 488/1409/1181
f 200/686/571 264/687/571 201/688/571
f 494/1416/1188 179/1417/1188 487/1418/1188
f 296/816/680 306/832/692 301/817/681
f 265/807/671 297/806/670 307/833/693
f 267/689/572 264/685/570 268/690/573
f 487/1419/1189 486/1411/1183 492/1412/1184
f 301/817/681 302/820/684 298/818/682
f 308/834/694 273/822/686 303/821/685
f 300/828/690 281/835/695 303/836/696
f 200/497/411 201/498/412 187/470/393
f 494/1420/1190 487/1419/1189 492/1412/1184
f 299/819/683 302/820/684 305/827/689
f 395/1421/1191 495/1422/1191 478/1423/1191
f 484/1404/1178 481/1424/1192 493/1425/1193
f 266/684/569 268/690/573 264/685/570
f 489/1403/1177 490/1405/1179 496/1426/1194
f 491/1427/1195 497/1428/1196 492/1429/1197
f 498/1430/1198 497/1428/1196 491/1427/1195
f 305/837/697 302/838/698 309/839/699
f 302/840/700 301/841/701 309/842/702
f 309/842/702 301/841/701 306/843/703
f 310/844/704 203/845/705 208/846/706
f 489/1415/1187 499/1431/1199 491/1410/1182
f 178/847/707 311/848/708 306/843/703
f 179/1432/1200 494/1433/1201 500/1434/1202
f 501/1435/1203 491/1436/1204 502/1437/1205
f 281/849/709 309/839/699 220/850/710
f 494/1433/1201 492/1429/1197 497/1428/1196
f 62/499/413 187/470/393 202/500/414
f 311/848/708 309/842/702 306/843/703
f 281/835/695 300/828/690 305/827/689
f 311/848/708 203/845/705 309/842/702
f 312/851/711 203/845/705 311/848/708
f 203/503/416 204/504/417 205/505/418
f 266/691/574 265/692/575 269/693/576
f 202/500/414 187/470/393 201/498/412
f 307/852/712 297/853/713 273/888/741
f 308/854/714 303/836/696 281/835/695
f 491/1438/1206 499/1439/1206 502/1440/1206
f 203/503/416 206/506/419 204/504/417
f 490/1405/1179 484/1404/1178 496/1426/1194
f 275/855/715 220/850/710 309/839/699
f 264/685/570 267/689/572 201/694/577
f 309/839/699 281/849/709 305/837/697
f 501/1435/1203 498/1441/1207 491/1436/1204
f 310/844/704 309/842/702 203/845/705
f 203/503/416 207/507/420 208/508/421
f 503/1442/1208 504/1443/1209 497/1428/1196
f 505/1444/1210 500/1445/1211 497/1446/1210
f 498/1430/1198 506/1447/1212 503/1442/1208
f 503/1442/1208 497/1428/1196 498/1430/1198
f 270/856/716 307/852/712 273/888/741
f 497/1446/1210 504/1448/1213 505/1444/1210
f 489/1415/1187 502/1449/1214 499/1431/1199
f 270/857/717 265/807/671 307/833/693
f 206/858/718 312/859/719 209/860/720
f 310/861/721 208/862/722 214/863/723
f 265/692/575 270/695/578 271/696/579
f 496/1426/1194 484/1404/1178 507/1450/1215
f 273/822/686 308/834/694 272/864/724
f 203/865/725 312/866/725 206/867/725
f 498/1441/1207 508/1451/1216 506/1452/1217
f 509/1453/1218 502/1449/1214 496/1454/1219
f 503/1455/1220 506/1456/1221 508/1457/1222
f 204/509/422 206/510/423 209/511/424
f 269/693/576 268/697/580 266/691/574
f 272/698/581 269/699/582 273/700/583
f 500/1458/1223 510/1459/1224 304/1460/1223
f 272/868/726 308/854/714 281/835/695
f 202/701/584 267/689/572 62/702/585
f 207/507/420 210/512/425 208/508/421
f 502/1449/1214 489/1415/1187 496/1454/1219
f 273/888/741 271/869/727 270/856/716
f 269/699/582 272/698/581 274/703/586
f 202/701/584 201/694/577 267/689/572
f 269/699/582 271/704/587 273/700/583
f 507/1450/1215 511/1461/1225 496/1426/1194
f 484/1404/1178 493/1425/1193 512/1462/1226
f 498/1441/1207 501/1435/1203 513/1463/1227
f 501/1435/1203 502/1437/1205 509/1464/1228
f 535/1538/1291 500/1539/1292 505/1540/1293
f 310/861/721 214/863/723 275/870/728
f 511/1461/1225 507/1450/1215 484/1404/1178
f 494/1433/1201 497/1428/1196 500/1434/1202
f 279/871/729 278/872/729 281/889/729
f 512/1465/1229 478/1466/1230 495/1467/1231
f 503/1455/1220 514/1468/1232 504/1469/1233
f 511/1461/1225 484/1404/1178 512/1462/1226
f 178/873/730 209/860/720 311/874/731
f 511/1470/1234 515/1471/1235 496/1454/1219
f 501/1435/1203 509/1464/1228 516/1472/1236
f 275/855/715 309/839/699 310/875/732
f 220/705/588 275/706/589 276/707/590
f 516/1473/1237 509/1453/1218 496/1454/1219
f 269/693/576 265/692/575 271/696/579
f 21/708/591 62/709/592 267/710/593
f 272/868/726 281/835/695 278/876/733
f 311/874/731 209/860/720 312/859/719
f 505/1541/1294 504/1542/1295 536/1543/1296
f 476/1383/1160 512/1465/1229 493/1414/1186
f 62/156/125 21/157/125 6/158/125
f 211/513/426 210/512/425 207/507/420
f 277/711/594 275/712/595 214/713/594
f 278/714/596 279/715/597 272/716/598
f 280/717/599 274/718/600 279/715/597
f 517/1474/1238 511/1461/1225 512/1462/1226
f 272/716/598 279/715/597 274/718/600
f 512/1465/1229 476/1383/1160 478/1466/1230
f 280/719/601 269/699/582 274/703/586
f 220/750/602 279/720/602 281/721/602
f 516/1473/1237 496/1454/1219 515/1471/1235
f 517/1474/1238 518/1475/1239 511/1461/1225
f 204/509/422 209/511/424 205/514/427
f 517/1474/1238 512/1462/1226 518/1475/1239
f 504/1542/1295 537/1544/1297 536/1543/1296
f 500/1458/1223 304/1460/1223 179/1476/1240
f 279/715/597 282/722/603 280/717/599
f 282/723/604 269/699/582 280/719/601
f 501/1435/1203 516/1472/1236 513/1463/1227
f 535/1538/1291 505/1540/1293 538/1545/1298
f 498/1441/1207 513/1463/1227 508/1451/1216
f 515/1471/1235 511/1470/1234 518/1477/1241
f 515/1478/1242 513/1463/1227 516/1472/1236
f 203/503/416 205/505/418 207/507/420
f 267/724/605 268/697/580 269/693/576
f 495/1479/1243 367/1480/1244 519/1481/1245
f 500/1539/1292 535/1538/1291 510/1546/1299
f 515/1482/1246 398/1483/1247 513/1484/1248
f 282/722/603 279/715/597 283/725/606
f 395/1485/1249 367/1480/1244 495/1479/1243
f 211/515/428 212/516/429 213/517/430
f 211/513/426 207/507/420 205/505/418
f 536/1543/1296 538/1547/1300 505/1541/1294
f 508/1457/1222 520/1486/1250 503/1455/1220
f 275/706/589 277/726/607 276/707/590
f 539/1548/1301 261/1549/1302 304/1550/1303
f 214/518/431 208/519/432 215/520/433
f 520/1486/1250 514/1468/1232 503/1455/1220
f 219/727/608 220/728/608 276/729/608
f 520/1487/1251 521/1488/1252 514/1489/1253
f 520/1487/1251 522/1490/1254 521/1488/1252
f 520/1487/1251 523/1491/1255 522/1490/1254
f 526/1551/1304 514/1552/1305 521/1553/1306
f 214/521/434 216/522/435 217/523/436
f 395/1374/1153 479/1370/1153 368/1371/1153
f 216/522/435 215/524/437 218/525/438
f 224/877/734 214/878/734 217/879/734
f 214/521/434 215/524/437 216/522/435
f 526/1551/1304 527/1554/1307 514/1552/1305
f 518/1492/1256 512/1493/1257 524/1494/1258
f 521/1495/1259 522/1496/1260 525/1497/1261
f 219/526/439 70/527/439 220/528/440
f 216/529/441 221/530/442 217/531/443
f 216/529/441 218/532/444 221/530/442
f 526/1498/1262 521/1536/1262 527/1499/1262
f 214/880/735 224/881/736 313/882/737
f 522/1500/1263 523/1501/1263 528/1502/1263
f 231/730/609 277/711/594 214/713/594
f 529/1503/1264 520/1486/1250 508/1457/1222
f 508/1504/1265 513/1484/1248 530/1505/1266
f 520/1506/1267 529/1507/1268 523/1508/1269
f 537/1544/1297 504/1542/1295 514/1555/1308
f 277/726/607 219/731/610 276/707/590
f 222/533/445 218/534/446 215/535/447
f 540/1556/1309 514/1552/1305 527/1554/1307
f 217/531/443 223/536/448 224/537/449
f 209/511/424 225/538/450 205/514/427
f 531/1509/1270 529/1507/1268 532/1510/1271
f 514/1552/1305 540/1556/1309 537/1557/1310
f 531/1509/1270 528/1511/1272 523/1508/1269
f 231/883/738 214/880/735 313/882/737
f 532/1512/1273 508/1457/1222 533/1513/1274
f 219/539/451 226/540/452 227/541/453
f 531/1509/1270 523/1508/1269 529/1507/1268
f 522/1496/1260 528/1514/1275 525/1497/1261
f 218/532/444 222/542/454 221/530/442
f 530/1505/1266 513/1484/1248 398/1483/1247
f 212/543/455 211/544/456 205/545/457
f 283/732/611 269/733/612 282/734/613
f 215/535/447 213/546/458 228/547/459
f 532/1512/1273 529/1503/1264 508/1457/1222
f 213/517/430 215/520/433 208/519/432
f 518/1477/1241 524/1515/1276 515/1471/1235
f 525/1558/1311 541/1559/1312 521/1560/1313
f 229/884/739 231/883/738 313/882/737
f 215/535/447 228/547/459 222/533/445
f 542/1561/1314 535/1562/1315 538/1563/1316
f 231/735/614 226/736/614 277/737/614
f 525/1497/1261 528/1514/1275 531/1516/1277
f 313/885/740 224/886/740 229/887/740
f 221/530/442 222/542/454 228/548/460
f 537/1557/1310 540/1556/1309 536/1564/1317
f 541/1559/1312 527/1565/1318 521/1560/1313
f 541/1559/1312 543/1566/1319 540/1567/1320
f 213/517/430 208/519/432 210/549/461
f 229/550/462 230/551/463 231/552/464
f 540/1556/1309 543/1568/1321 536/1564/1317
f 531/1517/1278 532/1518/1278 534/1519/1278
f 211/515/428 213/517/430 210/549/461
f 83/553/465 225/538/450 209/511/424
f 224/537/449 223/536/448 229/554/466
f 541/1559/1312 540/1567/1320 527/1565/1318
f 217/531/443 221/530/442 232/555/467
f 541/1559/1312 544/1569/1322 543/1566/1319
f 217/531/443 232/555/467 223/536/448
f 231/552/464 230/551/463 227/556/468
f 545/1570/1323 546/1571/1324 536/1572/1323
f 525/1686/1424 534/1573/1325 547/1574/1326
f 525/1686/1424 531/1575/1327 534/1573/1325
f 533/1520/1279 508/1504/1265 530/1505/1266
f 232/557/469 221/558/470 233/559/471
f 233/559/471 234/560/472 232/557/469
f 234/560/472 223/561/473 232/557/469
f 541/1576/1328 548/1577/1329 549/1578/1330
f 525/1579/1331 550/1580/1332 548/1577/1329
f 549/1581/1333 548/1582/1334 550/1583/1335
f 267/710/593 63/738/615 21/708/591
f 525/1579/1331 548/1577/1329 541/1576/1328
f 233/562/474 235/563/475 236/564/476
f 368/1147/971 367/1148/971 395/1149/971
f 269/693/576 63/739/616 267/724/605
f 233/565/477 221/566/477 237/567/477
f 524/1515/1276 398/1521/1280 515/1471/1235
f 244/740/617 279/741/618 220/751/627
f 512/1465/1229 495/1467/1231 402/1522/1281
f 512/1493/1257 396/1523/1282 524/1494/1258
f 221/530/442 228/548/460 238/568/478
f 21/43/36 22/44/37 6/45/38
f 230/569/479 229/554/466 223/536/448
f 525/1584/1336 551/1585/1336 550/1586/1336
f 539/1587/1337 304/1588/1338 510/1589/1339
f 552/1590/1340 532/1591/1341 533/1592/1342
f 227/570/480 226/571/480 231/572/480
f 549/1581/1333 550/1583/1335 553/1593/1343
f 244/740/617 220/751/627 70/742/619
f 244/743/620 66/744/621 279/715/597
f 315/893/745 316/894/746 314/895/747
f 542/1594/1344 538/1547/1300 536/1543/1296
f 261/1524/1283 209/1525/1283 304/1537/1283
f 510/1595/1345 535/1562/1315 542/1561/1314
f 525/1596/1346 547/1597/1346 551/1598/1346
f 283/732/611 64/745/622 269/733/612
f 541/1599/1347 549/1600/1348 553/1601/1347
f 402/1526/1284 396/1523/1282 512/1493/1257
f 524/1515/1276 396/1527/1285 398/1521/1280
f 233/562/474 236/564/476 234/573/481
f 234/574/482 236/575/482 239/576/482
f 66/744/621 283/725/606 279/715/597
f 536/1572/1323 543/1602/1349 545/1570/1323
f 238/577/483 213/578/483 240/579/484
f 539/1587/1337 510/1589/1339 554/1603/1350
f 64/745/622 283/732/611 66/746/623
f 9/896/748 314/892/744 3/891/743
f 213/517/430 212/516/429 240/580/485
f 223/536/448 241/581/486 242/582/487
f 519/1481/1245 371/1528/1286 407/1529/1287
f 223/536/448 242/582/487 230/569/479
f 239/583/488 223/584/488 234/585/488
f 555/1604/1351 534/1573/1325 556/1605/1352
f 238/577/483 228/586/489 213/578/483
f 534/1606/1353 532/1607/1353 552/1608/1353
f 479/1375/1154 316/1372/1154 317/1373/1154
f 233/587/490 237/588/490 235/589/490
f 544/1569/1322 545/1609/1354 543/1566/1319
f 239/590/491 241/591/491 223/592/491
f 555/1610/1355 551/1611/1355 547/1612/1355
f 226/747/624 219/731/610 277/726/607
f 227/556/468 230/551/463 242/593/492
f 544/1613/1356 541/1599/1347 553/1601/1347
f 553/1593/1343 550/1583/1335 551/1614/1357
f 555/1615/1358 553/1616/1359 551/1617/1360
f 236/594/493 235/595/493 239/596/493
f 241/597/494 235/598/495 237/599/496
f 241/597/494 239/600/497 235/598/495
f 553/1616/1359 555/1615/1358 557/1618/1361
f 557/1618/1361 544/1619/1362 553/1616/1359
f 402/1522/1281 495/1467/1231 519/1530/1288
f 542/1594/1344 536/1543/1296 546/1620/1363
f 237/601/498 243/602/499 241/581/486
f 554/1621/1364 510/1595/1345 542/1561/1314
f 558/1622/1365 557/1623/1366 555/1687/1425
f 70/674/500 67/603/500 244/604/500
f 63/159/126 64/160/127 23/161/128
f 544/1569/1322 557/1623/1366 559/1624/1367
f 238/568/478 237/675/564 221/530/442
f 544/1569/1322 559/1624/1367 545/1609/1354
f 560/1625/1368 539/1587/1337 554/1603/1350
f 555/1604/1351 547/1574/1326 534/1573/1325
f 237/675/564 238/568/478 245/605/501
f 238/606/502 240/607/503 246/608/504
f 542/1594/1344 546/1620/1363 561/1626/1369
f 238/606/502 246/608/504 245/609/505
f 367/1295/972 366/1150/972 371/1151/972
f 534/1627/1370 552/1628/1371 562/1629/1372
f 244/610/506 67/611/506 66/612/506
f 247/613/507 219/539/451 227/541/453
f 559/1630/1373 546/1631/1373 545/1632/1374
f 315/897/749 317/898/750 316/899/751
f 534/1627/1370 562/1629/1372 556/1633/1375
f 556/1633/1375 562/1629/1372 563/1634/1376
f 562/1629/1372 552/1628/1371 563/1634/1376
f 219/539/451 247/613/507 248/614/508
f 249/615/509 237/675/564 245/605/501
f 555/1604/1351 556/1605/1352 558/1688/1426
f 227/616/510 242/617/511 250/618/512
f 396/1152/973 397/1153/973 398/1154/973
f 245/609/505 246/608/504 249/619/513
f 241/581/486 250/620/514 242/582/487
f 250/618/512 247/621/515 227/616/510
f 556/1633/1375 563/1634/1376 564/1635/1377
f 565/1636/1378 554/1621/1364 542/1561/1314
f 249/676/565 251/622/516 237/601/498
f 22/748/625 21/708/591 63/738/615
f 565/1637/1379 542/1638/1379 561/1639/1379
f 251/622/516 252/623/517 237/601/498
f 237/601/498 252/623/517 243/602/499
f 243/602/499 253/624/518 241/581/486
f 250/620/514 241/581/486 253/624/518
f 247/621/515 250/618/512 248/625/519
f 556/1633/1375 564/1635/1377 558/1640/1380
f 269/693/576 64/749/626 63/739/616
f 558/1622/1365 559/1624/1367 557/1623/1366
f 250/626/520 253/627/521 248/628/522
f 566/1641/1381 546/1631/1373 559/1630/1373
f 558/1642/1382 564/1643/1383 566/1644/1384
f 246/608/504 251/629/523 249/619/513
f 246/630/524 253/627/521 243/631/525
f 566/1644/1384 559/1645/1385 558/1642/1382
f 246/630/524 243/631/525 252/632/526
f 246/630/524 252/632/526 251/633/527
f 519/1530/1288 407/1531/1289 402/1522/1281
f 539/1548/1301 560/1646/1386 261/1549/1302
f 564/1647/1387 567/1648/1388 566/1649/1389
f 246/630/524 248/628/522 253/627/521
f 212/516/429 254/634/528 240/580/485
f 212/635/529 255/636/530 254/637/531
f 225/638/532 212/543/455 205/545/457
f 398/1155/974 397/1156/975 399/1157/976
f 219/526/439 256/639/533 70/527/439
f 63/162/129 23/163/129 22/164/129
f 567/1648/1388 568/1650/1390 566/1649/1389
f 533/1592/1342 563/1651/1391 552/1590/1340
f 563/1651/1391 569/1652/1392 570/1653/1393
f 397/1156/975 396/1158/975 399/1157/976
f 519/1481/1245 367/1480/1244 371/1528/1286
f 418/1654/1394 554/1655/1395 565/1656/1396
f 398/1657/1397 400/1658/1398 530/1659/1399
f 212/635/529 225/640/534 255/636/530
f 65/165/130 66/166/131 67/167/132
f 530/1659/1399 403/1660/1400 406/1661/1401
f 70/641/535 256/642/536 257/643/537
f 254/634/528 258/644/538 240/580/485
f 258/645/539 254/637/531 255/636/530
f 530/1659/1399 400/1658/1398 403/1660/1400
f 219/539/451 248/614/508 80/646/540
f 399/1157/976 400/1159/977 398/1155/974
f 396/1160/978 401/1161/979 399/1162/980
f 65/168/133 64/169/133 66/170/133
f 401/1161/979 396/1160/978 402/1163/981
f 257/647/541 256/648/542 219/539/451
f 258/645/539 255/636/530 259/649/543
f 248/614/508 246/650/544 80/646/540
f 546/1620/1363 566/1649/1389 561/1626/1369
f 533/1592/1342 569/1652/1392 563/1651/1391
f 255/651/545 225/538/450 83/553/465
f 246/650/544 240/580/485 260/652/546
f 565/1662/1402 561/1663/1402 571/1664/1402
f 65/171/134 68/172/135 64/173/136
f 69/174/137 67/175/138 70/176/139
f 563/1651/1391 570/1653/1393 567/1648/1388
f 565/1656/1396 571/1665/1403 420/1666/1404
f 240/580/485 258/644/538 259/653/547
f 403/1164/982 400/1159/977 404/1165/983
f 530/1659/1399 406/1661/1401 533/1667/1405
f 209/654/548 261/655/548 83/656/548
f 405/1166/984 406/1167/985 403/1168/986
f 23/161/128 64/160/127 71/177/140
f 560/1625/1368 554/1603/1350 414/1668/1406
f 414/1669/1407 261/1549/1302 560/1646/1386
f 89/657/549 259/649/543 255/636/530
f 240/580/485 259/653/547 260/652/546
f 219/539/451 80/646/540 257/647/541
f 366/1071/904 367/1072/904 368/1073/904
f 402/1169/987 407/1170/988 401/1171/989
f 68/178/141 65/165/130 67/167/132
f 80/658/550 70/641/535 257/643/537
f 400/1159/977 399/1157/976 404/1165/983
f 406/1661/1401 569/1670/1408 533/1667/1405
f 405/1166/984 403/1168/986 408/1172/990
f 406/1661/1401 567/1671/1409 570/1672/1410
f 85/659/551 255/651/545 83/553/465
f 406/1661/1401 570/1672/1410 569/1670/1408
f 565/1656/1396 420/1666/1404 418/1654/1394
f 479/1532/1290 317/1533/1290 368/1534/1290
f 409/1173/991 401/1171/989 407/1170/988
f 67/167/132 69/179/142 72/180/143
f 568/1673/1411 420/1666/1404 571/1665/1403
f 566/1649/1389 571/1674/1412 561/1626/1369
f 564/1647/1387 563/1651/1391 567/1648/1388
f 73/181/144 74/182/145 69/174/137
f 408/1174/992 403/1164/982 410/1175/993
f 259/649/543 89/657/549 260/660/552
f 404/1165/983 410/1175/993 403/1164/982
f 371/1176/994 411/1177/994 407/1178/995
f 74/183/146 75/184/147 72/180/143
f 22/46/39 23/47/39 24/48/39
f 399/1162/980 409/1179/996 404/1180/997
f 370/1181/998 411/1177/994 371/1176/994
f 74/182/145 73/181/144 75/185/148
f 69/179/142 74/183/146 72/180/143
f 262/661/553 260/660/552 89/657/549
f 407/1170/988 412/1182/999 409/1173/991
f 25/49/40 24/50/41 23/51/42
f 412/1183/1000 407/1184/1001 411/1185/1002
f 83/553/465 82/662/554 85/659/551
f 67/167/132 76/186/149 68/178/141
f 401/1161/979 409/1179/996 399/1162/980
f 263/663/555 80/646/540 246/650/544
f 571/1674/1412 566/1649/1389 568/1650/1390
f 85/664/556 84/665/556 255/666/556
f 67/167/132 72/180/143 76/186/149
f 25/49/40 23/51/42 26/52/43
f 262/667/557 263/663/555 246/650/544
f 75/184/147 77/187/150 72/180/143
f 262/667/557 246/650/544 260/652/546
f 75/185/148 73/181/144 78/188/151
f 420/1675/1413 568/1676/1414 567/1677/1415
f 78/188/151 79/189/152 75/185/148
f 405/1166/984 408/1172/990 413/1186/1003
f 89/668/558 263/669/559 262/670/560
f 76/190/153 71/191/154 68/172/135
f 263/669/559 89/668/558 80/671/561
f 413/1187/1004 408/1174/992 410/1175/993
f 554/1603/1350 418/1678/1416 414/1668/1406
f 113/1188/1005 261/1189/1006 414/1190/1005
f 22/44/37 24/53/44 27/54/45
f 24/53/44 25/55/46 27/54/45
f 70/176/139 73/181/144 69/174/137
f 76/190/153 72/192/155 71/191/154
f 70/176/139 80/193/156 73/181/144
f 79/194/157 77/187/150 75/184/147
f 81/195/158 82/196/158 83/197/158
f 71/191/154 64/173/136 68/172/135
f 82/301/159 84/198/159 85/199/159
f 415/1191/1007 414/1192/1007 416/1193/1007
f 369/1074/905 370/1075/906 366/1146/970
f 84/672/562 89/657/549 255/636/530
f 80/671/561 89/668/558 73/673/563
f 81/200/160 83/201/161 86/202/162
f 83/303/241 113/304/242 86/305/242
f 411/1185/1002 417/1194/1008 412/1183/1000
f 411/1185/1002 370/1195/1009 369/1196/1010
f 414/1197/1011 418/1198/1011 416/1199/1011
f 420/1675/1413 567/1677/1415 406/1679/1417
f 87/203/163 84/204/164 82/205/165
f 405/1680/1418 420/1675/1413 406/1679/1417
f 405/1200/1012 419/1201/1012 420/1202/1013
f 73/206/166 88/207/167 78/208/168
f 418/1681/1419 420/1689/1427 416/1682/1420
f 420/1689/1427 415/1683/1421 416/1682/1420
f 415/1203/1014 421/1204/1014 414/1205/1014
f 73/206/166 89/209/169 88/207/167
f 420/1689/1427 421/1684/1422 415/1683/1421
f 87/203/163 89/209/169 84/204/164
f 87/203/163 82/205/165 81/210/170
f 413/1206/1015 419/1201/1012 405/1200/1012
f 89/209/169 87/203/163 88/207/167
f 419/1685/1423 421/1684/1422 420/1689/1427
f 88/207/167 79/211/171 78/208/168
f 26/212/172 23/161/128 71/177/140
f 409/1173/991 412/1182/999 417/1207/1016
f 261/924/774 113/925/774 83/926/774
f 421/1208/1017 419/1209/1018 113/1210/1019
f 90/213/173 91/214/173 92/215/173
f 409/1173/991 417/1207/1016 422/1211/1020
f 423/1212/1021 419/1209/1018 413/1187/1004
f 28/56/47 27/54/45 25/55/46
f 424/1213/1022 411/1185/1002 369/1196/1010
f 417/1194/1008 411/1185/1002 422/1214/1023
f 425/1215/1024 113/1210/1019 419/1209/1018
f 87/216/174 93/217/175 88/218/176
f 25/49/40 26/52/43 29/57/48
f 113/1188/1005 414/1190/1005 421/1216/1025
f 93/219/177 87/220/177 81/221/177
f 86/202/162 93/222/178 81/200/160
f 25/223/179 29/224/180 28/225/181
f 425/1215/1024 419/1209/1018 423/1212/1021
f 88/218/176 77/187/150 79/194/157
f 426/1217/1026 410/1218/1026 404/1219/1026
f 371/1076/907 366/1146/970 370/1075/906
f 90/226/182 71/227/182 91/228/182
f 77/187/150 88/218/176 93/217/175
f 372/1077/908 369/1074/905 366/1146/970
f 372/1220/1027 424/1213/1022 369/1196/1010
f 77/229/183 71/191/154 72/192/155
f 411/1185/1002 424/1213/1022 372/1220/1027
f 423/1212/1021 413/1187/1004 410/1175/993
f 427/1221/1028 423/1222/1029 410/1223/1030
f 427/1221/1028 425/1224/1031 423/1222/1029
f 93/230/184 94/231/185 71/232/184
f 427/1221/1028 113/1225/1032 425/1224/1031
f 427/1221/1028 410/1223/1030 428/1226/1033
f 426/1227/1034 404/1228/1035 409/1229/1036
f 426/1227/1034 428/1226/1033 410/1223/1030
f 93/230/184 71/232/184 77/233/186
f 426/1227/1034 409/1229/1036 428/1226/1033
f 426/1230/1037 429/1231/1037 409/1232/1037
f 91/234/187 71/235/187 94/236/187
f 373/1233/1038 411/1185/1002 372/1220/1027
f 94/237/188 95/238/189 91/239/190
f 430/1234/1039 427/1235/1039 428/1236/1039
f 93/222/178 96/240/191 97/241/192
f 422/1214/1023 411/1185/1002 373/1233/1038
f 96/240/191 93/222/178 86/202/162
f 6/45/38 22/44/37 27/54/45
f 431/1237/1040 430/1238/1041 428/1239/1042
f 71/242/193 90/243/193 92/244/193
f 431/1240/1043 113/1296/1090 427/1241/1044
f 92/245/194 26/212/172 71/177/140
f 432/1242/1045 409/1173/991 422/1211/1020
f 97/246/195 95/238/189 94/237/188
f 28/225/181 29/224/180 98/247/196
f 4/4/2 3/5/2 2/6/2
f 409/1173/991 432/1242/1045 433/1243/1046
f 372/1077/908 366/1146/970 373/1078/909
f 93/222/178 97/241/192 94/248/197
f 428/1239/1042 409/1173/991 431/1237/1040
f 98/247/196 99/249/198 28/225/181
f 26/250/199 98/251/200 29/252/201
f 432/1244/1047 373/1233/1038 434/1245/1048
f 26/250/199 99/253/202 98/251/200
f 432/1244/1047 422/1214/1023 373/1233/1038
f 96/306/243 86/305/242 113/304/242
f 431/1240/1043 326/1246/1049 113/1296/1090
f 99/249/198 100/254/203 28/225/181
f 433/1243/1046 435/1247/1050 409/1173/991
f 430/1248/1051 431/1249/1051 427/1250/1051
f 436/1251/1052 433/1252/1053 432/1244/1047
f 437/1253/1054 326/1246/1049 438/1254/1055
f 92/255/204 100/256/205 99/253/202
f 433/1252/1053 436/1251/1052 435/1255/1056
f 326/927/775 96/928/776 113/1068/902
f 91/257/206 101/258/206 92/259/206
f 434/1245/1048 436/1251/1052 432/1244/1047
f 438/1254/1055 326/1246/1049 431/1240/1043
f 91/239/190 95/238/189 101/260/207
f 431/1256/1057 435/1255/1056 438/1257/1058
f 92/255/204 99/253/202 26/250/199
f 96/240/191 102/261/208 97/241/192
f 431/1237/1040 409/1173/991 435/1247/1050
f 102/262/209 103/263/210 95/264/211
f 97/265/212 102/266/212 95/267/212
f 435/1255/1056 439/1258/1059 438/1257/1058
f 104/268/213 105/269/214 106/270/215
f 436/1251/1052 439/1258/1059 435/1255/1056
f 104/268/213 100/256/205 92/255/204
f 437/1259/1060 438/1260/1060 440/1261/1060
f 28/225/181 100/254/203 104/271/216
f 95/264/211 103/263/210 107/272/217
f 92/273/218 101/274/218 105/275/218
f 441/1262/1061 436/1263/1062 434/1264/1063
f 95/264/211 107/272/217 108/276/219
f 104/268/213 92/255/204 105/269/214
f 28/225/181 104/271/216 106/277/220
f 109/278/221 105/279/222 95/264/211
f 440/1265/1064 442/1266/1064 437/1267/1064
f 95/264/211 105/279/222 101/280/223
f 438/1257/1058 443/1268/1065 440/1269/1066
f 109/278/221 95/264/211 108/276/219
f 437/1270/1067 440/1271/1068 443/1272/1069
f 110/281/224 103/282/225 102/283/226
f 373/1273/1070 441/1262/1061 434/1264/1063
f 443/1268/1065 438/1257/1058 439/1258/1059
f 110/281/224 46/284/227 107/285/228
f 46/284/227 108/286/229 107/285/228
f 437/1270/1067 443/1272/1069 439/1274/1071
f 105/287/230 109/288/231 46/284/227
f 110/281/224 107/285/228 103/282/225
f 114/929/777 96/928/776 326/927/775
f 106/289/232 105/287/230 46/284/227
f 109/288/231 108/286/229 46/284/227
f 110/290/233 50/291/233 46/292/233
f 439/1274/1071 444/1275/1072 437/1270/1067
f 46/284/227 28/293/234 106/289/232
f 444/1276/1073 386/1277/1074 437/1278/1074
f 439/1274/1071 445/1279/1075 444/1275/1072
f 436/1280/1076 441/1281/1077 445/1279/1075
f 445/1279/1075 439/1274/1071 436/1280/1076
f 28/294/235 46/295/235 33/296/235
f 374/1079/910 373/1078/909 366/1146/970
f 50/297/236 110/298/237 102/302/240
f 445/1282/1078 375/1283/1079 386/1284/1080
f 437/1253/1054 114/1285/1081 326/1246/1049
f 437/1278/1074 386/1277/1074 388/1286/1082
f 375/1283/1079 445/1282/1078 441/1287/1083
f 386/1284/1080 375/1283/1079 378/1288/1084
f 2/7/3 5/8/3 6/9/3
f 96/452/375 114/307/244 102/308/244
f 445/1282/1078 386/1284/1080 444/1289/1085
f 30/58/49 6/59/49 27/60/50
f 31/61/51 32/62/51 33/63/51
f 373/1273/1070 375/1290/1086 441/1262/1061
f 374/1079/910 375/1080/911 373/1078/909
f 376/1081/912 374/1082/913 366/1083/914
f 30/58/49 34/64/52 6/59/49
f 377/1084/915 374/1082/913 376/1081/912
f 35/65/53 36/66/54 27/67/55
f 35/65/53 27/67/55 37/68/56
f 28/56/47 37/69/57 27/54/45
f 33/70/58 38/71/58 32/72/58
f 33/73/59 37/69/57 28/56/47
f 32/74/60 39/75/61 35/65/53
f 32/74/60 35/65/53 33/76/62
f 375/1085/916 374/1082/913 378/1086/917
f 35/65/53 37/68/56 33/76/62
f 378/1086/917 374/1082/913 377/1084/915
f 40/77/63 41/78/64 30/79/65
f 376/1087/918 379/1088/919 380/1089/920
f 30/79/65 27/67/55 40/77/63
f 366/1083/914 381/1090/921 379/1091/922
f 42/80/66 41/81/67 40/82/68
f 27/67/55 36/66/54 40/77/63
f 376/1081/912 366/1083/914 379/1091/922
f 366/1083/914 368/1092/923 381/1090/921
f 34/83/69 41/78/64 15/84/70
f 317/1093/924 381/1090/921 368/1092/923
f 41/78/64 34/83/69 30/79/65
f 15/85/71 6/86/71 34/87/71
f 378/1094/925 382/1095/926 383/1096/927
f 41/81/67 42/80/66 43/88/72
f 40/82/68 36/89/73 42/80/66
f 43/88/72 42/80/66 36/89/73
f 39/90/74 32/91/75 44/92/76
f 379/1088/919 381/1097/928 384/1098/929
f 377/1099/930 382/1095/926 378/1094/925
f 314/895/747 9/900/752 315/893/745
f 9/923/753 8/901/753 318/902/753
f 3/10/4 4/11/5 7/12/6
f 3/13/7 7/14/8 8/15/7
f 45/93/77 32/94/78 31/95/79
f 32/91/75 45/96/80 44/92/76
f 46/97/81 31/98/81 33/99/81
f 381/1100/931 317/1101/932 320/1102/933
f 437/1253/1054 388/1291/1087 114/1285/1081
f 14/100/82 15/101/82 41/102/82
f 3/13/7 8/15/7 9/16/9
f 315/893/745 9/900/752 318/903/754
f 39/103/83 44/104/84 35/105/85
f 7/12/6 4/11/5 10/17/10
f 11/18/11 2/41/34 6/42/35
f 327/930/778 328/931/778 114/1069/778
f 385/1103/934 386/1104/935 378/1105/936
f 47/106/86 44/92/76 45/96/80
f 10/19/12 4/20/13 2/41/34
f 378/1094/925 383/1096/927 385/1106/937
f 112/309/245 102/308/244 114/307/244
f 377/1099/930 380/1089/920 382/1095/926
f 315/893/745 318/903/754 319/904/755
f 45/93/77 31/95/79 47/107/87
f 319/905/756 317/898/750 315/897/749
f 387/1107/938 388/1108/938 386/1109/938
f 8/21/14 12/22/15 13/23/16
f 31/95/79 48/108/88 47/107/87
f 8/906/757 13/907/758 318/908/759
f 50/297/236 102/302/240 111/299/238
f 320/1102/933 384/1110/939 381/1100/931
f 49/109/89 44/92/76 47/106/86
f 14/24/17 6/25/18 15/26/19
f 319/905/756 320/909/760 317/898/750
f 16/27/20 10/19/12 2/41/34
f 8/21/14 7/28/21 12/22/15
f 50/110/90 31/111/90 46/112/91
f 321/910/761 319/904/755 318/903/754
f 35/105/85 43/88/72 36/89/73
f 16/27/20 2/41/34 11/18/11
f 16/27/20 12/29/22 10/19/12
f 318/908/759 322/911/762 321/912/763
f 319/905/756 323/913/764 320/909/760
f 44/104/84 49/113/92 51/114/93
f 47/106/86 48/115/94 49/109/89
f 387/1111/940 386/1104/935 385/1103/934
f 389/1112/941 384/1110/939 320/1102/933
f 329/932/779 330/933/780 118/934/781
f 115/310/246 116/311/247 117/312/248
f 118/934/781 115/935/782 117/936/783
f 118/313/249 119/314/250 115/315/250
f 330/933/780 329/932/779 331/937/784
f 329/932/779 118/934/781 332/938/785
f 331/937/784 333/939/786 330/933/780
f 120/316/251 115/315/250 119/314/250
f 332/938/785 117/936/783 116/940/787
f 334/941/788 331/937/784 329/932/779
f 115/310/246 120/317/252 121/318/253
f 115/310/246 122/319/254 123/320/255
f 320/909/760 323/913/764 324/914/765
f 115/310/246 121/318/253 122/319/254
f 115/310/246 123/320/255 124/321/256
f 122/322/257 121/323/258 125/324/259
f 124/321/256 116/311/247 115/310/246
f 335/942/789 336/943/790 337/944/791
f 335/942/789 338/945/792 336/943/790
f 52/116/95 31/111/90 50/110/90
f 124/325/260 123/326/261 125/327/262
f 51/114/93 43/88/72 35/105/85
f 121/323/258 120/328/263 125/324/259
f 337/944/791 339/946/793 335/942/789
f 339/947/794 340/948/795 335/949/796
f 126/329/264 127/330/265 128/331/266
f 123/326/261 122/332/267 125/327/262
f 337/944/791 129/950/797 341/951/798
f 126/333/268 129/334/269 130/335/270
f 126/329/264 131/336/271 127/330/265
f 127/330/265 132/337/272 128/331/266
f 341/951/798 339/946/793 337/944/791
f 129/950/797 135/952/799 139/953/800
f 133/338/273 134/339/274 129/340/275
f 332/938/785 118/934/781 117/936/783
f 342/954/801 129/950/797 139/953/800
f 129/950/797 342/954/801 341/951/798
f 135/341/276 129/340/275 134/339/274
f 126/329/264 133/338/273 129/340/275
f 126/329/264 128/331/266 133/338/273
f 136/342/277 132/337/272 131/336/271
f 341/955/802 342/956/803 138/957/804
f 130/958/805 129/959/806 337/960/807
f 137/343/278 136/342/277 131/336/271
f 132/337/272 127/330/265 131/336/271
f 7/12/6 10/17/10 12/30/23
f 138/344/279 139/345/280 135/346/281
f 31/95/79 52/117/96 48/108/88
f 126/347/282 140/348/282 131/349/282
f 14/24/17 11/31/24 6/25/18
f 343/961/808 329/962/809 332/963/810
f 141/350/283 132/351/284 136/352/285
f 141/350/283 136/352/285 137/353/286
f 141/350/283 128/354/287 132/351/284
f 337/960/807 336/964/811 344/965/812
f 337/960/807 344/965/812 130/958/805
f 142/355/288 125/324/259 120/328/263
f 334/966/813 152/967/814 331/968/815
f 143/356/289 116/357/290 124/325/260
f 116/969/816 143/970/817 343/961/808
f 44/104/84 51/114/93 35/105/85
f 334/971/818 343/961/808 345/972/819
f 138/344/279 134/358/291 133/359/292
f 325/973/820 336/974/820 338/975/820
f 380/1089/920 379/1088/919 384/1098/929
f 120/328/263 119/360/293 142/355/288
f 342/956/803 139/976/821 138/957/804
f 17/32/25 11/31/24 14/24/17
f 376/1087/918 380/1089/920 377/1099/930
f 380/1113/942 384/1114/943 390/1115/944
f 41/81/67 43/88/72 14/118/97
f 389/1116/945 320/1117/945 324/1118/945
f 319/904/755 321/910/761 322/915/766
f 384/1114/943 389/1119/946 390/1115/944
f 144/361/294 131/362/295 140/363/296
f 11/33/26 17/34/27 18/35/28
f 343/961/808 334/971/818 329/962/809
f 53/119/98 17/120/99 14/121/100
f 53/119/98 14/121/100 43/122/101
f 133/359/292 128/354/287 141/350/283
f 389/1120/947 324/1121/948 390/1122/949
f 391/1123/950 385/1124/951 383/1125/952
f 392/1126/953 393/1127/954 394/1128/955
f 19/364/297 126/333/268 130/335/270
f 382/1129/956 380/1113/942 390/1115/944
f 346/977/822 338/978/822 335/979/823
f 17/123/102 53/124/103 54/125/104
f 49/126/105 55/127/106 56/128/107
f 145/365/298 143/356/289 124/325/260
f 393/1127/954 382/1129/956 390/1115/944
f 55/129/108 49/130/108 48/131/108
f 17/123/102 54/125/104 18/132/109
f 56/133/110 57/134/111 51/135/112
f 57/134/111 53/119/98 51/135/112
f 56/133/110 51/135/112 49/136/113
f 392/1126/953 391/1123/950 382/1129/956
f 382/1129/956 391/1123/950 383/1125/952
f 392/1126/953 382/1129/956 393/1127/954
f 53/119/98 43/122/101 51/135/112
f 324/1121/948 394/1130/957 393/1131/958
f 146/366/299 137/367/300 131/362/295
f 344/980/824 336/981/824 325/982/824
f 140/368/301 126/333/268 147/369/302
f 112/300/239 111/299/238 102/302/240
f 53/124/103 58/137/114 54/125/104
f 131/362/295 144/361/294 146/366/299
f 390/1122/949 324/1121/948 393/1131/958
f 140/370/303 147/371/303 144/372/303
f 331/968/815 152/967/814 333/983/825
f 53/124/103 57/138/115 58/137/114
f 125/373/304 142/374/305 119/375/306
f 48/108/88 52/117/96 55/153/123
f 333/984/826 152/985/827 330/986/828
f 148/376/307 145/365/298 124/325/260
f 394/1130/957 324/1121/948 350/1132/959
f 387/1111/940 385/1103/934 391/1133/960
f 152/985/827 119/987/829 118/988/830
f 340/948/795 339/947/794 138/957/804
f 141/350/283 138/344/279 133/359/292
f 343/961/808 332/963/810 116/969/816
f 322/911/762 318/908/759 13/907/758
f 148/376/307 124/325/260 125/327/262
f 137/353/286 149/377/308 141/350/283
f 19/364/297 147/369/302 126/333/268
f 12/29/22 16/27/20 18/35/28
f 338/978/822 346/977/822 325/989/831
f 343/990/832 143/991/833 151/992/834
f 137/367/300 146/366/299 149/378/309
f 11/33/26 18/35/28 16/27/20
f 334/966/813 345/993/835 152/967/814
f 346/994/836 335/949/796 340/948/795
f 144/379/310 147/369/302 19/364/297
f 143/380/311 145/381/312 150/382/313
f 143/380/311 150/382/313 151/383/314
f 345/995/837 151/992/834 347/996/838
f 323/913/764 319/905/756 322/916/767
f 56/139/116 59/140/116 58/141/116
f 152/985/827 118/988/830 330/986/828
f 138/957/804 339/947/794 341/955/802
f 19/997/839 130/998/840 20/999/841
f 344/1000/842 20/999/841 130/998/840
f 138/957/804 346/994/836 340/948/795
f 323/917/768 322/918/769 13/919/770
f 18/36/29 19/37/30 20/38/31
f 56/142/117 58/137/114 57/138/115
f 18/384/315 144/385/316 19/386/317
f 144/385/316 54/387/318 146/388/319
f 119/375/306 146/388/319 54/387/318
f 13/919/770 20/920/771 323/917/768
f 345/995/837 343/990/832 151/992/834
f 13/39/32 12/40/33 20/38/31
f 20/38/31 12/40/33 18/36/29
f 325/921/772 324/922/773 323/917/768
f 325/921/772 323/917/768 20/920/771
f 18/384/315 54/387/318 144/385/316
f 344/1000/842 325/1001/843 20/999/841
f 145/381/312 148/389/320 150/382/313
f 119/375/306 149/390/321 146/388/319
f 348/1002/844 324/1003/845 325/1070/903
f 345/995/837 348/1002/844 152/1004/846
f 55/127/106 59/143/118 56/128/107
f 348/1002/844 325/1070/903 346/1005/847
f 138/344/279 135/346/281 134/358/291
f 387/1292/1088 327/1293/1088 388/1297/1088
f 348/1002/844 347/996/838 349/1006/848
f 348/1002/844 345/995/837 347/996/838
f 138/1007/849 152/1004/846 346/1005/847
f 152/1004/846 348/1002/844 346/1005/847
f 125/373/304 119/375/306 54/387/318
f 348/1002/844 349/1006/848 324/1003/845
f 58/144/119 60/145/119 54/146/119
f 149/390/321 119/375/306 141/391/322
f 119/375/306 152/392/323 138/393/324
f 138/393/324 141/391/322 119/375/306
f 125/373/304 150/382/313 148/389/320
f 125/373/304 60/394/325 150/382/313
f 324/1134/961 349/1135/961 350/1136/961
f 59/154/120 60/147/120 58/148/120
f 59/395/326 153/396/326 60/397/326
f 60/394/325 125/373/304 54/387/318
f 350/1008/850 349/1009/851 351/1010/852
f 350/1137/962 351/1138/963 364/1139/964
f 154/398/327 150/382/313 60/394/325
f 394/1140/965 350/1137/962 364/1139/964
f 151/1011/853 352/1012/854 347/1013/855
f 154/399/328 155/400/329 156/401/330
f 392/1141/966 387/1111/940 391/1133/960
f 150/402/331 154/399/328 156/401/330
f 347/1013/855 352/1012/854 349/1009/851
f 151/1011/853 150/1014/856 157/1015/857
f 150/402/331 156/401/330 157/403/332
f 351/1010/852 349/1009/851 352/1012/854
f 364/1139/964 392/1141/966 394/1140/965
f 352/1012/854 151/1011/853 157/1015/857
f 157/1016/858 353/1017/859 352/1018/860
f 158/404/333 155/405/334 112/406/335
f 157/407/336 156/408/337 159/409/338
f 155/405/334 158/404/333 160/410/339
f 160/410/339 161/411/340 156/408/337
f 160/410/339 156/408/337 155/405/334
f 157/1016/858 354/1019/861 353/1017/859
f 114/1020/862 352/1018/860 355/1021/863
f 159/1022/864 170/1023/865 157/1016/858
f 157/1016/858 170/1023/865 354/1019/861
f 161/411/340 159/409/338 156/408/337
f 354/1024/866 356/1025/867 353/1026/868
f 170/1027/869 357/1028/870 354/1024/866
f 354/1024/866 357/1028/870 356/1025/867
f 154/399/328 60/412/341 155/400/329
f 353/1017/859 355/1021/863 352/1018/860
f 158/413/342 162/414/343 163/415/342
f 114/1020/862 355/1021/863 358/1029/871
f 158/413/342 163/415/342 160/416/344
f 114/1030/872 328/1031/873 351/1032/872
f 359/1033/874 114/1020/862 358/1029/871
f 161/417/345 160/418/346 163/419/347
f 164/420/348 159/421/349 165/422/350
f 159/421/349 161/417/345 166/423/351
f 158/404/333 112/406/335 114/424/352
f 358/1034/875 355/1035/876 360/1036/877
f 158/1037/878 114/1020/862 359/1033/874
f 155/425/353 111/426/353 112/427/354
f 170/1027/869 164/1038/879 357/1028/870
f 61/428/355 155/400/329 60/412/341
f 353/1026/868 356/1025/867 361/1039/880
f 59/155/124 55/153/123 52/117/96
f 359/1040/881 358/1034/875 360/1036/877
f 114/1030/872 351/1032/872 352/1041/882
f 158/429/356 167/430/357 168/431/358
f 159/421/349 166/423/351 169/432/359
f 359/1040/881 360/1036/877 362/1042/883
f 164/420/348 170/433/360 159/421/349
f 387/1111/940 392/1141/966 364/1139/964
f 387/1142/967 364/1143/968 328/1144/967
f 111/426/353 155/425/353 61/434/361
f 61/428/355 60/412/341 59/435/362
f 353/1043/884 361/1044/885 363/1045/886
f 387/1142/967 328/1144/967 327/1145/969
f 61/149/121 59/155/124 52/117/96
f 351/1046/887 328/1047/887 364/1048/887
f 327/1294/1089 114/1285/1081 388/1291/1087
f 161/417/345 163/419/347 166/423/351
f 158/429/356 171/436/363 167/430/357
f 158/1049/888 359/1050/889 171/1051/889
f 353/1043/884 363/1045/886 355/1035/876
f 164/437/364 165/438/364 172/439/364
f 159/421/349 169/432/359 165/422/350
f 111/440/365 61/441/365 50/442/365
f 359/1050/889 362/1052/890 171/1051/889
f 50/150/122 61/151/122 52/152/122
f 162/443/366 158/429/356 168/431/358
f 360/1036/877 355/1035/876 363/1045/886
f 360/1053/891 363/1054/892 365/1055/893
f 172/1056/894 357/1057/894 164/1058/894
f 167/444/367 163/445/368 168/446/369
f 163/445/368 169/447/370 166/448/371
f 361/1059/895 356/1060/895 363/1061/895
f 162/449/372 168/446/369 163/445/368
f 169/447/370 163/445/368 167/444/367
f 365/1055/893 356/1062/896 357/1063/897
f 363/1054/892 356/1062/896 365/1055/893
f 365/1055/893 362/1064/898 360/1053/891
f 365/1055/893 357/1063/897 172/1065/899
f 165/450/373 169/447/370 167/444/367
f 165/450/373 167/444/367 172/451/374
f 171/1066/900 172/1065/899 167/1067/901
f 365/1055/893 172/1065/899 362/1064/898
f 362/1064/898 172/1065/899 171/1066/900
