# Delivery Dash City mesh (NPCPedestrianC_Body); units = studs; +X right, +Y up, -Z forward
mtllib NPCPedestrianC_Source.mtl
o NPCPedestrianC_Body
v 0.11958 4.65106 -0.57433
v 0.37114 4.51781 -0.58044
v 0.15511 4.43533 -0.70295
v 0.21688 4.29729 -0.67560
v 0.35067 4.28852 -0.62993
v 0.11341 4.66700 -0.48361
v 0.20764 4.64462 -0.50027
v 0.38939 4.22755 -0.49144
v 0.11506 4.25312 -0.59877
v 0.00573 4.66774 -0.50021
v 0.04381 4.59571 -0.62603
v -0.01518 4.44062 -0.68344
v 0.09585 4.78461 -0.41891
v -0.08834 4.85352 -0.28429
v 0.00134 4.84859 -0.22610
v -0.09366 4.26939 -0.58817
v -0.03836 4.33888 -0.61820
v -0.03800 4.86993 -0.17494
v -0.15717 4.60475 -0.48763
v -0.01751 4.72290 -0.18162
v -0.14218 4.49285 -0.55589
v -0.19224 4.82960 -0.27725
v -0.04817 4.90465 0.16486
v -0.26206 4.35176 -0.50569
v -0.36355 4.73156 -0.21453
v -0.34610 4.31274 -0.61686
v -0.19378 4.81845 0.09131
v -0.28910 4.77419 -0.25917
v -0.28390 4.55699 -0.52663
v -0.37325 4.51934 -0.43467
v -0.36350 4.75795 0.00780
v -0.40290 4.60834 -0.36998
v -0.46693 4.34431 -0.48492
v -0.52620 4.45095 -0.24854
v 0.16339 3.83863 -0.56603
v -0.06828 4.04887 -0.59395
v -0.18479 4.17525 -0.56329
v -0.05866 3.82304 -0.58181
v -0.30530 4.27104 -0.59518
v -0.40388 3.79810 -0.32825
v -0.47877 4.01945 -0.41935
v -0.39224 4.34850 -0.43604
v -0.28521 4.44191 -0.45363
v -0.40676 4.18229 -0.57099
v -0.39876 3.72771 -0.44733
v -0.48121 4.07112 -0.23799
v -0.46688 4.13171 -0.28227
v -0.43304 3.73012 -0.18382
v -0.44252 4.35480 -0.33795
v -0.50195 3.91974 -0.28424
v -0.48628 4.33822 -0.38886
v -0.47896 4.01153 -0.29873
v -0.53442 4.17018 -0.24552
v -0.55697 4.35417 -0.20201
v -0.52313 4.10724 -0.30106
v 0.44581 4.68054 -0.09065
v 0.58117 4.44846 -0.12830
v 0.55451 4.46997 -0.22473
v 0.51212 4.50027 -0.31950
v 0.38432 4.75510 -0.17020
v 0.48937 4.40467 -0.35060
v 0.41380 4.49512 -0.50690
v 0.36248 4.56031 -0.43327
v 0.30782 4.77370 -0.29230
v 0.47441 4.30899 -0.56077
v 0.21140 4.77683 -0.36598
v 0.36807 4.40982 -0.41571
v 0.22956 4.36297 -0.54038
v 0.22373 4.47671 -0.50509
v 0.40030 4.29860 -0.50194
v 0.58547 4.07578 -0.27112
v 0.53793 4.14615 -0.31117
v 0.57758 4.25312 -0.21393
v 0.54516 4.13543 -0.22467
v 0.56725 4.11954 -0.36447
v 0.48014 4.24545 -0.44656
v 0.45381 4.28224 -0.29372
v 0.58054 4.02926 -0.37691
v 0.49357 3.90058 -0.28736
v 0.52552 4.10272 -0.48262
v 0.46269 4.05542 -0.24382
v 0.42712 3.83301 -0.33397
v 0.43523 4.26383 -0.37110
v 0.28631 4.22796 -0.51210
v 0.33171 3.71785 -0.41406
v 0.52467 4.42328 0.12060
v 0.49368 4.54074 0.02550
v 0.54059 4.08455 -0.03199
v 0.51286 4.33677 0.20946
v 0.53971 4.07356 0.14472
v 0.48691 3.94275 0.04306
v 0.45899 4.01668 -0.03909
v 0.44663 4.35275 0.32564
v 0.39999 4.70660 0.07630
v 0.45203 3.82693 0.16050
v 0.34119 4.24101 0.44568
v 0.44882 3.95571 0.25152
v 0.28146 4.14061 0.45116
v 0.32582 3.84781 0.32441
v 0.42748 4.61533 0.14346
v 0.22222 4.80927 0.14206
v 0.28683 4.50411 0.41664
v 0.25811 4.72523 0.21552
v 0.21877 4.83001 0.03309
v 0.23644 4.84240 -0.11822
v 0.06809 4.79732 0.19683
v 0.03378 4.80168 0.29876
v 0.17928 4.83733 -0.18784
v 0.06973 4.83894 0.21133
v -0.02406 4.84812 0.06161
v 0.03365 5.06081 0.37228
v 0.05757 4.97501 0.26224
v -0.05486 5.02776 0.18343
v -0.17347 4.88062 0.12225
v -0.30891 4.74844 0.16179
v -0.22825 4.85251 0.19768
v -0.38638 4.53688 0.33912
v -0.18331 4.54395 0.43007
v -0.25726 4.73748 0.25728
v -0.35366 4.68887 0.21683
v -0.45353 4.59058 -0.10394
v -0.39240 4.37338 0.33844
v -0.47611 4.48887 0.22371
v -0.47828 4.61187 0.00089
v -0.56579 4.38894 -0.02867
v -0.48028 4.63963 0.65220
v -0.48581 4.30762 0.55800
v -0.47636 4.59826 0.55282
v -0.52343 4.70753 0.43703
v -0.54316 4.46723 0.44423
v -0.55231 4.29726 0.08454
v -0.54179 4.67224 0.37400
v -0.50551 4.17527 0.48980
v -0.62832 4.84182 0.31107
v -0.67567 4.38757 0.34921
v -0.72138 4.58099 0.56277
v -0.71951 4.54165 0.43360
v 0.00227 4.88577 0.48607
v -0.00466 4.96857 0.52019
v -0.10426 4.88818 0.45936
v -0.20660 4.97816 0.66544
v -0.16881 5.15599 0.55846
v -0.12821 4.77496 0.35488
v -0.14218 5.17920 0.31030
v -0.19865 4.73581 0.35819
v -0.08201 4.70416 0.39094
v -0.37769 4.81168 0.57885
v -0.25957 5.08982 0.67892
v -0.25433 5.06467 0.16708
v -0.32497 5.16931 0.57466
v -0.40123 5.02401 0.20631
v -0.23304 4.83154 0.43045
v -0.35330 5.20000 0.39373
v -0.26179 4.86459 0.34529
v -0.42739 5.14925 0.29441
v -0.45899 4.96016 0.27303
v -0.54231 5.04976 0.57600
v -0.54724 5.09177 0.39077
v -0.46112 5.02212 0.69678
v -0.40841 4.91002 0.78282
v -0.43172 4.81031 0.45777
v -0.52878 4.86848 0.74035
v -0.39427 4.09989 0.68308
v -0.50258 4.62533 0.80408
v -0.64235 4.79135 0.65582
v -0.59289 4.51737 0.70750
v 0.17539 4.40979 0.45379
v 0.11552 4.47049 0.49933
v 0.04280 4.70534 0.33153
v 0.07365 4.61541 0.40576
v -0.04940 4.38302 0.47755
v 0.11758 4.20489 0.49350
v -0.03299 4.54170 0.44763
v -0.09634 4.63042 0.33679
v -0.10966 4.38365 0.51136
v -0.31456 4.33518 0.44897
v -0.06957 4.17018 0.50128
v -0.26299 4.15412 0.46670
v -0.37659 4.16790 0.42201
v -0.44570 4.12962 0.28788
v -0.47422 3.99892 0.15532
v -0.41065 3.70538 0.01111
v -0.40794 3.95958 0.02303
v -0.46151 4.22569 0.22418
v -0.43723 4.02493 -0.04536
v -0.32198 4.00312 0.38417
v -0.52850 4.11524 0.04273
v -0.46534 4.15661 0.39294
v -0.55508 4.21495 0.32772
v -0.63221 3.74596 0.28956
v -0.61898 4.20835 0.61694
v -0.66227 3.89680 0.35729
v -0.65868 4.24243 0.46793
v 0.12023 3.68453 0.31356
v -0.13588 3.68845 0.30150
v -0.30900 3.81356 0.29041
v -0.41235 3.96026 0.52317
v -0.38892 3.82866 0.40773
v -0.40558 3.80252 0.58743
v -0.43282 3.69341 0.67177
v -0.49907 3.87299 0.61431
v -0.51513 3.85430 0.42278
v -0.63424 4.05082 0.51942
v -0.56684 3.73369 0.55619
v -0.67337 3.89190 0.59546
v -0.73198 3.85759 0.63568
v -0.69636 3.91752 0.53424
v -0.61901 3.95270 0.41338
v -0.37026 3.68543 0.71643
v -0.38731 3.61449 0.79959
v -0.47515 3.69952 0.48566
v -0.47510 3.64395 0.62688
v -0.50031 3.76783 0.45108
v -0.61687 3.56076 0.79079
v -0.53861 3.77416 0.50802
v -0.57897 3.59219 0.65689
v -0.56464 3.77402 0.29657
v -0.61355 3.67031 0.34973
v -0.65301 3.62115 0.48914
v -0.67364 3.62430 0.51857
v -0.68726 3.54939 0.72259
v -0.64076 3.78323 0.41346
v -0.71576 3.62855 0.37850
v -0.82632 3.84236 0.67289
v -0.07579 3.61512 -0.30342
v -0.19419 3.69601 -0.48065
v 0.02891 3.68982 -0.53315
v 0.00296 3.50390 -0.38968
v -0.22622 3.62041 -0.18091
v -0.20194 3.41176 -0.44130
v -0.26828 3.52659 -0.37022
v -0.24614 3.57808 -0.14167
v -0.23192 3.63310 0.02955
v -0.35602 3.65921 -0.21135
v -0.18830 3.57704 0.11249
v -0.24608 3.60515 0.13543
v -0.42216 3.56931 -0.23591
v -0.33064 3.48363 -0.45903
v -0.45786 3.50700 -0.37181
v -0.38605 3.61137 -0.37313
v -0.42498 3.65343 -0.41708
v -0.66457 3.54120 -0.24761
v -0.69622 3.53610 0.18078
v -0.71535 3.47508 -0.30391
v -0.76431 3.45867 -0.30556
v -0.77508 3.54237 -0.20459
v -0.17123 3.23220 -0.52975
v 0.18794 3.23861 -0.53117
v -0.19548 2.89076 -0.53328
v -0.20496 3.37392 -0.53112
v -0.28519 3.20957 -0.52950
v -0.28631 3.33229 -0.50109
v -0.59018 3.24316 -0.44546
v -0.32651 3.09665 -0.50972
v -0.46559 3.04692 -0.50210
v -0.53390 3.21636 -0.47752
v -0.50203 3.28591 -0.50728
v -0.49491 3.29785 -0.46281
v -0.71420 3.24453 -0.32762
v -0.71499 3.10251 -0.27717
v -0.71598 3.21672 -0.21686
v -0.18731 2.75732 0.30000
v 0.16851 2.77066 0.29616
v -0.00049 2.93274 0.34389
v -0.20479 2.64649 -0.46128
v -0.18197 2.43356 0.30564
v 0.17312 2.55469 0.27457
v -0.20961 2.67054 -0.50440
v -0.34859 2.42887 -0.47350
v -0.48431 2.65057 -0.44270
v -0.54319 3.06774 -0.45703
v -0.62635 3.11443 -0.42787
v -0.52683 2.42257 -0.43585
v -0.61983 2.57790 -0.23530
v -0.61602 2.55365 0.05734
v -0.71296 3.02264 -0.07128
v -0.80437 2.98727 -0.28687
v -0.90151 2.37284 -0.35181
v -0.85767 2.32593 0.13587
v -0.96513 2.37070 -0.38949
v -1.25834 3.51333 -0.23018
v -1.48012 2.43273 -0.27073
v -1.31169 3.54947 -0.13008
v -0.52113 3.60057 0.55077
v -0.55557 3.60759 0.49761
v -0.65175 3.53980 0.62508
v -0.71532 3.48842 0.24347
v -0.36665 3.54591 0.29142
v -0.71354 3.37942 0.29167
v -0.65307 3.23880 0.31496
v -0.37109 3.42817 0.37636
v -0.71970 3.60109 0.43689
v -0.69241 3.10660 0.20050
v -0.69691 3.00061 0.20519
v -0.78708 3.50684 0.32520
v -0.79906 2.92375 0.33342
v -0.81481 3.61778 0.51810
v -1.23160 3.55821 0.30734
v -1.22612 3.50725 0.44097
v -0.36928 3.24702 0.38058
v 0.36656 3.37772 0.38047
v 0.07264 3.52613 0.35576
v -0.03746 3.58961 0.20081
v 0.22855 3.60545 0.19864
v 0.38270 3.22020 0.37910
v -0.34760 2.71863 0.28534
v -0.31500 3.68398 0.15987
v -0.52628 2.56853 0.20861
v -0.37150 2.43920 0.29073
v -1.16431 2.97828 0.44105
v -1.32800 2.82922 0.42250
v -1.41940 2.37686 0.34219
v -0.91162 2.32195 0.21779
v -1.26884 3.51330 0.38469
v -1.51005 2.28321 0.09715
v -1.52914 2.30365 -0.05216
v 0.73009 3.50525 -0.27561
v 0.72921 3.24535 -0.31720
v 0.70710 3.32043 -0.35699
v 0.72102 3.06793 -0.25884
v 0.64389 3.24615 -0.41363
v 0.49403 3.47609 -0.39151
v 0.63553 3.11191 -0.42404
v 0.47896 3.03922 -0.49955
v 0.42520 3.20713 -0.50871
v 0.51793 3.28906 -0.50175
v 0.29642 2.90147 -0.52473
v 0.30902 3.20022 -0.51227
v 0.25896 3.35816 -0.55131
v 0.33974 3.44242 -0.46437
v 0.28699 3.54163 -0.34384
v 0.32514 2.68400 -0.50161
v 0.21244 2.66635 -0.46475
v 0.21893 3.40208 -0.44407
v 0.04129 3.35808 -0.43774
v 0.46307 3.55040 -0.29142
v 0.52409 3.75665 -0.39910
v 0.42142 3.52936 -0.45870
v 0.47710 3.76185 -0.09841
v 0.43756 3.69201 -0.07838
v 0.32845 3.64666 -0.28325
v 0.22734 3.61822 -0.20050
v 0.25595 3.54511 -0.15601
v 0.19326 3.70935 -0.50753
v 0.75927 3.47256 -0.30032
v 0.80032 3.53514 -0.27925
v 1.30736 3.50593 -0.21826
v 0.77042 3.52582 0.27807
v 0.74324 3.50897 -0.17976
v 0.73192 3.45135 0.26887
v 0.66909 3.52144 0.25155
v 0.72214 3.19940 -0.22001
v 0.37706 3.54331 0.29158
v 0.39780 3.70289 0.10548
v 0.21205 3.57961 0.10255
v 0.21603 3.62965 0.08783
v 1.24242 3.50708 0.43842
v 1.47854 2.18879 0.27429
v 1.52402 2.31768 -0.04933
v 1.54273 2.24219 -0.21462
v 1.35312 3.49297 -0.12063
v 1.43565 2.43164 -0.29287
v 1.27898 3.55183 -0.17549
v 1.28799 2.96902 0.45434
v 1.22064 3.55059 0.35866
v 0.82306 2.95995 0.35274
v 1.42193 2.18596 0.31734
v 0.83147 2.91841 -0.30046
v 0.80103 3.47157 0.34756
v 0.71691 3.23119 0.27375
v 0.74190 2.99192 0.26985
v 0.71787 3.01116 -0.09413
v 0.69776 3.00146 0.21788
v 0.63301 3.20809 0.32260
v 0.97505 2.16629 0.20867
v 0.89490 2.14629 0.12192
v 0.88970 2.36004 -0.33260
v 0.62388 2.56346 0.04169
v 0.61646 2.56234 -0.28651
v 0.62528 2.56217 -0.12049
v 0.47872 2.54680 0.23914
v 0.53122 2.76820 -0.42930
v 0.38651 2.55132 0.25810
v 0.52995 2.42196 -0.43645
v -0.87882 2.26518 -0.19571
v -0.89904 2.14837 -0.06542
v -0.89509 2.14555 0.12463
v -0.95042 2.18796 -0.38984
v -0.94409 2.12519 0.17338
v -0.96686 1.93445 -0.33299
v -0.99048 1.88201 0.10537
v -1.04267 1.94303 -0.40825
v -1.41532 2.18309 0.31553
v -1.51791 1.98882 -0.29438
v -1.52142 2.24827 -0.27128
v -1.45538 1.90681 0.15009
v -1.50194 1.94881 0.21700
v -1.48659 2.19402 0.25533
v -1.56800 1.99550 -0.21218
v 0.03472 1.85784 -0.30235
v -0.02140 1.86516 -0.30065
v -0.05768 2.04414 -0.44557
v 0.05738 2.18876 -0.42404
v -0.51842 2.19522 -0.42678
v 0.37944 2.19473 -0.45867
v -0.13051 1.85559 -0.38749
v -0.24861 2.26855 -0.50169
v 0.24811 2.27022 -0.50583
v -0.52023 1.93204 -0.42924
v -0.27225 2.42972 -0.51238
v -0.38361 2.18665 -0.39677
v -0.52738 2.06721 -0.41434
v -0.53650 2.28159 -0.44536
v -0.63509 2.03518 -0.35819
v -0.60383 2.42490 -0.37653
v -0.62783 2.20942 -0.36781
v -0.63602 2.18468 -0.28016
v -0.54568 1.21042 -0.41617
v -0.65967 2.28452 -0.31183
v -0.67027 2.20797 -0.10803
v -0.71866 1.59877 -0.20886
v -0.34116 2.18605 0.28777
v -0.01419 2.18635 0.29569
v -0.26266 2.21912 0.33685
v 0.32278 2.42739 0.30961
v -0.48346 2.29820 0.30934
v -0.54478 2.20756 0.28054
v 0.34125 2.29288 0.34115
v -0.51713 2.05861 0.27706
v -0.59109 2.43586 0.20111
v -0.65898 2.04274 0.16880
v -0.64504 2.20827 0.19376
v -0.64868 2.29696 0.16609
v -0.00710 2.04373 0.30087
v -0.04639 1.87593 0.21040
v 0.08922 1.91023 0.24793
v -0.01025 1.83332 0.12759
v -0.07283 0.62468 -0.20593
v -0.11692 0.31291 0.23536
v -0.14772 0.63810 -0.37718
v -0.17356 1.86340 0.26901
v -0.24526 0.30774 0.31186
v -0.66131 0.38791 0.30394
v -0.34251 0.96217 -0.44316
v -0.82032 0.37848 -0.24629
v -0.83070 0.30708 0.20193
v 0.72828 1.58844 -0.20848
v 0.68101 2.00175 -0.28766
v 0.63753 2.18892 0.16335
v 0.66016 2.19662 -0.30019
v 0.67000 2.28902 -0.28890
v 0.64287 2.20942 0.20979
v 0.65164 2.42657 -0.26975
v 0.63934 2.42542 0.12573
v 0.57133 2.04965 -0.40261
v 0.60490 2.19627 -0.38970
v 0.58056 2.28370 -0.42316
v 0.61254 1.72829 -0.39488
v 0.32377 2.42284 -0.50599
v 0.37731 2.18725 -0.41771
v 0.36772 2.27850 -0.49607
v 0.31924 1.79118 -0.42541
v 0.07713 1.87036 -0.35367
v 0.63942 2.29518 0.19530
v 0.53631 2.02416 0.27624
v 0.55015 2.42986 0.24514
v 0.49132 2.19958 0.29860
v 0.36711 2.18648 0.26605
v 0.82018 0.36920 0.22626
v 0.77807 1.02607 -0.19790
v 0.73664 0.60122 -0.40530
v 0.20487 0.38238 0.29846
v 0.21230 0.61788 -0.42475
v 0.11500 0.56966 -0.34556
v 0.11626 0.15199 0.18941
v 1.56800 1.99098 -0.21070
v 1.49196 2.25145 -0.29950
v 1.51205 1.92988 0.15877
v 1.51698 1.98761 -0.29465
v 1.45985 1.94095 0.24366
v 1.02856 1.90694 -0.33770
v 0.97335 2.19923 -0.40483
v 0.99546 1.90020 0.12786
v 1.04429 1.95010 -0.41042
v 0.93910 2.38725 -0.37891
v 0.97436 1.93897 -0.36439
v 0.94031 1.89571 0.03432
v 0.92189 2.18451 -0.34844
v 0.86827 2.22287 -0.02791
v -0.23740 0.62868 -0.43144
v -0.63161 0.63969 -0.43108
v -0.20531 0.42992 -0.39442
v -0.77311 0.01545 0.28227
v -0.70959 0.01548 -0.73756
v -0.13514 0.00208 0.19305
v -0.53352 0.41186 -0.41853
v -0.34322 0.34264 -0.51471
v -0.61418 0.36651 -0.44541
v -0.61153 0.31278 -0.51753
v -0.32516 0.31291 -0.57641
v -0.63937 0.29023 -0.57723
v -0.56536 0.48261 -0.40469
v -0.48831 0.17353 -0.80408
v -0.68058 0.17356 -0.73945
v -0.73362 0.25430 -0.49714
v -0.78538 0.60640 -0.34943
v -0.74653 0.35889 -0.36688
v -0.78760 0.17008 -0.58863
v -0.81761 0.27801 -0.20146
v -0.81141 0.01641 -0.58039
v -0.84128 0.01362 0.14557
v -0.10004 0.15216 0.06408
v -0.12240 0.01507 -0.46369
v -0.13517 0.15561 -0.46659
v -0.12947 0.31401 -0.31920
v -0.17514 0.01359 -0.65174
v -0.18309 0.34248 -0.38140
v -0.21534 0.15643 -0.69434
v -0.34136 0.38786 -0.44292
v -0.31982 0.17383 -0.76926
v -0.36802 0.00526 -0.79589
v -0.14311 0.17383 0.25303
v -0.21315 0.01151 0.29690
v -0.23644 0.15218 0.31200
v -0.41950 0.38829 0.31205
v -0.74793 0.15237 0.28243
v -0.73746 0.30475 0.28517
v -0.80467 0.65813 -0.20593
v -0.82314 0.17109 0.19645
v 0.81229 0.39687 -0.30438
v 0.57903 0.47639 -0.41338
v 0.35484 0.48381 -0.40258
v 0.19402 0.35032 -0.38935
v 0.35273 0.38446 -0.44736
v 0.12229 0.27784 -0.21738
v 0.79725 0.17561 -0.51627
v 0.84139 0.01663 0.18456
v 0.82273 0.02140 -0.56414
v 0.75223 0.00000 -0.69012
v 0.82276 0.28110 -0.21494
v 0.84424 0.15240 0.10874
v 0.73592 0.33303 -0.34707
v 0.74206 0.15695 -0.69793
v 0.66216 0.29979 -0.56762
v 0.60944 0.39813 -0.39924
v 0.64295 0.27061 -0.62995
v 0.63290 0.00773 -0.77523
v 0.30691 0.01389 -0.78025
v 0.59859 0.33125 -0.47525
v 0.49502 0.17301 -0.80340
v 0.32278 0.30453 -0.58436
v 0.29689 0.31979 -0.50309
v 0.48784 0.37755 -0.48646
v 0.20057 0.01132 -0.68549
v 0.24367 0.01148 0.30676
v 0.22299 0.17410 -0.68678
v 0.14024 0.13128 -0.43552
v 0.11226 0.01918 -0.26736
v 0.81229 0.15216 0.23190
v 0.71189 0.17265 0.29638
v 0.72968 0.28546 0.27964
v 0.76952 0.00260 0.27955
v 0.63271 0.38542 0.30657
v 0.19375 0.15216 0.29328
v 0.28497 0.30853 0.31718
v 0.17419 0.27707 0.26402
vt 0.330245 0.388423
vt 0.306374 0.433472
vt 0.293249 0.394369
vt 0.047653 0.119555
vt 0.056014 0.099370
vt 0.344671 0.386629
vt 0.339107 0.399805
vt 0.131963 0.955071
vt 0.177561 0.955071
vt 0.167886 0.973500
vt 0.349818 0.371426
vt 0.323546 0.372117
vt 0.016407 0.147737
vt 0.485822 0.923980
vt 0.513334 0.899611
vt 0.519202 0.915036
vt 0.360857 0.944780
vt 0.391680 0.924763
vt 0.411465 0.931417
vt 0.397355 0.362952
vt 0.040815 0.169479
vt 0.032649 0.157550
vt 0.053195 0.139619
vt 0.298084 0.362743
vt 0.528621 0.910444
vt 0.352423 0.345256
vt 0.027240 0.456566
vt 0.027240 0.467045
vt 0.006490 0.466289
vt 0.318889 0.332393
vt 0.951643 0.474779
vt 0.947644 0.446156
vt 0.395631 0.340853
vt 0.517146 0.883578
vt 0.580646 0.918847
vt 0.979439 0.484895
vt 0.531401 0.855001
vt 0.287828 0.292222
vt 0.573493 0.891305
vt 0.399672 0.327324
vt 0.522558 0.867008
vt 0.330407 0.313714
vt 0.420405 0.987126
vt 0.401581 0.997994
vt 0.383662 0.987816
vt 0.368575 0.309972
vt 0.565254 0.861810
vt 0.507523 0.834948
vt 0.390106 0.307335
vt 0.395994 0.957877
vt 0.431386 0.983591
vt 0.400298 0.978030
vt 0.050053 0.050059
vt 0.018914 0.048427
vt 0.079845 0.032601
vt 0.011549 0.584968
vt 0.029125 0.584968
vt 0.014928 0.620885
vt 0.016385 0.012441
vt 0.024130 0.122444
vt 0.966479 0.448469
vt 0.668908 0.180520
vt 0.674002 0.143463
vt 0.748595 0.139554
vt 0.708489 0.178707
vt 0.684458 0.198536
vt 0.748843 0.180576
vt 0.651455 0.212628
vt 0.657487 0.168298
vt 0.556279 0.008604
vt 0.555311 0.019670
vt 0.506655 0.009279
vt 0.569387 0.818479
vt 0.615039 0.837945
vt 0.580812 0.838267
vt 0.757040 0.817848
vt 0.792381 0.811616
vt 0.859032 0.816676
vt 0.409847 0.830021
vt 0.506779 0.798274
vt 0.506779 0.874841
vt 0.508473 0.834218
vt 0.307750 0.101001
vt 0.316336 0.076082
vt 0.330307 0.089008
vt 0.247074 0.097348
vt 0.408400 0.856338
vt 0.942008 0.571305
vt 0.952337 0.549155
vt 0.951005 0.612056
vt 0.982926 0.850971
vt 0.952094 0.860989
vt 0.957325 0.810638
vt 0.580646 0.010491
vt 0.394314 0.194766
vt 0.304674 0.129639
vt 0.396219 0.170138
vt 0.609159 0.022418
vt 0.650257 0.029665
vt 0.582878 0.028368
vt 0.099331 0.917959
vt 0.114139 0.866929
vt 0.127372 0.863630
vt 0.406851 0.153821
vt 0.470728 0.175301
vt 0.071041 0.911789
vt 0.045251 0.847351
vt 0.080623 0.855199
vt 0.073432 0.882037
vt 0.928513 0.380153
vt 0.947405 0.438299
vt 0.923131 0.408615
vt 0.382779 0.152708
vt 0.324065 0.136975
vt 0.434864 0.137670
vt 0.419878 0.201632
vt 0.381003 0.204313
vt 0.519057 0.198868
vt 0.556026 0.186549
vt 0.555289 0.198868
vt 0.519563 0.993151
vt 0.540988 0.996929
vt 0.502663 0.995655
vt 0.123064 0.848906
vt 0.121415 0.849004
vt 0.093237 0.884296
vt 0.600609 0.186693
vt 0.596523 0.197390
vt 0.464459 0.202031
vt 0.634216 0.190349
vt 0.496477 0.191182
vt 0.412480 0.185747
vt 0.523687 0.694066
vt 0.517151 0.763172
vt 0.491756 0.756055
vt 0.463042 0.748801
vt 0.490559 0.681431
vt 0.396182 0.763051
vt 0.393050 0.730159
vt 0.424286 0.725555
vt 0.948978 0.771345
vt 0.974137 0.771345
vt 0.951818 0.819429
vt 0.456321 0.664864
vt 0.949665 0.737382
vt 0.892596 0.737382
vt 0.903651 0.718967
vt 0.394698 0.680799
vt 0.429874 0.647944
vt 0.377552 0.723920
vt 0.949639 0.522212
vt 0.949639 0.475308
vt 0.976452 0.486640
vt 0.373635 0.671638
vt 0.914384 0.161606
vt 0.914576 0.099307
vt 0.939917 0.492325
vt 0.920683 0.533573
vt 0.918714 0.472380
vt 0.410210 0.624725
vt 0.388163 0.657426
vt 0.862706 0.124059
vt 0.227476 0.067306
vt 0.162405 0.067306
vt 0.211225 0.061166
vt 0.943852 0.401366
vt 0.949344 0.440444
vt 0.932105 0.381977
vt 0.022228 0.120790
vt 0.016380 0.102791
vt 0.055545 0.097960
vt 0.165695 0.208735
vt 0.166579 0.273799
vt 0.151528 0.261607
vt 0.020101 0.689941
vt 0.000732 0.689941
vt 0.014311 0.679107
vt 0.139968 0.231624
vt 0.140678 0.182550
vt 0.878294 0.068218
vt 0.837956 0.070207
vt 0.845143 0.043384
vt 0.584275 0.923984
vt 0.489633 0.923984
vt 0.538531 0.919766
vt 0.422165 0.890019
vt 0.467262 0.879213
vt 0.493047 0.894100
vt 0.185640 0.958895
vt 0.208116 0.977012
vt 0.189116 0.978605
vt 0.816586 0.062641
vt 0.449051 0.919975
vt 0.510855 0.899965
vt 0.490777 0.916325
vt 0.227058 0.959456
vt 0.516327 0.882918
vt 0.416229 0.901714
vt 0.405507 0.074666
vt 0.326140 0.074666
vt 0.380307 0.068687
vt 0.802261 0.046536
vt 0.001669 0.781971
vt 0.018247 0.769926
vt 0.020652 0.783149
vt 0.218106 0.075450
vt 0.256424 0.093318
vt 0.177108 0.096177
vt 0.564126 0.135902
vt 0.612143 0.110130
vt 0.606011 0.135902
vt 0.015941 0.623380
vt 0.030894 0.583833
vt 0.035646 0.602249
vt 0.238325 0.697078
vt 0.239178 0.780659
vt 0.225204 0.739996
vt 0.253437 0.775645
vt 0.447337 0.998448
vt 0.419377 0.985410
vt 0.456615 0.984686
vt 0.872126 0.980883
vt 0.896723 0.988875
vt 0.872582 0.994315
vt 0.267852 0.802922
vt 0.984587 0.817327
vt 0.982852 0.842144
vt 0.959361 0.811625
vt 0.585725 0.995446
vt 0.547212 0.995446
vt 0.563427 0.984712
vt 0.520020 0.127977
vt 0.540843 0.163261
vt 0.510052 0.165178
vt 0.436024 0.134830
vt 0.026924 0.212724
vt 0.011609 0.168926
vt 0.015869 0.148883
vt 0.036011 0.180212
vt 0.547607 0.128365
vt 0.022298 0.648806
vt 0.649167 0.133070
vt 0.075768 0.998438
vt 0.068080 0.974777
vt 0.100571 0.986352
vt 0.983603 0.072411
vt 0.979194 0.107950
vt 0.676860 0.137298
vt 0.564707 0.136443
vt 0.980227 0.053260
vt 0.656320 0.166633
vt 0.952344 0.652869
vt 0.896915 0.653271
vt 0.889422 0.610776
vt 0.101533 0.951323
vt 0.070187 0.939289
vt 0.078637 0.914749
vt 0.951391 0.619346
vt 0.899100 0.592188
vt 0.944882 0.590281
vt 0.806750 0.010560
vt 0.840159 0.013483
vt 0.805682 0.030131
vt 0.869914 0.012126
vt 0.133516 0.671216
vt 0.140315 0.642763
vt 0.159000 0.647076
vt 0.110612 0.724631
vt 0.131954 0.717011
vt 0.038348 0.948571
vt 0.114277 0.631520
vt 0.840711 0.031603
vt 0.080406 0.711857
vt 0.106271 0.656816
vt 0.069175 0.695700
vt 0.079729 0.642547
vt 0.606756 0.870627
vt 0.665038 0.880441
vt 0.625500 0.897355
vt 0.857187 0.202645
vt 0.833462 0.203105
vt 0.871882 0.179514
vt 0.876897 0.151563
vt 0.850677 0.251364
vt 0.981898 0.764321
vt 0.934769 0.764321
vt 0.952296 0.735183
vt 0.154607 0.029755
vt 0.121393 0.038655
vt 0.084976 0.029302
vt 0.790833 0.178876
vt 0.576446 0.894675
vt 0.783233 0.191596
vt 0.817886 0.130580
vt 0.869450 0.130612
vt 0.255094 0.185423
vt 0.279931 0.195389
vt 0.245601 0.200143
vt 0.765463 0.186892
vt 0.571073 0.877786
vt 0.764968 0.161246
vt 0.285309 0.178483
vt 0.254812 0.167619
vt 0.287396 0.139909
vt 0.363030 0.173928
vt 0.644136 0.974225
vt 0.608805 0.978563
vt 0.602392 0.960922
vt 0.984136 0.104067
vt 0.991540 0.076438
vt 0.991558 0.106102
vt 0.251402 0.140017
vt 0.297193 0.189063
vt 0.780715 0.007838
vt 0.761944 0.007838
vt 0.764540 0.000594
vt 0.336197 0.155268
vt 0.826688 0.982585
vt 0.802960 0.975748
vt 0.299022 0.131562
vt 0.963192 0.506306
vt 0.988521 0.504090
vt 0.959967 0.531756
vt 0.017012 0.188202
vt 0.026548 0.217552
vt 0.006686 0.210861
vt 0.981378 0.527944
vt 0.946889 0.227470
vt 0.938032 0.208475
vt 0.946617 0.167867
vt 0.989438 0.549977
vt 0.588331 0.919436
vt 0.617639 0.919552
vt 0.324035 0.194869
vt 0.342331 0.202268
vt 0.778471 0.982585
vt 0.115348 0.999444
vt 0.090009 0.999444
vt 0.105402 0.982699
vt 0.953095 0.649531
vt 0.983106 0.627728
vt 0.988373 0.672371
vt 0.005684 0.817813
vt 0.008142 0.795201
vt 0.023582 0.804808
vt 0.020430 0.785858
vt 0.855570 0.977350
vt 0.870464 0.997849
vt 0.837374 0.997656
vt 0.698877 0.887690
vt 0.664352 0.875124
vt 0.721124 0.871926
vt 0.943831 0.699395
vt 0.933618 0.674117
vt 0.979080 0.687839
vt 0.933967 0.672871
vt 0.895879 0.655110
vt 0.951343 0.654014
vt 0.654223 0.939556
vt 0.636812 0.947675
vt 0.598753 0.938734
vt 0.136280 0.507507
vt 0.083821 0.508791
vt 0.122178 0.501228
vt 0.176040 0.076137
vt 0.216548 0.068551
vt 0.227770 0.076067
vt 0.307944 0.076067
vt 0.265266 0.090600
vt 0.629075 0.870246
vt 0.747533 0.932200
vt 0.805047 0.932200
vt 0.758671 0.946273
vt 0.071557 0.554824
vt 0.033675 0.067796
vt 0.006008 0.067796
vt 0.007415 0.037363
vt 0.014631 0.452107
vt 0.079119 0.452107
vt 0.055101 0.461088
vt 0.139107 0.068453
vt 0.091387 0.726561
vt 0.103057 0.722314
vt 0.099493 0.811417
vt 0.731637 0.041261
vt 0.704268 0.060425
vt 0.655268 0.041351
vt 0.909881 0.817510
vt 0.947710 0.767934
vt 0.931968 0.821803
vt 0.952222 0.844169
vt 0.173286 0.097006
vt 0.140463 0.104166
vt 0.731147 0.915640
vt 0.759717 0.949689
vt 0.702088 0.950225
vt 0.712064 0.913366
vt 0.876486 0.718932
vt 0.846909 0.730524
vt 0.833265 0.700875
vt 0.938410 0.959311
vt 0.889467 0.959311
vt 0.928479 0.938011
vt 0.622880 0.095745
vt 0.569649 0.097604
vt 0.544283 0.069062
vt 0.879875 0.871549
vt 0.825951 0.902702
vt 0.796943 0.868132
vt 0.070417 0.935459
vt 0.021537 0.937959
vt 0.041981 0.911598
vt 0.867207 0.669589
vt 0.054381 0.999456
vt 0.037333 0.996755
vt 0.058401 0.980207
vt 0.296896 0.128408
vt 0.211722 0.128408
vt 0.211537 0.109191
vt 0.791752 0.894215
vt 0.822581 0.654485
vt 0.089067 0.246440
vt 0.077316 0.266793
vt 0.077104 0.181620
vt 0.153298 0.193934
vt 0.131069 0.152234
vt 0.183112 0.139258
vt 0.796994 0.684789
vt 0.566076 0.984662
vt 0.605551 0.985280
vt 0.777566 0.981962
vt 0.729874 0.981962
vt 0.754707 0.971908
vt 0.017164 0.763365
vt 0.001685 0.763365
vt 0.015602 0.742588
vt 0.181634 0.105578
vt 0.928723 0.277685
vt 0.928723 0.217354
vt 0.946277 0.228578
vt 0.286219 0.956993
vt 0.329356 0.955016
vt 0.290686 0.973665
vt 0.011925 0.908767
vt 0.876868 0.621212
vt 0.210696 0.117335
vt 0.836036 0.339516
vt 0.871782 0.336546
vt 0.840158 0.361652
vt 0.141919 0.104677
vt 0.867101 0.370178
vt 0.314966 0.979508
vt 0.789303 0.644336
vt 0.850141 0.609754
vt 0.800692 0.312094
vt 0.100734 0.186448
vt 0.038154 0.599851
vt 0.043583 0.644063
vt 0.019413 0.663046
vt 0.899705 0.393808
vt 0.897798 0.274346
vt 0.879716 0.277432
vt 0.898838 0.890666
vt 0.917257 0.868716
vt 0.951856 0.927794
vt 0.760282 0.021560
vt 0.738383 0.029531
vt 0.694083 0.021956
vt 0.946974 0.887439
vt 0.139732 0.245933
vt 0.090427 0.221178
vt 0.593121 0.994505
vt 0.137615 0.184470
vt 0.131743 0.155852
vt 0.898845 0.930391
vt 0.078990 0.494377
vt 0.078117 0.460666
vt 0.129720 0.432062
vt 0.690941 0.083446
vt 0.745495 0.093065
vt 0.665219 0.096614
vt 0.685540 0.765425
vt 0.701535 0.763590
vt 0.693882 0.796831
vt 0.676256 0.801871
vt 0.974720 0.325733
vt 0.985415 0.292819
vt 0.991550 0.325187
vt 0.087986 0.429234
vt 0.361962 0.932350
vt 0.392242 0.920726
vt 0.353775 0.948339
vt 0.677099 0.816336
vt 0.011508 0.267977
vt 0.043551 0.267977
vt 0.017822 0.281130
vt 0.330476 0.926341
vt 0.312246 0.780664
vt 0.274335 0.762986
vt 0.384891 0.765775
vt 0.350663 0.917236
vt 0.643397 0.831997
vt 0.901214 0.393772
vt 0.884004 0.356864
vt 0.895856 0.283311
vt 0.710408 0.802354
vt 0.769622 0.010081
vt 0.769622 0.020177
vt 0.727898 0.010507
vt 0.565016 0.976737
vt 0.599666 0.951562
vt 0.593443 0.978001
vt 0.680663 0.833721
vt 0.645792 0.848165
vt 0.738109 0.810064
vt 0.760869 0.843949
vt 0.713819 0.867362
vt 0.664404 0.863830
vt 0.916029 0.703075
vt 0.951805 0.716097
vt 0.905337 0.718552
vt 0.267030 0.119612
vt 0.313410 0.123374
vt 0.325316 0.133364
vt 0.048960 0.667315
vt 0.039813 0.719191
vt 0.039958 0.653573
vt 0.102763 0.931807
vt 0.132852 0.907442
vt 0.103511 0.951189
vt 0.410352 0.029830
vt 0.447846 0.036441
vt 0.373583 0.038127
vt 0.547062 0.029102
vt 0.472779 0.029102
vt 0.512540 0.011572
vt 0.351026 0.120950
vt 0.645165 0.973186
vt 0.602884 0.959448
vt 0.646124 0.956874
vt 0.121018 0.557765
vt 0.104320 0.532569
vt 0.141744 0.520409
vt 0.972941 0.569075
vt 0.953312 0.588704
vt 0.952931 0.560157
vt 0.952986 0.540760
vt 0.978121 0.544616
vt 0.068322 0.656389
vt 0.002663 0.238925
vt 0.020649 0.225857
vt 0.028091 0.238753
vt 0.071549 0.565405
vt 0.855181 0.949457
vt 0.905236 0.949457
vt 0.878755 0.957785
vt 0.199560 0.040850
vt 0.153323 0.056006
vt 0.065308 0.641920
vt 0.184257 0.060341
vt 0.252577 0.999756
vt 0.252577 0.984867
vt 0.286114 0.997526
vt 0.227629 0.059337
vt 0.061256 0.979054
vt 0.021482 0.979054
vt 0.061356 0.956462
vt 0.153345 0.044893
vt 0.412932 0.891717
vt 0.393881 0.875731
vt 0.455163 0.878520
vt 0.361802 0.893118
vt 0.000003 0.076852
vt 0.023310 0.095011
vt 0.006738 0.070163
vt 0.977950 0.312232
vt 0.953475 0.282633
vt 0.965976 0.336073
vt 0.792359 0.937356
vt 0.760029 0.947786
vt 0.816856 0.933586
vt 0.288039 0.804078
vt 0.315815 0.810251
vt 0.257708 0.813233
vt 0.303618 0.828917
vt 0.258125 0.797035
vt 0.239612 0.815813
vt 0.330365 0.974022
vt 0.330365 0.928259
vt 0.345726 0.942622
vt 0.263573 0.837539
vt 0.066699 0.959232
vt 0.056280 0.950490
vt 0.100962 0.952305
vt 0.230743 0.783292
vt 0.395042 0.955578
vt 0.434354 0.982914
vt 0.686829 0.999875
vt 0.671702 0.984748
vt 0.711234 0.986419
vt 0.323190 0.843101
vt 0.277740 0.861963
vt 0.224429 0.831286
vt 0.015661 0.043642
vt 0.006043 0.034025
vt 0.015782 0.015386
vt 0.804836 0.030059
vt 0.740303 0.030059
vt 0.783056 0.017560
vt 0.718083 0.982485
vt 0.671798 0.982485
vt 0.700107 0.970888
vt 0.233469 0.934614
vt 0.222135 0.957853
vt 0.207335 0.904906
vt 0.565740 0.974551
vt 0.561708 0.960488
vt 0.599999 0.946084
vt 0.259461 0.867502
vt 0.339054 0.985773
vt 0.329382 0.992545
vt 0.304299 0.985133
vt 0.202040 0.958190
vt 0.172285 0.946853
vt 0.185982 0.939939
vt 0.969862 0.601718
vt 0.989959 0.601718
vt 0.989222 0.635881
vt 0.196557 0.916017
vt 0.416373 0.029777
vt 0.489877 0.029777
vt 0.457042 0.034211
vt 0.016388 0.517431
vt 0.038100 0.584255
vt 0.014479 0.580557
vt 0.766903 0.276750
vt 0.772185 0.233731
vt 0.790080 0.294297
vt 0.800061 0.359027
vt 0.879135 0.251761
vt 0.886866 0.163391
vt 0.887730 0.275101
vt 0.956437 0.281513
vt 0.956437 0.227911
vt 0.979575 0.265780
vt 0.169984 0.756349
vt 0.163955 0.706868
vt 0.162384 0.657838
vt 0.002140 0.110392
vt 0.980553 0.282478
vt 0.814853 0.950343
vt 0.439780 0.955578
vt 0.178389 0.667208
vt 0.592465 0.340727
vt 0.543810 0.314320
vt 0.575992 0.225902
vt 0.645907 0.332850
vt 0.616127 0.226173
vt 0.680391 0.303842
vt 0.657657 0.225714
vt 0.675867 0.259433
vt 0.683372 0.222765
vt 0.368305 0.773450
vt 0.392226 0.787261
vt 0.268984 0.788058
vt 0.784552 0.501941
vt 0.778896 0.416515
vt 0.795616 0.370578
vt 0.800965 0.450518
vt 0.742292 0.545504
vt 0.731199 0.482593
vt 0.746479 0.397948
vt 0.211958 0.210028
vt 0.216821 0.154445
vt 0.220085 0.254781
vt 0.599217 0.077761
vt 0.544269 0.068072
vt 0.624382 0.068970
vt 0.974815 0.748729
vt 0.986486 0.712808
vt 0.991455 0.749493
vt 0.603536 0.765500
vt 0.552616 0.779143
vt 0.480293 0.766160
vt 0.718307 0.700396
vt 0.588909 0.677580
vt 0.736488 0.680844
vt 0.615642 0.693779
vt 0.393042 0.922011
vt 0.406654 0.898435
vt 0.451700 0.922994
vt 0.840127 0.850708
vt 0.894197 0.864074
vt 0.413572 0.008605
vt 0.388396 0.023141
vt 0.338412 0.012856
vt 0.234749 0.934715
vt 0.282612 0.950267
vt 0.254908 0.955662
vt 0.800170 0.313140
vt 0.806973 0.338529
vt 0.801545 0.440332
vt 0.444074 0.932964
vt 0.394512 0.924225
vt 0.452214 0.923683
vt 0.645033 0.945635
vt 0.697229 0.945635
vt 0.666888 0.953174
vt 0.873564 0.960037
vt 0.920087 0.960037
vt 0.901782 0.973495
vt 0.653035 0.184485
vt 0.544882 0.149344
vt 0.602581 0.150143
vt 0.406771 0.152578
vt 0.462337 0.146894
vt 0.514856 0.187927
vt 0.509400 0.169467
vt 0.791319 0.863786
vt 0.662920 0.882516
vt 0.713726 0.911848
vt 0.636132 0.902405
vt 0.620104 0.915600
vt 0.070881 0.918132
vt 0.020389 0.842284
vt 0.067415 0.878516
vt 0.251939 0.984844
vt 0.246506 0.998291
vt 0.220283 0.995384
vt 0.716451 0.913069
vt 0.697514 0.890502
vt 0.791077 0.895521
vt 0.889074 0.674730
vt 0.912513 0.698169
vt 0.890824 0.737968
vt 0.021037 0.904813
vt 0.592752 0.803735
vt 0.624633 0.806367
vt 0.632436 0.835488
vt 0.655541 0.818831
vt 0.650965 0.804722
vt 0.617464 0.837634
vt 0.548328 0.804137
vt 0.014978 0.677588
vt 0.039090 0.648853
vt 0.038188 0.719699
vt 0.799904 0.361104
vt 0.787713 0.365427
vt 0.761849 0.294368
vt 0.017903 0.518477
vt 0.036836 0.499545
vt 0.037156 0.570396
vt 0.325905 0.078075
vt 0.396264 0.075618
vt 0.404750 0.103945
vt 0.379327 0.025081
vt 0.303709 0.024667
vt 0.851384 0.979976
vt 0.827802 0.982575
vt 0.818665 0.954452
vt 0.078104 0.723839
vt 0.090051 0.716941
vt 0.086708 0.806372
vt 0.781408 0.376731
vt 0.876370 0.932556
vt 0.904665 0.948892
vt 0.849303 0.947779
vt 0.870819 0.958841
vt 0.077406 0.425875
vt 0.077407 0.335534
vt 0.094716 0.361316
vt 0.838211 0.943517
vt 0.001126 0.880101
vt 0.019599 0.880423
vt 0.020203 0.894205
vt 0.486779 0.993911
vt 0.495931 0.984759
vt 0.524630 0.991792
vt 0.761108 0.424382
vt 0.798963 0.927490
vt 0.740720 0.908565
vt 0.793370 0.896419
vt 0.983080 0.712084
vt 0.950055 0.701354
vt 0.983476 0.687221
vt 0.006475 0.999912
vt 0.006475 0.968342
vt 0.034696 0.991153
vt 0.978469 0.193425
vt 0.966946 0.168714
vt 0.979978 0.139413
vt 0.261090 0.985639
vt 0.294961 0.985639
vt 0.286825 0.996008
vt 0.078139 0.847972
vt 0.072570 0.816390
vt 0.080703 0.761155
vt 0.096781 0.105890
vt 0.108608 0.172967
vt 0.094765 0.192721
vt 0.289253 0.954756
vt 0.278907 0.924708
vt 0.320796 0.954654
vt 0.423251 0.930720
vt 0.446845 0.935735
vt 0.397897 0.951720
vt 0.545110 0.996410
vt 0.530520 0.993838
vt 0.551913 0.985122
vt 0.513564 0.984740
vt 0.319855 0.009145
vt 0.522258 0.104456
vt 0.539186 0.068659
vt 0.567345 0.096818
vt 0.952231 0.547406
vt 0.936162 0.570355
vt 0.947706 0.514001
vt 0.121601 0.984050
vt 0.121601 0.957915
vt 0.161633 0.983290
vt 0.371743 0.384514
vt 0.424625 0.394015
vt 0.429204 0.440456
vt 0.938948 0.508018
vt 0.370983 0.990797
vt 0.401255 0.998908
vt 0.364618 0.999282
vt 0.484242 0.069262
vt 0.474187 0.964260
vt 0.449492 0.944966
vt 0.492473 0.959214
vt 0.417909 0.495399
vt 0.410204 0.494370
vt 0.828552 0.820387
vt 0.862095 0.845152
vt 0.470257 0.422544
vt 0.490744 0.092489
vt 0.427269 0.008440
vt 0.501798 0.008440
vt 0.471188 0.028762
vt 0.758441 0.856692
vt 0.426416 0.372657
vt 0.454083 0.385059
vt 0.945779 0.316962
vt 0.930708 0.275555
vt 0.945310 0.256451
vt 0.801002 0.819599
vt 0.930017 0.370351
vt 0.922661 0.397802
vt 0.924448 0.337317
vt 0.768304 0.818639
vt 0.075129 0.790529
vt 0.069468 0.762679
vt 0.080333 0.756406
vt 0.143247 0.493806
vt 0.132547 0.460988
vt 0.141968 0.449761
vt 0.928776 0.048253
vt 0.929760 0.020074
vt 0.945727 0.077148
vt 0.139146 0.397067
vt 0.072995 0.703519
vt 0.899666 0.050742
vt 0.899152 0.080184
vt 0.846862 0.042832
vt 0.503425 0.394390
vt 0.565757 0.402274
vt 0.502057 0.372664
vt 0.020069 0.373539
vt 0.042927 0.373539
vt 0.021406 0.382413
vt 0.805591 0.842446
vt 0.790031 0.863901
vt 0.221459 0.369147
vt 0.220386 0.317066
vt 0.279539 0.356843
vt 0.197148 0.348305
vt 0.956989 0.378587
vt 0.967615 0.397909
vt 0.958127 0.409216
vt 0.232089 0.386583
vt 0.959775 0.431929
vt 0.343151 0.985703
vt 0.354506 0.999234
vt 0.319601 0.999912
vt 0.206242 0.396452
vt 0.199593 0.383747
vt 0.221572 0.441863
vt 0.036305 0.969092
vt 0.014330 0.964820
vt 0.228366 0.430429
vt 0.017878 0.937145
vt 0.948366 0.983964
vt 0.922864 0.973661
vt 0.960609 0.945599
vt 0.212337 0.427995
vt 0.971977 0.983748
vt 0.739202 0.976163
vt 0.705919 0.973251
vt 0.752910 0.971258
vt 0.218329 0.990326
vt 0.219554 0.997274
vt 0.186200 0.995352
vt 0.011424 0.928726
vt 0.984327 0.368878
vt 0.987374 0.334041
vt 0.989384 0.373797
vt 0.349329 0.982999
vt 0.355401 0.948561
vt 0.389916 0.983483
vt 0.246315 0.982891
vt 0.234836 0.970582
vt 0.235098 0.944689
vt 0.395215 0.948808
vt 0.969584 0.116036
vt 0.954523 0.084356
vt 0.954523 0.061543
vt 0.968909 0.074778
vt 0.166948 0.974669
vt 0.164146 0.981969
vt 0.131663 0.956523
vt 0.050580 0.957411
vt 0.992857 0.947002
vt 0.992857 0.978594
vt 0.977381 0.964103
vt 0.892078 0.165284
vt 0.905045 0.183803
vt 0.894768 0.228566
vt 0.992890 0.999781
vt 0.959492 0.999781
vt 0.850799 0.007749
vt 0.853911 0.004637
vt 0.873407 0.007763
vt 0.069352 0.251944
vt 0.076156 0.260347
vt 0.031439 0.241972
vt 0.019082 0.220373
vt 0.042282 0.219316
vt 0.071889 0.239070
vt 0.065979 0.963266
vt 0.100192 0.953455
vt 0.067341 0.971324
vt 0.066052 0.980077
vt 0.974131 0.684945
vt 0.970085 0.673686
vt 0.948889 0.512880
vt 0.941525 0.507977
vt 0.946517 0.450910
vt 0.606103 0.030938
vt 0.668118 0.030938
vt 0.595275 0.036026
vt 0.057911 0.346224
vt 0.030159 0.276110
vt 0.045231 0.274312
vt 0.036174 0.336121
vt 0.028243 0.289344
vt 0.011533 0.344582
vt 0.012205 0.300594
vt 0.020625 0.280785
vt 0.988003 0.482274
vt 0.984266 0.503472
vt 0.984219 0.459326
vt 0.452060 0.792774
vt 0.493903 0.789113
vt 0.456917 0.813213
vt 0.396720 0.788740
vt 0.393993 0.832292
vt 0.702736 0.944822
vt 0.645478 0.944822
vt 0.700615 0.938611
vt 0.509706 0.975083
vt 0.496726 0.935135
vt 0.552381 0.962120
vt 0.226458 0.819771
vt 0.179250 0.819830
vt 0.179250 0.718861
vt 0.231960 0.762778
vt 0.984054 0.972441
vt 0.047640 0.253259
vt 0.953944 0.678386
vt 0.940496 0.470595
vt 0.816824 0.001274
vt 0.808885 0.007935
vt 0.795776 0.000993
vt 0.972390 0.777837
vt 0.971503 0.808953
vt 0.960984 0.810245
vt 0.986860 0.284628
vt 0.968828 0.275190
vt 0.980478 0.268831
vt 0.900675 0.007790
vt 0.877103 0.007790
vt 0.885621 0.001139
vt 0.989009 0.268311
vt 0.980078 0.795355
vt 0.984624 0.810953
vt 0.980824 0.424087
vt 0.967805 0.404437
vt 0.971845 0.381525
vt 0.979411 0.247118
vt 0.419412 0.989156
vt 0.441350 0.997141
vt 0.404385 0.998939
vt 0.004739 0.112447
vt 0.000268 0.137800
vt 0.000222 0.110712
vt 0.985226 0.778179
vt 0.981104 0.371052
vt 0.021645 0.649409
vt 0.018451 0.662218
vt 0.003157 0.662595
vt 0.991893 0.790466
vt 0.774948 0.969899
vt 0.822770 0.969899
vt 0.777350 0.980498
vt 0.002698 0.129628
vt 0.004743 0.125243
vt 0.004618 0.150054
vt 0.980212 0.728559
vt 0.970711 0.747020
vt 0.933263 0.719812
vt 0.783354 0.007777
vt 0.789484 0.001647
vt 0.803948 0.006633
vt 0.045735 0.013451
vt 0.113987 0.013451
vt 0.079619 0.031192
vt 0.544359 0.945950
vt 0.596514 0.946144
vt 0.580926 0.008606
vt 0.654193 0.013478
vt 0.645492 0.019990
vt 0.587882 0.020164
vt 0.504867 0.787234
vt 0.486909 0.787959
vt 0.447666 0.741191
vt 0.987749 0.106294
vt 0.977825 0.131195
vt 0.970851 0.111785
vt 0.003192 0.535542
vt 0.015161 0.526846
vt 0.014276 0.547063
vt 0.038248 0.492142
vt 0.049088 0.553619
vt 0.037717 0.570358
vt 0.432876 0.741552
vt 0.036958 0.720138
vt 0.014133 0.714447
vt 0.016519 0.691569
vt 0.991451 0.141226
vt 0.882270 0.001678
vt 0.875629 0.007251
vt 0.859297 0.002830
vt 0.394902 0.788075
vt 0.381542 0.774294
vt 0.982908 0.712801
vt 0.562340 0.956332
vt 0.210143 0.179991
vt 0.212276 0.252288
vt 0.191163 0.226940
vt 0.000022 0.511689
vt 0.012821 0.494072
vt 0.015355 0.519817
vt 0.196512 0.581212
vt 0.209586 0.547076
vt 0.239047 0.516343
vt 0.223239 0.572277
vt 0.189363 0.357393
vt 0.215124 0.318836
vt 0.251188 0.528045
vt 0.217272 0.524206
vt 0.812604 0.006198
vt 0.829682 0.001622
vt 0.118460 0.957951
vt 0.116947 0.975240
vt 0.091984 0.959280
vt 0.920567 0.296765
vt 0.920567 0.323274
vt 0.915247 0.313626
vt 0.233575 0.283633
vt 0.280351 0.952039
vt 0.278410 0.970506
vt 0.093905 0.975580
vt 0.233796 0.300891
vt 0.292634 0.981493
vt 0.193544 0.479800
vt 0.076481 0.971172
vt 0.241379 0.260000
vt 0.208024 0.151978
vt 0.284630 0.518725
vt 0.991398 0.176774
vt 0.991398 0.209635
vt 0.972392 0.203564
vt 0.231124 0.483887
vt 0.179263 0.286392
vt 0.834717 0.006314
vt 0.190998 0.181539
vt 0.259449 0.957409
vt 0.172311 0.257190
vt 0.671558 0.999972
vt 0.635982 0.999972
vt 0.670567 0.979102
vt 0.639911 0.982216
vt 0.655715 0.960345
vt 0.808039 0.109697
vt 0.781499 0.121897
vt 0.729371 0.127870
vt 0.778095 0.152223
vt 0.881963 0.511263
vt 0.890163 0.480662
vt 0.891351 0.598704
vt 0.824201 0.120605
vt 0.410043 0.136272
vt 0.322100 0.136272
vt 0.398174 0.107279
vt 0.886976 0.464243
vt 0.899038 0.395837
vt 0.899234 0.513885
vt 0.308578 0.200086
vt 0.372402 0.205670
vt 0.309899 0.242319
vt 0.918795 0.590624
vt 0.920563 0.535429
vt 0.931276 0.527928
vt 0.932891 0.587421
vt 0.366954 0.255245
vt 0.229146 0.058889
vt 0.168176 0.014592
vt 0.227517 0.010059
vt 0.291684 0.258560
vt 0.239205 0.258743
vt 0.701506 0.923082
vt 0.625214 0.916407
vt 0.710103 0.913228
vt 0.240144 0.201005
vt 0.303317 0.514270
vt 0.295557 0.513591
vt 0.307886 0.439066
vt 0.177548 0.062953
vt 0.170488 0.059661
vt 0.113623 0.061039
vt 0.276383 0.373627
vt 0.238712 0.511564
vt 0.259701 0.373973
vt 0.234277 0.386625
vt 0.732210 0.108690
vt 0.162193 0.066331
vt 0.588209 0.605535
vt 0.558271 0.576561
vt 0.572125 0.577677
vt 0.529925 0.568072
vt 0.570063 0.559937
vt 0.071363 0.186749
vt 0.074366 0.228521
vt 0.043772 0.218581
vt 0.553870 0.546023
vt 0.560515 0.516951
vt 0.587062 0.525678
vt 0.031894 0.205244
vt 0.037345 0.180579
vt 0.699073 0.020771
vt 0.734937 0.014447
vt 0.764221 0.020084
vt 0.596999 0.510152
vt 0.054575 0.141023
vt 0.068511 0.159367
vt 0.622422 0.517984
vt 0.692762 0.021056
vt 0.650272 0.028548
vt 0.625690 0.022734
vt 0.094594 0.159465
vt 0.560024 0.480537
vt 0.612939 0.497863
vt 0.529364 0.463276
vt 0.537680 0.446222
vt 0.748546 0.928248
vt 0.765626 0.919030
vt 0.792555 0.930460
vt 0.737703 0.908826
vt 0.136691 0.628434
vt 0.112356 0.612198
vt 0.137271 0.582504
vt 0.112233 0.583213
vt 0.574779 0.391488
vt 0.691580 0.022359
vt 0.719578 0.029861
vt 0.652942 0.030220
vt 0.085099 0.068629
vt 0.024826 0.097046
vt 0.128202 0.547162
vt 0.016091 0.068629
vt 0.859354 0.820087
vt 0.900232 0.834770
vt 0.858278 0.840626
vt 0.892004 0.540319
vt 0.901640 0.535825
vt 0.892196 0.599095
vt 0.526802 0.185195
vt 0.545698 0.164788
vt 0.604252 0.169911
vt 0.909583 0.575167
vt 0.641849 0.186402
vt 0.054668 0.140008
vt 0.056866 0.098074
vt 0.088035 0.140324
vt 0.494355 0.240181
vt 0.508088 0.230315
vt 0.565831 0.251332
vt 0.878479 0.386003
vt 0.892354 0.389721
vt 0.882782 0.504374
vt 0.557598 0.779717
vt 0.680498 0.767416
vt 0.676047 0.779717
vt 0.096826 0.102490
vt 0.608184 0.765422
vt 0.053308 0.085317
vt 0.087475 0.069002
vt 0.626979 0.097001
vt 0.684982 0.084879
vt 0.667877 0.093423
vt 0.602717 0.080082
vt 0.427225 0.246177
vt 0.109391 0.078412
vt 0.024351 0.055437
vt 0.076120 0.046309
vt 0.091721 0.057362
vt 0.650639 0.135716
vt 0.644993 0.109150
vt 0.723559 0.137378
vt 0.829927 0.819097
vt 0.362295 0.897148
vt 0.393311 0.918866
vt 0.352713 0.916293
vt 0.301630 0.920488
vt 0.354069 0.874762
vt 0.892869 0.738239
vt 0.948401 0.738239
vt 0.931702 0.763745
vt 0.158567 0.445564
vt 0.177039 0.509986
vt 0.873004 0.933206
vt 0.824295 0.946258
vt 0.817472 0.933522
vt 0.189500 0.529578
vt 0.327601 0.870683
vt 0.301902 0.878338
vt 0.164863 0.540165
vt 0.182951 0.954301
vt 0.132525 0.954301
vt 0.138301 0.929132
vt 0.143985 0.523548
vt 0.131025 0.489698
vt 0.131258 0.554932
vt 0.215701 0.524038
vt 0.921461 0.401214
vt 0.915840 0.397278
vt 0.919270 0.352259
vt 0.916376 0.448247
vt 0.916376 0.398976
vt 0.921422 0.408053
vt 0.720339 0.000609
vt 0.731546 0.000609
vt 0.723231 0.006832
vt 0.117931 0.976436
vt 0.117931 0.983881
vt 0.078001 0.977054
vt 0.260172 0.959494
vt 0.292480 0.982967
vt 0.257124 0.967371
vt 0.751714 0.982740
vt 0.777056 0.982740
vt 0.751815 0.993947
vt 0.939658 0.018433
vt 0.941870 0.010179
vt 0.941383 0.057038
vt 0.636862 0.993008
vt 0.597265 0.993008
vt 0.634988 0.984670
vt 0.216285 0.913036
vt 0.223264 0.908277
vt 0.248683 0.914145
vt 0.966571 0.063828
vt 0.245843 0.930513
vt 0.965758 0.011816
vt 0.903607 0.982834
vt 0.916978 0.963937
vt 0.921350 0.972998
vt 0.926943 0.986788
vt 0.918317 0.996380
vt 0.902918 0.990102
vt 0.953006 0.928447
vt 0.963476 0.904471
vt 0.973817 0.916432
vt 0.955326 0.915757
vt 0.847484 0.007766
vt 0.832064 0.002154
vt 0.854443 0.002214
vt 0.960727 0.944003
vt 0.938757 0.956924
vt 0.937530 0.934533
vt 0.981759 0.009088
vt 0.983457 0.049142
vt 0.982112 0.938090
vt 0.984139 0.559077
vt 0.985603 0.575819
vt 0.985010 0.599157
vt 0.928184 0.977265
vt 0.951776 0.986914
vt 0.951134 0.991485
vt 0.928646 0.985217
vt 0.981705 0.957136
vt 0.034934 0.996416
vt 0.036079 0.980047
vt 0.056831 0.979775
vt 0.274290 0.924178
vt 0.027846 0.456858
vt 0.051023 0.461748
vt 0.000811 0.138420
vt 0.004924 0.161747
vt 0.000532 0.163168
vt 0.011413 0.471504
vt 0.076345 0.457563
vt 0.027846 0.465761
vt 0.077377 0.471504
vt 0.384444 0.398901
vt 0.371908 0.544551
vt 0.335678 0.532886
vt 0.318037 0.541853
vt 0.557732 0.272225
vt 0.420336 0.275700
vt 0.441339 0.262042
vt 0.558831 0.260510
vt 0.322934 0.404500
vt 0.146957 0.057868
vt 0.142720 0.046795
vt 0.152672 0.053073
vt 0.389800 0.457186
vt 0.080959 0.047495
vt 0.088882 0.053796
vt 0.674605 0.399191
vt 0.640771 0.360269
vt 0.746301 0.349309
vt 0.600132 0.945425
vt 0.544710 0.945425
vt 0.597352 0.938503
vt 0.813706 0.489685
vt 0.873794 0.610018
vt 0.813706 0.607187
vt 0.742121 0.043925
vt 0.800196 0.039856
vt 0.809416 0.092145
vt 0.732251 0.041675
vt 0.748941 0.093081
vt 0.872798 0.549479
vt 0.627865 0.434422
vt 0.597992 0.395610
vt 0.739269 0.090147
vt 0.931154 0.341533
vt 0.931154 0.280986
vt 0.942854 0.312709
vt 0.609318 0.369205
vt 0.588024 0.393936
vt 0.592018 0.385716
vt 0.629851 0.353147
vt 0.984004 0.862652
vt 0.984004 0.902229
vt 0.957961 0.901106
vt 0.952263 0.873350
vt 0.952020 0.921955
vt 0.950453 0.888091
vt 0.937097 0.671521
vt 0.955270 0.653349
vt 0.983537 0.672048
vt 0.958104 0.863000
vt 0.982014 0.863417
vt 0.954692 0.873259
vt 0.932668 0.859331
vt 0.954040 0.901086
vt 0.933650 0.870207
vt 0.161360 0.863314
vt 0.254083 0.855202
vt 0.258779 0.868013
vt 0.161789 0.405307
vt 0.195300 0.380960
vt 0.228092 0.478663
vt 0.900083 0.806681
vt 0.865902 0.815839
vt 0.802298 0.811312
vt 0.260753 0.852500
vt 0.162858 0.852500
vt 0.337745 0.826857
vt 0.342682 0.791730
vt 0.390863 0.816524
vt 0.329594 0.844854
vt 0.387564 0.853622
vt 0.309067 0.850145
vt 0.389199 0.834841
vt 0.952982 0.142668
vt 0.952982 0.088482
vt 0.980550 0.138688
vt 0.928307 0.156784
vt 0.937268 0.196523
vt 0.197339 0.876062
vt 0.135866 0.866436
vt 0.142866 0.858362
vt 0.207750 0.901270
vt 0.403234 0.873449
vt 0.157611 0.500389
vt 0.147448 0.462459
vt 0.157595 0.403381
vt 0.601400 0.940525
vt 0.648104 0.955699
vt 0.604065 0.958285
vt 0.917028 0.702214
vt 0.890436 0.663857
vt 0.941409 0.696626
vt 0.135109 0.901759
vt 0.118599 0.883495
vt 0.134139 0.928840
vt 0.104750 0.928384
vt 0.241954 0.835000
vt 0.928307 0.216728
vt 0.930234 0.672551
vt 0.188284 0.922944
vt 0.062694 0.400638
vt 0.077645 0.446227
vt 0.048342 0.421134
vt 0.051485 0.447960
vt 0.074897 0.376408
vt 0.743538 0.573688
vt 0.735890 0.663191
vt 0.729644 0.574904
vt 0.901069 0.988882
vt 0.874725 0.980322
vt 0.900695 0.978380
vt 0.045790 0.374208
vt 0.728717 0.545897
vt 0.011977 0.387394
vt 0.738748 0.547912
vt 0.728188 0.509428
vt 0.011641 0.450196
vt 0.111570 0.573459
vt 0.037736 0.571945
vt 0.049721 0.562553
vt 0.711994 0.999925
vt 0.711994 0.984698
vt 0.748324 0.993015
vt 0.407477 0.066997
vt 0.483052 0.068588
vt 0.487574 0.094235
vt 0.232085 0.046370
vt 0.303026 0.009902
vt 0.302489 0.046370
vt 0.044757 0.641316
vt 0.301891 0.075386
vt 0.227232 0.073737
vt 0.478667 0.130424
vt 0.404291 0.093655
vt 0.109558 0.639866
vt 0.228075 0.008443
vt 0.287038 0.291678
vt 0.308369 0.258519
vt 0.374911 0.258519
vt 0.875343 0.031699
vt 0.847756 0.028312
vt 0.876386 0.018400
vt 0.279244 0.266861
vt 0.303787 0.035708
vt 0.312999 0.026496
vt 0.378752 0.036004
vt 0.408942 0.130371
vt 0.911668 0.020079
vt 0.726115 0.015039
vt 0.661545 0.020688
vt 0.653349 0.010562
vt 0.236696 0.326268
vt 0.243990 0.264658
vt 0.270811 0.341757
vt 0.285534 0.313204
vt 0.296892 0.348128
vt 0.510089 0.029798
vt 0.521319 0.037662
vt 0.448423 0.036604
vt 0.486491 0.998012
vt 0.449025 0.998012
vt 0.483528 0.984627
vt 0.915335 0.282984
vt 0.920478 0.285382
vt 0.915856 0.308286
vt 0.719626 0.888110
vt 0.777115 0.893140
vt 0.687170 0.889034
vt 0.002110 0.360982
vt 0.021012 0.347248
vt 0.023188 0.361085
vt 0.044672 0.522990
vt 0.049010 0.473397
vt 0.052551 0.550909
vt 0.923302 0.475015
vt 0.923302 0.413874
vt 0.949218 0.442137
vt 0.859127 0.980109
vt 0.906746 0.976915
vt 0.984850 0.549246
vt 0.989356 0.551347
vt 0.987398 0.589643
vt 0.948768 0.117442
vt 0.926458 0.058153
vt 0.940481 0.070441
vt 0.984242 0.407342
vt 0.988476 0.423144
vt 0.984752 0.447816
vt 0.062265 0.779249
vt 0.054003 0.783474
vt 0.064835 0.755610
vt 0.074897 0.791813
vt 0.923839 0.102355
vt 0.763898 0.888946
vt 0.043483 0.801582
vt 0.935120 0.117413
vt 0.055027 0.815771
vt 0.033115 0.788397
vt 0.063492 0.816823
vt 0.922264 0.116132
vt 0.173186 0.243370
vt 0.185346 0.240112
vt 0.171865 0.256223
vt 0.036858 0.809346
vt 0.171797 0.229793
vt 0.063789 0.827471
vt 0.012932 0.239625
vt 0.031447 0.249549
vt 0.016855 0.258080
vt 0.174573 0.157468
vt 0.043292 0.826746
vt 0.015877 0.812028
vt 0.053242 0.828716
vt 0.787955 0.001117
vt 0.780448 0.006373
vt 0.769089 0.001068
vt 0.972194 0.611143
vt 0.968559 0.631757
vt 0.952409 0.589354
vt 0.952485 0.635348
vt 0.154707 0.993498
vt 0.129519 0.985647
vt 0.076353 0.263351
vt 0.869666 0.961855
vt 0.151316 0.984181
vt 0.145546 0.993266
vt 0.368618 0.027132
vt 0.414547 0.026457
vt 0.379928 0.035051
vt 0.724968 0.369076
vt 0.675558 0.419815
vt 0.632880 0.436165
vt 0.339917 0.029200
vt 0.465301 0.214140
vt 0.380175 0.206692
vt 0.658413 0.440042
vt 0.566518 0.024479
vt 0.595227 0.034928
vt 0.522332 0.037029
vt 0.505737 0.214077
vt 0.631166 0.466523
vt 0.650954 0.468680
vt 0.402213 0.946375
vt 0.371680 0.945308
vt 0.420979 0.929617
vt 0.233791 0.981469
vt 0.226343 0.953674
vt 0.233974 0.936686
vt 0.125746 0.957625
vt 0.102284 0.955159
vt 0.132835 0.913406
vt 0.612264 0.457225
vt 0.643325 0.485150
vt 0.622023 0.489059
vt 0.613104 0.432328
vt 0.602413 0.447318
vt 0.291058 0.741493
vt 0.306616 0.712584
vt 0.352444 0.707607
vt 0.344509 0.686089
vt 0.287933 0.698997
vt 0.296513 0.617770
vt 0.495974 0.201535
vt 0.349634 0.720779
vt 0.350448 0.762190
vt 0.465810 0.978366
vt 0.476848 0.967730
vt 0.479418 0.978841
vt 0.738003 0.007736
vt 0.724298 0.007736
vt 0.733638 0.001192
vt 0.750793 0.984626
vt 0.750793 0.989085
vt 0.716965 0.984821
vt 0.639749 0.835516
vt 0.639749 0.869345
vt 0.542790 0.850092
vt 0.503477 0.780282
vt 0.626483 0.787519
vt 0.444193 0.944445
vt 0.177542 0.320803
vt 0.167955 0.225401
vt 0.915628 0.317001
vt 0.921032 0.347651
vt 0.915277 0.357106
vt 0.791673 0.217990
vt 0.802573 0.219912
vt 0.798640 0.342526
vt 0.455866 0.983631
vt 0.650190 0.200652
vt 0.519453 0.199520
vt 0.056050 0.324412
vt 0.076012 0.340037
vt 0.045297 0.268568
vt 0.870616 0.017572
vt 0.900679 0.009517
vt 0.912122 0.017765
vt 0.776252 0.417856
vt 0.784660 0.513957
vt 0.774368 0.549406
vt 0.289079 0.762212
vt 0.238203 0.634614
vt 0.506167 0.787674
vt 0.166704 0.322715
vt 0.533778 0.238476
vt 0.076727 0.267602
vt 0.247970 0.741266
vt 0.023940 0.799584
vt 0.017285 0.751293
vt 0.070314 0.731992
vt 0.016987 0.728689
vt 0.489245 0.924676
vt 0.547462 0.924676
vt 0.441431 0.954065
vt 0.395889 0.954797
vt 0.138006 0.603916
vt 0.154525 0.587889
vt 0.156938 0.577386
vt 0.142439 0.587113
vt 0.138369 0.576750
vt 0.041650 0.346753
vt 0.060321 0.346753
vt 0.134961 0.560076
vt 0.158690 0.561356
vt 0.139799 0.641181
vt 0.022516 0.346334
vt 0.268263 0.619778
vt 0.257479 0.644887
vt 0.241101 0.639550
vt 0.695781 0.337871
vt 0.685027 0.340753
vt 0.687215 0.313700
vt 0.893174 0.769388
vt 0.914380 0.753631
vt 0.920608 0.769855
vt 0.249787 0.614687
vt 0.869280 0.856638
vt 0.842911 0.850207
vt 0.869280 0.851836
vt 0.596338 0.997128
vt 0.635805 0.997128
vt 0.622145 0.999400
vt 0.261646 0.680818
vt 0.280547 0.652225
vt 0.697234 0.298432
vt 0.913292 0.810853
vt 0.303046 0.605519
vt 0.296674 0.596521
vt 0.906097 0.850688
vt 0.248242 0.603573
vt 0.862626 0.789969
vt 0.683718 0.210338
vt 0.965450 0.902866
vt 0.991395 0.911799
vt 0.988018 0.932948
vt 0.244202 0.541900
vt 0.489698 0.935443
vt 0.443396 0.938060
vt 0.155957 0.610450
vt 0.024321 0.362495
vt 0.155952 0.545327
vt 0.076777 0.373400
vt 0.012013 0.369445
vt 0.073887 0.362614
vt 0.063398 0.346838
vt 0.883931 0.870309
vt 0.824464 0.867192
vt 0.278828 0.928802
vt 0.235195 0.932541
vt 0.898254 0.895208
vt 0.032703 0.840104
vt 0.012031 0.842642
vt 0.021599 0.812615
vt 0.036835 0.821425
vt 0.051461 0.837449
vt 0.746443 0.715884
vt 0.721527 0.707739
vt 0.743931 0.705004
vt 0.704590 0.723770
vt 0.736905 0.735371
vt 0.707202 0.741463
vt 0.731729 0.752192
vt 0.720100 0.755498
vt 0.842763 0.898655
vt 0.831002 0.926371
vt 0.808070 0.909090
vt 0.889799 0.918619
vt 0.894311 0.896898
vt 0.888588 0.253240
vt 0.894252 0.237678
vt 0.898118 0.273700
vt 0.693754 0.763250
vt 0.158067 0.394185
vt 0.144512 0.471060
vt 0.146086 0.374178
vt 0.888015 0.879680
vt 0.890246 0.156360
vt 0.527993 0.104582
vt 0.560454 0.101742
vt 0.609408 0.105103
vt 0.645501 0.761143
vt 0.603260 0.754501
vt 0.889949 0.867721
vt 0.283158 0.949174
vt 0.773765 0.488857
vt 0.744092 0.531234
vt 0.747435 0.398329
vt 0.371771 0.219486
vt 0.383273 0.207984
vt 0.504717 0.220091
vt 0.537399 0.021562
vt 0.608930 0.021562
vt 0.833330 0.807193
vt 0.751263 0.814373
vt 0.000000 0.639521
vt 0.020833 0.646290
vt 0.000594 0.663059
vt 0.819241 0.782359
vt 0.708016 0.788188
vt 0.213851 0.905998
vt 0.301030 0.877671
vt 0.298790 0.917964
vt 0.987605 0.415008
vt 0.984266 0.396074
vt 0.988948 0.374675
vt 0.321361 0.997388
vt 0.301268 0.984755
vt 0.881043 0.740957
vt 0.881043 0.629579
vt 0.892767 0.634315
vt 0.422784 0.875533
vt 0.516606 0.875533
vt 0.517196 0.880419
vt 0.807355 0.753189
vt 0.776970 0.761330
vt 0.785816 0.632519
vt 0.761405 0.007773
vt 0.743059 0.007773
vt 0.759746 0.003139
vt 0.578312 0.024569
vt 0.731154 0.805667
vt 0.823234 0.749014
vt 0.286774 0.997388
vt 0.931790 0.375974
vt 0.931790 0.342472
vt 0.944806 0.378044
vt 0.500440 0.667133
vt 0.491078 0.617779
vt 0.522559 0.606321
vt 0.944824 0.342877
vt 0.538187 0.670238
vt 0.506177 0.679135
vt 0.539496 0.623650
vt 0.136494 0.255057
vt 0.088867 0.333760
vt 0.086450 0.259435
vt 0.946186 0.403064
vt 0.540492 0.679394
vt 0.647315 0.674185
vt 0.462424 0.343912
vt 0.437462 0.346096
vt 0.444784 0.275928
vt 0.378742 0.570067
vt 0.389347 0.602703
vt 0.317995 0.589316
vt 0.077412 0.268836
vt 0.077457 0.333595
vt 0.149256 0.258810
vt 0.149770 0.322533
vt 0.402492 0.342371
vt 0.331955 0.623573
vt 0.542944 0.279778
vt 0.470338 0.277261
vt 0.410483 0.278108
vt 0.084937 0.341934
vt 0.801712 0.508723
vt 0.812024 0.475339
vt 0.812872 0.509699
vt 0.139603 0.332760
vt 0.801711 0.475345
vt 0.138204 0.345637
vt 0.632960 0.335831
vt 0.595379 0.356630
vt 0.596529 0.342254
vt 0.811225 0.449763
vt 0.630748 0.351568
vt 0.359066 0.729041
vt 0.523389 0.704147
vt 0.556757 0.758361
vt 0.523389 0.757542
vt 0.801715 0.451578
vt 0.558096 0.695663
vt 0.580521 0.758702
vt 0.567387 0.716266
vt 0.807574 0.377206
vt 0.673040 0.732083
vt 0.746387 0.348285
vt 0.168205 0.648095
vt 0.161505 0.606190
vt 0.208615 0.614496
vt 0.161256 0.581360
vt 0.188364 0.681536
vt 0.741192 0.612081
vt 0.812282 0.510554
vt 0.812876 0.643216
vt 0.173939 0.813516
vt 0.186488 0.832532
vt 0.160814 0.811860
vt 0.161302 0.826577
vt 0.180418 0.847317
vt 0.153380 0.832685
vt 0.201071 0.584962
vt 0.203500 0.594207
vt 0.128988 0.869879
vt 0.129273 0.847086
vt 0.142775 0.815577
vt 0.230113 0.614189
vt 0.162018 0.798971
vt 0.129389 0.824420
vt 0.227597 0.582020
vt 0.136760 0.774962
vt 0.346662 0.943543
vt 0.346662 0.983541
vt 0.339349 0.960744
vt 0.940934 0.000225
vt 0.916209 0.019616
vt 0.918218 0.000225
vt 0.258255 0.960132
vt 0.248544 0.982016
vt 0.243736 0.969561
vt 0.235297 0.940108
vt 0.938635 0.018974
vt 0.791801 0.520379
vt 0.403903 0.873453
vt 0.501355 0.874872
vt 0.300514 0.876520
vt 0.212879 0.885857
vt 0.452800 0.869175
vt 0.213695 0.904729
vt 0.792269 0.803438
vt 0.857809 0.755855
vt 0.865957 0.775152
vt 0.854149 0.805027
vt 0.441232 0.564331
vt 0.392482 0.648769
vt 0.447823 0.536101
vt 0.188474 0.037308
vt 0.159426 0.025648
vt 0.884911 0.745568
vt 0.899696 0.763071
vt 0.145941 0.026715
vt 0.115593 0.028127
vt 0.116978 0.012571
vt 0.143064 0.045961
vt 0.384518 0.486647
vt 0.887878 0.110152
vt 0.855399 0.125297
vt 0.862252 0.071678
vt 0.852063 0.092125
vt 0.836217 0.123664
vt 0.955977 0.344754
vt 0.979874 0.370690
vt 0.959110 0.380372
vt 0.981027 0.326969
vt 0.805659 0.983299
vt 0.831742 0.983299
vt 0.812654 0.994876
vt 0.927641 0.834388
vt 0.915097 0.833291
vt 0.433129 0.503504
vt 0.811994 0.115586
vt 0.988778 0.478463
vt 0.984344 0.453317
vt 0.989366 0.434731
vt 0.908284 0.861445
vt 0.906827 0.812554
vt 0.928242 0.874450
vt 0.493547 0.958304
vt 0.444945 0.941427
vt 0.484566 0.928926
vt 0.455761 0.920168
vt 0.810039 0.071628
vt 0.165876 0.014476
vt 0.937914 0.832152
vt 0.623073 0.584577
vt 0.577328 0.670991
vt 0.630344 0.556548
vt 0.611961 0.568233
vt 0.236865 0.698698
vt 0.237853 0.596440
vt 0.618235 0.503141
vt 0.569150 0.372660
vt 0.623046 0.499879
vt 0.706644 0.521630
vt 0.644051 0.524644
vt 0.641445 0.514808
vt 0.625525 0.511550
vt 0.643094 0.509808
vt 0.631263 0.506630
vt 0.319562 0.096303
vt 0.401668 0.104139
vt 0.682693 0.621577
vt 0.579371 0.670032
vt 0.500970 0.973655
vt 0.495753 0.936528
vt 0.508712 0.977659
vt 0.341911 0.089313
vt 0.687940 0.603718
vt 0.710267 0.618827
vt 0.699800 0.639981
vt 0.721807 0.627094
vt 0.711026 0.647289
vt 0.695913 0.608162
vt 0.145566 0.341890
vt 0.156882 0.299658
vt 0.159494 0.395778
vt 0.718762 0.474809
vt 0.710190 0.616601
vt 0.704734 0.607070
vt 0.162173 0.643512
vt 0.157797 0.706578
vt 0.128998 0.728280
vt 0.888185 0.612940
vt 0.882403 0.628826
vt 0.881656 0.517007
vt 0.715919 0.612009
vt 0.721020 0.624788
vt 0.917276 0.463743
vt 0.921514 0.415300
vt 0.971043 0.208595
vt 0.977888 0.260746
vt 0.727673 0.622770
vt 0.155826 0.731984
vt 0.960946 0.213311
vt 0.209071 0.675376
vt 0.622582 0.523724
vt 0.320176 0.103319
vt 0.687947 0.630567
vt 0.159333 0.725456
vt 0.921414 0.473093
vt 0.980026 0.207012
vt 0.943920 0.118126
vt 0.943920 0.177509
vt 0.930088 0.160001
vt 0.782567 0.653730
vt 0.735290 0.665756
vt 0.746165 0.650545
vt 0.775363 0.763209
vt 0.766350 0.645251
vt 0.960623 0.008377
vt 0.941162 0.008377
vt 0.946937 0.000056
vt 0.777286 0.629152
vt 0.165880 0.989679
vt 0.197712 0.989679
vt 0.180404 0.996433
vt 0.628803 0.712760
vt 0.603958 0.708935
vt 0.624532 0.701024
vt 0.745453 0.700940
vt 0.596313 0.692002
vt 0.487266 0.579664
vt 0.454922 0.464813
vt 0.505232 0.565694
vt 0.821779 0.867457
vt 0.716415 0.867457
vt 0.732336 0.860222
vt 0.422385 0.011450
vt 0.461681 0.025752
vt 0.386533 0.025128
vt 0.454879 0.586074
vt 0.464935 0.596772
vt 0.509849 0.595348
vt 0.523654 0.581356
vt 0.990070 0.752276
vt 0.982441 0.762776
vt 0.970248 0.750121
vt 0.483938 0.606820
vt 0.316016 0.949681
vt 0.305604 0.934811
vt 0.328901 0.948123
vt 0.329821 0.919367
vt 0.487512 0.609921
vt 0.461410 0.612401
vt 0.542606 0.588310
vt 0.707537 0.239164
vt 0.743044 0.222867
vt 0.306293 0.924631
vt 0.917110 0.002980
vt 0.904000 0.007752
vt 0.892910 0.002665
vt 0.555685 0.607671
vt 0.276826 0.922403
vt 0.466756 0.618331
vt 0.458663 0.653349
vt 0.019752 0.843458
vt 0.019752 0.874796
vt 0.008026 0.871428
vt 0.565429 0.938659
vt 0.527797 0.948742
vt 0.510463 0.939130
vt 0.596613 0.610360
vt 0.448526 0.658699
vt 0.048403 0.472309
vt 0.016093 0.516779
vt 0.013601 0.484634
vt 0.777965 0.983304
vt 0.804873 0.983304
vt 0.778362 0.996358
vt 0.965560 0.673652
vt 0.951607 0.677391
vt 0.935234 0.673304
vt 0.700945 0.254908
vt 0.756829 0.359970
vt 0.001152 0.663867
vt 0.025138 0.663867
vt 0.015967 0.671946
vt 0.728261 0.373241
vt 0.745936 0.381607
vt 0.728828 0.408308
vt 0.703541 0.414629
vt 0.696189 0.426866
vt 0.746430 0.395077
vt 0.663292 0.453877
vt 0.676399 0.420979
vt 0.715239 0.459707
vt 0.740347 0.425223
vt 0.712954 0.304693
vt 0.729367 0.485896
vt 0.742800 0.556323
vt 0.345922 0.986807
vt 0.382253 0.986807
vt 0.359041 0.992855
vt 0.760365 0.225922
vt 0.956024 0.196799
vt 0.956024 0.142982
vt 0.966099 0.146037
vt 0.253740 0.172546
vt 0.217987 0.159095
vt 0.250134 0.162639
vt 0.963480 0.164716
vt 0.965847 0.155882
vt 0.966580 0.209694
vt 0.222024 0.144009
vt 0.230768 0.146692
vt 0.553637 0.383483
vt 0.560959 0.399239
vt 0.552209 0.388525
vt 0.232757 0.213410
vt 0.543839 0.377456
vt 0.539548 0.381548
vt 0.751872 0.001338
vt 0.740647 0.007819
vt 0.735231 0.001109
vt 0.221204 0.252320
vt 0.086551 0.496842
vt 0.132199 0.430602
vt 0.130301 0.493783
vt 0.538485 0.367058
vt 0.202919 0.129162
vt 0.304025 0.129162
vt 0.418212 0.349493
vt 0.555337 0.373929
vt 0.560988 0.335285
vt 0.568149 0.372180
vt 0.547652 0.342151
vt 0.571372 0.332408
vt 0.124277 0.499954
vt 0.541379 0.336835
vt 0.292225 0.613354
vt 0.304700 0.606211
vt 0.294484 0.616467
vt 0.308821 0.617777
vt 0.300254 0.597332
vt 0.312685 0.615054
vt 0.317398 0.628458
vt 0.510621 0.976904
vt 0.550887 0.963820
vt 0.544772 0.978640
vt 0.693804 0.244004
vt 0.682167 0.200556
vt 0.699340 0.225897
vt 0.306200 0.484141
vt 0.722097 0.228596
vt 0.809897 0.198456
vt 0.234456 0.142168
vn -0.03610 0.94120 -0.33590
vn 0.23890 0.52600 -0.81630
vn 0.25880 0.52570 -0.81030
vn 0.15500 0.49430 -0.85540
vn -0.12070 -0.39070 -0.91260
vn 0.32030 -0.04410 -0.94630
vn 0.10860 0.87710 -0.46790
vn 0.10870 0.87710 -0.46790
vn 0.20210 0.96680 -0.15610
vn 0.07860 -0.90570 -0.41650
vn -0.19050 0.74740 -0.63650
vn -0.29410 0.55820 -0.77580
vn -0.20490 -0.38100 -0.90160
vn 0.19590 0.95540 -0.22100
vn 0.08140 0.98070 -0.17760
vn 0.19830 0.95400 -0.22480
vn -0.45000 0.37790 -0.80910
vn -0.05170 0.74580 -0.66420
vn -0.07450 -0.34520 -0.93560
vn -0.22400 -0.50210 -0.83530
vn -0.18720 -0.52320 -0.83140
vn -0.33000 0.43550 -0.83750
vn -0.15520 0.98190 -0.10890
vn -0.31790 0.57160 -0.75650
vn -0.80680 -0.08600 -0.58460
vn -0.41310 0.45950 -0.78620
vn -0.57080 -0.05330 -0.81940
vn -0.73530 -0.23910 -0.63420
vn -0.32100 0.63190 -0.70540
vn -0.37880 0.92500 -0.03020
vn -0.41720 0.90870 -0.01340
vn -0.44570 0.06090 -0.89310
vn -0.47800 0.87720 -0.04480
vn -0.00430 0.40700 -0.91340
vn -0.40820 0.91230 -0.03260
vn -0.37010 0.59740 -0.71140
vn -0.61040 0.71980 -0.33060
vn 0.17480 0.30170 -0.93720
vn -0.36080 0.93210 0.03120
vn -0.33600 0.60690 -0.72030
vn -0.28380 0.95220 -0.11290
vn -0.62140 0.68290 -0.38410
vn -0.04710 0.57700 -0.81540
vn -0.71000 0.51730 -0.47780
vn -0.93550 0.35100 -0.04150
vn -0.85370 0.50840 -0.11230
vn -0.79090 0.16490 -0.58930
vn -0.82680 0.54710 -0.13050
vn 0.07730 -0.16020 -0.98410
vn -0.11100 -0.01320 -0.99370
vn -0.05730 -0.08530 -0.99470
vn 0.01850 -0.04030 -0.99900
vn -0.07600 0.00250 -0.99710
vn -0.32390 0.02020 -0.94590
vn -0.31860 -0.06440 -0.94570
vn -0.41310 0.06480 -0.90840
vn -0.45040 -0.02740 -0.89240
vn 0.29030 -0.20180 -0.93540
vn 0.37420 -0.11210 -0.92060
vn 0.82450 -0.55640 0.10350
vn 0.77990 -0.60320 0.16730
vn -0.91210 -0.31270 -0.26530
vn -0.55300 -0.12250 -0.82410
vn -0.58340 -0.10860 -0.80490
vn -0.55310 -0.12250 -0.82410
vn 0.84390 -0.53170 0.07180
vn 0.46960 -0.14450 0.87100
vn 0.44740 -0.35820 0.81940
vn 0.47180 -0.07960 0.87810
vn -0.46250 -0.16100 -0.87190
vn 0.48860 -0.70050 -0.52020
vn -0.62360 0.40560 -0.66820
vn 0.10720 -0.37370 -0.92130
vn 0.99870 -0.01140 0.04970
vn -0.90140 0.43150 0.03530
vn -0.93330 -0.15770 -0.32260
vn -0.91510 -0.17920 -0.36120
vn -0.83760 -0.17920 -0.51610
vn -0.74580 -0.10560 -0.65780
vn -0.87450 -0.08630 -0.47730
vn -0.94520 -0.17710 -0.27430
vn -0.76030 -0.06010 -0.64680
vn -0.76190 -0.06890 -0.64410
vn -0.76130 -0.06230 -0.64540
vn 0.34010 -0.06500 0.93810
vn -0.26310 0.02030 -0.96460
vn -0.94240 0.28710 -0.17170
vn -0.85550 0.49840 -0.14070
vn -0.71210 0.55370 0.43180
vn -0.74800 0.43470 0.50150
vn -0.66410 0.39430 0.63530
vn 0.88100 -0.15000 0.44870
vn -0.59870 -0.37550 -0.70750
vn -0.76250 -0.07700 -0.64230
vn -0.76270 -0.07380 -0.64250
vn -0.55550 0.24120 0.79580
vn -0.37590 0.16390 0.91200
vn -0.95930 -0.03130 -0.28050
vn -0.33460 0.04660 0.94120
vn -0.95630 -0.13140 -0.26120
vn -0.89910 0.02780 -0.43690
vn 0.84200 0.52180 -0.13690
vn 0.84890 0.51470 -0.12010
vn 0.83590 0.52510 -0.16000
vn 0.70640 0.58640 -0.39630
vn 0.75340 0.55350 -0.35510
vn 0.77830 0.62770 -0.01310
vn 0.65450 0.74450 -0.13150
vn 0.64970 0.60260 -0.46340
vn 0.62770 0.10180 -0.77180
vn 0.66720 0.52200 -0.53140
vn 0.84540 0.38300 -0.37230
vn 0.46960 0.72110 -0.50940
vn 0.49560 0.59710 -0.63080
vn 0.49890 0.82020 -0.27990
vn 0.59360 0.26620 -0.75940
vn 0.41580 0.80440 -0.42430
vn 0.44330 0.15110 -0.88350
vn -0.31470 -0.29610 0.90180
vn 0.21940 0.61520 -0.75720
vn -0.04210 0.47660 -0.87810
vn -0.64920 -0.00590 0.76060
vn 0.77460 -0.26580 0.57380
vn 0.96490 0.09040 -0.24670
vn 0.92110 0.22430 -0.31820
vn 0.96200 0.26580 -0.06310
vn 0.91800 0.26510 -0.29480
vn -0.78540 -0.60500 -0.13050
vn 0.88460 0.20200 -0.42040
vn 0.92180 0.15950 -0.35340
vn 0.54430 0.01630 -0.83870
vn 0.53910 -0.01520 -0.84210
vn 0.49610 -0.06650 -0.86570
vn -0.37260 0.12330 0.91980
vn 0.27120 0.04420 0.96150
vn 0.38160 0.11820 0.91670
vn 0.90420 -0.27990 -0.32260
vn 0.90420 -0.28000 -0.32260
vn 0.90110 -0.07530 -0.42710
vn 0.45480 -0.13120 -0.88090
vn 0.95310 0.26190 -0.15170
vn 0.90220 0.06180 -0.42680
vn 0.88720 -0.37970 -0.26210
vn 0.53270 0.22440 0.81600
vn 0.94480 0.32320 -0.05370
vn -0.63620 -0.74810 -0.18860
vn 0.38770 -0.18350 -0.90330
vn -0.46550 0.19890 0.86240
vn -0.82120 -0.21050 0.53030
vn 0.50280 -0.19450 -0.84220
vn 0.49060 -0.02280 -0.87110
vn 0.49060 -0.02290 -0.87110
vn 0.21400 -0.87060 -0.44310
vn 0.38500 -0.80020 -0.45990
vn 0.96420 -0.03370 -0.26320
vn 0.96230 0.02580 -0.27060
vn 0.95250 -0.02940 -0.30320
vn 0.96680 0.06390 -0.24730
vn -0.80090 -0.47840 -0.36010
vn 0.93530 -0.18790 -0.29970
vn 0.89940 0.32420 -0.29310
vn -0.51650 0.78320 0.34620
vn -0.06610 -0.94810 0.31100
vn 0.68350 -0.00460 -0.72990
vn 0.66020 0.09800 -0.74470
vn 0.69120 -0.03150 -0.72200
vn 0.69510 -0.07470 -0.71510
vn -0.63790 -0.57880 0.50800
vn -0.67210 -0.66040 0.33510
vn -0.61040 -0.52720 0.59120
vn 0.64370 0.11200 -0.75700
vn 0.08470 -0.90300 -0.42120
vn 0.46390 0.14710 -0.87360
vn -0.16980 0.13320 0.97640
vn 0.08130 -0.90260 -0.42270
vn 0.43190 -0.13300 -0.89200
vn 0.98930 -0.07770 0.12340
vn 0.96410 -0.17290 0.20130
vn 0.99040 -0.06260 0.12350
vn 0.87310 0.42240 0.24330
vn 0.87320 0.42230 0.24340
vn 0.87230 0.42540 0.24100
vn 0.99790 0.04070 0.05040
vn 0.99680 0.04730 0.06500
vn 0.99500 0.09880 0.01100
vn 0.70620 -0.68850 -0.16500
vn 0.61890 -0.77610 -0.12090
vn 0.66610 -0.73640 -0.11840
vn 0.64150 -0.76170 -0.09160
vn 0.89270 -0.14870 0.42540
vn 0.95280 -0.23600 -0.19110
vn 0.92140 -0.07550 -0.38130
vn 0.82260 -0.08950 0.56150
vn 0.86620 -0.03420 0.49850
vn 0.87420 0.41840 0.24630
vn 0.92890 -0.31810 0.18950
vn 0.73230 -0.67140 -0.11380
vn 0.76110 -0.14880 0.63140
vn 0.73080 -0.20430 0.65130
vn 0.61170 -0.25490 0.74890
vn 0.63470 -0.22390 0.73960
vn 0.69950 0.70600 0.11040
vn 0.86360 0.47740 0.16240
vn 0.67930 0.72080 0.13770
vn 0.78750 0.61400 0.05370
vn 0.73220 0.52570 0.43300
vn 0.85340 0.39100 0.34460
vn 0.72430 0.45740 0.51590
vn 0.68520 0.72460 -0.07360
vn 0.62770 0.21240 0.74900
vn 0.27280 -0.13760 0.95220
vn 0.59990 0.54750 0.58340
vn 0.56840 0.81730 0.09460
vn 0.43550 0.69070 0.57730
vn 0.65370 0.56310 0.50560
vn 0.74150 0.57640 0.34340
vn 0.33290 0.91550 -0.22610
vn 0.37940 0.90310 -0.20090
vn 0.46090 0.87370 -0.15580
vn 0.19380 0.69130 0.69610
vn 0.53380 0.83360 0.14170
vn 0.44950 0.63230 0.63100
vn 0.10230 0.98980 -0.09870
vn 0.16900 0.94770 -0.27080
vn 0.14900 0.98040 -0.12920
vn 0.13520 0.98880 0.06340
vn 0.34700 0.93470 0.07680
vn 0.33920 -0.32120 0.88420
vn 0.17140 0.95710 -0.23360
vn -0.16280 0.98470 0.06170
vn 0.93520 -0.14890 0.32130
vn 0.10560 0.99430 0.01610
vn 0.97900 0.01150 0.20370
vn 0.52350 0.85070 0.04760
vn 0.63980 0.31880 -0.69930
vn 0.55930 0.25230 -0.78970
vn 0.48080 0.22550 -0.84730
vn 0.55160 0.77910 -0.29790
vn 0.36350 0.15820 -0.91810
vn 0.90950 0.41540 -0.01520
vn 0.29070 0.15810 -0.94370
vn 0.58550 0.78910 0.18610
vn 0.56030 0.77470 0.29310
vn 0.08440 0.99550 0.04350
vn 0.26300 0.94930 0.17230
vn -0.64440 0.64260 -0.41450
vn -0.35940 0.54140 0.76010
vn -0.76970 0.43570 0.46650
vn -0.68780 0.57840 0.43860
vn -0.53830 0.75340 0.37780
vn -0.41560 0.88680 0.20220
vn -0.91250 0.32610 0.24680
vn -0.90450 0.26170 0.33680
vn -0.40910 0.01130 0.91240
vn -0.73230 0.60160 0.31920
vn -0.50320 0.33540 0.79650
vn -0.83420 0.54920 0.04990
vn -0.84740 0.51430 -0.13190
vn -0.79710 0.58020 -0.16730
vn -0.43060 0.85930 -0.27610
vn -0.75840 0.21620 0.61490
vn -0.86810 0.49460 -0.04140
vn 0.99810 -0.03160 0.05250
vn -0.82990 0.55270 0.07610
vn 0.89180 -0.08650 -0.44410
vn -0.73980 -0.17720 0.64900
vn -0.92620 0.37190 -0.06190
vn 0.95940 0.00440 -0.28200
vn 0.42040 -0.11940 -0.89940
vn -0.96260 0.25500 -0.09170
vn -0.93150 0.14720 -0.33270
vn -0.93150 0.14710 -0.33270
vn -0.85080 0.04470 -0.52350
vn -0.53950 0.79120 -0.28800
vn -0.88570 0.44860 -0.11920
vn 0.97830 -0.04360 0.20270
vn 0.98060 -0.05310 0.18880
vn 0.97830 -0.04370 0.20270
vn 0.97060 -0.01790 0.24020
vn 0.60480 0.68650 -0.40360
vn 0.60500 0.68630 -0.40360
vn 0.38690 0.62610 -0.67700
vn -0.11850 -0.91320 0.39000
vn 0.43300 0.71020 0.55500
vn 0.71600 0.24190 0.65490
vn 0.71230 0.24450 0.65790
vn 0.33840 -0.67580 0.65480
vn 0.25980 -0.68400 0.68170
vn 0.20860 0.78530 -0.58290
vn -0.15890 0.36370 0.91790
vn 0.28550 -0.34450 0.89430
vn 0.70120 0.25220 0.66690
vn -0.01100 0.62660 -0.77930
vn 0.08000 -0.91250 -0.40120
vn 0.52040 0.84320 0.13480
vn 0.28980 0.94810 0.13070
vn 0.31470 0.92590 0.20880
vn -0.06670 0.20840 -0.97580
vn 0.23470 0.37020 -0.89880
vn -0.29970 -0.94080 0.15840
vn -0.79130 0.45940 -0.40350
vn 0.12760 0.96810 0.21550
vn -0.56980 -0.54370 -0.61630
vn -0.37080 0.71730 0.58990
vn -0.58610 0.60010 0.54440
vn -0.58600 0.60010 0.54440
vn 0.14230 -0.68730 0.71230
vn -0.05930 0.84550 -0.53070
vn 0.12740 0.82560 0.54960
vn -0.34540 -0.90830 -0.23580
vn -0.41120 -0.85810 -0.30750
vn -0.55080 -0.83020 -0.08610
vn 0.15250 0.97800 0.14210
vn -0.64600 -0.75860 -0.08470
vn -0.77640 0.43300 0.45800
vn -0.28420 0.10720 -0.95280
vn 0.06320 0.86880 -0.49110
vn -0.27490 -0.89930 -0.34020
vn -0.58990 0.41390 -0.69330
vn 0.35080 -0.91030 0.22000
vn -0.70290 -0.70390 -0.10210
vn -0.07020 -0.68970 -0.72070
vn -0.24000 -0.84980 -0.46930
vn -0.53350 0.83490 0.13520
vn -0.48580 0.86730 0.10820
vn -0.47960 0.86370 0.15490
vn 0.48260 -0.80280 -0.35030
vn -0.27270 0.93670 0.21970
vn -0.64800 0.38800 -0.65540
vn -0.68280 0.41360 -0.60230
vn -0.53030 0.41090 -0.74160
vn -0.34890 0.48930 -0.79930
vn -0.46930 0.85550 0.21870
vn 0.51010 -0.44130 0.73830
vn 0.53060 -0.45690 0.71390
vn 0.02690 -0.40560 -0.91370
vn -0.15150 0.64800 0.74640
vn -0.31430 0.76130 0.56720
vn -0.44880 0.60290 0.65960
vn -0.30200 0.39600 0.86720
vn 0.46950 0.11720 0.87510
vn 0.55670 -0.47660 0.68040
vn 0.76940 -0.41340 -0.48700
vn 0.76790 -0.43720 -0.46810
vn 0.86160 -0.33570 -0.38070
vn -0.61570 0.19580 0.76330
vn 0.87640 -0.43130 0.21410
vn 0.77010 -0.38880 -0.50580
vn 0.78270 0.08950 -0.61600
vn 0.66450 -0.47670 -0.57550
vn -0.61210 0.13820 0.77860
vn 0.49150 -0.09800 0.86530
vn -0.74770 0.54300 0.38210
vn 0.94580 -0.30810 -0.10300
vn 0.02420 -0.33700 -0.94120
vn -0.86540 0.28880 0.40950
vn -0.71470 0.03350 0.69870
vn -0.94000 0.33960 0.03150
vn -0.94870 0.31540 -0.02400
vn -0.94550 0.32550 0.00920
vn -0.75010 -0.01070 0.66120
vn 0.06480 0.01580 0.99780
vn 0.74780 0.28880 0.59780
vn 0.77380 0.38660 0.50180
vn 0.77380 0.38670 0.50170
vn 0.11350 0.32960 0.93730
vn -0.06980 0.31550 0.94640
vn 0.13870 0.39660 0.90740
vn 0.31330 0.66610 0.67680
vn 0.45590 0.41000 0.78990
vn 0.00740 0.11130 0.99380
vn 0.78480 0.47990 0.39210
vn 0.93430 -0.09690 0.34310
vn -0.24380 0.22480 0.94340
vn -0.11910 -0.02270 0.99260
vn -0.12530 0.62060 0.77400
vn -0.03790 0.53420 0.84450
vn -0.17040 0.60240 0.77980
vn -0.26980 0.55630 0.78600
vn -0.24220 0.63350 0.73490
vn 0.29680 0.44590 0.84450
vn 0.34920 -0.59770 0.72170
vn -0.33320 0.41770 0.84530
vn -0.20500 -0.81790 -0.53760
vn 0.25370 0.59790 0.76030
vn 0.35890 0.52600 0.77100
vn 0.19370 0.54260 0.81730
vn 0.19190 0.62400 0.75750
vn -0.60390 -0.39220 0.69390
vn 0.09690 0.68330 0.72370
vn -0.64340 0.45980 0.61200
vn 0.42600 0.50700 0.74930
vn 0.16450 -0.21490 0.96270
vn 0.08660 -0.38470 0.91900
vn 0.24300 -0.01940 0.96980
vn 0.15240 0.09530 0.98370
vn 0.15230 0.09530 0.98370
vn 0.48930 0.05080 0.87060
vn -0.36750 0.06490 0.92770
vn -0.36750 0.06490 0.92780
vn -0.51940 0.18450 0.83440
vn -0.14760 0.05470 0.98750
vn -0.00810 0.09520 0.99540
vn -0.36750 -0.01360 0.92990
vn -0.88560 0.26720 0.38000
vn -0.84860 0.14200 0.50960
vn -0.89410 0.04630 0.44550
vn -0.85740 0.06560 0.51050
vn -0.77490 -0.36580 0.51540
vn -0.95810 -0.15190 0.24280
vn -0.88990 0.03090 -0.45520
vn -0.94540 0.00500 0.32580
vn -0.92210 -0.00830 0.38690
vn -0.76900 -0.37400 0.51840
vn -0.97460 -0.10630 0.19710
vn -0.70730 -0.70690 -0.00800
vn -0.84730 0.00840 0.53110
vn -0.85310 -0.07530 0.51620
vn -0.98030 0.10570 -0.16710
vn -0.78350 -0.58130 -0.21980
vn 0.63160 0.27780 -0.72380
vn -0.23420 -0.78970 0.56710
vn -0.98400 -0.09410 -0.15100
vn -0.98150 -0.16080 -0.10370
vn -0.97510 -0.22080 -0.01910
vn -0.92110 -0.17320 -0.34870
vn -0.86540 -0.21700 0.45160
vn -0.39730 0.16490 -0.90280
vn -0.98420 -0.17640 0.01780
vn -0.96110 0.25730 -0.10060
vn -0.99800 0.02860 -0.05660
vn -0.94680 0.18550 0.26300
vn -0.95240 -0.27230 0.13690
vn -0.51150 0.06770 0.85660
vn 0.95640 0.00180 -0.29200
vn -0.04150 0.09470 -0.99460
vn -0.03170 0.10150 -0.99430
vn -0.04160 0.09470 -0.99460
vn -0.04960 0.08910 -0.99480
vn -0.90250 -0.02120 -0.43010
vn -0.76800 -0.11960 0.62920
vn -0.88980 -0.13070 0.43730
vn -0.94980 -0.16240 0.26750
vn -0.98000 -0.19410 0.04480
vn 0.02120 0.10890 0.99380
vn -0.16920 -0.07820 0.98250
vn 0.06570 -0.32580 0.94310
vn 0.20440 -0.31900 0.92550
vn 0.07810 -0.34470 0.93550
vn -0.07940 -0.35150 0.93280
vn -0.10690 -0.38980 0.91470
vn -0.21540 -0.38540 0.89720
vn -0.16940 -0.42380 0.88980
vn -0.26680 -0.37990 0.88570
vn -0.38010 -0.32480 0.86600
vn 0.99110 0.09510 0.09290
vn 0.88240 0.11410 -0.45640
vn 0.88110 0.11410 -0.45900
vn 0.88240 0.11410 -0.45650
vn 0.88390 0.11400 -0.45360
vn 0.55660 -0.07580 0.82730
vn 0.43530 0.00180 0.90030
vn 0.93570 0.16670 0.31080
vn -0.86490 -0.41780 -0.27820
vn 0.87530 0.18380 -0.44730
vn -0.72950 -0.17050 0.66240
vn -0.72960 -0.17050 0.66230
vn -0.62900 -0.15520 0.76170
vn -0.88480 -0.19030 0.42540
vn 0.95790 0.03090 -0.28540
vn -0.53160 -0.19650 0.82390
vn -0.91140 -0.14920 0.38350
vn 0.97530 -0.17670 0.13280
vn -0.94740 -0.04660 -0.31660
vn 0.62010 -0.15880 0.76830
vn 0.25030 -0.22140 -0.94250
vn -0.99110 -0.13180 -0.02020
vn -0.15150 0.10130 0.98330
vn -0.88500 -0.03380 -0.46440
vn -0.90260 -0.01560 -0.43020
vn -0.90260 -0.01560 -0.43010
vn -0.95090 0.04790 -0.30570
vn 0.97200 0.03760 -0.23190
vn 0.99780 0.05480 -0.03750
vn 0.96190 0.07680 0.26250
vn -0.79900 -0.36280 0.47950
vn -0.79910 -0.36280 0.47950
vn -0.86780 -0.26680 0.41920
vn 0.40200 -0.62060 -0.67320
vn -0.92330 0.07710 0.37640
vn -0.97290 -0.22410 0.05780
vn -0.75450 -0.41370 0.50950
vn 0.68730 -0.01500 -0.72620
vn 0.89210 -0.31580 -0.32310
vn 0.87400 -0.23800 -0.42360
vn 0.87420 -0.43630 -0.21330
vn 0.84250 -0.44490 -0.30370
vn 0.57440 0.04370 -0.81740
vn 0.50950 0.08790 -0.85600
vn 0.28800 0.38650 0.87620
vn -0.83790 0.05420 -0.54310
vn -0.82820 0.03080 -0.55960
vn -0.82690 0.04270 -0.56070
vn -0.94790 0.23740 -0.21250
vn 0.92960 0.00590 -0.36850
vn 0.97680 -0.07140 0.20190
vn 0.87770 -0.47860 0.02280
vn 0.89010 -0.45160 -0.06200
vn 0.86250 -0.50220 -0.06160
vn 0.07470 0.06870 -0.99480
vn -0.85310 0.07080 -0.51690
vn -0.89790 0.30380 0.31870
vn 0.85130 -0.52100 -0.06130
vn -0.43060 -0.16100 0.88810
vn 0.78150 -0.54740 -0.29940
vn 0.30730 -0.54470 -0.78030
vn 0.73160 -0.66870 -0.13280
vn -0.85510 0.09920 -0.50890
vn -0.89820 -0.14270 0.41570
vn -0.93880 -0.03260 -0.34290
vn -0.69100 0.49270 0.52890
vn -0.96000 0.12310 -0.25160
vn 0.78050 -0.41560 -0.46700
vn 0.57800 -0.07390 0.81270
vn -0.96910 -0.06600 0.23750
vn -0.79310 0.11090 -0.59890
vn -0.71610 0.19570 0.67000
vn 0.20680 -0.87250 -0.44260
vn 0.02620 -0.86480 -0.50150
vn 0.02630 -0.86480 -0.50140
vn -0.07020 -0.84800 -0.52540
vn -0.18840 -0.93680 -0.29490
vn -0.18110 -0.93480 -0.30560
vn -0.10850 -0.92980 -0.35180
vn -0.62040 0.15670 -0.76850
vn -0.68360 -0.03860 -0.72890
vn -0.01790 0.51870 -0.85480
vn 0.06520 0.97210 -0.22530
vn 0.01880 0.96040 -0.27790
vn 0.08500 0.98070 -0.17590
vn -0.71910 -0.25900 -0.64490
vn -0.92030 0.38830 -0.04840
vn -0.23310 -0.93670 -0.26120
vn -0.89500 -0.39770 0.20210
vn 0.11130 0.98910 -0.09660
vn 0.40680 0.90920 -0.08890
vn -0.65170 -0.60710 -0.45460
vn -0.63770 -0.61270 -0.46690
vn -0.05850 0.98660 -0.15240
vn -0.22660 -0.94460 -0.23760
vn -0.59140 -0.01110 -0.80630
vn -0.34860 -0.93400 0.07840
vn -0.09190 0.92010 -0.38070
vn -0.12930 0.88280 -0.45170
vn 0.95480 0.27220 -0.11980
vn -0.70140 -0.68390 -0.20090
vn 0.78540 -0.07280 0.61470
vn -0.48590 -0.87180 0.06160
vn -0.82350 -0.51590 0.23610
vn -0.83680 -0.45240 0.30850
vn -0.57970 -0.12310 -0.80550
vn -0.60350 -0.10840 -0.78990
vn 0.16420 -0.21570 0.96260
vn -0.62250 -0.09630 -0.77670
vn -0.84070 -0.41600 0.34680
vn -0.95290 -0.14170 -0.26820
vn -0.13520 0.97370 -0.18360
vn -0.11540 0.99330 0.00330
vn -0.25690 0.73340 -0.62940
vn -0.22650 0.73770 -0.63600
vn -0.55200 -0.81650 -0.16930
vn -0.29660 -0.95370 0.04940
vn -0.02500 0.13940 -0.98990
vn -0.00700 0.17380 -0.98480
vn -0.00420 0.01070 -0.99990
vn -0.01140 0.44030 -0.89780
vn 0.96500 0.22850 -0.12880
vn 0.89330 0.40270 -0.19970
vn -0.11580 0.17580 -0.97760
vn 0.74620 0.60410 -0.27960
vn 0.31700 0.74720 -0.58420
vn -0.21000 0.14290 -0.96720
vn -0.30780 -0.08250 -0.94790
vn -0.21910 0.24870 -0.94350
vn 0.00880 -0.17560 -0.98440
vn -0.20630 -0.01060 -0.97840
vn -0.14420 0.62000 -0.77120
vn -0.26200 0.03420 -0.96450
vn -0.28970 0.45660 -0.84120
vn -0.18580 0.38210 -0.90520
vn -0.28970 0.45650 -0.84120
vn -0.18110 0.00360 -0.98350
vn -0.40860 0.53480 -0.73960
vn 0.18620 -0.78770 -0.58720
vn 0.19870 -0.95410 0.22420
vn -0.52470 -0.08870 -0.84670
vn -0.98480 0.11990 0.12550
vn -0.27970 0.42420 -0.86130
vn -0.41740 0.26110 -0.87040
vn -0.41750 0.26110 -0.87040
vn -0.49320 0.69200 -0.52710
vn -0.53760 0.08350 -0.83900
vn -0.99990 -0.00210 -0.01660
vn -0.99970 -0.00260 -0.02320
vn -0.99990 -0.00190 -0.01270
vn 0.13770 -0.31650 -0.93850
vn -0.15220 0.00220 -0.98830
vn 0.02030 -0.26300 0.96460
vn 0.26110 -0.28220 -0.92320
vn 0.08080 0.01870 0.99660
vn 0.98420 -0.08370 -0.15620
vn -0.19550 -0.07290 -0.97800
vn -0.27690 -0.06650 -0.95860
vn -0.18910 -0.06410 -0.97990
vn -0.21580 -0.04580 -0.97540
vn -0.18750 -0.08080 -0.97890
vn -0.00130 -0.14820 -0.98900
vn -0.52430 -0.13360 -0.84100
vn -0.52000 -0.10250 -0.84800
vn -0.52430 -0.13370 -0.84100
vn -0.52850 -0.52400 -0.66790
vn -0.42110 -0.00560 -0.90700
vn -0.35030 -0.03960 -0.93580
vn -0.22470 -0.03770 -0.97370
vn -0.22460 -0.03770 -0.97370
vn 0.32900 0.03650 0.94360
vn -0.84480 -0.13060 -0.51900
vn -0.76270 -0.08950 -0.64050
vn -0.68790 -0.06160 -0.72320
vn -0.97400 -0.19550 -0.11420
vn -0.96210 -0.16650 -0.21590
vn -0.97910 -0.20350 -0.00410
vn -0.98410 -0.17570 -0.02560
vn -0.99990 -0.01150 0.00550
vn -0.85380 -0.32080 -0.40990
vn 0.92180 -0.10060 -0.37430
vn 0.92210 -0.09320 -0.37570
vn 0.95800 -0.17880 -0.22440
vn 0.96200 -0.19790 -0.18830
vn 0.96630 -0.23320 -0.10930
vn 0.50940 0.01040 -0.86040
vn -0.15360 -0.02610 -0.98780
vn -0.16030 0.16700 -0.97280
vn -0.20460 0.15260 -0.96690
vn -0.16020 0.16700 -0.97290
vn -0.09450 0.18740 -0.97770
vn -0.30740 -0.08720 -0.94760
vn 0.01310 -0.03250 -0.99940
vn 0.31670 -0.75260 -0.57740
vn 0.56320 -0.82340 0.06910
vn 0.54360 -0.83320 0.10160
vn 0.65260 -0.73280 0.19250
vn 0.76330 -0.56310 -0.31670
vn 0.82910 -0.52020 -0.20500
vn 0.61890 -0.71640 -0.32200
vn 0.27120 -0.35340 -0.89530
vn 0.43160 -0.81490 -0.38690
vn 0.45430 -0.88800 0.07120
vn 0.49330 -0.84140 0.22060
vn -0.86420 0.23420 -0.44530
vn -0.82250 0.12240 -0.55550
vn -0.86420 0.23420 -0.44520
vn 0.26260 -0.91990 -0.29120
vn 0.26800 0.54330 0.79560
vn 0.65360 -0.55260 0.51720
vn 0.49880 -0.83460 0.23360
vn -0.88090 0.31650 -0.35190
vn 0.03090 -0.61730 -0.78610
vn 0.52880 -0.80410 0.27160
vn -0.20900 0.80810 0.55080
vn -0.67540 -0.61450 -0.40770
vn -0.26230 0.20460 0.94300
vn -0.24690 0.05400 0.96750
vn 0.24850 -0.88290 -0.39840
vn 0.98750 0.11300 -0.10950
vn -0.70140 -0.18780 0.68760
vn -0.85250 0.52180 -0.03200
vn -0.93230 0.36170 -0.00870
vn -0.85250 0.52170 -0.03200
vn -0.77120 0.63470 -0.04950
vn 0.73540 0.67740 -0.01660
vn 0.23730 0.96970 0.05840
vn 0.56800 0.82270 0.02330
vn 0.65880 -0.19200 0.72740
vn 0.69980 -0.21580 0.68100
vn 0.75200 0.27680 0.59830
vn 0.42060 0.00420 0.90720
vn 0.13380 0.98330 0.12310
vn -0.73750 0.46770 -0.48710
vn 0.62230 -0.17160 0.76370
vn -0.47880 -0.78150 -0.40000
vn 0.10870 0.98560 0.12960
vn 0.09360 0.93150 0.35140
vn -0.27280 0.38530 0.88150
vn -0.04220 0.07560 0.99620
vn -0.02160 0.12260 0.99220
vn 0.00040 0.08800 0.99610
vn -0.04310 -0.73380 0.67800
vn -0.02980 0.91730 0.39720
vn -0.04160 0.95070 0.30740
vn -0.11710 0.93210 0.34280
vn -0.05350 0.79140 0.60900
vn -0.00230 -0.11860 0.99290
vn -0.02710 -0.14910 0.98850
vn -0.14190 0.58260 0.80030
vn -0.24580 0.95390 0.17220
vn 0.21630 0.84460 -0.48980
vn -0.47580 -0.81380 0.33370
vn -0.34650 -0.88770 0.30310
vn -0.35680 -0.89830 0.25640
vn -0.43250 0.62500 0.64980
vn -0.11990 -0.18240 0.97590
vn -0.62780 -0.53780 0.56270
vn -0.26720 -0.94310 0.19790
vn -0.04090 -0.20130 0.97870
vn -0.79110 -0.41560 0.44890
vn -0.14550 0.98760 0.05910
vn -0.38260 -0.91690 0.11410
vn -0.22930 -0.18900 0.95480
vn -0.22580 0.02050 0.97400
vn -0.20390 0.57780 0.79030
vn -0.99230 -0.06380 0.10590
vn -0.04620 0.99770 0.04910
vn -0.11200 -0.16510 0.97990
vn -0.06500 0.02260 0.99760
vn -0.48170 -0.61080 0.62840
vn -0.21580 -0.19270 0.95720
vn -0.07790 0.01610 0.99680
vn -0.08620 0.02090 0.99610
vn -0.20250 0.03230 0.97880
vn -0.28210 0.04260 0.95840
vn -0.43220 0.05430 0.90020
vn -0.61160 -0.23550 0.75530
vn -0.93230 -0.20090 0.30080
vn -0.94180 -0.24610 0.22890
vn -0.99040 -0.13030 0.04710
vn 0.64340 -0.19740 0.73970
vn -0.99700 -0.05600 0.05340
vn 0.97840 -0.20630 -0.01020
vn 0.96520 -0.16240 0.20500
vn 0.24060 -0.16940 0.95570
vn 0.26880 0.01930 0.96300
vn 0.20720 -0.07850 0.97510
vn -0.02400 0.85530 -0.51760
vn 0.05740 0.94840 -0.31180
vn -0.07890 0.76320 -0.64140
vn 0.15490 0.01830 0.98780
vn 0.01020 0.99970 -0.02180
vn -0.03980 -0.08020 0.99600
vn 0.20630 -0.23180 0.95060
vn -0.75470 -0.63260 -0.17390
vn 0.20920 -0.22210 0.95230
vn -0.78700 0.10170 0.60850
vn -0.96990 0.14980 0.19220
vn -0.91310 0.10080 0.39520
vn -0.33410 0.87610 0.34770
vn -0.61870 0.77120 0.14980
vn -0.66650 0.73770 0.10740
vn -0.97380 0.15630 0.16540
vn -0.98390 0.17100 0.05110
vn -0.98520 0.17130 -0.01050
vn -0.97890 0.16310 -0.12330
vn -0.71830 -0.27860 0.63760
vn -0.61880 0.77120 0.14980
vn 0.99430 0.01360 -0.10610
vn 0.93280 -0.01140 -0.36020
vn 0.86110 -0.01580 -0.50810
vn 0.99610 -0.01730 0.08690
vn 0.46770 0.07120 -0.88100
vn 0.35970 0.49040 -0.79380
vn 0.38240 0.33210 -0.86220
vn 0.38240 0.33210 -0.86230
vn 0.57360 0.02780 -0.81870
vn 0.23670 0.03820 -0.97080
vn 0.27790 0.03580 -0.95990
vn 0.51180 0.40630 -0.75690
vn 0.41710 0.50040 -0.75870
vn 0.55420 -0.63640 -0.53650
vn 0.10210 -0.03960 -0.99400
vn 0.20970 0.58260 -0.78520
vn 0.08110 0.74120 -0.66640
vn 0.23630 -0.02120 -0.97150
vn -0.23020 -0.96300 -0.14020
vn 0.03480 0.77900 -0.62600
vn -0.08500 -0.04420 -0.99540
vn -0.03370 -0.10700 -0.99370
vn -0.28810 -0.13870 -0.94750
vn -0.08400 -0.11970 -0.98920
vn -0.70380 0.52550 -0.47800
vn -0.70380 0.52560 -0.47800
vn -0.59700 0.63930 -0.48470
vn -0.79560 0.39540 -0.45900
vn 0.05810 0.56350 -0.82400
vn -0.00580 0.46160 -0.88710
vn 0.02470 0.42060 -0.90690
vn 0.00090 0.31340 -0.94960
vn -0.00280 -0.11540 -0.99330
vn 0.00900 0.10640 0.99430
vn 0.00500 0.46950 -0.88290
vn 0.08710 0.33250 -0.93910
vn 0.15290 0.81560 -0.55810
vn 0.17070 0.81570 -0.55270
vn 0.83260 -0.14990 0.53310
vn 0.87890 -0.13450 0.45770
vn 0.60590 -0.02280 -0.79520
vn 0.67770 -0.01050 -0.73530
vn 0.60580 -0.02280 -0.79530
vn 0.90510 -0.12400 0.40680
vn 0.55260 -0.03120 -0.83290
vn 0.99750 0.06390 0.03000
vn 0.94780 -0.24590 -0.20300
vn 0.99440 -0.00330 -0.10540
vn -0.49470 -0.10800 0.86230
vn -0.49480 -0.10800 0.86230
vn -0.54400 -0.04280 0.83800
vn -0.84810 0.07840 -0.52400
vn -0.99660 0.02560 0.07890
vn -0.99650 0.02560 0.07900
vn -0.97180 -0.00980 0.23570
vn 0.93610 -0.22830 -0.26760
vn -0.98960 0.07010 -0.12550
vn 0.78970 -0.53390 -0.30230
vn 0.78480 -0.54790 -0.28970
vn 0.48720 -0.44220 0.75300
vn 0.48720 -0.44220 0.75310
vn 0.34610 -0.38110 0.85730
vn 0.51670 -0.45390 0.72590
vn -0.41520 -0.20310 0.88680
vn 0.80660 -0.50890 -0.30070
vn -0.32710 0.36420 -0.87200
vn 0.69330 -0.07610 -0.71660
vn 0.12770 0.81490 -0.56540
vn 0.14690 -0.94730 -0.28460
vn 0.30630 -0.95080 0.04740
vn 0.19100 -0.97620 -0.10230
vn 0.13290 -0.94050 -0.31270
vn 0.14370 -0.93740 -0.31720
vn -0.12540 0.99130 -0.03910
vn 0.67830 0.02100 -0.73450
vn 0.40490 -0.11900 -0.90660
vn 0.68360 -0.16540 -0.71090
vn 0.37270 -0.30980 -0.87470
vn 0.13390 -0.98500 -0.10860
vn 0.17340 -0.96110 -0.21480
vn 0.00030 -0.38060 -0.92470
vn 0.22580 0.69170 -0.68590
vn -0.00590 -0.24100 -0.97050
vn 0.07440 -0.05030 -0.99600
vn -0.21570 -0.45710 -0.86290
vn 0.65710 -0.03190 -0.75310
vn 0.12960 0.23900 -0.96230
vn -0.42770 0.90390 -0.00780
vn -0.75710 0.59060 -0.27910
vn -0.88950 0.45550 0.03610
vn 0.72740 0.67800 0.10550
vn -0.98370 0.08750 -0.15730
vn -0.03310 0.99890 -0.03450
vn 0.11340 0.99350 0.00600
vn 0.06350 0.99770 -0.02330
vn 0.99050 -0.02570 -0.13480
vn 0.16960 0.43590 0.88390
vn 0.15320 0.36410 0.91870
vn 0.16520 0.44510 0.88010
vn 0.13400 0.99090 0.01570
vn 0.16700 0.45810 0.87310
vn 0.12440 0.99220 0.00770
vn 0.96930 -0.23030 0.08570
vn 0.96790 0.12020 -0.22090
vn 0.99890 -0.04670 -0.00960
vn 0.93760 -0.30480 0.16740
vn 0.86610 -0.45590 0.20500
vn 0.87500 -0.43380 0.21480
vn 0.45750 -0.76820 0.44780
vn 0.67050 -0.46800 0.57580
vn 0.58330 -0.57580 0.57290
vn 0.42410 -0.51570 0.74450
vn 0.52340 0.79610 -0.30380
vn 0.32480 -0.93390 0.14970
vn 0.30500 -0.95110 0.04970
vn 0.32510 -0.94230 0.07970
vn -0.02320 0.99580 -0.08870
vn 0.09150 0.99570 -0.01560
vn 0.40160 -0.78830 0.46620
vn -0.98600 -0.03750 -0.16240
vn 0.96960 0.23170 0.07840
vn 0.99690 -0.06680 0.04180
vn 0.96960 0.23160 0.07840
vn 0.90500 0.41390 0.09830
vn 0.30650 -0.88690 0.34570
vn 0.05490 0.86830 0.49300
vn 0.15830 0.45930 0.87410
vn -0.05960 0.96650 -0.24960
vn 0.36430 0.23610 0.90090
vn 0.00170 -0.00850 1.00000
vn 0.96860 0.14600 0.20140
vn 0.95320 0.13720 0.26930
vn 0.97440 0.17060 0.14660
vn 0.97610 0.15140 0.15570
vn 0.82600 0.15230 -0.54260
vn 0.75280 0.16210 -0.63790
vn 0.82600 0.15230 -0.54270
vn 0.90390 0.13610 -0.40560
vn 0.97280 0.13330 0.18930
vn 0.66850 0.74060 0.06810
vn 0.59430 0.80220 0.05740
vn 0.70700 0.66400 -0.24320
vn 0.84940 0.08730 0.52040
vn 0.66220 0.74340 0.09360
vn 0.81460 0.57290 0.09030
vn -0.20800 -0.08590 0.97440
vn -0.27000 -0.11510 0.95600
vn -0.20530 -0.20270 0.95750
vn 0.12390 0.71640 -0.68660
vn 0.10010 0.05790 -0.99330
vn 0.14250 0.08550 -0.98610
vn -0.05290 0.99770 0.04220
vn -0.03450 0.99940 -0.00150
vn -0.04580 0.99890 0.00600
vn -0.16550 0.79730 0.58050
vn -0.08570 0.98470 0.15180
vn 0.01430 0.00210 -0.99990
vn -0.20250 0.01190 0.97920
vn -0.28760 0.01020 0.95770
vn -0.19360 0.73010 0.65530
vn -0.73810 -0.09600 -0.66780
vn -0.68210 -0.01840 0.73100
vn -0.75150 0.31690 0.57860
vn -0.76130 0.12890 0.63550
vn -0.72840 -0.08710 0.67960
vn -0.99270 -0.10470 0.06000
vn 0.99530 -0.03510 0.09050
vn 0.93510 -0.10760 0.33770
vn 0.99340 -0.09760 0.06100
vn 0.52620 -0.13510 0.83960
vn 0.29680 0.08930 0.95070
vn 0.35450 0.01810 0.93490
vn 0.53720 -0.24130 0.80820
vn 0.22420 0.12240 0.96680
vn 0.99980 -0.01280 0.01470
vn -0.73830 -0.25480 0.62450
vn -0.98080 -0.18710 0.05480
vn -0.62600 -0.02040 -0.77960
vn -0.95210 -0.15470 -0.26360
vn 0.98060 -0.19610 0.00140
vn 0.98040 -0.18840 0.05740
vn 0.98030 -0.19330 0.04110
vn 0.96940 -0.19220 -0.15260
vn 0.95960 -0.18630 -0.21080
vn 0.91260 -0.16740 -0.37290
vn 0.97940 -0.20070 -0.02160
vn 0.76960 -0.34570 0.53680
vn 0.86230 -0.25500 -0.43750
vn 0.41640 -0.20890 0.88480
vn 0.20030 -0.18100 0.96290
vn 0.19900 -0.05020 0.97870
vn 0.32440 -0.21230 0.92180
vn 0.91370 -0.16750 -0.37030
vn 0.46190 0.01670 -0.88680
vn 0.28820 0.02120 0.95730
vn 0.33850 -0.07540 -0.93790
vn 0.33260 -0.08660 -0.93910
vn 0.35000 -0.05330 -0.93520
vn 0.03000 -0.16320 0.98610
vn 0.03720 -0.09860 0.99440
vn 0.07060 -0.21340 0.97440
vn 0.01450 -0.09910 0.99500
vn 0.10000 -0.18610 0.97740
vn 0.97880 -0.15690 -0.13150
vn 0.99430 -0.09700 -0.04500
vn 0.97360 -0.20650 -0.09760
vn 0.95290 -0.30320 -0.00310
vn 0.98570 -0.03220 -0.16550
vn 0.80420 -0.24510 0.54150
vn 0.81380 -0.25270 0.52340
vn 0.81380 -0.25260 0.52340
vn 0.50820 0.04260 -0.86020
vn 0.96230 -0.18670 -0.19780
vn 0.76690 -0.25900 0.58720
vn 0.96590 -0.25310 -0.05470
vn 0.73320 -0.26250 0.62730
vn 0.73230 -0.30940 0.60670
vn 0.94000 -0.34100 0.00990
vn -0.08980 -0.98680 -0.13440
vn -0.10500 -0.98870 -0.10680
vn 0.00500 -0.99290 -0.11850
vn 0.67830 -0.20240 -0.70630
vn -0.21150 0.01770 -0.97720
vn -0.22660 -0.01640 -0.97390
vn -0.20150 0.07080 -0.97690
vn 0.21170 -0.30740 0.92770
vn 0.18810 -0.36970 0.90990
vn 0.23900 -0.23470 0.94220
vn -0.09690 -0.98600 -0.13560
vn 0.20510 -0.24770 0.94690
vn 0.23730 -0.19060 0.95250
vn -0.20420 0.11600 -0.97200
vn -0.20260 0.09640 -0.97450
vn -0.06890 -0.98280 -0.17160
vn 0.13920 -0.42720 0.89340
vn -0.94930 0.14690 0.27790
vn -0.94420 0.15980 0.28810
vn -0.94490 0.13830 0.29660
vn -0.65080 -0.09490 0.75330
vn -0.65130 -0.11690 0.74980
vn -0.65080 -0.09460 0.75330
vn -0.98860 0.08230 0.12570
vn 0.00640 -0.84500 0.53480
vn -0.22460 0.08340 -0.97090
vn -0.65030 -0.07750 0.75570
vn -0.69630 -0.71700 -0.03430
vn -0.98490 0.12740 0.11740
vn -0.98700 0.03740 0.15600
vn -0.99270 0.11240 0.04290
vn -0.99940 -0.03440 -0.01070
vn -0.97190 0.21790 -0.08940
vn -0.24140 -0.96800 -0.06810
vn -0.85220 0.03500 -0.52200
vn -0.10610 -0.63860 -0.76220
vn -0.00970 -0.96910 -0.24640
vn -0.00960 -0.96650 -0.25640
vn 0.58350 -0.43640 -0.68490
vn -0.00350 -0.70830 -0.70590
vn -0.01350 0.10790 -0.99410
vn 0.04120 -0.30870 -0.95030
vn 0.98190 -0.09640 -0.16300
vn -0.05910 0.16990 -0.98370
vn -0.06970 0.17680 -0.98180
vn -0.08610 0.21350 -0.97310
vn 0.23740 -0.02960 -0.97100
vn -0.45380 0.03800 -0.89030
vn -0.29000 0.02810 -0.95660
vn -0.45020 0.14630 -0.88090
vn -0.23110 -0.03240 -0.97240
vn -0.01780 0.12190 -0.99240
vn -0.00980 -0.97220 -0.23400
vn -0.28400 0.11570 -0.95180
vn 0.11420 0.00860 -0.99340
vn -0.44330 -0.02200 -0.89610
vn -0.20700 0.00920 -0.97830
vn -0.28550 -0.25850 -0.92280
vn 0.20930 -0.10900 -0.97180
vn -0.46490 0.01160 -0.88530
vn -0.51000 0.00510 -0.86020
vn -0.44860 -0.05510 -0.89200
vn -0.65560 0.19520 -0.72940
vn -0.51760 0.01290 -0.85550
vn -0.48330 -0.27990 -0.82950
vn -0.75450 0.29990 -0.58380
vn -0.91800 0.17890 -0.35390
vn -0.52400 0.00310 -0.85170
vn -0.73340 0.05430 -0.67770
vn -0.49450 0.56100 -0.66390
vn -0.71920 0.19270 -0.66760
vn -0.27280 -0.91890 -0.28500
vn -0.99420 -0.10780 0.00400
vn -0.98550 0.15290 -0.07310
vn -0.94020 0.31840 -0.12100
vn -0.94880 -0.27430 -0.15660
vn -0.94880 -0.27440 -0.15660
vn -0.96890 0.10960 -0.22180
vn -0.94580 -0.28470 -0.15620
vn -0.95750 -0.24140 -0.15780
vn -0.04900 -0.79020 0.61090
vn -0.01310 -0.81940 0.57310
vn -0.00730 0.04340 0.99900
vn -0.02560 0.08410 0.99610
vn -0.27420 0.16480 0.94740
vn -0.10190 -0.74170 0.66290
vn -0.07950 0.12250 0.98930
vn -0.03590 0.23760 0.97070
vn -0.28310 0.25010 0.92590
vn -0.02410 -0.05070 0.99840
vn -0.18530 -0.18120 0.96580
vn -0.62650 0.26390 0.73340
vn -0.37630 0.13190 0.91710
vn -0.50550 0.65040 0.56700
vn -0.10850 -0.98710 0.11740
vn -0.30130 -0.11740 0.94630
vn -0.73700 0.18670 0.64960
vn -0.81380 0.37230 0.44620
vn -0.85370 0.32040 0.41060
vn -0.64160 0.20180 0.74000
vn -0.63980 0.20490 0.74070
vn -0.98910 0.14610 0.01900
vn -0.99990 -0.00620 0.01140
vn -0.99570 0.04120 0.08320
vn -0.99660 0.08140 -0.00860
vn -0.99620 0.08310 -0.02460
vn -0.99030 0.13880 -0.00670
vn -0.99190 0.12380 0.02800
vn -0.99080 0.13420 0.01930
vn -0.06300 -0.28410 0.95670
vn -0.07020 -0.46060 0.88480
vn -0.13220 -0.44620 0.88510
vn 0.08570 -0.87010 0.48530
vn -0.13110 -0.98890 -0.07010
vn 0.99860 -0.04360 -0.02930
vn 0.90930 -0.03440 0.41470
vn -0.05260 -0.25950 0.96430
vn 0.62350 -0.01540 -0.78160
vn 0.31450 0.52080 0.79370
vn 0.41800 0.00580 0.90840
vn -0.04560 0.03400 0.99840
vn -0.17290 0.08040 0.98170
vn 0.03640 0.02100 -0.99910
vn -0.04380 0.07250 -0.99640
vn 0.10230 -0.02160 -0.99450
vn -0.38290 -0.69890 0.60410
vn -0.95670 0.08820 -0.27750
vn -0.99420 0.09920 0.04050
vn 0.99150 0.12200 0.04500
vn 0.99190 0.11820 0.04660
vn 0.99190 0.11810 0.04660
vn 0.99270 0.10960 0.05030
vn 0.99320 -0.11030 0.03640
vn 0.99130 0.12800 0.03120
vn 0.75660 0.02770 -0.65330
vn 0.78940 -0.02790 -0.61330
vn 0.81460 0.14550 -0.56150
vn 0.84290 -0.05750 -0.53490
vn 0.81890 0.15770 -0.55180
vn 0.97640 0.21480 -0.02290
vn 0.98310 0.18320 0.00710
vn 0.79810 0.18430 -0.57370
vn 0.79510 0.16090 -0.58480
vn 0.73740 0.07840 -0.67090
vn 0.96830 0.24460 -0.05140
vn 0.12070 0.02820 -0.99230
vn 0.32180 0.01830 -0.94660
vn 0.32150 0.02970 -0.94640
vn 0.26150 -0.21540 -0.94090
vn 0.28310 -0.27280 -0.91950
vn 0.08210 -0.44590 -0.89130
vn 0.05530 0.01920 -0.99830
vn 0.11950 0.05990 -0.99100
vn 0.09300 0.02210 -0.99540
vn 0.24110 0.00670 -0.97050
vn 0.02470 -0.98360 -0.17850
vn 0.06070 -0.98240 -0.17640
vn 0.08180 -0.98230 -0.16850
vn 0.32440 0.01840 -0.94570
vn 0.32230 0.01660 -0.94650
vn 0.04130 -0.47660 -0.87810
vn 0.04510 0.01280 -0.99890
vn -0.31320 0.01760 -0.94950
vn -0.06740 0.09070 -0.99360
vn -0.00110 -0.98370 -0.17980
vn -0.02610 0.09000 -0.99560
vn 0.01990 0.01650 -0.99970
vn -0.02960 -0.56610 -0.82380
vn 0.39000 -0.17560 -0.90390
vn -0.00860 0.10230 -0.99470
vn 0.73490 0.06190 -0.67540
vn 0.79860 0.13450 -0.58670
vn 0.99680 0.05050 0.06230
vn 0.99720 0.04070 0.06240
vn 0.99720 0.04060 0.06240
vn 0.99750 0.03410 0.06250
vn 0.91100 -0.40560 0.07440
vn 0.94090 -0.33620 0.04030
vn 0.99100 0.12990 0.03120
vn 0.87780 -0.46720 0.10540
vn 0.73130 0.40090 0.55180
vn 0.71350 0.42090 0.56010
vn 0.71520 0.43650 0.54590
vn 0.74700 0.38240 0.54380
vn 0.76920 0.30150 0.56340
vn 0.44600 0.10750 0.88860
vn 0.44330 0.24500 0.86230
vn 0.49070 0.16440 0.85570
vn 0.17460 0.18940 0.96620
vn 0.34220 0.11920 0.93200
vn 0.05910 0.25170 0.96600
vn 0.24710 0.23250 0.94070
vn 0.11720 0.32900 0.93700
vn 0.09100 0.12730 0.98770
vn 0.07490 -0.02130 0.99700
vn 0.17460 0.24180 0.95450
vn 0.02990 -0.34960 0.93640
vn 0.05070 -0.06890 0.99630
vn 0.02860 -0.96040 0.27720
vn 0.02860 -0.96040 0.27730
vn 0.09250 -0.99460 0.04750
vn 0.02050 0.28760 0.95750
vn 0.03780 -0.36370 0.93070
vn 0.07740 0.04010 0.99620
vn -0.00420 -0.92190 0.38730
vn 0.06470 -0.55300 0.83060
vn -0.00440 0.26050 0.96550
vn -0.03610 0.22350 0.97400
vn 0.99180 0.10220 0.07700
vn 0.67020 0.09270 0.73640
vn 0.98550 0.08450 -0.14730
vn 0.72530 0.08620 -0.68300
vn 0.10120 -0.01100 -0.99480
vn -0.07010 0.02770 0.99720
vn -0.06350 0.04970 -0.99670
vn -0.22840 -0.93730 0.26340
vn -0.34320 -0.22290 -0.91240
vn -0.75890 -0.03600 0.65020
vn -0.76750 -0.02630 -0.64050
vn -0.99100 -0.07850 -0.10810
vn -0.48250 -0.67160 -0.56230
vn 0.85430 0.16460 -0.49300
vn 0.85520 0.07470 -0.51290
vn 0.85410 0.12950 -0.50370
vn 0.98030 0.06110 0.18790
vn 0.98100 0.10120 0.16530
vn 0.98750 0.06210 0.14520
vn 0.85130 0.07120 -0.51990
vn 0.93050 -0.00080 0.36640
vn 0.75030 -0.13650 0.64690
vn 0.99140 -0.03170 0.12670
vn 0.11070 -0.99270 -0.04730
vn 0.09760 -0.99000 -0.10190
vn 0.18080 -0.97590 -0.12230
vn 0.83720 0.27900 -0.47030
vn 0.60610 -0.06120 0.79300
vn 0.60610 -0.03540 0.79460
vn 0.16090 0.15560 -0.97460
vn 0.19500 0.03970 -0.98000
vn 0.19630 0.07860 -0.97740
vn -0.20420 -0.31070 0.92830
vn -0.21680 -0.25140 0.94330
vn -0.20870 -0.30460 0.92930
vn 0.18050 -0.94280 -0.28020
vn 0.13950 -0.86440 -0.48310
vn 0.04720 -0.98640 0.15770
vn 0.05980 -0.99810 0.01440
vn 0.21390 0.04150 -0.97600
vn -0.21970 -0.23660 0.94640
vn 0.15300 0.17460 -0.97270
vn 0.15330 0.17150 -0.97320
vn 0.23040 0.08740 -0.96920
vn -0.42090 -0.88330 -0.20650
vn -0.62470 -0.12230 -0.77120
vn -0.65540 -0.10050 -0.74860
vn -0.53040 -0.13220 -0.83740
vn 0.09400 -0.99550 -0.00770
vn -0.71030 -0.07280 -0.70020
vn -0.45470 -0.88040 -0.13440
vn -0.70760 -0.26140 0.65640
vn -0.74600 -0.29040 0.59930
vn -0.83630 -0.21700 0.50340
vn -0.68690 -0.03590 -0.72580
vn -0.67550 -0.26980 0.68630
vn -0.22180 -0.21510 0.95110
vn -0.98070 -0.17570 -0.08540
vn -0.97330 -0.20820 -0.09680
vn -0.97390 -0.20130 -0.10510
vn -0.67330 -0.03470 -0.73850
vn -0.97800 -0.20830 -0.00770
vn -0.96920 -0.19170 -0.15450
vn -0.97300 -0.21280 -0.08890
vn -0.67550 -0.02800 -0.73690
vn -0.97790 -0.19320 -0.07970
vn -0.68360 -0.24400 0.68790
vn -0.04460 0.00260 -0.99900
vn -0.00340 -0.09210 -0.99570
vn -0.14620 -0.03750 -0.98850
vn 0.00770 -0.11610 -0.99320
vn -0.25530 0.06360 -0.96480
vn -0.01980 -0.99980 -0.00130
vn -0.01970 -0.99980 -0.00130
vn -0.02110 -0.99980 -0.00130
vn -0.20430 0.74170 -0.63890
vn -0.10370 0.74260 -0.66160
vn -0.39800 0.79140 -0.46390
vn -0.19970 0.86710 -0.45630
vn -0.06720 0.94340 -0.32490
vn -0.35400 0.83700 -0.41730
vn -0.07130 0.16050 -0.98450
vn -0.04120 -0.07260 -0.99650
vn -0.18250 0.81960 -0.54320
vn -0.35750 0.79880 -0.48380
vn -0.59840 0.75120 -0.27860
vn -0.47860 0.06220 -0.87580
vn -0.31720 0.83280 -0.45380
vn -0.61200 0.72290 -0.32080
vn -0.28700 -0.06670 -0.95560
vn -0.63470 0.73480 -0.23920
vn -0.25620 -0.82040 -0.51120
vn -0.82210 0.12120 -0.55640
vn -0.82200 0.12120 -0.55640
vn -0.82990 0.14590 -0.53850
vn -0.85440 -0.14140 -0.50000
vn -0.84540 -0.23660 -0.47890
vn -0.85580 -0.09850 -0.50780
vn -0.81290 0.09520 -0.57460
vn -0.01010 -0.99990 -0.00070
vn -0.97690 -0.21290 -0.01640
vn -0.98770 0.15090 -0.04010
vn 0.99630 0.05530 -0.06560
vn 0.98880 0.08730 -0.12070
vn 0.98820 0.07620 -0.13290
vn 0.99750 0.02550 -0.06590
vn 0.09170 -0.99560 -0.01790
vn 0.00580 -0.99990 -0.01390
vn 0.00330 -1.00000 -0.00350
vn 0.56180 0.45820 -0.68880
vn 0.59080 0.42260 -0.68730
vn 0.94460 0.12790 -0.30220
vn 0.93060 0.16420 -0.32700
vn 0.71410 0.01310 -0.69990
vn 0.57600 -0.09210 -0.81220
vn 0.52310 -0.12150 -0.84360
vn 0.43330 0.46350 -0.77290
vn -0.00320 -1.00000 -0.00250
vn 0.71170 0.65720 -0.24820
vn 0.65530 0.68370 -0.32110
vn 0.70060 0.66440 -0.26030
vn 0.15700 0.84350 -0.51370
vn 0.27330 0.78370 -0.55770
vn 0.47750 0.10380 -0.87250
vn 0.59920 -0.06950 -0.79760
vn 0.37550 0.22480 -0.89910
vn 0.34920 -0.05060 -0.93570
vn -0.04890 0.86820 -0.49380
vn 0.00300 0.79940 -0.60080
vn -0.01630 -0.99670 0.07930
vn -0.00210 0.85350 -0.52100
vn 0.06630 -0.94750 -0.31270
vn 0.02290 0.79650 -0.60420
vn 0.00820 0.74390 -0.66820
vn -0.09380 0.88600 -0.45410
vn -0.17080 -0.16930 -0.97060
vn -0.22520 -0.09290 -0.96990
vn -0.31830 0.04710 -0.94680
vn -0.06150 0.87030 -0.48870
vn 0.66760 0.05060 -0.74280
vn -0.11800 0.88070 -0.45870
vn 0.83350 -0.05150 -0.55010
vn 0.91280 -0.05880 -0.40420
vn 0.97160 -0.06550 -0.22750
vn 0.97900 -0.11780 -0.16660
vn 0.99640 -0.06620 0.05280
vn 0.51220 -0.00760 0.85890
vn 0.51220 -0.00940 0.85880
vn 0.51330 -0.00510 0.85820
vn 0.97630 -0.21580 0.01470
vn 0.99660 -0.06200 0.05410
vn 0.97320 -0.17640 0.14750
vn 0.81460 -0.06590 0.57630
vn 0.68910 -0.10340 0.71720
vn 0.53190 0.01480 0.84670
vn 0.32860 0.00520 -0.94440
vn 0.32860 0.00520 -0.94450
vn -0.01590 0.01610 0.99970
vn -0.01300 0.03130 0.99940
vn -0.00920 -0.99650 0.08340
vn 0.17380 0.02010 -0.98460
vn -0.10860 0.03720 0.99340
vn -0.04880 -0.03100 0.99830
vn -0.05760 -0.05660 0.99670
vn -0.02610 0.00350 0.99970
vn -0.04140 -0.05470 0.99760
vn -0.42610 0.03840 0.90390
vn -0.33680 0.02970 -0.94110
vn -0.54210 0.08050 0.83650
vn -0.71820 0.03380 0.69500
vn -0.66950 0.06720 0.73970
vn -0.99580 0.09100 -0.00860
vn -0.99650 0.08330 -0.00990
vn -0.99730 0.07350 0.00480
vn -0.98890 0.10340 -0.10670
vn -0.81880 0.00180 0.57410
vn -0.83950 0.02930 0.54260
vn 0.03210 -0.99950 -0.00250
vn -0.99800 0.04470 -0.04530
vn -0.89390 -0.04130 0.44630
vn -0.99880 -0.04010 -0.02960
vn -0.99070 0.12870 -0.04500
vn 0.99690 -0.07840 0.00210
vn 0.51870 -0.01460 -0.85480
vn -0.01490 0.00310 0.99990
vn -0.99730 0.04430 -0.05910
vn -0.99750 -0.05370 -0.04510
vn 0.89620 0.12100 -0.42680
vn 0.03330 -0.00400 -0.99940
vn 0.03750 0.01370 -0.99920
vn 0.00980 -0.05470 -0.99850
vn 0.03750 0.01340 -0.99920
vn -0.00610 -0.16920 -0.98560
vn -0.38870 0.38530 -0.83700
vn 0.02880 -0.13300 -0.99070
vn 0.06700 -0.92910 -0.36370
vn -0.62200 -0.02950 -0.78250
vn -0.78120 -0.16100 -0.60320
vn -0.67990 -0.06770 -0.73020
vn -0.62400 -0.02300 -0.78110
vn -0.86370 -0.22070 -0.45320
vn 0.90200 0.39180 -0.18140
vn 0.98510 0.17010 -0.02350
vn 0.97610 0.16780 -0.13810
vn 0.31320 -0.94960 -0.01390
vn 0.99680 -0.02440 -0.07590
vn 0.76260 0.58760 -0.27030
vn 0.68270 0.66510 -0.30260
vn 0.71950 0.30360 -0.62460
vn 0.74300 0.01480 -0.66910
vn 0.68100 -0.40810 -0.60800
vn 0.46360 0.81290 -0.35260
vn 0.42210 0.09770 -0.90130
vn 0.32460 -0.16400 -0.93150
vn 0.41460 -0.19420 -0.88910
vn 0.34210 -0.24140 -0.90810
vn 0.18050 0.86840 -0.46190
vn 0.53100 0.79350 -0.29720
vn 0.27010 -0.00850 -0.96280
vn -0.01990 -0.99820 -0.05570
vn -0.01790 -0.99770 -0.06550
vn 0.16990 -0.11100 -0.97920
vn -0.45400 0.70010 -0.55110
vn 0.18890 -0.00970 -0.98190
vn 0.18850 -0.10330 -0.97660
vn 0.00760 0.96660 -0.25620
vn 0.01500 0.95180 -0.30640
vn 0.08510 0.74210 -0.66480
vn -0.07700 0.46150 -0.88380
vn 0.01220 -0.15810 -0.98730
vn -0.01980 0.98150 -0.19060
vn 0.21720 0.90280 -0.37120
vn -0.03030 0.41100 -0.91110
vn 0.22910 0.70950 0.66650
vn -0.02840 -0.99960 -0.00240
vn -0.02900 -0.99960 0.00140
vn -0.15880 0.71970 -0.67590
vn -0.32980 0.54000 -0.77440
vn -0.47350 0.24540 -0.84590
vn -0.66100 0.49380 -0.56500
vn -0.35030 0.72940 -0.58750
vn -0.73900 0.60840 -0.28940
vn -0.66400 0.08550 -0.74290
vn -0.72400 0.59100 -0.35570
vn -0.60780 0.74990 -0.26130
vn -0.92910 0.29710 -0.22010
vn -0.96890 0.02570 -0.24620
vn -0.07290 -0.99730 0.00330
vn -0.99050 0.08360 -0.10890
vn -0.98280 0.17960 -0.04370
vn 0.09250 -0.01930 -0.99550
vn -0.02040 -0.99980 -0.00610
vn 0.97670 0.21440 -0.01290
vn 0.99810 0.06010 -0.01170
vn 0.99730 0.07290 0.01310
vn 0.99440 0.10440 -0.01510
vn -0.10440 -0.99410 -0.02910
vn 0.96760 -0.02870 0.25090
vn 0.99530 0.08460 0.04770
vn 0.52700 -0.08030 0.84610
vn 0.50360 -0.18660 0.84350
vn 0.51810 -0.04410 0.85420
vn 0.99750 0.06960 0.00880
vn 0.15310 -0.04620 0.98710
vn 0.40320 0.04350 0.91410
vn 0.76690 0.19950 0.60990
vn 0.99530 0.08880 0.03870
vn 0.00920 -1.00000 0.00250
vn 0.01230 -0.99980 0.01780
vn 0.11640 0.02480 0.99290
vn 0.94500 0.06450 -0.32070
vn 0.11700 0.02530 0.99280
vn -0.00590 -0.00110 1.00000
vn 0.02860 -0.01970 0.99940
vn 0.02310 -0.00280 0.99970
vn 0.05310 -0.10240 0.99330
vn 0.05320 0.11390 0.99210
vn -0.02520 -0.98600 -0.16490
vn -0.01920 0.02670 0.99950
vn -0.38210 -0.18480 0.90550
vn -0.61060 0.01180 0.79180
vn -0.43280 0.00070 0.90150
vn -0.70780 -0.03430 0.70560
vn -0.74410 -0.02970 0.66740
vn -0.75060 -0.03910 0.65960
vn -0.78150 -0.22150 0.58330
vn -0.79760 -0.57730 0.17480
vn -0.99700 -0.06840 -0.03600
vn -0.99780 -0.05840 -0.03290
vn -0.99740 -0.05860 -0.04200
vn -0.74230 -0.03120 0.66930
vn -0.99510 -0.05940 -0.07850
vn -0.99740 -0.05760 -0.04260
usemtl Material
f 360/1769/1204 476/1770/1205 477/1771/1206
f 478/1772/1207 476/1773/1208 360/1774/1209
f 477/1771/1206 476/1770/1205 479/1775/1210
f 478/1772/1207 358/1776/1211 480/1777/1212
f 360/1774/1209 359/1778/1213 358/1776/1211
f 358/1776/1211 478/1772/1207 360/1774/1209
f 478/1779/1214 481/1780/1215 476/1781/1216
f 477/1771/1206 362/1782/1217 360/1769/1204
f 358/1776/1211 367/1783/1218 480/1777/1212
f 357/1326/895 358/1327/896 359/1328/897
f 360/1329/898 357/1326/895 359/1328/897
f 361/1330/899 360/1331/900 362/1332/901
f 362/1332/901 347/1333/902 361/1330/899
f 367/1783/1218 358/1776/1211 364/1784/1219
f 360/1329/898 361/1334/903 357/1326/895
f 362/1785/1220 477/1786/1221 482/1787/1222
f 480/1788/1223 367/1789/1224 483/1790/1225
f 363/1335/904 361/1336/905 347/1337/906
f 364/1338/907 358/1327/896 357/1326/895
f 363/1335/904 357/1339/908 361/1336/905
f 363/1335/904 365/1340/909 357/1339/908
f 481/1780/1215 479/1791/1226 476/1781/1216
f 364/1341/910 366/1342/911 367/1343/912
f 347/1344/913 346/1345/913 363/1346/913
f 484/1792/1227 479/1791/1226 481/1780/1215
f 478/1779/1214 480/1793/1228 483/1794/1229
f 362/1347/914 345/1348/914 347/1349/915
f 345/1256/851 346/1257/851 347/1258/851
f 365/1350/916 363/1351/917 346/1352/918
f 357/1353/919 365/1350/916 348/1354/920
f 362/1347/914 368/1355/921 345/1348/914
f 479/1795/1230 482/1787/1222 477/1786/1221
f 357/1356/922 369/1357/923 364/1341/910
f 483/1790/1225 367/1789/1224 375/1796/1231
f 368/1797/1232 362/1785/1220 485/1798/1233
f 485/1798/1233 362/1785/1220 482/1787/1222
f 484/1799/1234 482/1787/1222 479/1795/1230
f 483/1794/1229 481/1780/1215 478/1779/1214
f 486/1800/1235 484/1792/1227 481/1780/1215
f 486/1801/1236 482/1802/1237 484/1803/1238
f 487/1804/1239 481/1780/1215 483/1794/1229
f 486/1801/1236 488/1805/1240 482/1802/1237
f 487/1806/1241 486/1800/1235 481/1780/1215
f 375/1807/1242 487/1808/1243 483/1809/1244
f 482/1802/1237 488/1805/1240 485/1810/1245
f 487/1808/1243 375/1807/1242 376/1811/1246
f 375/1796/1231 367/1789/1224 366/1812/1247
f 366/1342/911 364/1341/910 369/1357/923
f 487/1813/1248 488/1814/1249 486/1815/1250
f 485/1810/1245 488/1805/1240 377/1816/1251
f 488/1814/1249 487/1813/1248 376/1817/1252
f 377/1818/1253 488/1814/1249 489/1819/1254
f 376/1817/1252 489/1819/1254 488/1814/1249
f 369/1358/924 357/1353/919 348/1354/920
f 536/1987/1392 537/1988/1393 538/1989/1394
f 536/2060/1443 559/2061/1443 537/2062/1443
f 530/2063/1444 469/2064/1445 540/2065/1446
f 377/1816/1251 368/1820/1255 485/1810/1245
f 376/1817/1252 372/1821/1256 489/1819/1254
f 541/2066/1447 559/2067/1447 536/2068/1447
f 469/2064/1445 559/2069/1448 541/2070/1449
f 377/1818/1253 489/1819/1254 372/1821/1256
f 541/2070/1449 540/2065/1446 469/2064/1445
f 537/1990/1395 539/1991/1395 538/1992/1395
f 540/1993/1396 541/1994/1396 536/1995/1396
f 560/2071/1450 537/2072/1451 559/2073/1452
f 469/2064/1445 530/2063/1444 470/2074/1453
f 348/1354/920 365/1350/916 346/1352/918
f 540/1996/1397 536/1987/1392 542/1997/1398
f 561/2075/1454 559/2073/1452 469/2076/1455
f 538/1989/1394 543/1998/1399 536/1987/1392
f 345/1359/925 368/1360/925 352/1361/925
f 560/2077/1456 562/2078/1456 537/2079/1456
f 538/1989/1394 539/1999/1400 543/1998/1399
f 375/1807/1242 371/1822/1257 376/1811/1246
f 375/1381/940 366/1382/940 371/1383/940
f 470/1967/1378 530/1968/1378 471/1969/1378
f 542/2000/1401 530/2001/1401 540/2002/1401
f 369/1357/923 370/1362/926 366/1342/911
f 469/2064/1445 470/2074/1453 447/2080/1457
f 371/1384/941 372/1385/941 376/1386/941
f 352/1387/942 368/1388/942 377/1389/942
f 348/1259/852 346/1260/852 349/1261/852
f 544/2003/1402 542/1997/1398 536/1987/1392
f 561/2075/1454 560/2071/1450 559/2073/1452
f 542/2004/1403 545/2005/1404 530/2006/1405
f 530/2006/1405 545/2005/1404 471/2007/1406
f 345/1262/853 349/1263/853 346/1264/853
f 555/2081/1458 539/2082/1459 537/2083/1458
f 563/2084/1460 561/2075/1454 469/2076/1455
f 544/2003/1402 536/1987/1392 543/1998/1399
f 369/1357/923 348/1363/927 350/1364/928
f 371/1365/929 366/1342/911 370/1362/926
f 447/1730/1191 449/1731/1191 469/1732/1191
f 350/1265/854 348/1266/854 349/1267/854
f 350/1268/855 349/1269/855 351/1270/855
f 317/1148/765 318/1149/766 319/1150/767
f 345/1271/856 352/1272/856 349/1273/856
f 471/2085/1461 448/2086/1461 470/2111/1461
f 372/1366/930 371/1367/930 370/1368/930
f 370/1362/926 369/1357/923 350/1364/928
f 317/1148/765 320/1151/768 318/1149/766
f 449/1733/1192 465/1734/1192 469/1735/1192
f 349/1274/857 317/1275/858 351/1276/859
f 352/1390/943 377/1391/943 372/1422/943
f 447/1633/1111 448/1634/1112 449/1635/1113
f 349/1277/860 320/1278/860 317/1279/860
f 320/1369/931 349/1370/932 352/1371/931
f 319/1150/767 318/1149/766 321/1152/769
f 563/2084/1460 469/2076/1455 465/2087/1462
f 470/1736/1193 448/1737/1193 447/1765/1193
f 372/1392/944 373/1393/945 378/1394/946
f 370/1372/933 373/1373/933 372/1374/933
f 372/1380/939 320/1369/931 352/1371/931
f 544/2003/1402 543/1998/1399 546/2008/1407
f 370/1375/934 350/1376/935 374/1377/936
f 542/1997/1398 544/2003/1402 545/2009/1408
f 320/1395/947 379/1396/948 318/1397/949
f 547/2010/1409 543/1998/1399 539/1999/1400
f 449/1635/1113 448/1634/1112 450/1636/1114
f 452/1687/1155 451/1688/1156 464/1689/1157
f 451/1637/1115 452/1638/1115 450/1682/1115
f 370/1375/934 374/1377/936 373/1378/937
f 539/2059/1442 548/2011/1410 547/2012/1411
f 464/1689/1157 451/1688/1156 454/1690/1158
f 322/1153/770 317/1154/771 319/1155/772
f 471/1738/1194 458/1739/1194 448/1766/1194
f 451/1683/1116 453/1639/1116 454/1640/1116
f 545/2005/1404 531/2013/1412 471/2007/1406
f 452/1728/1159 449/1691/1159 450/1692/1160
f 321/1152/769 318/1149/766 323/1156/773
f 372/1392/944 379/1396/948 320/1395/947
f 544/2014/1413 549/2015/1413 545/2016/1413
f 448/1684/1153 455/1641/1117 450/1642/1118
f 451/1643/1119 450/1642/1118 456/1644/1120
f 380/1398/950 379/1396/948 372/1392/944
f 473/1970/1379 471/1971/1380 531/1972/1381
f 372/1392/944 378/1394/946 380/1398/950
f 547/2010/1409 550/2017/1414 543/1998/1399
f 350/1280/861 351/1281/862 353/1282/863
f 456/1644/1120 457/1645/1121 451/1643/1119
f 378/1693/1161 454/1729/1161 453/1694/1161
f 453/1685/1122 380/1646/1122 378/1647/1123
f 384/1648/1124 453/1649/1125 451/1643/1119
f 378/1399/951 373/1400/951 381/1401/951
f 448/1684/1153 458/1650/1126 455/1641/1117
f 384/1648/1124 451/1643/1119 457/1645/1121
f 380/1646/1122 453/1685/1122 379/1651/1127
f 323/1156/773 324/1157/774 321/1152/769
f 379/1686/1154 453/1649/1125 384/1648/1124
f 455/1641/1117 456/1644/1120 450/1642/1118
f 336/1192/801 317/1193/802 322/1194/801
f 318/1423/952 382/1402/952 323/1403/952
f 449/1691/1159 452/1728/1159 465/1695/1162
f 325/1158/775 321/1152/769 324/1157/774
f 351/1276/859 317/1275/858 353/1283/864
f 322/1153/770 319/1155/772 321/1159/776
f 454/1696/1163 378/1697/1164 381/1698/1165
f 374/1377/936 350/1376/935 305/1379/938
f 454/1696/1163 466/1699/1166 464/1700/1167
f 373/1404/953 383/1405/954 381/1406/955
f 466/1699/1166 454/1696/1163 381/1698/1165
f 374/1407/956 383/1405/954 373/1404/953
f 71/163/122 61/164/122 72/165/122
f 74/252/177 57/253/178 86/254/179
f 534/2018/1415 531/2013/1412 545/2005/1404
f 473/1970/1379 458/1973/1382 471/1971/1380
f 57/255/180 87/256/181 86/257/182
f 73/166/123 57/167/123 74/168/123
f 58/169/124 57/170/124 73/171/124
f 61/172/125 71/173/126 75/174/127
f 549/2019/1416 544/2003/1402 551/2020/1417
f 560/2088/1463 564/2089/1464 562/2090/1465
f 75/175/128 71/176/128 72/177/128
f 86/254/179 88/258/183 74/252/177
f 86/254/179 89/259/184 88/258/183
f 89/259/184 90/260/185 88/258/183
f 379/1396/948 384/1408/957 318/1397/949
f 561/2075/1454 564/2089/1464 560/2088/1463
f 76/178/129 61/172/125 75/174/127
f 561/2075/1454 563/2084/1460 565/2091/1466
f 56/133/102 57/134/103 58/135/104
f 464/1701/1168 467/1702/1169 452/1703/1170
f 76/178/129 62/179/130 61/172/125
f 58/180/131 73/181/132 77/182/133
f 75/1195/803 72/1196/804 337/1197/804
f 76/1198/805 75/1199/806 337/1200/807
f 534/2021/1418 545/2022/1418 549/2023/1418
f 551/2024/1419 546/2025/1419 543/2026/1419
f 78/183/134 62/184/134 76/185/134
f 79/186/135 72/187/136 77/188/136
f 350/1280/861 353/1282/863 301/1284/865
f 58/189/137 61/190/138 59/191/139
f 564/2089/1464 555/2092/1467 562/2090/1465
f 384/1409/958 382/1410/958 318/1411/958
f 77/182/133 73/181/132 74/192/140
f 59/136/105 60/137/106 58/135/104
f 459/1652/1128 384/1653/1129 457/1654/1130
f 555/2081/1458 537/2083/1458 562/2093/1468
f 74/261/186 88/262/187 81/263/188
f 81/263/188 88/262/187 90/264/189
f 531/1972/1381 532/1974/1383 473/1970/1379
f 305/1412/959 350/1413/959 301/1414/959
f 353/1283/864 317/1275/858 336/1285/866
f 65/193/141 78/194/141 80/195/142
f 77/196/143 61/190/138 58/189/137
f 457/1655/1131 456/1656/1132 405/1657/1133
f 72/1196/804 79/1201/808 337/1197/804
f 547/2010/1409 548/2027/1420 550/2017/1414
f 94/277/202 57/278/203 56/279/204
f 326/1160/777 322/1153/770 321/1159/776
f 90/265/190 91/266/191 92/267/192
f 77/188/136 72/187/136 61/197/144
f 552/2028/1421 549/2019/1416 551/2020/1417
f 551/2029/1422 543/2030/1422 550/2031/1422
f 78/194/141 65/193/141 62/198/145
f 87/280/205 100/281/206 86/282/207
f 460/1658/1134 456/1659/1135 455/1660/1136
f 93/268/193 90/265/190 89/269/194
f 428/1704/1171 467/1702/1169 464/1701/1168
f 428/1704/1171 464/1701/1168 466/1705/1172
f 457/1654/1130 461/1661/1137 459/1652/1128
f 532/2032/1423 531/2033/1423 534/2034/1423
f 76/1198/805 337/1200/807 338/1202/809
f 61/138/107 62/139/108 63/140/109
f 549/2035/1424 553/2036/1424 534/2037/1424
f 425/1706/1173 466/1705/1172 381/1707/1174
f 94/270/195 87/256/181 57/255/180
f 91/266/191 90/265/190 95/271/196
f 327/1161/778 324/1162/778 323/1163/778
f 90/264/189 92/272/197 81/263/188
f 60/137/106 56/133/102 58/135/104
f 382/1424/960 327/1415/960 323/1416/961
f 78/199/146 5/200/146 80/201/146
f 428/1704/1171 466/1705/1172 425/1706/1173
f 339/1286/867 92/1287/868 91/1288/869
f 74/192/140 81/202/147 77/182/133
f 92/1203/810 339/1204/811 81/1205/812
f 93/268/193 96/273/198 90/265/190
f 82/1206/813 79/1207/814 77/1208/815
f 472/2094/1469 565/2091/1466 563/2084/1460
f 325/1158/775 324/1157/774 328/1164/779
f 551/2020/1417 544/2003/1402 546/2008/1407
f 91/1288/869 95/1289/870 339/1286/867
f 86/282/207 100/281/206 89/283/208
f 83/1209/816 76/1210/816 338/1211/816
f 405/1662/1138 456/1663/1139 460/1664/1138
f 457/1665/1140 408/1666/1140 461/1667/1140
f 76/203/148 70/204/148 8/205/148
f 59/141/110 61/142/110 63/143/110
f 458/1740/1195 462/1741/1195 455/1742/1195
f 382/1668/1141 384/1653/1129 332/1669/1142
f 76/206/149 5/207/149 78/208/149
f 95/271/196 90/265/190 97/274/199
f 63/140/109 60/137/106 59/136/105
f 80/209/150 5/210/151 65/211/152
f 338/1212/817 77/1213/818 83/1214/819
f 81/1205/812 339/1204/811 82/1215/820
f 563/2084/1460 465/2087/1462 472/2094/1469
f 338/1212/817 82/1216/821 77/1213/818
f 5/212/153 76/213/154 8/214/153
f 354/1290/871 340/1291/872 339/1286/867
f 82/215/155 77/216/156 81/217/157
f 339/1204/811 340/1217/822 341/1218/823
f 322/1153/770 326/1160/777 329/1165/780
f 561/2075/1454 565/2091/1466 564/2089/1464
f 337/1219/824 330/1220/825 338/1221/826
f 77/216/156 82/215/155 83/218/158
f 330/1220/825 337/1219/824 79/1222/827
f 322/1153/770 329/1165/780 330/1166/781
f 325/1158/775 329/1167/782 321/1152/769
f 354/1292/873 97/1293/874 99/1294/875
f 60/137/106 63/140/109 64/144/111
f 83/219/159 67/220/159 76/221/159
f 354/1292/873 95/1295/876 97/1293/874
f 90/265/190 96/273/198 97/274/199
f 354/1290/871 339/1286/867 95/1289/870
f 330/1223/828 79/1207/814 82/1206/813
f 82/1215/820 339/1204/811 85/1224/829
f 82/1225/830 338/1226/830 330/1227/830
f 408/1670/1143 457/1655/1131 405/1657/1133
f 539/2059/1442 554/2038/1425 548/2011/1410
f 539/2059/1442 555/2039/1426 554/2038/1425
f 339/1204/811 341/1218/823 85/1224/829
f 70/222/160 83/223/160 8/224/160
f 381/1707/1174 383/1708/1175 425/1706/1173
f 65/145/112 2/146/112 62/147/112
f 67/225/161 77/216/156 83/218/158
f 70/226/162 84/227/162 83/228/162
f 87/280/205 101/284/209 100/281/206
f 374/1407/956 305/1425/967 383/1405/954
f 468/1709/1176 465/1710/1177 452/1711/1178
f 329/1168/783 326/1169/783 321/1170/783
f 436/1712/1179 465/1710/1177 434/1713/1180
f 102/285/210 96/286/210 93/287/210
f 87/288/211 94/289/211 101/290/211
f 465/1710/1177 468/1709/1176 434/1713/1180
f 83/229/163 84/230/163 8/231/163
f 89/283/208 100/281/206 103/291/212
f 553/2040/1427 552/2041/1427 534/2042/1427
f 550/2043/1428 548/2044/1429 556/2045/1430
f 104/292/213 94/277/202 56/279/204
f 103/291/212 100/281/206 101/293/214
f 330/1166/781 331/1171/784 322/1153/770
f 82/1228/831 85/1229/831 84/1230/831
f 102/294/215 93/295/216 89/283/208
f 84/232/164 67/233/165 83/234/166
f 83/234/166 82/235/167 84/232/164
f 331/1231/832 336/1192/801 322/1194/801
f 69/236/168 70/237/169 76/238/168
f 550/2043/1428 556/2045/1430 551/2046/1431
f 332/1669/1142 384/1653/1129 459/1652/1128
f 436/1743/1196 472/1744/1196 465/1767/1196
f 67/239/170 69/236/168 76/238/168
f 533/1975/1384 532/1976/1384 534/1977/1384
f 460/1658/1134 455/1660/1136 462/1671/1144
f 382/1424/960 332/1417/962 327/1415/960
f 467/1714/1181 468/1715/1182 452/1716/1183
f 102/294/215 89/283/208 103/291/212
f 97/274/199 96/273/198 98/275/200
f 341/1232/833 340/1233/834 342/1234/835
f 64/296/217 105/297/218 60/298/219
f 84/232/164 68/240/171 67/233/165
f 425/1706/1173 383/1708/1175 267/1717/1184
f 63/140/109 62/139/108 7/148/113
f 304/1296/877 353/1297/877 355/1298/877
f 324/1157/774 327/1172/785 328/1164/779
f 356/1299/878 342/1300/879 340/1301/880
f 4/241/172 5/212/153 8/214/153
f 5/210/151 2/242/173 65/211/152
f 340/1301/880 354/1292/873 356/1299/878
f 325/1158/775 328/1164/779 329/1167/782
f 329/1165/780 331/1171/784 330/1166/781
f 331/1302/881 355/1303/882 336/1285/866
f 332/1672/1145 459/1652/1128 333/1673/1146
f 263/1418/963 383/1405/954 305/1425/967
f 98/275/200 99/276/201 97/274/199
f 84/243/174 70/244/174 68/245/174
f 66/149/114 63/140/109 7/148/113
f 62/139/108 2/150/115 7/148/113
f 101/293/214 106/299/220 103/291/212
f 355/1303/882 353/1283/864 336/1285/866
f 64/144/111 63/140/109 66/149/114
f 354/1292/873 99/1294/875 194/1304/883
f 67/151/116 68/152/116 69/153/116
f 105/332/242 56/279/204 60/333/243
f 104/292/213 101/300/221 94/277/202
f 2/150/115 1/154/117 7/148/113
f 96/519/362 167/520/362 98/521/362
f 341/1232/833 342/1234/835 225/1235/836
f 329/1167/782 328/1164/779 248/1173/786
f 3/155/118 2/162/118 5/156/118
f 403/1674/1147 405/1662/1138 460/1664/1138
f 331/1305/884 343/1306/884 355/1307/884
f 105/332/242 104/292/213 56/279/204
f 327/1172/785 332/1174/787 333/1175/788
f 327/1172/785 248/1173/786 328/1164/779
f 342/1308/885 356/1309/886 355/1310/887
f 355/1310/887 343/1311/888 342/1308/885
f 354/1292/873 303/1312/889 356/1299/878
f 459/1652/1128 461/1661/1137 408/1675/1148
f 353/1313/890 304/1314/890 302/1315/890
f 102/294/215 103/291/212 107/301/222
f 532/1974/1383 533/1978/1385 473/1970/1379
f 194/1304/883 303/1312/889 354/1292/873
f 551/2046/1431 556/2045/1430 552/2047/1432
f 459/1652/1128 408/1675/1148 333/1673/1146
f 341/1232/833 225/1235/836 85/1236/837
f 64/296/217 108/302/223 105/297/218
f 462/1671/1144 403/1676/1149 460/1658/1134
f 473/1745/1197 463/1746/1197 458/1747/1197
f 554/2048/1433 556/2045/1430 548/2044/1429
f 472/2095/1470 566/2096/1471 565/2097/1472
f 463/1748/1198 462/1749/1198 458/1750/1198
f 8/250/175 84/246/175 9/247/175
f 66/303/224 108/302/223 64/296/217
f 329/1176/789 334/1177/790 331/1178/791
f 1/1/2 2/2/3 3/3/4
f 564/2098/1473 565/2097/1472 566/2096/1471
f 68/157/119 70/158/119 69/159/119
f 428/1718/1185 424/1719/1185 467/1720/1185
f 228/1237/838 343/1238/838 331/1239/838
f 327/1172/785 333/1175/788 248/1173/786
f 353/1282/863 302/1316/891 301/1284/865
f 15/304/225 108/302/223 66/303/224
f 329/1176/789 248/1179/792 334/1177/790
f 383/1405/954 263/1418/963 267/1419/964
f 98/569/393 172/570/393 99/571/394
f 9/1240/839 85/1255/850 35/1241/840
f 228/1242/841 342/1243/841 343/1244/841
f 98/569/393 168/572/395 172/570/393
f 9/248/176 84/251/176 85/249/176
f 468/1709/1176 423/1721/1186 434/1713/1180
f 304/1324/892 355/1317/892 303/1318/892
f 552/2047/1432 535/2049/1434 534/2050/1435
f 263/1418/963 305/1425/967 264/1420/965
f 98/522/363 167/523/364 168/524/365
f 344/1245/842 35/1241/840 85/1255/850
f 4/4/5 3/60/49 5/5/6
f 557/2051/1436 552/2047/1432 556/2045/1430
f 557/2051/1436 535/2049/1434 552/2047/1432
f 534/1979/1386 535/1980/1386 533/1981/1386
f 169/525/366 102/526/367 107/527/368
f 473/1982/1387 533/1983/1388 474/1984/1389
f 170/528/369 102/529/369 169/530/369
f 424/1722/1187 468/1715/1182 467/1714/1181
f 104/334/244 109/305/226 101/335/245
f 405/1657/1133 404/1677/1150 408/1670/1143
f 103/306/227 106/307/227 107/308/227
f 556/2045/1430 554/2052/1437 557/2051/1436
f 331/1180/793 334/1181/794 228/1182/795
f 66/149/114 7/148/113 13/160/120
f 167/531/370 96/532/370 170/533/370
f 344/1246/843 85/1236/837 227/1247/844
f 13/160/120 7/148/113 6/161/121
f 303/1319/893 355/1320/893 356/1321/893
f 424/1723/1188 423/1724/1188 468/1725/1188
f 1/1/1 6/6/8 7/7/9
f 170/534/371 96/535/371 102/536/371
f 335/1183/796 228/1182/795 334/1181/794
f 473/1982/1387 474/1984/1389 463/1985/1390
f 265/1184/797 248/1173/786 333/1175/788
f 106/309/228 101/310/228 109/311/228
f 227/1247/844 85/1236/837 225/1235/836
f 194/654/447 99/655/448 172/656/449
f 472/2099/1474 475/2100/1475 566/2096/1471
f 475/2100/1475 564/2098/1473 566/2096/1471
f 344/1245/842 227/1248/845 35/1241/840
f 301/1325/894 300/1322/894 305/1323/894
f 558/2053/1438 554/2038/1425 555/2039/1426
f 475/2100/1475 555/2101/1476 564/2098/1473
f 558/2102/1477 555/2103/1477 475/2104/1477
f 66/303/224 13/312/229 15/304/225
f 557/2051/1436 554/2052/1437 558/2054/1439
f 167/523/364 170/537/372 168/524/365
f 403/1751/1199 462/1768/1199 463/1752/1199
f 342/1249/846 228/1250/846 225/1251/846
f 533/1983/1388 535/1986/1391 474/1984/1389
f 105/313/230 108/302/223 104/334/244
f 557/2105/1478 475/2106/1479 535/2107/1480
f 8/8/10 9/9/10 4/10/10
f 1/1/1 10/11/11 6/6/7
f 1/1/2 3/3/4 11/12/12
f 557/2051/1436 558/2054/1439 475/2055/1440
f 12/13/13 3/60/49 4/4/5
f 472/1753/1200 436/1754/1200 437/1755/1200
f 13/14/14 14/15/15 15/16/16
f 300/1058/695 301/1059/696 302/1060/697
f 475/2100/1475 472/2099/1474 437/2108/1481
f 474/2109/1482 535/2107/1480 400/2110/1483
f 107/314/231 106/315/231 109/316/231
f 335/1185/798 334/1186/798 230/1187/798
f 474/1756/1201 400/1757/1201 463/1758/1201
f 104/334/244 108/302/223 110/317/232
f 138/394/276 107/395/277 111/396/278
f 303/1061/698 194/1062/698 195/1063/698
f 109/538/373 111/539/373 107/540/373
f 194/654/447 172/656/449 195/657/450
f 475/2106/1479 400/2110/1483 535/2107/1480
f 304/1064/699 303/1065/700 288/1066/701
f 247/874/573 248/875/574 249/876/575
f 14/17/17 13/18/17 6/19/17
f 248/1191/799 230/1188/799 334/1189/799
f 111/318/233 109/336/233 112/319/233
f 6/6/7 10/11/11 14/20/18
f 437/1759/1202 400/1760/1202 475/1761/1202
f 16/21/19 17/22/20 9/23/21
f 262/923/608 263/924/608 264/925/608
f 15/304/225 110/317/232 108/302/223
f 4/4/5 9/23/21 17/22/20
f 168/541/374 171/542/374 172/543/375
f 138/394/276 111/396/278 139/397/279
f 15/304/225 18/320/234 110/317/232
f 1/1/1 11/12/12 10/11/11
f 12/24/22 11/12/12 3/3/4
f 16/62/50 9/63/51 35/64/52
f 17/22/20 12/13/13 4/4/5
f 15/16/16 14/15/15 18/25/23
f 173/544/376 168/545/377 170/546/378
f 110/317/232 109/305/226 104/334/244
f 112/321/235 109/322/236 113/323/237
f 111/398/280 112/399/281 113/400/282
f 463/1678/1151 402/1679/1151 403/1680/1151
f 434/1591/1092 435/1592/1093 436/1593/1094
f 171/573/396 177/574/397 172/649/445
f 267/1717/1184 266/1726/1189 425/1706/1173
f 10/11/11 11/12/12 19/26/24
f 437/1594/1095 436/1595/1095 435/1596/1095
f 401/1597/1096 400/1598/1096 437/1599/1096
f 169/547/379 174/548/380 170/546/378
f 18/27/25 15/28/25 20/29/25
f 400/1488/1018 401/1489/1018 402/1490/1018
f 173/544/376 170/546/378 174/548/380
f 428/1704/1171 425/1706/1173 426/1727/1190
f 288/1066/701 302/1067/702 304/1064/699
f 35/1241/840 227/1248/845 38/1252/847
f 169/525/366 107/527/368 146/549/381
f 400/1762/1203 402/1763/1203 463/1764/1203
f 262/1421/966 267/1419/964 263/1418/963
f 305/1068/703 300/1095/724 264/1069/704
f 169/550/382 146/551/382 174/552/382
f 174/553/383 171/542/374 168/541/374
f 302/1067/702 288/1066/701 291/1070/705
f 35/64/52 36/65/53 16/62/50
f 109/324/238 110/325/238 23/326/238
f 174/554/384 168/555/384 173/556/384
f 140/401/283 107/402/283 138/403/283
f 141/404/284 139/405/284 111/406/284
f 23/327/239 113/323/237 109/322/236
f 401/1600/1097 437/1601/1097 438/1602/1097
f 408/1675/1148 407/1681/1152 333/1673/1146
f 247/874/573 230/877/576 248/875/574
f 177/658/451 195/657/450 172/656/449
f 440/1910/1332 401/1911/1333 515/1912/1334
f 422/1552/1063 423/1553/1064 424/1554/1063
f 236/1071/706 288/1066/701 303/1065/700
f 23/328/240 110/329/240 18/330/240
f 438/1913/1335 515/1912/1334 401/1911/1333
f 36/1253/848 35/1241/840 38/1252/847
f 437/1628/1098 435/1603/1098 439/1604/1098
f 111/407/285 142/408/286 141/409/286
f 425/1555/1065 266/1556/1066 426/1557/1067
f 225/812/532 226/813/533 227/814/534
f 38/1252/847 227/1248/845 226/1254/849
f 21/30/26 11/12/12 12/24/22
f 439/1914/1336 438/1960/1336 437/1915/1336
f 171/568/392 174/557/385 175/558/386
f 403/1491/1019 404/1492/1019 405/1493/1020
f 435/1592/1093 434/1591/1092 429/1605/1099
f 143/559/387 146/549/381 107/527/368
f 17/61/27 21/31/27 12/32/28
f 21/30/26 19/26/24 11/12/12
f 303/1072/707 235/1073/707 236/1096/707
f 10/11/11 22/33/29 14/20/18
f 515/1912/1334 438/1913/1335 439/1961/1373
f 335/1183/796 230/1190/800 228/1182/795
f 18/25/23 22/34/30 23/35/31
f 107/410/287 140/411/288 143/412/288
f 14/15/15 22/34/30 18/25/23
f 16/62/50 36/65/53 37/66/54
f 439/1916/1337 435/1917/1338 442/1918/1339
f 111/398/280 113/400/282 144/413/289
f 402/1494/1021 401/1495/1021 406/1496/1021
f 113/323/237 23/327/239 114/331/241
f 512/1865/1293 513/1866/1294 514/1867/1295
f 513/1919/1340 512/1920/1341 495/1921/1342
f 407/1497/1022 408/1498/1022 404/1499/1022
f 171/573/396 175/575/398 177/574/397
f 439/1961/1373 522/1922/1343 512/1920/1341
f 512/1920/1341 515/1912/1334 439/1961/1373
f 303/1074/708 195/1075/709 233/1076/710
f 495/1921/1342 512/1920/1341 522/1922/1343
f 515/1868/1296 512/1865/1293 514/1867/1295
f 19/26/24 22/33/29 10/11/11
f 225/815/535 228/816/536 229/817/536
f 495/1921/1342 522/1922/1343 523/1923/1344
f 143/414/290 145/415/290 146/416/290
f 36/65/53 38/67/55 37/66/54
f 513/1869/1297 495/1870/1298 516/1871/1299
f 406/1606/1100 401/1629/1100 440/1607/1100
f 147/417/291 138/418/291 139/419/291
f 17/61/27 24/36/32 21/31/27
f 514/1872/1300 517/1873/1301 515/1908/1330
f 513/1866/1294 516/1874/1302 514/1867/1295
f 429/1608/1101 441/1609/1101 435/1610/1101
f 265/926/609 249/927/609 248/928/609
f 118/560/388 175/558/386 174/557/385
f 516/1874/1302 518/1875/1303 514/1867/1295
f 522/1922/1343 524/1924/1345 523/1923/1344
f 266/929/610 267/930/610 262/978/610
f 303/1077/711 233/1078/711 235/1079/711
f 142/408/286 148/420/292 141/409/286
f 333/1500/1023 407/1501/1023 265/1502/1023
f 517/1873/1301 492/1876/1304 515/1908/1330
f 440/1962/1374 490/1925/1346 406/1926/1347
f 149/421/293 144/413/289 113/400/282
f 435/1611/1102 441/1612/1102 442/1613/1102
f 195/657/450 177/658/451 196/659/452
f 515/1908/1330 490/1877/1305 440/1878/1306
f 402/1503/1024 406/1549/1024 409/1504/1024
f 23/35/31 22/34/30 25/37/33
f 230/818/537 231/819/537 228/820/537
f 174/561/389 146/562/389 119/563/389
f 140/422/294 138/423/294 147/424/294
f 16/62/50 24/68/56 17/69/57
f 228/821/538 231/822/539 232/823/540
f 111/425/295 144/426/296 142/427/297
f 24/68/56 16/62/50 37/66/54
f 522/1922/1343 439/1916/1337 442/1918/1339
f 118/560/388 174/557/385 119/564/390
f 114/428/298 149/421/293 113/400/282
f 232/824/541 229/817/536 228/816/536
f 114/472/299 23/429/299 27/430/299
f 247/878/577 250/879/578 230/880/578
f 21/30/26 26/38/34 19/26/24
f 27/39/35 23/35/31 25/37/33
f 300/1095/724 306/1080/712 264/1069/704
f 249/876/575 251/881/579 247/874/573
f 291/1097/725 300/1058/695 302/1060/697
f 424/1554/1063 427/1558/1068 422/1552/1063
f 525/1927/1348 442/1963/1375 441/1928/1349
f 265/931/611 268/932/611 249/933/611
f 119/431/300 146/432/300 145/433/300
f 523/1929/1350 493/1930/1350 495/1931/1350
f 434/1591/1092 423/1614/1103 429/1605/1099
f 178/660/453 196/659/452 177/658/451
f 519/1879/1307 517/1873/1301 514/1872/1300
f 177/650/446 175/576/399 178/577/400
f 516/1871/1299 495/1870/1298 494/1880/1308
f 524/1924/1345 522/1922/1343 442/1918/1339
f 114/434/301 27/435/301 116/436/301
f 175/576/399 118/578/401 178/577/400
f 142/427/297 144/426/296 150/437/302
f 426/1588/1069 424/1559/1069 428/1560/1070
f 268/1505/1025 265/1506/1025 407/1507/1025
f 151/438/303 114/439/303 116/440/303
f 492/1876/1304 490/1877/1305 515/1908/1330
f 143/441/304 116/442/305 145/443/306
f 514/1881/1309 518/1882/1310 519/1883/1311
f 230/880/578 250/879/578 231/882/580
f 409/1508/1026 403/1509/1027 402/1510/1028
f 22/33/29 19/26/24 28/40/36
f 22/34/30 28/41/37 25/37/33
f 152/444/307 143/412/288 140/411/288
f 407/1511/1029 410/1512/1029 268/1513/1029
f 144/413/289 149/421/293 153/445/308
f 150/437/302 148/446/309 142/427/297
f 152/447/310 154/448/311 143/449/312
f 39/70/58 26/71/58 21/72/59
f 39/73/60 21/74/61 24/75/60
f 150/437/302 144/426/296 153/450/313
f 27/337/246 115/338/246 116/339/246
f 19/26/24 26/38/34 29/42/38
f 195/1098/726 196/1081/713 307/1082/713
f 143/449/312 154/448/311 116/451/314
f 232/825/542 233/826/542 229/827/542
f 24/76/62 37/77/62 38/78/62
f 410/1514/1030 269/1515/1031 268/1516/1032
f 233/1076/710 195/1075/709 307/1083/714
f 117/340/247 118/341/247 119/342/247
f 116/442/305 119/452/315 145/443/306
f 519/1883/1311 518/1882/1310 500/1884/1312
f 226/813/533 225/812/532 234/828/543
f 233/829/544 232/830/544 235/831/544
f 520/1885/1313 500/1884/1312 518/1882/1310
f 238/883/581 231/884/581 250/885/581
f 176/579/402 178/651/402 118/580/403
f 116/343/248 115/344/249 119/345/249
f 266/1100/728 262/1101/729 309/1102/730
f 151/453/316 149/421/293 114/428/298
f 266/1556/1066 309/1561/1071 426/1557/1067
f 247/874/573 252/886/582 250/887/583
f 232/823/540 236/832/545 235/833/546
f 234/872/571 40/834/547 226/835/548
f 24/79/63 38/80/64 40/81/65
f 39/73/60 24/75/60 41/82/66
f 237/836/549 232/823/540 231/822/539
f 19/43/39 29/44/39 30/45/39
f 406/1926/1347 490/1925/1346 444/1932/1351
f 30/46/40 28/40/36 19/26/24
f 139/476/334 141/477/335 126/478/335
f 153/445/308 149/421/293 155/454/317
f 186/661/454 196/659/452 178/660/453
f 264/1069/704 306/1080/712 262/1084/715
f 247/874/573 251/881/579 252/886/582
f 249/979/647 254/934/612 251/935/613
f 254/934/612 249/979/647 268/936/614
f 115/344/249 120/346/250 119/345/249
f 147/479/336 139/480/336 126/481/336
f 521/1886/1314 518/1887/1314 516/1888/1315
f 518/1887/1314 521/1886/1314 503/1889/1316
f 225/812/532 229/837/550 234/828/543
f 422/1562/1072 429/1563/1072 423/1564/1072
f 115/347/251 27/348/251 31/349/251
f 40/838/551 38/839/551 226/840/551
f 147/455/318 154/448/311 152/447/310
f 517/1890/1317 519/1891/1317 492/1892/1317
f 443/1933/1352 525/1927/1348 441/1928/1349
f 500/1909/1331 497/1893/1318 519/1894/1319
f 151/473/331 155/456/319 149/474/332
f 232/823/540 237/836/549 236/832/545
f 147/457/320 152/458/320 140/459/320
f 42/83/67 24/84/67 43/85/68
f 269/937/615 254/934/612 268/936/614
f 443/1615/1104 441/1630/1104 431/1616/1104
f 234/872/571 229/873/572 233/841/552
f 25/37/33 31/47/41 27/39/35
f 309/1102/730 262/1101/729 306/1103/731
f 28/41/37 32/48/42 25/37/33
f 148/482/337 150/483/338 159/484/339
f 178/651/402 176/579/402 179/581/404
f 196/1081/713 182/1085/716 307/1082/713
f 444/1823/1258 490/1824/1259 491/1825/1260
f 41/86/69 24/84/67 42/83/67
f 410/1514/1030 407/1517/1033 269/1515/1031
f 238/842/553 239/843/554 231/822/539
f 251/881/579 253/888/584 252/886/582
f 42/87/70 24/79/63 40/81/65
f 254/889/585 255/890/586 251/922/607
f 148/482/337 159/484/339 160/485/340
f 409/1508/1026 411/1518/1034 403/1509/1027
f 288/1066/701 236/1071/706 237/1086/717
f 403/1491/1019 411/1519/1035 404/1492/1019
f 516/1871/1299 494/1880/1308 521/1895/1320
f 44/88/71 39/89/71 41/90/71
f 148/486/341 160/487/341 141/488/341
f 26/91/72 33/92/72 29/93/72
f 116/451/314 154/448/311 151/460/321
f 500/1884/1312 520/1885/1313 503/1896/1321
f 28/40/36 30/46/40 32/49/43
f 176/565/391 118/566/391 122/567/391
f 182/1087/718 233/1076/710 307/1083/714
f 31/350/252 121/351/252 115/352/253
f 44/94/73 26/71/58 39/70/58
f 418/1617/1105 406/1631/1105 444/1618/1106
f 178/660/453 179/662/455 186/661/454
f 238/844/555 45/845/555 40/846/555
f 234/872/571 48/847/556 40/834/547
f 503/1897/1322 520/1898/1322 518/1899/1322
f 179/582/405 176/583/406 180/584/407
f 117/353/254 122/354/254 118/355/254
f 240/848/557 238/849/557 40/850/557
f 200/982/649 209/983/649 210/984/649
f 182/851/558 234/872/571 233/841/552
f 199/720/483 163/721/484 209/722/484
f 117/356/255 119/357/255 123/358/255
f 209/722/484 163/721/484 210/723/485
f 29/50/44 33/51/44 30/52/44
f 186/724/486 182/725/487 196/726/488
f 491/1825/1260 490/1824/1259 492/1826/1261
f 309/1102/730 306/1103/731 308/1104/732
f 126/478/335 141/477/335 160/489/342
f 45/95/74 42/96/74 40/97/74
f 151/461/322 154/448/311 156/462/323
f 496/1900/1323 492/1901/1324 519/1894/1319
f 251/881/579 256/891/587 253/888/584
f 273/1520/1036 269/1515/1031 407/1517/1033
f 25/53/45 32/54/46 31/55/46
f 147/455/318 156/462/323 154/448/311
f 418/1617/1105 409/1619/1107 406/1631/1105
f 256/892/588 251/922/607 255/890/586
f 161/490/343 156/491/344 147/492/345
f 122/585/408 180/584/407 176/583/406
f 119/359/256 120/360/256 123/361/256
f 238/852/559 240/853/560 241/854/560
f 115/362/257 123/363/257 120/364/258
f 209/727/489 200/728/489 199/729/489
f 197/663/456 198/664/456 128/665/456
f 412/1521/1037 411/1518/1034 409/1508/1026
f 238/893/589 250/894/590 257/895/591
f 200/730/490 210/731/490 163/732/490
f 237/836/549 231/822/539 239/843/554
f 499/1902/1325 497/1893/1318 500/1909/1331
f 238/855/561 241/856/562 45/857/562
f 44/98/75 41/99/75 26/100/75
f 270/938/616 254/934/612 269/937/615
f 442/1963/1375 526/1934/1353 524/1935/1354
f 48/847/556 234/872/571 182/851/558
f 519/1894/1319 497/1893/1318 496/1900/1323
f 153/463/324 155/464/325 157/465/326
f 40/858/563 50/859/563 240/860/563
f 258/896/592 252/886/582 253/888/584
f 150/475/333 153/463/324 157/465/326
f 179/586/409 180/584/407 181/587/410
f 126/666/457 163/667/458 199/668/459
f 40/101/76 46/102/77 47/103/78
f 121/392/274 124/365/259 115/366/260
f 198/733/491 197/734/491 188/735/491
f 32/56/47 30/57/47 34/58/47
f 182/588/411 181/589/411 183/590/411
f 26/104/79 41/105/80 33/132/101
f 160/485/340 159/484/339 162/493/346
f 46/102/77 40/101/76 48/106/81
f 30/107/82 49/108/83 34/109/84
f 180/584/407 122/585/408 184/591/412
f 181/736/492 182/725/487 186/724/486
f 128/494/347 147/495/347 126/496/347
f 183/592/413 185/593/413 182/594/413
f 186/595/414 179/586/409 181/587/410
f 238/893/589 257/895/591 239/897/593
f 197/737/493 199/738/494 211/739/495
f 126/666/457 199/668/459 127/669/460
f 32/54/46 34/59/48 31/55/46
f 200/670/461 163/671/461 164/672/461
f 40/110/85 47/111/85 50/112/85
f 212/740/496 199/738/494 200/741/497
f 41/113/86 42/114/86 45/115/86
f 306/1080/712 300/1095/724 308/1088/719
f 197/737/493 211/739/495 213/742/498
f 241/856/562 41/861/564 45/857/562
f 491/1825/1260 418/1827/1262 444/1823/1258
f 252/898/594 257/899/594 250/900/594
f 127/673/462 197/674/462 128/675/462
f 197/676/463 127/677/463 199/678/463
f 188/679/464 197/680/464 133/681/464
f 48/596/415 185/652/415 46/597/415
f 214/985/650 212/986/651 200/987/652
f 254/934/612 270/938/616 255/939/617
f 291/1097/725 290/1089/720 300/1058/695
f 288/1066/701 287/1090/721 291/1070/705
f 33/132/101 51/116/87 30/117/88
f 128/497/348 161/490/343 147/492/345
f 300/1095/724 290/1099/727 308/1088/719
f 441/1620/1108 429/1621/1108 431/1622/1108
f 125/367/261 115/368/261 124/369/261
f 258/901/595 257/902/595 252/903/595
f 185/1091/722 48/1092/722 182/1093/722
f 126/498/349 160/499/349 163/500/349
f 521/1903/1326 494/1904/1327 503/1905/1327
f 211/739/495 199/738/494 212/740/496
f 185/598/416 187/599/416 46/600/416
f 241/854/560 240/853/560 50/862/565
f 426/1588/1069 427/1565/1073 424/1559/1069
f 180/584/407 184/591/412 181/587/410
f 129/501/350 161/490/343 128/497/348
f 198/682/465 188/683/465 128/684/465
f 30/118/89 51/119/90 49/120/91
f 213/742/498 133/743/499 197/737/493
f 117/601/417 184/591/412 122/585/408
f 164/502/351 160/485/340 162/493/346
f 131/602/418 184/591/412 117/601/417
f 526/1934/1353 493/1936/1355 523/1937/1356
f 166/685/466 200/686/467 164/687/468
f 413/1522/1038 273/1520/1036 407/1517/1033
f 160/503/352 164/504/352 163/505/352
f 526/1934/1353 523/1937/1356 524/1935/1354
f 211/988/653 212/989/654 284/990/655
f 50/863/566 41/864/566 241/865/566
f 31/350/252 34/370/262 121/351/252
f 34/393/275 124/365/259 121/392/274
f 159/484/339 150/483/338 157/506/353
f 126/371/263 127/372/263 128/373/263
f 181/587/410 184/591/412 185/603/419
f 201/688/469 200/686/467 166/685/466
f 273/1520/1036 270/1523/1039 269/1515/1031
f 185/604/420 183/605/420 181/606/420
f 52/121/92 47/122/92 50/123/92
f 125/374/264 123/363/257 115/362/257
f 493/1828/1263 494/1829/1264 495/1830/1265
f 407/1517/1033 404/1524/1040 413/1522/1038
f 47/103/78 46/102/77 53/124/93
f 49/108/83 47/125/94 54/126/95
f 49/120/91 55/127/96 47/128/97
f 34/109/84 49/108/83 54/126/95
f 128/607/421 188/608/421 130/609/421
f 129/375/265 128/376/265 130/377/265
f 255/940/618 270/941/619 271/942/620
f 33/132/101 55/129/98 51/116/87
f 55/127/96 49/120/91 51/119/90
f 526/1934/1353 442/1963/1375 527/1938/1357
f 47/128/97 55/127/96 50/130/99
f 33/132/101 41/105/80 55/129/98
f 256/892/588 255/890/586 253/904/596
f 151/466/327 156/467/327 134/468/327
f 258/905/597 239/906/597 257/907/597
f 496/1831/1266 497/1832/1267 498/1833/1268
f 200/744/500 201/745/500 214/746/500
f 499/1834/1269 500/1835/1270 501/1836/1271
f 158/469/328 157/465/326 155/464/325
f 285/991/656 213/992/656 211/993/656
f 255/940/618 271/942/620 272/943/621
f 430/1566/1074 426/1557/1067 309/1561/1071
f 131/378/266 117/379/266 123/380/266
f 185/610/422 184/611/422 187/612/422
f 213/747/501 215/748/502 133/749/503
f 211/988/653 284/990/655 285/994/657
f 156/491/344 161/490/343 129/501/350
f 125/381/267 124/365/259 34/393/275
f 187/613/423 131/614/424 46/615/425
f 188/616/426 133/617/426 130/618/426
f 155/456/319 151/473/331 134/470/329
f 184/591/412 131/602/418 187/619/427
f 216/750/504 214/751/504 201/752/504
f 47/620/428 53/621/428 54/622/428
f 239/908/598 258/909/599 244/910/600
f 212/986/651 216/995/658 284/996/659
f 55/129/98 41/105/80 50/131/100
f 129/507/354 132/508/354 156/509/354
f 125/623/429 34/624/430 54/625/431
f 189/689/470 133/690/470 202/691/470
f 242/866/567 237/836/549 239/843/554
f 308/1146/763 290/1105/733 294/1106/734
f 494/1904/1327 504/1906/1328 503/1905/1327
f 189/753/505 202/754/505 217/755/505
f 308/1567/1075 430/1566/1074 309/1561/1071
f 156/510/355 132/511/355 134/512/355
f 202/811/506 133/756/506 215/757/506
f 218/758/507 217/759/508 202/760/509
f 157/506/353 165/513/356 159/484/339
f 217/761/510 190/762/510 189/763/510
f 429/1568/1076 422/1569/1076 431/1570/1076
f 125/626/432 131/627/432 123/628/432
f 155/456/319 134/470/329 158/471/330
f 53/629/433 125/623/429 54/625/431
f 133/630/434 129/631/434 130/632/434
f 46/615/425 125/623/429 53/629/433
f 215/748/502 213/747/501 204/764/511
f 422/1571/1077 427/1572/1077 432/1573/1077
f 404/1525/1041 411/1518/1034 412/1521/1037
f 204/765/512 216/766/512 201/767/512
f 46/615/425 131/614/424 125/623/429
f 496/1837/1272 502/1838/1273 492/1826/1261
f 253/944/622 255/980/622 272/945/622
f 212/986/651 214/985/650 216/995/658
f 243/867/568 237/836/549 242/866/567
f 503/1896/1321 501/1907/1329 500/1884/1312
f 132/382/268 129/383/268 133/384/268
f 499/1834/1269 498/1833/1268 497/1832/1267
f 132/633/435 133/634/435 189/635/435
f 502/1838/1273 491/1825/1260 492/1826/1261
f 412/1526/1042 414/1527/1043 404/1528/1044
f 272/946/623 271/947/624 273/948/625
f 166/719/471 191/692/471 201/693/471
f 213/997/660 285/998/661 286/999/662
f 135/636/436 132/637/437 189/638/438
f 273/1520/1036 413/1522/1038 415/1529/1045
f 412/1526/1042 409/1530/1046 414/1527/1043
f 202/760/509 219/768/513 218/758/507
f 272/949/626 273/950/626 253/951/626
f 166/514/357 164/502/351 162/493/346
f 413/1522/1038 404/1524/1040 416/1531/1047
f 284/990/655 286/1000/663 285/994/657
f 191/769/514 204/770/514 201/771/514
f 271/947/624 270/981/648 273/948/625
f 432/1574/1078 431/1575/1078 422/1576/1078
f 442/1963/1375 525/1927/1348 527/1938/1357
f 219/768/513 202/760/509 215/772/515
f 135/636/436 189/638/438 190/639/439
f 218/773/516 190/774/516 217/775/516
f 215/776/517 204/777/517 220/778/517
f 191/694/472 203/695/472 204/696/472
f 165/513/356 162/493/346 159/484/339
f 157/506/353 158/515/358 165/513/356
f 243/1094/723 288/1066/701 237/1086/717
f 426/1557/1067 430/1566/1074 433/1577/1079
f 216/1001/664 204/1002/664 221/1003/664
f 404/1532/1048 414/1533/1049 417/1534/1049
f 414/1527/1043 409/1530/1046 418/1535/1050
f 419/1536/1051 415/1529/1045 413/1522/1038
f 430/1566/1074 308/1578/1080 275/1579/1081
f 273/1520/1036 415/1529/1045 274/1537/1052
f 166/514/357 162/493/346 165/513/356
f 433/1577/1079 427/1580/1082 426/1557/1067
f 219/1004/665 215/1005/665 220/1006/665
f 216/995/658 221/1007/666 284/996/659
f 191/697/473 205/698/473 203/699/473
f 273/952/627 259/953/628 253/954/629
f 221/1008/667 213/997/660 286/999/662
f 204/764/511 213/747/501 221/779/518
f 416/1538/1053 419/1536/1051 413/1522/1038
f 273/952/627 274/955/630 260/956/631
f 503/1839/1274 504/1840/1275 501/1836/1271
f 417/1539/1054 416/1540/1054 404/1541/1054
f 190/1009/668 218/1010/668 223/1011/668
f 432/1581/1083 427/1580/1082 433/1577/1079
f 286/1012/669 284/996/659 221/1007/666
f 274/1542/1055 415/1543/1056 275/1544/1056
f 275/957/632 276/958/633 274/955/630
f 204/780/519 203/781/519 222/782/519
f 135/640/440 190/641/440 137/642/440
f 136/643/441 191/644/441 166/645/441
f 134/385/269 132/386/269 135/387/269
f 418/1939/1358 506/1940/1358 414/1941/1358
f 287/1013/670 288/1014/670 243/1015/670
f 190/700/474 192/701/474 137/702/474
f 275/1107/735 308/1146/763 294/1106/734
f 430/1566/1074 275/1579/1081 433/1577/1079
f 258/911/601 253/912/601 259/913/601
f 218/783/520 220/784/520 222/785/520
f 204/786/521 222/787/521 220/788/521
f 275/1544/1056 415/1543/1056 419/1545/1057
f 239/843/554 244/868/569 242/866/567
f 416/1546/1058 420/1547/1059 419/1550/1061
f 433/1589/1090 275/1590/1091 419/1582/1084
f 416/1546/1058 417/1551/1062 420/1547/1059
f 203/789/522 208/790/522 222/791/522
f 203/792/523 205/793/523 207/794/523
f 222/795/524 208/796/524 193/797/524
f 219/1016/671 220/1017/671 218/1018/671
f 205/703/475 191/704/475 206/705/475
f 433/1589/1090 419/1582/1084 420/1583/1085
f 289/1019/672 290/1020/673 291/1021/672
f 433/1589/1090 420/1583/1085 432/1584/1086
f 276/1108/736 275/1107/735 294/1106/734
f 207/706/476 193/707/476 203/708/476
f 499/1834/1269 505/1841/1276 498/1833/1268
f 193/798/525 192/799/525 222/800/525
f 193/709/477 208/710/477 203/711/477
f 501/1836/1271 505/1841/1276 499/1834/1269
f 259/953/628 273/952/627 260/956/631
f 431/1585/1087 420/1583/1085 417/1586/1088
f 190/801/526 223/802/526 192/803/526
f 134/516/359 136/517/360 158/515/358
f 431/1585/1087 432/1584/1086 420/1583/1085
f 527/1938/1357 525/1927/1348 443/1933/1352
f 491/1825/1260 506/1842/1277 418/1827/1262
f 244/910/600 258/909/599 259/914/602
f 165/513/356 158/515/358 136/517/360
f 137/653/443 192/646/442 193/647/443
f 417/1586/1088 421/1587/1089 431/1585/1087
f 276/958/633 260/956/631 274/955/630
f 136/518/361 166/514/357 165/513/356
f 222/804/527 192/805/527 223/806/527
f 287/1056/694 289/1019/672 291/1021/672
f 417/1534/1049 414/1533/1049 421/1548/1060
f 136/712/478 206/713/478 191/714/478
f 498/1833/1268 507/1843/1278 496/1831/1266
f 443/1933/1352 431/1942/1359 527/1938/1357
f 136/715/479 193/716/480 206/717/481
f 292/1022/674 223/1023/674 218/1024/674
f 206/717/481 193/716/480 207/718/482
f 505/1841/1276 501/1836/1271 508/1844/1279
f 244/915/603 259/916/604 260/917/603
f 276/1025/675 289/1026/675 293/1027/675
f 445/1623/1109 421/1624/1109 414/1625/1109
f 261/959/634 260/956/631 276/958/633
f 502/1838/1273 496/1837/1272 507/1845/1280
f 293/1109/737 289/1110/737 279/1111/737
f 294/1106/734 289/1112/738 276/1108/736
f 136/388/270 134/389/271 137/390/272
f 137/390/272 134/389/271 135/391/273
f 290/1057/676 289/1028/676 294/1029/676
f 501/1836/1271 504/1840/1275 508/1844/1279
f 502/1838/1273 507/1845/1280 491/1825/1260
f 244/915/603 260/917/603 261/918/605
f 193/647/443 136/648/444 137/653/443
f 244/1030/677 287/1031/678 243/1032/679
f 243/1032/679 242/1033/680 244/1030/677
f 507/1845/1280 506/1842/1277 491/1825/1260
f 261/960/635 276/961/635 245/962/635
f 245/919/606 244/920/606 261/921/606
f 244/1034/681 246/1035/682 287/1036/683
f 222/1037/684 292/1038/684 218/1039/685
f 526/1943/1360 527/1938/1357 446/1944/1361
f 287/1040/686 295/1041/686 289/1042/686
f 296/1043/687 289/1044/687 295/1045/687
f 246/1035/682 295/1046/688 287/1036/683
f 205/807/528 206/808/529 207/809/530
f 509/1846/1281 498/1833/1268 505/1841/1276
f 293/1113/739 279/1114/739 276/1115/739
f 296/1116/740 279/1117/740 289/1118/740
f 421/1945/1362 528/1946/1363 446/1947/1364
f 446/1944/1361 527/1938/1357 431/1942/1359
f 509/1846/1281 505/1841/1276 508/1844/1279
f 431/1626/1110 421/1632/1110 446/1627/1110
f 222/1047/689 223/1048/689 297/1049/689
f 297/1050/690 292/1038/684 222/1037/684
f 498/1847/1282 509/1848/1282 507/1849/1282
f 207/809/530 206/808/529 224/810/531
f 506/1948/1365 445/1949/1365 414/1950/1365
f 510/1850/1283 504/1851/1284 494/1852/1285
f 223/1051/691 292/1052/691 297/1053/691
f 507/1853/1286 509/1854/1287 445/1855/1286
f 296/1119/741 295/1120/742 310/1121/743
f 245/869/570 246/870/570 244/871/570
f 277/963/636 245/964/637 276/965/638
f 528/1946/1363 421/1945/1362 445/1964/1376
f 506/1856/1288 507/1853/1286 445/1855/1286
f 526/1943/1360 446/1944/1361 529/1951/1366
f 508/1857/1289 504/1851/1284 510/1850/1283
f 526/1943/1360 529/1951/1366 493/1952/1367
f 528/1946/1363 445/1964/1376 446/1947/1364
f 493/1828/1263 510/1858/1290 494/1829/1264
f 511/1953/1368 510/1954/1368 493/1965/1368
f 278/966/639 277/963/636 276/965/638
f 446/1859/1291 509/1863/1291 508/1860/1291
f 529/1955/1369 446/1966/1377 508/1956/1369
f 279/967/640 278/966/639 276/965/638
f 493/1952/1367 529/1951/1366 511/1957/1370
f 446/1947/1364 445/1964/1376 509/1958/1371
f 529/1955/1369 508/1956/1369 511/1959/1372
f 511/1861/1292 508/1864/1292 510/1862/1292
f 280/968/641 277/969/641 278/970/641
f 385/1426/968 279/1427/969 386/1428/970
f 279/1427/969 387/1429/971 386/1428/970
f 278/1430/972 279/1427/969 385/1426/968
f 279/1431/973 296/1432/974 313/1433/975
f 295/1046/688 246/1035/682 298/1054/692
f 278/1434/976 388/1435/976 280/1436/976
f 388/1437/977 385/1426/968 386/1428/970
f 385/1426/968 388/1437/977 278/1430/972
f 279/1431/973 313/1433/975 389/1438/978
f 386/1428/970 390/1439/979 388/1437/977
f 387/1440/980 279/1431/973 389/1438/978
f 386/1428/970 387/1429/971 390/1439/979
f 391/1441/981 387/1440/980 389/1438/978
f 390/1439/979 387/1429/971 391/1442/982
f 391/1443/983 392/1444/984 390/1445/985
f 245/1122/744 281/1123/745 283/1124/744
f 390/1446/986 392/1447/986 388/1448/986
f 245/971/642 277/972/642 281/973/642
f 245/1122/744 283/1124/744 246/1125/746
f 280/974/643 282/975/644 283/976/645
f 277/977/646 280/974/643 283/976/645
f 310/1121/743 295/1120/742 299/1126/747
f 298/1127/748 246/1128/748 283/1129/748
f 282/1449/987 280/1450/988 388/1451/989
f 393/1452/990 391/1453/991 389/1454/992
f 392/1444/984 391/1443/983 394/1455/993
f 311/1130/749 312/1131/750 310/1121/743
f 310/1121/743 312/1131/750 296/1119/741
f 295/1046/688 298/1054/692 299/1055/693
f 281/1132/751 277/1133/751 283/1134/751
f 311/1130/749 310/1121/743 299/1126/747
f 313/1135/752 296/1119/741 312/1131/750
f 299/1136/753 314/1137/754 311/1138/755
f 299/1139/756 298/1147/764 314/1140/757
f 314/1140/757 298/1147/764 283/1141/758
f 389/1454/992 313/1456/994 312/1457/995
f 312/1457/995 393/1452/990 389/1454/992
f 392/1458/996 395/1459/997 388/1451/989
f 396/1460/998 394/1455/993 391/1443/983
f 314/1137/754 315/1142/759 311/1138/755
f 391/1453/991 393/1452/990 397/1461/999
f 314/1137/754 283/1143/760 315/1142/759
f 315/1462/1000 312/1463/1001 311/1464/1002
f 395/1459/997 282/1449/987 388/1451/989
f 393/1465/1003 312/1466/1004 398/1467/1005
f 283/1143/760 316/1144/761 315/1142/759
f 315/1462/1000 398/1468/1006 312/1463/1001
f 397/1469/1007 396/1470/1007 391/1471/1007
f 394/1472/1008 395/1459/997 392/1458/996
f 398/1467/1005 397/1473/1009 393/1465/1003
f 394/1474/1010 396/1475/1010 397/1476/1010
f 282/1145/762 316/1144/761 283/1143/760
f 399/1477/1011 397/1478/1012 398/1468/1006
f 395/1479/1013 316/1480/1014 282/1481/1015
f 316/1480/1014 398/1468/1006 315/1462/1000
f 398/1468/1006 395/1479/1013 399/1477/1011
f 399/1482/1016 394/1483/1016 397/1484/1016
f 398/1468/1006 316/1480/1014 395/1479/1013
f 399/1485/1017 395/1486/1017 394/1487/1017
f 549/2056/1441 552/2057/1441 553/2058/1441
