# Delivery Dash City mesh (NPCCustomerB_Body); units = studs; +X right, +Y up, -Z forward
mtllib NPCCustomerB_Source.mtl
o NPCCustomerB_Body
v 1.26880 3.84882 -0.73823
v 0.77844 3.74755 -0.84983
v 0.76089 3.80001 -0.75375
v 1.19686 4.23917 -0.79566
v 1.21027 4.20613 -0.84609
v 1.18077 4.24634 -0.87284
v 1.16517 4.04072 -0.77737
v 1.18566 4.18577 -0.87476
v 1.14981 4.00101 -0.79627
v 1.17920 3.90622 -0.68341
v 0.79335 4.27831 -0.91371
v 0.69475 3.86667 -0.72864
v 0.73133 4.22332 -0.90086
v 1.06099 4.19912 -0.90987
v 1.06132 4.07311 -0.85584
v 0.97136 4.00477 -0.83145
v 1.00811 4.22859 -0.91382
v 0.69096 3.87431 -0.78566
v 0.76223 4.23140 -0.96694
v 0.74062 3.74109 -0.83280
v 0.71106 4.06871 -0.87817
v 0.74913 3.71794 -0.71172
v 0.68431 3.51650 -0.62174
v 1.33359 3.79078 -0.76045
v 1.32804 3.81410 -0.68775
v 1.26863 3.83459 -0.66360
v 1.07225 4.03369 0.17676
v 1.28783 4.03597 0.15652
v 0.84312 3.67171 -0.07005
v 1.21241 3.91608 -0.65336
v 1.20189 3.73939 -0.59510
v 1.14992 3.74598 -0.58186
v 1.00572 3.79581 -0.69255
v 1.11537 3.54298 -0.46576
v 1.05950 3.49964 -0.45055
v 0.97153 3.76595 -0.68769
v 0.59332 4.98469 0.26971
v 0.54753 4.24485 0.30478
v 0.61015 4.91597 0.10005
v 0.53025 4.37807 0.50004
v 0.51951 4.26916 0.46837
v 0.53528 4.95816 0.45203
v 0.52116 4.20767 0.17215
v 0.49197 5.06970 0.44225
v 0.46466 5.12829 0.32700
v 0.51828 4.82420 -0.12463
v 0.47301 5.05866 0.00037
v 0.36372 5.00364 -0.18766
v 0.44437 5.03331 0.53965
v 0.47183 4.21041 0.04629
v 0.40569 4.37499 0.67563
v 0.27644 5.19099 0.45307
v 0.29965 4.78636 -0.29605
v 0.32772 4.89065 -0.27984
v 0.25861 4.18586 -0.12966
v 0.30805 4.11530 -0.03913
v 0.15399 4.94887 -0.31472
v 0.14844 4.22978 -0.18755
v -0.12477 5.05426 -0.18981
v 0.00990 4.13834 -0.14597
v 0.03012 4.78567 -0.34414
v 0.32343 4.06992 0.09724
v -0.03034 4.07948 -0.06527
v 0.09016 4.05429 0.10252
v -0.02822 4.87927 -0.33574
v -0.12630 4.23090 -0.16514
v 0.76388 4.07193 0.26674
v 0.78448 3.99041 0.13710
v 0.66146 4.02320 0.18794
v 0.64869 3.80833 0.00916
v 0.62411 3.89276 0.01973
v 0.44404 3.87236 -0.08126
v 0.44761 4.12867 0.31417
v 0.35400 4.18237 0.57167
v 0.64004 4.09165 0.35213
v 0.40951 3.88400 0.03880
v 0.26463 3.68188 -0.06253
v 0.29673 3.93459 -0.09189
v 0.31582 3.98129 -0.06948
v 0.25663 3.81025 -0.05291
v 0.25405 3.94434 -0.03718
v 0.30066 3.84283 -0.13792
v 0.24589 3.86120 -0.11754
v 0.28344 3.96994 0.08478
v 0.30327 4.06967 0.18607
v 0.13718 3.74788 -0.10356
v -0.00369 4.02021 0.03572
v 0.15740 3.76197 -0.01114
v 0.07387 3.90496 0.00312
v -0.15061 3.65738 -0.02092
v 1.44975 3.71132 0.79335
v 1.36139 4.07388 0.25397
v 1.38443 3.96082 0.59606
v 1.34631 4.06580 0.39515
v 0.80934 4.05182 0.44530
v 0.81038 3.95588 0.65569
v 0.83203 4.02235 0.16679
v 0.84535 3.86878 0.08112
v 0.88704 4.00878 0.11186
v 0.80657 4.02735 0.24460
v 0.79701 3.74442 0.12504
v 0.79552 4.05869 0.61724
v 0.78624 3.95561 0.78476
v 0.78970 4.03018 0.71030
v 0.78116 3.79575 0.84134
v 0.57653 3.95561 0.83499
v 0.58565 4.09434 0.59499
v 0.52954 4.08832 0.69956
v 0.36188 4.02218 0.81269
v 1.47559 2.94171 -0.08936
v 1.49367 3.26557 -0.57252
v 1.43393 3.35967 -0.51482
v 1.45469 3.25815 -0.64740
v 1.43868 2.90480 -0.06291
v 1.43027 3.66004 0.83013
v 0.86408 3.17397 -0.70359
v 0.81335 3.29482 -0.56052
v 1.12367 3.51043 -0.51471
v 0.87358 2.87856 -0.14707
v 0.90440 2.86447 -0.09002
v 0.82502 3.41523 -0.35455
v 0.72936 3.47330 -0.59082
v 0.67366 3.53842 -0.56904
v 0.78305 3.21734 -0.66720
v 0.75257 3.55613 0.02355
v 0.54775 3.54976 -0.04671
v 0.37732 3.45349 -0.09716
v 0.51314 3.42152 -0.06423
v 0.52059 3.37411 -0.08164
v 0.55102 3.28641 -0.05574
v 0.32549 3.52504 -0.06750
v 0.34362 3.34755 -0.08664
v 0.40660 3.23912 -0.05421
v 0.28880 3.28183 -0.07261
v 0.24230 3.44278 -0.06816
v 0.20030 3.51677 -0.09128
v 0.16281 3.44014 -0.07637
v 0.13471 3.43119 -0.04360
v 0.80264 3.16606 0.18643
v 0.69675 3.33714 0.02160
v 0.75759 3.34967 0.00122
v 0.58227 3.36200 -0.06409
v 0.72246 3.19333 0.03871
v 0.53701 3.01499 -0.01982
v 0.57980 3.43336 -0.06519
v 0.86702 2.36986 0.62787
v 0.81055 3.32075 0.44950
v 0.83205 2.34986 0.77968
v 0.87553 2.35110 0.34637
v 0.83881 2.32352 0.11054
v 0.70563 3.02609 0.04201
v 0.73002 2.33904 0.05000
v 0.75130 2.98750 0.79308
v 0.65827 2.34033 0.86183
v 0.48746 2.33006 -0.02528
v 0.40553 3.02309 -0.03841
v 0.32535 2.80424 -0.05731
v 0.30322 2.68081 -0.07761
v 0.27017 3.06432 -0.07475
v 0.19758 3.09170 -0.09030
v 0.19074 2.73148 -0.07214
v 0.24054 2.61838 -0.07854
v 0.23771 2.31342 -0.06071
v 0.26056 3.51650 0.87606
v 0.27756 2.32119 0.86815
v -0.07137 2.55333 -0.05503
v 0.17492 2.89450 -0.04116
v 0.20988 2.58113 -0.03564
v -0.18464 2.89609 -0.04921
v -0.22521 2.30218 -0.00894
v 1.40695 3.71917 0.85120
v 0.81656 3.65795 0.88984
v 0.80994 3.47156 0.66555
v 0.84950 3.70289 0.90256
v 0.77847 3.67138 0.84683
v 0.77995 3.58330 0.83903
v 0.61872 3.58225 0.88309
v -0.26158 5.17978 0.26759
v -0.13702 4.96354 -0.27292
v -0.24650 5.12982 0.02905
v -0.32961 4.92729 -0.15341
v -0.29539 5.07335 -0.05871
v -0.40237 4.36499 0.02287
v -0.39006 5.09074 0.22134
v -0.27394 5.17185 0.36221
v -0.39951 5.00065 0.00515
v -0.32810 5.08176 0.45469
v -0.43462 5.00691 0.23243
v -0.40558 4.81970 -0.04314
v -0.45601 4.89422 0.16805
v -0.44739 4.45536 0.47315
v -0.47233 4.33431 0.29289
v 0.27182 5.13007 0.60016
v 0.24845 5.04907 0.66360
v 0.18497 4.40790 0.80319
v 0.06725 5.09566 0.67665
v 0.05720 5.17531 0.60647
v -0.00913 4.47351 0.81706
v -0.16267 5.20000 0.45763
v -0.13166 5.12872 0.60081
v -0.13301 4.44552 0.78825
v -0.23101 5.00095 0.60304
v -0.33936 4.44118 0.64962
v -0.19379 4.09593 0.16333
v -0.25985 3.92138 0.05009
v -0.30684 4.18281 -0.00694
v -0.16141 3.76466 -0.01306
v -0.28256 4.09461 0.17195
v -0.27306 4.10115 0.29481
v -0.23969 3.95508 -0.03718
v -0.32475 3.94228 -0.11584
v -0.29190 3.99117 -0.08362
v -0.34225 4.14460 0.20914
v -0.35150 3.98365 -0.09255
v -0.43950 4.25732 0.19027
v -0.35400 4.20978 0.46178
v -0.45272 3.99518 0.01982
v -0.66553 4.12502 0.32851
v -0.65534 4.01090 0.07851
v -0.43626 4.31635 0.46307
v -0.27734 4.22697 0.58524
v -0.61128 4.12840 0.68058
v -0.64427 4.14394 0.51696
v -0.69057 4.03822 0.15594
v -0.76523 3.94330 0.84365
v -0.77602 4.09305 0.74163
v -0.85831 4.11455 0.61015
v -0.82373 4.09211 0.31412
v -0.81868 4.05146 0.75924
v -0.83249 4.05177 0.82148
v -0.87199 4.09324 0.81055
v -0.22859 3.96607 0.84870
v 0.00012 4.18459 0.76342
v 0.14748 4.31962 0.78830
v 0.15987 4.17278 0.67874
v 0.27265 4.16012 0.56923
v 0.04278 3.96415 0.87067
v -0.01062 4.18701 0.69634
v 0.01130 4.35068 0.80937
v -0.10548 3.99812 0.85526
v -0.14581 4.19217 0.65492
v -0.17547 4.33140 0.74839
v -0.24683 4.20662 0.56533
v -0.21090 4.20569 0.70604
v -0.39169 4.01958 0.83277
v -0.21777 3.55811 0.88361
v -0.14289 3.73516 -0.10230
v -0.25971 3.87062 -0.12172
v -0.31420 3.83893 -0.13413
v -0.34560 3.91364 0.02039
v -0.68379 3.85447 0.00455
v -0.57821 3.91182 0.01237
v -0.74477 3.60909 0.00545
v -0.38872 3.59464 -0.08156
v -0.62943 3.86909 0.04088
v -0.64600 3.91905 -0.00117
v -0.77871 3.94094 0.08472
v -0.54184 3.55001 -0.04165
v -0.80168 3.60266 0.04206
v -0.80574 4.03070 0.13188
v -0.85768 4.02345 0.10296
v -0.83601 3.27342 0.29036
v -0.83238 3.35689 0.32799
v -1.30986 4.02356 0.09590
v -1.30093 3.98200 0.06591
v -0.79940 3.71972 0.85304
v -0.44346 3.57956 0.88855
v -0.77470 3.55281 0.85219
v -0.80959 3.54886 0.80994
v -0.82670 3.56652 0.55528
v -0.92736 2.19696 0.91522
v -0.87474 4.05583 0.84914
v -1.34664 4.08154 0.78083
v -1.33527 4.04504 0.82769
v -1.30967 4.07761 0.33697
v -1.43439 2.20630 0.14355
v -1.45065 2.22830 0.94379
v -1.35309 3.99172 0.10771
v -1.37114 4.05597 0.78462
v -1.48847 2.36025 0.34282
v -1.49367 2.24008 0.87251
v -0.17775 3.47236 -0.08181
v -0.19618 3.06166 -0.08925
v -0.18596 3.57152 -0.09972
v -0.27613 3.56347 -0.08969
v -0.29478 3.45206 -0.06780
v -0.35244 3.53820 -0.08431
v -0.41127 3.02971 -0.04553
v -0.36850 3.35983 -0.06470
v -0.34804 3.36513 -0.08810
v -0.54025 3.44789 -0.05665
v -0.53572 3.30059 -0.05885
v -0.57077 3.35821 -0.07884
v -0.77775 3.36071 0.01454
v -0.60842 3.43297 -0.06091
v -0.78297 3.46852 0.00490
v -0.70598 3.19333 0.01971
v -0.32294 2.81932 -0.06786
v -0.23960 2.31355 -0.06917
v -0.30585 3.07267 -0.07387
v -0.44346 2.75343 -0.03380
v -0.58310 2.97335 0.00655
v -0.69983 2.63442 0.04756
v -0.70571 3.04191 0.02866
v -0.70609 2.95445 0.03951
v -0.79789 2.64406 0.10400
v -0.15644 2.30817 0.86326
v -0.36834 2.30817 0.86650
v -0.68220 2.31484 0.85471
v -0.82132 2.31622 0.77910
v -0.86122 2.30567 0.17629
v -0.86606 2.31891 0.63042
v -0.90319 2.18795 0.21123
v -0.93777 2.16433 0.17599
v -0.96488 2.22149 0.96694
v -0.31758 2.22838 -0.03454
v -0.45686 2.31147 -0.03630
v -0.33615 2.55226 -0.05879
v -0.25383 2.22250 -0.05926
v -0.44640 2.14793 -0.02325
v -0.44478 2.55611 -0.04671
v -0.21906 2.14944 -0.03407
v -0.32230 2.15274 0.03020
v -0.72749 2.17100 0.09719
v -0.55983 2.29128 0.72620
v 0.19102 2.29081 0.71779
v -0.64468 2.20072 0.73405
v -0.71697 2.29210 0.01586
v -0.91610 0.70281 0.12834
v -0.72661 2.15771 0.03339
v -0.74655 2.42084 0.04064
v -0.79550 2.15919 0.07802
v -0.76391 2.18083 0.14325
v -0.77465 2.02491 0.30750
v -0.76597 2.19514 0.26322
v -0.73109 2.19968 0.65023
v -0.87158 2.17526 0.22579
v -0.82011 1.77441 0.28569
v -0.62463 2.28817 0.68297
v -0.65536 2.23582 0.69000
v -0.78984 2.17795 0.79344
v -0.52265 2.18056 0.86273
v -0.95889 2.17597 0.93321
v -1.43167 2.16996 0.17182
v -1.44631 2.18798 0.89297
v -1.48606 2.19984 0.40737
v 0.01130 2.17542 0.85463
v -0.07321 1.98665 0.67418
v -0.06794 2.13650 0.69829
v -0.83854 1.13914 0.71799
v -0.38347 2.22077 0.72590
v -0.19426 1.14472 0.70008
v -0.83790 1.64565 0.35710
v -0.96172 0.54592 0.58241
v -0.85510 1.37585 0.33431
v -0.91143 1.00802 0.31689
v 0.28338 2.27081 -0.05431
v 0.38861 2.34643 -0.04091
v 0.35727 2.24291 -0.05852
v 0.48460 2.16023 -0.01919
v 0.24996 2.16444 -0.04440
v 0.35027 2.15820 0.03234
v 0.03080 1.91128 0.08623
v 0.05942 1.99033 0.04190
v 0.23463 2.33451 -0.02498
v 0.07667 2.16279 0.02745
v -0.07074 2.16078 0.02377
v -0.07527 1.99283 0.04454
v -0.06275 1.90002 0.14248
v 0.52525 2.23096 0.72584
v 0.07277 2.21036 0.69365
v 0.25976 0.47391 0.09807
v 0.04610 1.85626 0.37449
v 0.12735 0.74442 0.37589
v 0.06349 1.95616 0.66915
v 0.11054 1.16172 0.33159
v 0.07843 1.41480 0.29791
v 0.05379 1.69619 0.34694
v 0.05676 1.85849 0.32659
v -0.05094 1.88873 0.58324
v 0.58744 2.19885 0.76789
v -0.05583 1.86426 0.29684
v 0.29588 2.18350 0.86817
v -0.07327 1.68320 0.35175
v -0.09321 1.39134 0.35532
v -0.17151 0.50544 0.66267
v -0.21895 0.39250 0.12507
v -0.11329 1.21380 0.35980
v -0.14982 0.98648 0.33406
v 0.89097 2.20229 0.29959
v 0.85395 2.19556 0.13281
v 0.86548 1.22454 0.37051
v 0.84029 1.42746 0.29544
v 0.83216 1.49673 0.36032
v 0.75150 2.21294 0.17877
v 0.94252 0.42675 0.15383
v 0.92327 0.46168 0.74482
v 0.75674 2.22105 0.47439
v 0.72474 2.22643 0.64542
v 0.76234 2.18328 0.05258
v 0.81011 1.68548 0.28451
v 0.78374 1.93207 0.34225
v 0.74611 2.21566 0.29945
v 0.79267 1.83610 0.27932
v 0.60282 2.34083 -0.00380
v 0.48145 1.91924 0.71793
v 0.88064 2.24019 0.67797
v 0.82175 2.20476 0.79009
v 0.69393 2.23912 0.68967
v 0.66036 2.19418 0.86287
v 0.64973 2.30430 0.67212
v 0.51267 1.07773 0.73573
v -0.41550 0.13912 -0.35244
v -0.31302 0.17301 -0.19964
v -0.37422 0.02049 -0.31643
v -0.50820 0.23846 -0.32431
v -0.48202 0.00865 -0.36576
v -0.57934 0.19185 -0.38007
v -0.29195 0.00014 -0.14303
v -0.74823 0.22970 -0.33530
v -0.48839 0.33229 -0.16503
v -0.47565 0.34402 -0.10425
v -0.80555 0.36574 -0.10694
v -0.86433 0.02387 -0.33409
v -0.88474 0.32309 -0.11793
v -0.84697 0.17774 -0.33826
v -0.79635 0.31897 -0.10060
v -0.79215 0.35075 -0.02929
v -0.89630 0.22286 -0.27894
v -0.94579 0.12766 -0.28396
v -1.00614 0.01824 -0.15487
v -0.16352 0.08682 0.38605
v -0.24570 0.05230 0.03512
v -0.25990 0.14744 0.05703
v -0.24655 0.36986 0.13064
v -0.17102 0.38659 0.38556
v -0.33469 0.29257 -0.09236
v -0.47463 0.38063 -0.00770
v -0.40234 0.39848 0.06788
v -0.46757 0.41444 0.07802
v -0.41242 0.32908 -0.11199
v -0.44346 0.50302 0.09139
v -0.50411 0.40263 -0.03547
v -0.78119 0.42897 0.04509
v -0.77517 0.42930 0.12246
v -0.86894 0.38980 0.01333
v -0.85373 0.36992 -0.04380
v -0.79096 0.36723 -0.00012
v -0.97043 0.01931 0.69673
v -0.99424 0.22748 -0.13702
v -0.96271 0.29002 -0.09483
v -0.86669 0.42719 0.09763
v -0.97573 0.43776 0.16443
v -0.98622 0.16213 0.13240
v -1.00509 0.06262 0.11482
v -0.79355 0.52274 0.11430
v -0.95711 0.52736 0.15569
v -0.93025 0.72072 0.36109
v -0.95950 0.54416 0.34340
v -0.97169 0.44584 0.42605
v -0.98169 0.16870 0.67992
v -0.98441 0.07932 0.66775
v -0.18055 0.46814 0.22299
v -0.15808 0.68924 0.31964
v -0.16311 0.48028 0.40965
v -0.20681 0.43499 0.72870
v -0.24100 0.51500 0.74468
v -0.49084 0.52181 0.74864
v -0.82582 0.56064 0.76355
v -0.92061 0.98011 0.38402
v -0.88976 0.17156 0.77946
v -0.94544 0.47157 0.74803
v -0.79541 0.07556 0.80624
v -0.43915 0.07191 0.81978
v -0.93577 0.10712 0.75575
v -0.52534 0.01535 0.81189
v -0.95714 0.61692 0.41237
v -0.15918 0.15431 0.51759
v -0.17390 0.07023 0.65319
v -0.16830 0.02041 0.59362
v -0.18223 0.16230 0.67676
v -0.27278 0.16167 0.76905
v -0.23015 0.00818 0.71516
v -0.28536 0.09514 0.77869
v 1.00023 0.01895 -0.12337
v 0.36161 0.00805 -0.31272
v 0.97183 0.02162 -0.22499
v 0.75776 0.02346 -0.36290
v 0.85076 0.14005 -0.33999
v 0.66209 0.23764 -0.34461
v 0.86180 0.22498 -0.30047
v 0.86386 0.30782 -0.13320
v 0.45681 0.01093 -0.36826
v 0.47134 0.33287 -0.16827
v 0.79852 0.35629 -0.08293
v 0.46774 0.34374 -0.10960
v 0.77641 0.35451 -0.02462
v 0.46755 0.13829 -0.38410
v 0.41756 0.20718 -0.33618
v 0.29514 0.14703 -0.21887
v 0.33848 0.23338 -0.22636
v 0.46340 0.35794 -0.07673
v 0.78624 0.41043 -0.01031
v 0.44030 0.39439 -0.03517
v 0.77852 0.36745 -0.00141
v 0.51982 0.73297 0.08736
v 0.69788 0.51750 0.10356
v 0.44711 0.50851 0.08749
v 0.25078 0.00000 0.74081
v 0.43209 0.41040 0.01496
v 0.41910 0.42120 0.09041
v 0.80231 0.42686 0.05245
v 0.47109 0.35369 -0.02649
v 0.40968 0.33056 -0.09911
v 0.38655 0.39667 0.02885
v 0.19099 0.37283 0.13600
v 0.31824 0.30705 -0.05382
v 0.23710 0.14554 0.04053
v 0.16094 0.01686 0.35408
v 0.14265 0.14752 0.42574
v 0.15605 0.01612 0.63240
v 0.95521 0.25470 -0.15358
v 0.97406 0.16084 0.13306
v 0.99564 0.06515 0.12095
v 0.94456 0.20765 -0.24161
v 0.95813 0.17202 0.70738
v 0.93939 0.01947 0.71516
v 0.95491 0.44215 0.42970
v 0.93115 0.54120 0.37430
v 0.86345 0.42697 0.14421
v 0.92492 0.72028 0.32491
v 0.87433 1.14406 0.30615
v 0.86059 0.33775 -0.06659
v 0.76792 0.43133 0.10076
v 0.77102 0.39736 0.06662
v 0.93959 0.54535 0.56019
v 0.90448 0.89826 0.39081
v 0.22645 0.42955 0.74504
v 0.16673 0.42889 0.71422
v 0.13748 0.48857 0.53413
v 0.12257 0.87047 0.30882
v 0.15696 0.48072 0.34906
v 0.16001 0.47083 0.21225
v 0.38677 0.09133 0.81448
v 0.64103 0.06982 0.82277
v 0.22807 0.09116 0.75520
v 0.49474 0.15700 0.81972
v 0.20184 0.16065 0.73109
v 0.14787 0.38263 0.38073
v 0.13424 0.08748 0.43467
v 0.14169 0.15428 0.61543
v 0.13693 0.06828 0.59774
v 0.87196 0.16859 0.77948
v 0.83076 0.10344 0.79259
v 0.54693 0.52115 0.74982
v 0.76894 0.54861 0.76009
vt 0.796557 0.613212
vt 0.818443 0.712467
vt 0.796557 0.714357
vt 0.047178 0.981868
vt 0.047178 0.969632
vt 0.058322 0.970835
vt 0.602550 0.958784
vt 0.638589 0.965139
vt 0.593573 0.965496
vt 0.981724 0.432743
vt 0.987776 0.467064
vt 0.982232 0.477757
vt 0.924914 0.271100
vt 0.932910 0.266484
vt 0.924230 0.305945
vt 0.795947 0.902647
vt 0.795947 0.972353
vt 0.784053 0.905522
vt 0.898856 0.255755
vt 0.884644 0.249127
vt 0.893940 0.172245
vt 0.670427 0.958004
vt 0.710297 0.309778
vt 0.638138 0.208222
vt 0.729362 0.233313
vt 0.922590 0.238555
vt 0.116167 0.651457
vt 0.124517 0.644621
vt 0.122676 0.678738
vt 0.154641 0.629899
vt 0.148876 0.661466
vt 0.234587 0.689961
vt 0.169466 0.669931
vt 0.179326 0.612695
vt 0.110952 0.683143
vt 0.063276 0.697970
vt 0.127326 0.687596
vt 0.721110 0.218886
vt 0.231335 0.711805
vt 0.057503 0.704083
vt 0.050332 0.896199
vt 0.259704 0.982406
vt 0.250680 0.969985
vt 0.264820 0.966593
vt 0.815598 0.720288
vt 0.033911 0.861827
vt 0.593540 0.966205
vt 0.611960 0.966205
vt 0.608223 0.985795
vt 0.299997 0.709637
vt 0.004878 0.528917
vt 0.007119 0.490890
vt 0.016790 0.520577
vt 0.015966 0.441775
vt 0.006426 0.448057
vt 0.004710 0.370083
vt 0.008668 0.827214
vt 0.009505 0.924786
vt 0.315589 0.941239
vt 0.328968 0.943350
vt 0.319538 0.952087
vt 0.329325 0.954804
vt 0.926805 0.562213
vt 0.926805 0.647287
vt 0.916195 0.570633
vt 0.405911 0.940196
vt 0.493271 0.047239
vt 0.514267 0.072261
vt 0.421233 0.066551
vt 0.601802 0.058195
vt 0.601802 0.086305
vt 0.594890 0.058470
vt 0.015898 0.938556
vt 0.015898 0.967944
vt 0.008102 0.965563
vt 0.788459 0.936955
vt 0.781541 0.936955
vt 0.783183 0.908045
vt 0.783358 0.273608
vt 0.774142 0.325873
vt 0.780898 0.244755
vt 0.569272 0.076011
vt 0.779409 0.209127
vt 0.637806 0.936112
vt 0.677979 0.939627
vt 0.600021 0.940810
vt 0.824729 0.647803
vt 0.907365 0.565167
vt 0.824695 0.658716
vt 0.913305 0.659833
vt 0.632522 0.931690
vt 0.531198 0.075625
vt 0.564512 0.080993
vt 0.222029 0.365316
vt 0.199619 0.467855
vt 0.190428 0.362395
vt 0.235644 0.457851
vt 0.225891 0.472948
vt 0.243804 0.376766
vt 0.175654 0.466738
vt 0.251332 0.357014
vt 0.230914 0.331165
vt 0.242234 0.350926
vt 0.151467 0.367575
vt 0.252731 0.324817
vt 0.113421 0.353342
vt 0.147523 0.338063
vt 0.119803 0.335394
vt 0.259477 0.357747
vt 0.154683 0.465349
vt 0.268929 0.470131
vt 0.265779 0.331340
vt 0.066251 0.046249
vt 0.107800 0.061371
vt 0.115002 0.383255
vt 0.114670 0.370257
vt 0.117176 0.469146
vt 0.127395 0.480306
vt 0.089771 0.358601
vt 0.100386 0.467537
vt 0.059071 0.330335
vt 0.086163 0.489091
vt 0.078596 0.382003
vt 0.123844 0.500535
vt 0.086321 0.502372
vt 0.097436 0.513403
vt 0.068971 0.370942
vt 0.065763 0.480985
vt 0.040200 0.063251
vt 0.112300 0.324597
vt 0.581248 0.019848
vt 0.606406 0.015168
vt 0.597418 0.036018
vt 0.643752 0.036832
vt 0.991881 0.509349
vt 0.982619 0.543919
vt 0.983123 0.497581
vt 0.214580 0.024174
vt 0.215779 0.058511
vt 0.201221 0.060326
vt 0.717770 0.632803
vt 0.716156 0.586596
vt 0.750455 0.637732
vt 0.700798 0.709904
vt 0.733889 0.700660
vt 0.080003 0.872553
vt 0.090727 0.900080
vt 0.068066 0.895002
vt 0.044349 0.880539
vt 0.273807 0.044512
vt 0.295975 0.079988
vt 0.231525 0.058289
vt 0.042718 0.845211
vt 0.496839 0.030352
vt 0.460622 0.017171
vt 0.501869 0.010193
vt 0.688039 0.663207
vt 0.122525 0.872960
vt 0.112243 0.906289
vt 0.523378 0.030807
vt 0.678545 0.693025
vt 0.141282 0.887833
vt 0.946737 0.966312
vt 0.974263 0.950091
vt 0.821321 0.007229
vt 0.821321 0.033771
vt 0.812178 0.033621
vt 0.851012 0.002199
vt 0.872487 0.009177
vt 0.855718 0.033801
vt 0.707951 0.914039
vt 0.726481 0.939257
vt 0.715170 0.945787
vt 0.983039 0.245994
vt 0.992615 0.242653
vt 0.995286 0.257801
vt 0.911638 0.069024
vt 0.895369 0.061438
vt 0.918395 0.055538
vt 0.687244 0.967673
vt 0.704255 0.967673
vt 0.689007 0.984327
vt 0.879799 0.075831
vt 0.722898 0.963361
vt 0.726475 0.948401
vt 0.995460 0.216699
vt 0.851069 0.013509
vt 0.857277 0.050991
vt 0.707519 0.984461
vt 0.800702 0.325477
vt 0.790611 0.303955
vt 0.824759 0.296071
vt 0.831770 0.277452
vt 0.852608 0.054669
vt 0.783230 0.261295
vt 0.809340 0.270008
vt 0.736648 0.960128
vt 0.755352 0.985871
vt 0.738724 0.983876
vt 0.841605 0.066062
vt 0.810010 0.214523
vt 0.746385 0.667123
vt 0.950078 0.987409
vt 0.836723 0.018170
vt 0.186819 0.964849
vt 0.094181 0.961486
vt 0.143690 0.949151
vt 0.111251 0.950875
vt 0.524322 0.912736
vt 0.554808 0.915403
vt 0.513880 0.927478
vt 0.516383 0.947421
vt 0.592411 0.953185
vt 0.592913 0.985861
vt 0.511587 0.979550
vt 0.588781 0.913640
vt 0.678724 0.897602
vt 0.696276 0.928004
vt 0.682049 0.967398
vt 0.690528 0.016289
vt 0.710702 0.010121
vt 0.729972 0.030379
vt 0.581007 0.905638
vt 0.045765 0.014840
vt 0.036850 0.033959
vt 0.036235 0.009041
vt 0.592536 0.924606
vt 0.322574 0.985359
vt 0.308534 0.971320
vt 0.351966 0.971141
vt 0.347231 0.981721
vt 0.917071 0.129450
vt 0.913284 0.114261
vt 0.941426 0.130874
vt 0.894785 0.112782
vt 0.770749 0.499572
vt 0.762056 0.496362
vt 0.768837 0.471056
vt 0.771805 0.515904
vt 0.904316 0.124241
vt 0.888574 0.089626
vt 0.992769 0.371940
vt 0.980231 0.382460
vt 0.981262 0.339040
vt 0.766423 0.446779
vt 0.771989 0.394596
vt 0.767594 0.418164
vt 0.738403 0.409406
vt 0.766198 0.433003
vt 0.522775 0.002089
vt 0.522775 0.027411
vt 0.506725 0.013191
vt 0.736360 0.450140
vt 0.728561 0.435266
vt 0.701511 0.454940
vt 0.706917 0.414385
vt 0.994709 0.032225
vt 0.979473 0.037436
vt 0.965186 0.010567
vt 0.995813 0.002064
vt 0.744246 0.484420
vt 0.242427 0.212379
vt 0.225134 0.161601
vt 0.236005 0.157644
vt 0.918749 0.057284
vt 0.919388 0.116446
vt 0.914074 0.110722
vt 0.922647 0.053553
vt 0.834846 0.767818
vt 0.828654 0.660182
vt 0.350315 0.207924
vt 0.244205 0.111621
vt 0.250766 0.114213
vt 0.219185 0.156540
vt 0.332670 0.150094
vt 0.974589 0.118447
vt 0.983816 0.594593
vt 0.987814 0.640290
vt 0.982186 0.642906
vt 0.142679 0.064303
vt 0.151073 0.016697
vt 0.200218 0.060425
vt 0.799641 0.051084
vt 0.807973 0.059416
vt 0.711027 0.057804
vt 0.091094 0.054372
vt 0.086613 0.003150
vt 0.142887 0.058850
vt 0.141847 0.003726
vt 0.179238 0.018048
vt 0.884695 0.419800
vt 0.931352 0.387130
vt 0.932834 0.475986
vt 0.147855 0.027831
vt 0.144071 0.049290
vt 0.143145 0.026210
vt 0.318986 0.034788
vt 0.313514 0.034788
vt 0.317974 0.011712
vt 0.974926 0.060361
vt 0.972081 0.054946
vt 0.145722 0.018745
vt 0.148325 0.026755
vt 0.143175 0.024907
vt 0.878627 0.454623
vt 0.988897 0.136783
vt 0.981603 0.132572
vt 0.986043 0.099716
vt 0.312304 0.011464
vt 0.310255 0.034879
vt 0.289290 0.011082
vt 0.268916 0.040262
vt 0.974849 0.947121
vt 0.943150 0.966929
vt 0.961748 0.916071
vt 0.274194 0.043918
vt 0.200321 0.018586
vt 0.875166 0.476370
vt 0.969700 0.734913
vt 0.969700 0.677087
vt 0.978800 0.677543
vt 0.085002 0.039457
vt 0.033503 0.034952
vt 0.088497 0.031043
vt 0.269777 0.019083
vt 0.938564 0.907488
vt 0.938564 0.836512
vt 0.942436 0.895635
vt 0.982196 0.750634
vt 0.994303 0.753622
vt 0.994303 0.795462
vt 0.981733 0.171440
vt 0.981733 0.134060
vt 0.988267 0.138936
vt 0.034220 0.038757
vt 0.984563 0.801365
vt 0.268696 0.010582
vt 0.786990 0.967117
vt 0.783216 0.972311
vt 0.782510 0.964189
vt 0.980920 0.141150
vt 0.980920 0.174850
vt 0.975580 0.141512
vt 0.829450 0.767818
vt 0.651306 0.374106
vt 0.687836 0.486358
vt 0.618932 0.448073
vt 0.587983 0.402135
vt 0.582262 0.444570
vt 0.567664 0.444965
vt 0.557747 0.163864
vt 0.530107 0.123198
vt 0.608785 0.386141
vt 0.504784 0.136612
vt 0.517141 0.173899
vt 0.488594 0.111975
vt 0.489456 0.161036
vt 0.454670 0.133995
vt 0.435183 0.119336
vt 0.436209 0.144971
vt 0.658757 0.335642
vt 0.679887 0.351133
vt 0.922510 0.391904
vt 0.911000 0.393934
vt 0.932473 0.371198
vt 0.843010 0.918743
vt 0.868365 0.919628
vt 0.868490 0.983257
vt 0.910027 0.305566
vt 0.563817 0.141356
vt 0.463766 0.107601
vt 0.610065 0.352991
vt 0.732040 0.565924
vt 0.712413 0.543632
vt 0.727832 0.531586
vt 0.503543 0.834196
vt 0.563545 0.850274
vt 0.460630 0.910304
vt 0.745932 0.617497
vt 0.759415 0.647914
vt 0.709085 0.573878
vt 0.329452 0.958540
vt 0.297033 0.969891
vt 0.267068 0.964607
vt 0.567870 0.909403
vt 0.961397 0.784606
vt 0.961397 0.843894
vt 0.945103 0.811536
vt 0.014948 0.935534
vt 0.007460 0.963481
vt 0.006552 0.932019
vt 0.297347 0.941576
vt 0.191693 0.975486
vt 0.217792 0.976397
vt 0.188336 0.986436
vt 0.760583 0.016361
vt 0.766965 0.052555
vt 0.741429 0.009084
vt 0.258350 0.935720
vt 0.031308 0.044798
vt 0.021692 0.015202
vt 0.028800 0.020886
vt 0.239048 0.971817
vt 0.191009 0.965563
vt 0.980449 0.227653
vt 0.975733 0.235820
vt 0.975551 0.199180
vt 0.239699 0.935182
vt 0.182683 0.974259
vt 0.730535 0.052916
vt 0.734685 0.032162
vt 0.181708 0.967123
vt 0.786366 0.822326
vt 0.681116 0.831534
vt 0.789882 0.805569
vt 0.785455 0.853084
vt 0.488994 0.047163
vt 0.408006 0.053608
vt 0.411289 0.047163
vt 0.456612 0.054837
vt 0.694984 0.861786
vt 0.785620 0.879275
vt 0.689632 0.879561
vt 0.853419 0.841509
vt 0.848014 0.776640
vt 0.852399 0.761533
vt 0.835168 0.841801
vt 0.673618 0.880431
vt 0.171325 0.985829
vt 0.104670 0.964171
vt 0.176330 0.965453
vt 0.829278 0.771200
vt 0.803861 0.834178
vt 0.813311 0.766495
vt 0.820093 0.746474
vt 0.796413 0.783825
vt 0.786204 0.795325
vt 0.810494 0.736976
vt 0.799053 0.757084
vt 0.790251 0.750452
vt 0.781087 0.786180
vt 0.776677 0.795842
vt 0.805516 0.718199
vt 0.744581 0.802068
vt 0.563913 0.190268
vt 0.433587 0.190268
vt 0.447297 0.509801
vt 0.419995 0.546694
vt 0.416530 0.512492
vt 0.126349 0.945006
vt 0.108418 0.947949
vt 0.092003 0.943551
vt 0.407905 0.051943
vt 0.369773 0.054291
vt 0.330595 0.050864
vt 0.459200 0.547318
vt 0.184997 0.946772
vt 0.407096 0.047209
vt 0.420789 0.641469
vt 0.423586 0.605259
vt 0.454470 0.630318
vt 0.464970 0.482531
vt 0.435080 0.148732
vt 0.697007 0.388334
vt 0.702848 0.499771
vt 0.690700 0.388490
vt 0.694254 0.382559
vt 0.660652 0.380729
vt 0.971033 0.676458
vt 0.970012 0.617542
vt 0.975987 0.619830
vt 0.497602 0.842450
vt 0.385835 0.843374
vt 0.380699 0.784673
vt 0.408555 0.783626
vt 0.913176 0.019016
vt 0.968331 0.019016
vt 0.913752 0.052662
vt 0.975525 0.673351
vt 0.501301 0.791315
vt 0.967273 0.052984
vt 0.116874 0.938003
vt 0.184989 0.938003
vt 0.092011 0.941997
vt 0.973325 0.042074
vt 0.787806 0.965437
vt 0.782694 0.963053
vt 0.787579 0.937563
vt 0.307933 0.967725
vt 0.296938 0.976972
vt 0.296067 0.971580
vt 0.515339 0.834760
vt 0.502186 0.791740
vt 0.613314 0.831752
vt 0.302426 0.978275
vt 0.995184 0.541493
vt 0.995184 0.496507
vt 0.996816 0.521636
vt 0.969672 0.975767
vt 0.974828 0.956523
vt 0.974811 0.982477
vt 0.773942 0.146696
vt 0.778924 0.203648
vt 0.773075 0.264804
vt 0.386520 0.017297
vt 0.397788 0.039411
vt 0.363212 0.028694
vt 0.366618 0.013089
vt 0.374811 0.015166
vt 0.783066 0.138530
vt 0.788049 0.081578
vt 0.790434 0.200922
vt 0.998454 0.742157
vt 0.995421 0.776831
vt 0.994546 0.726669
vt 0.790334 0.747414
vt 0.740165 0.747414
vt 0.763563 0.631086
vt 0.735825 0.286559
vt 0.735450 0.408941
vt 0.677675 0.355858
vt 0.365215 0.410745
vt 0.373994 0.442791
vt 0.359031 0.456562
vt 0.699607 0.387879
vt 0.398801 0.494224
vt 0.415514 0.508874
vt 0.418342 0.603361
vt 0.378365 0.485260
vt 0.349721 0.492461
vt 0.309949 0.467739
vt 0.324869 0.476752
vt 0.347704 0.591356
vt 0.276898 0.494030
vt 0.257320 0.472326
vt 0.315009 0.495052
vt 0.237512 0.521631
vt 0.279204 0.505355
vt 0.262065 0.502091
vt 0.333294 0.518273
vt 0.294002 0.523241
vt 0.264318 0.610270
vt 0.302751 0.619255
vt 0.345877 0.454179
vt 0.268612 0.471182
vt 0.232658 0.511034
vt 0.214070 0.512119
vt 0.207519 0.488918
vt 0.221076 0.476175
vt 0.817507 0.544246
vt 0.873175 0.467625
vt 0.192512 0.522604
vt 0.177541 0.500096
vt 0.178164 0.533431
vt 0.060547 0.520921
vt 0.075413 0.557212
vt 0.188886 0.560400
vt 0.202630 0.554696
vt 0.091692 0.592046
vt 0.229986 0.579163
vt 0.255295 0.584901
vt 0.207845 0.584941
vt 0.097343 0.615195
vt 0.199987 0.610978
vt 0.233962 0.607913
vt 0.243293 0.595616
vt 0.236967 0.688202
vt 0.267952 0.697325
vt 0.883993 0.583375
vt 0.925942 0.985920
vt 0.869240 0.979432
vt 0.885311 0.962462
vt 0.299467 0.077466
vt 0.275670 0.044712
vt 0.331543 0.033076
vt 0.009369 0.684494
vt 0.036357 0.685810
vt 0.006058 0.705272
vt 0.870064 0.939263
vt 0.935530 0.944054
vt 0.059677 0.632604
vt 0.915714 0.911580
vt 0.348830 0.031534
vt 0.943260 0.984767
vt 0.024221 0.606518
vt 0.936194 0.000140
vt 0.936497 0.017494
vt 0.912503 0.018360
vt 0.983208 0.643698
vt 0.997381 0.682639
vt 0.982118 0.693302
vt 0.735987 0.960161
vt 0.735987 0.982839
vt 0.727513 0.972899
vt 0.083658 0.601286
vt 0.121442 0.645904
vt 0.927717 0.626761
vt 0.940165 0.574558
vt 0.942783 0.624105
vt 0.029575 0.588386
vt 0.929331 0.561739
vt 0.616284 0.006219
vt 0.616284 0.019281
vt 0.607216 0.013795
vt 0.818637 0.047067
vt 0.818176 0.113613
vt 0.807079 0.049524
vt 0.049272 0.572783
vt 0.007141 0.532228
vt 0.840373 0.067022
vt 0.058069 0.550395
vt 0.882921 0.131433
vt 0.880034 0.078011
vt 0.883239 0.793836
vt 0.909829 0.799803
vt 0.909829 0.829425
vt 0.904781 0.741614
vt 0.854171 0.833886
vt 0.855008 0.791920
vt 0.037947 0.118853
vt 0.008230 0.182580
vt 0.009831 0.109528
vt 0.042058 0.179980
vt 0.089249 0.106110
vt 0.080360 0.175407
vt 0.883934 0.758447
vt 0.134813 0.163876
vt 0.119758 0.173889
vt 0.228528 0.057806
vt 0.263120 0.010194
vt 0.263472 0.046463
vt 0.035210 0.227109
vt 0.091228 0.206391
vt 0.004661 0.218675
vt 0.001687 0.230890
vt 0.858121 0.042184
vt 0.872379 0.011609
vt 0.860343 0.054891
vt 0.871899 0.052486
vt 0.762087 0.597410
vt 0.779835 0.562591
vt 0.857913 0.591008
vt 0.803119 0.563505
vt 0.017178 0.005644
vt 0.000081 0.043490
vt 0.742262 0.905107
vt 0.765383 0.880217
vt 0.771771 0.902525
vt 0.747650 0.913546
vt 0.743280 0.886189
vt 0.001144 0.873448
vt 0.001144 0.850552
vt 0.005856 0.866126
vt 0.996815 0.477133
vt 0.995185 0.495757
vt 0.996301 0.454243
vt 0.565876 0.200610
vt 0.562786 0.218154
vt 0.504617 0.203180
vt 0.729099 0.923783
vt 0.200345 0.017428
vt 0.182965 0.013847
vt 0.184780 0.007072
vt 0.728264 0.909168
vt 0.494905 0.030934
vt 0.433595 0.030934
vt 0.467239 0.026066
vt 0.581576 0.228949
vt 0.168655 0.016730
vt 0.715563 0.921851
vt 0.711586 0.886673
vt 0.708565 0.903982
vt 0.999860 0.702908
vt 0.998639 0.716865
vt 0.999477 0.684135
vt 0.593328 0.190343
vt 0.002227 0.798128
vt 0.006273 0.796656
vt 0.003517 0.830844
vt 0.695875 0.885305
vt 0.698435 0.881842
vt 0.962578 0.970734
vt 0.974922 0.951725
vt 0.965747 0.984775
vt 0.600300 0.270952
vt 0.290904 0.079572
vt 0.221096 0.067062
vt 0.232653 0.060645
vt 0.232334 0.086855
vt 0.616424 0.188019
vt 0.673229 0.885424
vt 0.018305 0.259690
vt 0.000102 0.289987
vt 0.003931 0.260443
vt 0.616883 0.326981
vt 0.029398 0.295248
vt 0.020219 0.323810
vt 0.029919 0.044856
vt 0.587346 0.247027
vt 0.686027 0.907163
vt 0.680349 0.954555
vt 0.680349 0.987445
vt 0.613151 0.987284
vt 0.894927 0.023868
vt 0.885073 0.013301
vt 0.889488 0.004632
vt 0.816769 0.015530
vt 0.811917 0.030464
vt 0.809231 0.014036
vt 0.829273 0.008060
vt 0.833457 0.020940
vt 0.826042 0.016846
vt 0.005972 0.892319
vt 0.000528 0.885831
vt 0.005026 0.870181
vt 0.999479 0.439545
vt 0.996521 0.443771
vt 0.996675 0.430229
vt 0.960910 0.018480
vt 0.937090 0.018480
vt 0.941376 0.008020
vt 0.005991 0.831143
vt 0.005991 0.862357
vt 0.002009 0.832955
vt 0.898001 0.020145
vt 0.907999 0.025421
vt 0.898560 0.051355
vt 0.985086 0.973352
vt 0.994668 0.954809
vt 0.995414 0.966899
vt 0.353032 0.000478
vt 0.323169 0.027588
vt 0.323576 0.000478
vt 0.345681 0.022289
vt 0.908886 0.024418
vt 0.898614 0.017999
vt 0.904227 0.008082
vt 0.994296 0.945148
vt 0.902718 0.047937
vt 0.005881 0.964522
vt 0.002854 0.973837
vt 0.000619 0.962663
vt 0.996925 0.416669
vt 0.999938 0.421887
vt 0.996562 0.426331
vt 0.000032 0.928148
vt 0.004968 0.924692
vt 0.000197 0.937941
vt 0.004323 0.943808
vt 0.000154 0.926313
vt 0.000154 0.907187
vt 0.004846 0.909824
vt 0.358427 0.027474
vt 0.352618 0.037966
vt 0.999776 0.520587
vt 0.999776 0.542913
vt 0.997724 0.537855
vt 0.361684 0.035246
vt 0.979100 0.931437
vt 0.995400 0.926077
vt 0.994080 0.935451
vt 0.358472 0.000034
vt 0.362331 0.034942
vt 0.976149 0.186810
vt 0.976149 0.151689
vt 0.980851 0.185802
vt 0.648241 0.031409
vt 0.617019 0.020045
vt 0.678981 0.015890
vt 0.994868 0.940195
vt 0.622460 0.015091
vt 0.982737 0.974422
vt 0.980810 0.187593
vt 0.980810 0.223907
vt 0.976690 0.188273
vt 0.802289 0.050312
vt 0.769211 0.050312
vt 0.787839 0.003688
vt 0.800278 0.032112
vt 0.988840 0.466253
vt 0.985660 0.448220
vt 0.986849 0.421247
vt 0.769849 0.006938
vt 0.986182 0.584812
vt 0.989318 0.581676
vt 0.987995 0.629824
vt 0.801388 0.005136
vt 0.005249 0.962876
vt 0.001031 0.961506
vt 0.005469 0.948623
vt 0.264048 0.042167
vt 0.267126 0.030682
vt 0.267952 0.045318
vt 0.781007 0.965442
vt 0.781007 0.937558
vt 0.785993 0.938838
vt 0.001581 0.009076
vt 0.006313 0.026734
vt 0.000187 0.036924
vt 0.069280 0.955415
vt 0.045439 0.968366
vt 0.055885 0.950540
vt 0.089901 0.972948
vt 0.021099 0.973960
vt 0.070642 0.737819
vt 0.034027 0.712181
vt 0.183973 0.720497
vt 0.997602 0.622922
vt 0.999898 0.629957
vt 0.264241 0.026645
vt 0.267759 0.029201
vt 0.264278 0.031355
vt 0.182858 0.232296
vt 0.032683 0.232296
vt 0.032642 0.228203
vt 0.962800 0.274903
vt 0.979425 0.236487
vt 0.979111 0.274903
vt 0.983963 0.194145
vt 0.988310 0.194145
vt 0.982689 0.231362
vt 0.938681 0.275835
vt 0.943456 0.236825
vt 0.379865 0.237270
vt 0.238111 0.262265
vt 0.226135 0.228234
vt 0.496753 0.257718
vt 0.471173 0.402789
vt 0.460747 0.248211
vt 0.987426 0.232552
vt 0.923575 0.235164
vt 0.226575 0.223928
vt 0.230016 0.221519
vt 0.229809 0.226970
vt 0.152346 0.981017
vt 0.151575 0.985389
vt 0.132481 0.979179
vt 0.373925 0.218530
vt 0.096654 0.986321
vt 0.096764 0.983447
vt 0.985702 0.234855
vt 0.676965 0.334945
vt 0.622035 0.334945
vt 0.628778 0.201555
vt 0.246711 0.213222
vt 0.393079 0.213222
vt 0.393790 0.217778
vt 0.999779 0.598043
vt 0.746283 0.522313
vt 0.714617 0.518425
vt 0.787883 0.516090
vt 0.751240 0.626910
vt 0.885735 0.558326
vt 0.891627 0.542140
vt 0.892632 0.565408
vt 0.884565 0.567722
vt 0.730123 0.011086
vt 0.737377 0.017172
vt 0.731240 0.040414
vt 0.892935 0.506145
vt 0.889346 0.491627
vt 0.997604 0.579609
vt 0.999896 0.588162
vt 0.998223 0.602891
vt 0.000054 0.960382
vt 0.000054 0.942618
vt 0.004946 0.945400
vt 0.837837 0.509554
vt 0.817185 0.519557
vt 0.808294 0.515943
vt 0.885103 0.585873
vt 0.799588 0.528515
vt 0.812933 0.531599
vt 0.821262 0.560220
vt 0.797034 0.510713
vt 0.771022 0.573950
vt 0.790213 0.539043
vt 0.999817 0.445453
vt 0.997183 0.460391
vt 0.997187 0.444609
vt 0.800440 0.507233
vt 0.841431 0.485632
vt 0.783499 0.510129
vt 0.781158 0.495137
vt 0.997590 0.472206
vt 0.998945 0.456717
vt 0.999409 0.474283
vt 0.774250 0.490512
vt 0.785527 0.493879
vt 0.841593 0.028367
vt 0.839086 0.033997
vt 0.826899 0.018730
vt 0.853335 0.047876
vt 0.007587 0.966599
vt 0.013413 0.968492
vt 0.009518 0.974901
vt 0.769569 0.469550
vt 0.840386 0.065270
vt 0.826165 0.045499
vt 0.846836 0.054797
vt 0.074505 0.007781
vt 0.081919 0.029311
vt 0.053081 0.007189
vt 0.685043 0.966289
vt 0.696437 0.931221
vt 0.703957 0.966779
vt 0.997682 0.503035
vt 0.999818 0.515149
vt 0.997994 0.524465
vt 0.186384 0.936992
vt 0.093616 0.936992
vt 0.114045 0.933508
vt 0.693083 0.573282
vt 0.703533 0.542968
vt 0.716810 0.632263
vt 0.693725 0.537917
vt 0.710690 0.500737
vt 0.682622 0.536808
vt 0.679812 0.583901
vt 0.661402 0.516629
vt 0.654550 0.550895
vt 0.945684 0.703527
vt 0.645690 0.592643
vt 0.908776 0.709377
vt 0.922127 0.695193
vt 0.901524 0.715930
vt 0.785383 0.403801
vt 0.785450 0.287199
vt 0.964476 0.711789
vt 0.915356 0.727807
vt 0.772550 0.354340
vt 0.772550 0.335930
vt 0.805722 0.350888
vt 0.803786 0.453335
vt 0.768237 0.453335
vt 0.821127 0.452808
vt 0.846812 0.451497
vt 0.854545 0.350165
vt 0.227115 0.062043
vt 0.219334 0.037010
vt 0.228886 0.032556
vt 0.859763 0.450979
vt 0.218027 0.063998
vt 0.217615 0.030002
vt 0.239260 0.850042
vt 0.211511 0.830612
vt 0.318124 0.837846
vt 0.843854 0.660176
vt 0.318396 0.875039
vt 0.218198 0.893388
vt 0.232536 0.853367
vt 0.682361 0.871290
vt 0.566139 0.871290
vt 0.664658 0.844210
vt 0.318989 0.887739
vt 0.188430 0.702924
vt 0.038041 0.710356
vt 0.190459 0.706918
vt 0.037629 0.711063
vt 0.188290 0.711063
vt 0.189871 0.716437
vt 0.335195 0.740898
vt 0.184534 0.740898
vt 0.336466 0.701101
vt 0.505332 0.680050
vt 0.517967 0.718937
vt 0.362533 0.733450
vt 0.516487 0.252298
vt 0.374617 0.206202
vt 0.518383 0.207870
vt 0.088138 0.215587
vt 0.234362 0.209613
vt 0.516216 0.725166
vt 0.517411 0.731943
vt 0.368090 0.733834
vt 0.843854 0.738816
vt 0.837146 0.766824
vt 0.099501 0.695144
vt 0.223019 0.227387
vt 0.835855 0.923072
vt 0.827102 0.930824
vt 0.831231 0.918803
vt 0.815040 0.921668
vt 0.999966 0.424166
vt 0.999966 0.436834
vt 0.837990 0.930173
vt 0.000060 0.906375
vt 0.000060 0.887125
vt 0.004940 0.901917
vt 0.808479 0.926153
vt 0.800652 0.931735
vt 0.801930 0.915043
vt 0.880909 0.058064
vt 0.867502 0.054987
vt 0.874558 0.052921
vt 0.899267 0.055521
vt 0.993738 0.811310
vt 0.997693 0.766101
vt 0.998762 0.816898
vt 0.826257 0.947575
vt 0.128438 0.064274
vt 0.042006 0.087433
vt 0.033562 0.064067
vt 0.834843 0.948339
vt 0.818374 0.950759
vt 0.805438 0.950852
vt 0.902886 0.057897
vt 0.834935 0.952776
vt 0.898146 0.059365
vt 0.805367 0.957150
vt 0.804603 0.987864
vt 0.811389 0.975961
vt 0.811794 0.986596
vt 0.904526 0.046473
vt 0.909998 0.023635
vt 0.909954 0.050695
vt 0.834397 0.980222
vt 0.827711 0.960959
vt 0.902162 0.053383
vt 0.398901 0.970289
vt 0.309099 0.970289
vt 0.309492 0.966711
vt 0.805621 0.961636
vt 0.835140 0.963444
vt 0.860132 0.661203
vt 0.931867 0.684511
vt 0.900496 0.713296
vt 0.839348 0.985957
vt 0.998034 0.427835
vt 0.759142 0.962732
vt 0.765358 0.973498
vt 0.759469 0.981268
vt 0.813314 0.971750
vt 0.806726 0.961207
vt 0.826545 0.961944
vt 0.822963 0.970355
vt 0.874723 0.048100
vt 0.875410 0.004084
vt 0.897277 0.029174
vt 0.834774 0.979293
vt 0.001117 0.591702
vt 0.026383 0.591010
vt 0.009232 0.609105
vt 0.896557 0.054416
vt 0.238469 0.946602
vt 0.236415 0.969239
vt 0.211741 0.971398
vt 0.007414 0.680490
vt 0.147031 0.948973
vt 0.738632 0.407901
vt 0.747868 0.292764
vt 0.744694 0.405075
vt 0.741231 0.287099
vt 0.778508 0.975954
vt 0.773169 0.968606
vt 0.778831 0.965046
vt 0.618018 0.816891
vt 0.737301 0.738129
vt 0.738848 0.816891
vt 0.510828 0.982378
vt 0.431172 0.982378
vt 0.509615 0.975122
vt 0.670635 0.951930
vt 0.593067 0.951930
vt 0.671433 0.942883
vt 0.593421 0.941570
vt 0.622229 0.738982
vt 0.699395 0.729623
vt 0.022518 0.093654
vt 0.060371 0.084915
vt 0.020506 0.100731
vt 0.613151 0.733975
vt 0.624949 0.727609
vt 0.059864 0.112491
vt 0.131994 0.064509
vt 0.993942 0.473777
vt 0.982672 0.487208
vt 0.994060 0.455224
vt 0.772728 0.904065
vt 0.782772 0.892096
vt 0.778948 0.950402
vt 0.865046 0.842089
vt 0.878293 0.843248
vt 0.784627 0.901597
vt 0.882873 0.871574
vt 0.994328 0.501276
vt 0.790625 0.845489
vt 0.395000 0.013605
vt 0.398801 0.037347
vt 0.390699 0.022828
vt 0.878131 0.902411
vt 0.398251 0.006153
vt 0.775805 0.880098
vt 0.023347 0.724142
vt 0.054588 0.737404
vt 0.000108 0.748817
vt 0.142392 0.782857
vt 0.088091 0.780484
vt 0.547063 0.093779
vt 0.582792 0.106784
vt 0.512078 0.089189
vt 0.979792 0.406097
vt 0.479489 0.090401
vt 0.452708 0.106811
vt 0.979792 0.463403
vt 0.976708 0.441246
vt 0.078014 0.741330
vt 0.626511 0.085321
vt 0.619176 0.058575
vt 0.628788 0.072406
vt 0.672271 0.061319
vt 0.615178 0.067989
vt 0.602729 0.083997
vt 0.605579 0.053611
vt 0.624756 0.052679
vt 0.664247 0.053168
vt 0.406402 0.929571
vt 0.376232 0.924966
vt 0.393878 0.919063
vt 0.108529 0.918966
vt 0.151077 0.883832
vt 0.156383 0.892570
vt 0.941505 0.969392
vt 0.938517 0.947371
vt 0.943200 0.950022
vt 0.939182 0.915299
vt 0.206971 0.919900
vt 0.180674 0.887926
vt 0.943484 0.895607
vt 0.429195 0.921274
vt 0.949243 0.555755
vt 0.981479 0.519125
vt 0.981323 0.555755
vt 0.950547 0.496132
vt 0.467077 0.930937
vt 0.448219 0.922553
vt 0.927021 0.555794
vt 0.930535 0.495205
vt 0.165322 0.865851
vt 0.179942 0.863501
vt 0.142478 0.869376
vt 0.174363 0.826100
vt 0.783993 0.155954
vt 0.783993 0.252882
vt 0.776007 0.154389
vt 0.480768 0.923190
vt 0.063576 0.001760
vt 0.085424 0.001050
vt 0.075151 0.004862
vt 0.779235 0.134618
vt 0.211363 0.019085
vt 0.203137 0.022409
vt 0.207974 0.007591
vt 0.084088 0.030450
vt 0.937945 0.877517
vt 0.937945 0.950983
vt 0.935055 0.914112
vt 0.554462 0.507574
vt 0.574895 0.623451
vt 0.549105 0.643926
vt 0.340398 0.929338
vt 0.251648 0.913689
vt 0.352352 0.907163
vt 0.954375 0.179873
vt 0.957270 0.159274
vt 0.974783 0.119127
vt 0.771532 0.931322
vt 0.771532 0.918178
vt 0.775468 0.930804
vt 0.955185 0.123349
vt 0.916143 0.537666
vt 0.920221 0.491054
vt 0.921964 0.564499
vt 0.729374 0.001654
vt 0.729374 0.026846
vt 0.720125 0.018014
vt 0.999963 0.561184
vt 0.999963 0.583816
vt 0.999037 0.579955
vt 0.811386 0.034648
vt 0.825323 0.046342
vt 0.804677 0.045610
vt 0.861265 0.198681
vt 0.869450 0.245102
vt 0.860550 0.298319
vt 0.983578 0.193494
vt 0.982006 0.173553
vt 0.991261 0.189059
vt 0.995333 0.981394
vt 0.986167 0.974734
vt 0.995243 0.968606
vt 0.991493 0.153006
vt 0.991039 0.176240
vt 0.359704 0.044345
vt 0.336664 0.044345
vt 0.372907 0.033155
vt 0.823655 0.035135
vt 0.904231 0.863407
vt 0.900557 0.848494
vt 0.923782 0.847682
vt 0.903272 0.887039
vt 0.888218 0.845011
vt 0.265137 0.833167
vt 0.384863 0.841333
vt 0.224604 0.088349
vt 0.354396 0.080151
vt 0.902892 0.901481
vt 0.899631 0.919928
vt 0.914036 0.477001
vt 0.250435 0.785248
vt 0.379991 0.796583
vt 0.237509 0.805252
vt 0.402836 0.042489
vt 0.806233 0.008658
vt 0.879654 0.301295
vt 0.873731 0.233593
vt 0.882769 0.201704
vt 0.951216 0.123469
vt 0.377566 0.833167
vt 0.347129 0.088349
vt 0.900037 0.919989
vt 0.271526 0.016827
vt 0.271731 0.004216
vt 0.289474 0.009640
vt 0.284882 0.000173
vt 0.233126 0.797065
vt 0.216463 0.802507
vt 0.211043 0.797086
vt 0.152552 0.809603
vt 0.296948 0.816823
vt 0.295718 0.769176
vt 0.152809 0.785790
vt 0.152605 0.771781
vt 0.994441 0.302555
vt 0.994441 0.312406
vt 0.983971 0.303609
vt 0.195540 0.802633
vt 0.473288 0.782923
vt 0.328712 0.782923
vt 0.470970 0.774077
vt 0.594025 0.982879
vt 0.594025 0.969121
vt 0.602975 0.981003
vt 0.175763 0.797269
vt 0.152635 0.799898
vt 0.183330 0.802611
vt 0.276794 0.768757
vt 0.129205 0.768757
vt 0.139993 0.728743
vt 0.999984 0.509824
vt 0.999015 0.498751
vt 0.999694 0.488676
vt 0.980240 0.324427
vt 0.129410 0.806474
vt 0.008687 0.785187
vt 0.151813 0.783526
vt 0.994892 0.258529
vt 0.994791 0.299971
vt 0.989966 0.267060
vt 0.999323 0.486127
vt 0.997677 0.495464
vt 0.998598 0.475036
vt 0.993637 0.335550
vt 0.980059 0.333906
vt 0.988608 0.290178
vt 0.985803 0.345445
vt 0.959342 0.734202
vt 0.945008 0.773583
vt 0.941568 0.728122
vt 0.977293 0.556620
vt 0.981266 0.602038
vt 0.973733 0.615880
vt 0.960788 0.767999
vt 0.958553 0.786689
vt 0.941212 0.788878
vt 0.882252 0.249069
vt 0.900877 0.261065
vt 0.900877 0.320431
vt 0.887564 0.284115
vt 0.886625 0.304960
vt 0.883453 0.310792
vt 0.883525 0.263495
vt 0.786218 0.329225
vt 0.812763 0.338800
vt 0.797639 0.345537
vt 0.749141 0.397336
vt 0.767960 0.374602
vt 0.766553 0.395813
vt 0.750444 0.374307
vt 0.807160 0.325577
vt 0.975798 0.562114
vt 0.965203 0.577246
vt 0.967780 0.556711
vt 0.668686 0.023283
vt 0.683024 0.015005
vt 0.674043 0.031331
vt 0.863546 0.316455
vt 0.752863 0.328679
vt 0.849642 0.335851
vt 0.972529 0.617289
vt 0.769359 0.330918
vt 0.809123 0.316629
vt 0.729314 0.031495
vt 0.617276 0.810150
vt 0.574230 0.768058
vt 0.606189 0.732563
vt 0.587409 0.816937
vt 0.474224 0.781806
vt 0.754561 0.276664
vt 0.882282 0.345923
vt 0.049972 0.007709
vt 0.081412 0.030552
vt 0.039588 0.032791
vt 0.423602 0.106612
vt 0.471993 0.086465
vt 0.445750 0.111901
vt 0.432982 0.202912
vt 0.410760 0.184879
vt 0.429939 0.170173
vt 0.411405 0.131830
vt 0.564822 0.473788
vt 0.555013 0.496519
vt 0.518678 0.513462
vt 0.370136 0.111707
vt 0.420817 0.074988
vt 0.864384 0.983490
vt 0.851384 0.985317
vt 0.841616 0.918683
vt 0.557990 0.394325
vt 0.339599 0.157089
vt 0.347420 0.063088
vt 0.349469 0.125314
vt 0.862582 0.660652
vt 0.929418 0.660652
vt 0.928199 0.676848
vt 0.933673 0.865345
vt 0.933673 0.796655
vt 0.943328 0.799209
vt 0.932487 0.273529
vt 0.932487 0.356471
vt 0.923013 0.340206
vt 0.334230 0.114872
vt 0.320007 0.132615
vt 0.520606 0.365038
vt 0.222469 0.360460
vt 0.149378 0.330652
vt 0.162661 0.313733
vt 0.108547 0.322165
vt 0.199304 0.278040
vt 0.252490 0.301359
vt 0.114364 0.282684
vt 0.767242 0.110406
vt 0.790454 0.060629
vt 0.776426 0.144531
vt 0.073510 0.298890
vt 0.736742 0.083051
vt 0.753977 0.067622
vt 0.537671 0.089125
vt 0.542733 0.083086
vt 0.593018 0.087485
vt 0.748060 0.109493
vt 0.726255 0.159871
vt 0.589583 0.107414
vt 0.739858 0.063148
vt 0.730118 0.118785
vt 0.727464 0.086897
vt 0.595533 0.910753
vt 0.568166 0.897118
vt 0.582256 0.894931
vt 0.580671 0.881247
vt 0.671046 0.063231
vt 0.660829 0.086027
vt 0.930486 0.483310
vt 0.923488 0.563299
vt 0.922514 0.477201
vt 0.671834 0.885744
vt 0.976157 0.411253
vt 0.976157 0.354747
vt 0.980343 0.402465
vt 0.968599 0.820948
vt 0.968599 0.774601
vt 0.979901 0.819839
vt 0.413591 0.023102
vt 0.474409 0.023102
vt 0.418443 0.030898
vt 0.976077 0.512328
vt 0.976077 0.454172
vt 0.979422 0.465820
vt 0.462810 0.339819
vt 0.334190 0.246372
vt 0.459140 0.234680
vt 0.978709 0.831899
vt 0.779366 0.953214
vt 0.772634 0.955402
vt 0.773038 0.943598
vt 0.583875 0.007244
vt 0.590759 0.016718
vt 0.581241 0.018756
vt 0.038749 0.933099
vt 0.024011 0.929454
vt 0.026488 0.922670
vt 0.062511 0.911936
vt 0.057497 0.943755
vt 0.054642 0.888114
vt 0.042523 0.944940
vt 0.998227 0.564773
vt 0.998227 0.542227
vt 0.999772 0.555721
vt 0.007239 0.930955
vt 0.078759 0.917841
vt 0.100261 0.910587
vt 0.091167 0.941883
vt 0.018549 0.974386
vt 0.933153 0.331918
vt 0.965002 0.288082
vt 0.973847 0.327949
vt 0.094568 0.971897
vt 0.892796 0.705607
vt 0.880086 0.717459
vt 0.849050 0.661599
vt 0.861177 0.917565
vt 0.804597 0.917565
vt 0.876966 0.910625
vt 0.860215 0.903370
vt 0.896311 0.743512
vt 0.864346 0.753901
vt 0.283779 0.968712
vt 0.273049 0.983480
vt 0.267221 0.966020
vt 0.898403 0.919844
vt 0.890177 0.866156
vt 0.911950 0.737609
vt 0.442032 0.854385
vt 0.455256 0.894804
vt 0.422964 0.902259
vt 0.413012 0.869460
vt 0.390689 0.862229
vt 0.406928 0.906977
vt 0.326744 0.838032
vt 0.362493 0.930968
vt 0.033008 0.233010
vt 0.187992 0.234997
vt 0.182492 0.246088
vt 0.081915 0.241859
vt 0.184530 0.262375
vt 0.035849 0.271490
vt 0.286020 0.227339
vt 0.385216 0.218661
vt 0.434980 0.226871
vt 0.690053 0.525302
vt 0.690053 0.394698
vt 0.696447 0.469293
vt 0.999935 0.749756
vt 0.998565 0.734092
vt 0.999720 0.713744
vt 0.621157 0.604356
vt 0.628985 0.726464
vt 0.659892 0.600719
vt 0.668607 0.726923
vt 0.651478 0.620309
vt 0.668842 0.593577
vt 0.643413 0.601984
vt 0.399750 0.014095
vt 0.462250 0.014095
vt 0.529412 0.066428
vt 0.526122 0.073483
vt 0.498118 0.628230
vt 0.510811 0.483155
vt 0.517894 0.638345
vt 0.551370 0.065232
vt 0.580422 0.010017
vt 0.456606 0.610187
vt 0.580775 0.061081
vt 0.882614 0.162871
vt 0.885100 0.086129
vt 0.889934 0.121358
vt 0.894999 0.117371
vt 0.897655 0.142943
vt 0.917886 0.139200
vt 0.650416 0.646480
vt 0.455768 0.020405
vt 0.523724 0.011028
vt 0.732260 0.093779
vt 0.701015 0.189940
vt 0.690314 0.088560
vt 0.908557 0.210953
vt 0.900025 0.259338
vt 0.686735 0.151486
vt 0.678723 0.105665
vt 0.907519 0.189966
vt 0.921914 0.184662
vt 0.918009 0.247898
vt 0.598740 0.106199
vt 0.589180 0.500133
vt 0.611943 0.489519
vt 0.611325 0.582774
vt 0.558641 0.525038
vt 0.565935 0.510370
vt 0.220637 0.019443
vt 0.222616 0.008223
vt 0.228846 0.031245
vt 0.567377 0.486678
vt 0.556057 0.500392
vt 0.601537 0.447726
vt 0.220154 0.034777
vt 0.962346 0.911650
vt 0.944154 0.907423
vt 0.945238 0.895033
vt 0.945613 0.950467
vt 0.897586 0.195547
vt 0.863475 0.204900
vt 0.864787 0.191374
vt 0.882984 0.190682
vt 0.881811 0.201520
vt 0.880651 0.182823
vt 0.863518 0.127411
vt 0.817569 0.156114
vt 0.821473 0.136195
vt 0.880590 0.139142
vt 0.841198 0.213346
vt 0.784516 0.212728
vt 0.790489 0.121425
vt 0.804622 0.112654
vt 0.770913 0.979373
vt 0.746992 0.940403
vt 0.767003 0.934680
vt 0.750585 0.913566
vt 0.771947 0.908128
vt 0.766338 0.919338
vt 0.741553 0.930830
vt 0.983591 0.302326
vt 0.983591 0.259674
vt 0.989408 0.302163
vt 0.526283 0.074095
vt 0.406217 0.066669
vt 0.350050 0.610368
vt 0.371758 0.606541
vt 0.268115 0.698446
vt 0.982055 0.694240
vt 0.997451 0.706181
vt 0.992954 0.731683
vt 0.982049 0.744260
vt 0.993500 0.553591
vt 0.983085 0.592459
vt 0.982500 0.544541
vt 0.016810 0.828491
vt 0.115903 0.821322
vt 0.044631 0.843284
vt 0.019049 0.839271
vt 0.413032 0.634798
vt 0.441885 0.702959
vt 0.978858 0.811431
vt 0.971121 0.767556
vt 0.437867 0.081831
vt 0.003597 0.784716
vt 0.980878 0.754069
vt 0.553379 0.498640
vt 0.548056 0.644860
vt 0.533301 0.510232
vt 0.933180 0.328966
vt 0.933180 0.273034
vt 0.959820 0.292744
vt 0.228536 0.055415
vt 0.236323 0.011085
vt 0.173194 0.117784
vt 0.225430 0.077421
vt 0.218203 0.117784
vt 0.531029 0.627647
vt 0.515621 0.563295
vt 0.139288 0.067357
vt 0.707330 0.905030
vt 0.707330 0.977969
vt 0.694170 0.908859
vt 0.673432 0.891168
vt 0.659763 0.921356
vt 0.591568 0.912983
vt 0.037355 0.779756
vt 0.000585 0.751028
vt 0.091415 0.782972
vt 0.844567 0.755891
vt 0.844567 0.659608
vt 0.861433 0.742634
vt 0.119517 0.110605
vt 0.596524 0.940832
vt 0.959729 0.884469
vt 0.996020 0.922383
vt 0.960104 0.905919
vt 0.104570 0.084277
vt 0.981774 0.866745
vt 0.999771 0.882942
vt 0.976676 0.931255
vt 0.255964 0.017665
vt 0.213389 0.060216
vt 0.994323 0.502185
vt 0.994323 0.549315
vt 0.986177 0.546053
vt 0.989105 0.628398
vt 0.990526 0.579602
vt 0.995278 0.627310
vt 0.152699 0.813580
vt 0.205445 0.834783
vt 0.148619 0.816542
vt 0.000083 0.044623
vt 0.039417 0.046289
vt 0.016671 0.073356
vt 0.578276 0.419916
vt 0.490724 0.299410
vt 0.575271 0.259084
vt 0.483254 0.425176
vt 0.493140 0.426615
vt 0.517905 0.495332
vt 0.480114 0.416393
vt 0.404201 0.405585
vt 0.996394 0.583910
vt 0.404535 0.413999
vt 0.996118 0.675804
vt 0.988579 0.633049
vt 0.997921 0.626696
vt 0.142278 0.811546
vt 0.023179 0.084495
vt 0.771623 0.943399
vt 0.771623 0.932101
vt 0.776376 0.937616
vt 0.148400 0.797716
vt 0.490329 0.415697
vt 0.002603 0.096198
vt 0.006391 0.113377
vt 0.518115 0.398034
vt 0.493524 0.371094
vt 0.503528 0.379137
vt 0.201735 0.024004
vt 0.214764 0.020020
vt 0.203467 0.050480
vt 0.518299 0.339168
vt 0.135597 0.874763
vt 0.076209 0.861148
vt 0.111546 0.848972
vt 0.055502 0.846499
vt 0.149102 0.817737
vt 0.164498 0.831470
vt 0.579983 0.194126
vt 0.541441 0.200922
vt 0.473660 0.403874
vt 0.088055 0.834563
vt 0.484785 0.389105
vt 0.478935 0.385000
vt 0.444017 0.191078
vt 0.413402 0.359627
vt 0.368179 0.368143
vt 0.398288 0.339547
vt 0.365464 0.347470
vt 0.414384 0.329312
vt 0.424631 0.345890
vt 0.292154 0.358018
vt 0.401965 0.410012
vt 0.282561 0.339267
vt 0.391065 0.442492
vt 0.377214 0.470484
vt 0.398896 0.447487
vt 0.974759 0.170621
vt 0.974759 0.216152
vt 0.964493 0.171325
vt 0.411769 0.462750
vt 0.961048 0.234379
vt 0.962154 0.210291
vt 0.440305 0.336528
vt 0.441439 0.325669
vt 0.973227 0.229027
vt 0.439200 0.509331
vt 0.954693 0.181657
vt 0.962247 0.200853
vt 0.938141 0.786496
vt 0.942781 0.773748
vt 0.937719 0.796778
vt 0.951740 0.189771
vt 0.737736 0.922239
vt 0.736404 0.956536
vt 0.716707 0.986866
vt 0.953637 0.201422
vt 0.744634 0.944787
vt 0.777358 0.964095
vt 0.772642 0.967398
vt 0.773067 0.956602
vt 0.779850 0.954098
vt 0.779850 0.964902
vt 0.774650 0.956775
vt 0.940339 0.728722
vt 0.969141 0.744610
vt 0.977779 0.695621
vt 0.980359 0.753379
vt 0.578278 0.655119
vt 0.576383 0.763687
vt 0.487722 0.771881
vt 0.996883 0.534694
vt 0.996883 0.582805
vt 0.992617 0.578805
vt 0.990824 0.420402
vt 0.981176 0.420402
vt 0.989819 0.376098
vt 0.758293 0.987761
vt 0.873323 0.367888
vt 0.888560 0.373218
vt 0.876412 0.401836
vt 0.860570 0.355703
vt 0.887355 0.389295
vt 0.875888 0.424532
vt 0.868224 0.429194
vt 0.868212 0.448087
vt 0.909930 0.370479
vt 0.860814 0.451797
vt 0.678415 0.335329
vt 0.637586 0.209671
vt 0.677094 0.271123
vt 0.317675 0.782752
vt 0.352953 0.753795
vt 0.476325 0.771134
vt 0.336960 0.726248
vt 0.083560 0.156345
vt 0.212940 0.124137
vt 0.085566 0.161816
vt 0.650426 0.466704
vt 0.644257 0.600795
vt 0.214719 0.147768
vt 0.220414 0.163414
vt 0.087586 0.162587
vt 0.192183 0.134586
vt 0.978513 0.492126
vt 0.981487 0.458138
vt 0.981024 0.517362
vt 0.504578 0.077094
vt 0.630779 0.460778
vt 0.444196 0.082406
vt 0.623802 0.452143
vt 0.621529 0.586357
vt 0.127810 0.113684
vt 0.642574 0.474556
vt 0.563804 0.077245
vt 0.540868 0.080269
vt 0.639760 0.495443
vt 0.641971 0.520707
vt 0.224864 0.251763
vt 0.232531 0.268658
vt 0.188698 0.234652
vt 0.945892 0.851972
vt 0.966398 0.848559
vt 0.980349 0.855364
vt 0.943248 0.861182
vt 0.244464 0.270152
vt 0.951324 0.893360
vt 0.943151 0.894440
vt 0.347254 0.102931
vt 0.229025 0.092588
vt 0.358975 0.089569
vt 0.243738 0.285996
vt 0.287233 0.314985
vt 0.317819 0.293387
vt 0.334702 0.312754
vt 0.271068 0.382848
vt 0.269146 0.336349
vt 0.277857 0.318857
vt 0.292262 0.266191
vt 0.265473 0.289046
vt 0.255598 0.270965
vt 0.344419 0.302665
vt 0.252937 0.287472
vt 0.333652 0.289649
vt 0.354892 0.276009
vt 0.321770 0.273489
vt 0.256566 0.307876
vt 0.387302 0.292482
vt 0.261149 0.302356
vt 0.838856 0.631759
vt 0.766539 0.598037
vt 0.861461 0.597741
vt 0.999890 0.861538
vt 0.985781 0.843125
vt 0.985610 0.868966
vt 0.025708 0.275058
vt 0.042282 0.283275
vt 0.032114 0.290253
vt 0.009652 0.234545
vt 0.048642 0.296331
vt 0.041931 0.327882
vt 0.079289 0.295230
vt 0.446798 0.979267
vt 0.400687 0.975233
vt 0.477813 0.977057
vt 0.108934 0.271183
vt 0.129348 0.270677
vt 0.627095 0.200311
vt 0.564548 0.118721
vt 0.769618 0.468170
vt 0.820911 0.481149
vt 0.789839 0.482330
vt 0.010224 0.399955
vt 0.866382 0.472494
vt 0.997714 0.817534
vt 0.662572 0.110182
vt 0.668178 0.206818
vt 0.687952 0.157967
vn -0.06870 0.87030 -0.48770
vn -0.08920 0.86730 -0.48980
vn 0.83770 0.53150 -0.12540
vn 0.41850 -0.44340 -0.79260
vn 0.41860 -0.44340 -0.79260
vn 0.21830 -0.42450 -0.87870
vn 0.95140 0.06730 0.30040
vn 0.93070 -0.22110 -0.29150
vn 0.94200 -0.26830 -0.20140
vn 0.97060 0.02910 0.23910
vn 0.07400 0.99430 0.07660
vn 0.53820 -0.44420 -0.71620
vn -0.21200 0.44250 0.87140
vn 0.90910 -0.17070 -0.38000
vn 0.19140 0.37530 -0.90690
vn 0.24210 -0.33300 -0.91130
vn 0.11140 -0.25490 -0.96050
vn 0.17330 -0.58560 -0.79180
vn 0.18120 -0.42670 -0.88600
vn 0.11530 -0.46080 -0.88000
vn 0.14170 -0.52450 -0.83950
vn 0.23850 -0.61980 -0.74760
vn 0.15850 0.57900 -0.79980
vn 0.14720 0.63790 -0.75590
vn -0.00260 -0.35320 -0.93560
vn 0.01280 -0.38440 -0.92310
vn 0.15990 0.69230 -0.70360
vn 0.14930 -0.47110 -0.86930
vn -0.67190 0.70460 -0.22830
vn -0.35890 0.79010 -0.49700
vn -0.28930 -0.38680 -0.87560
vn -0.97530 0.19390 0.10570
vn -0.02710 -0.41590 -0.90900
vn -0.90700 0.05760 -0.41720
vn -0.99100 0.12200 -0.05480
vn -0.98790 0.11400 -0.10530
vn -0.99110 0.10640 0.07990
vn -0.99340 0.08410 0.07750
vn -0.99590 0.05210 0.07330
vn 0.18090 -0.47370 -0.86190
vn 0.61560 0.76280 -0.19780
vn 0.03610 0.98880 0.14500
vn 0.52560 0.85010 -0.03210
vn -0.04610 0.98130 0.18710
vn 0.10660 0.45700 -0.88310
vn -0.09960 0.97740 0.18620
vn -0.08130 0.59610 -0.79880
vn 0.68910 -0.26360 -0.67500
vn 0.36850 -0.40300 -0.83770
vn 0.32430 -0.34850 -0.87940
vn 0.27030 0.28700 0.91900
vn -0.66180 0.48380 0.57260
vn 0.91280 0.08610 0.39910
vn 0.89470 0.10320 0.43460
vn 0.27450 -0.36830 -0.88820
vn 0.87300 0.12170 0.47240
vn -0.17050 0.54160 0.82320
vn -0.17660 0.63710 0.75020
vn -0.09400 0.43530 0.89540
vn -0.20300 0.44480 0.87230
vn -0.20290 0.44480 0.87230
vn -0.21450 0.44550 0.86920
vn -0.15070 0.32420 0.93390
vn 0.22820 -0.28140 -0.93210
vn 0.28440 -0.46200 -0.84000
vn 0.98450 0.06320 0.16330
vn 0.99490 -0.07870 0.06340
vn 0.98250 -0.11960 -0.14270
vn 0.92070 0.00920 0.39010
vn 0.98910 -0.06530 0.13210
vn 0.85430 0.08160 0.51330
vn 0.94590 -0.15230 -0.28640
vn 0.72880 0.61200 0.30710
vn 0.73560 0.66130 -0.14700
vn 0.70860 0.70560 -0.01210
vn 0.82720 -0.08730 -0.55510
vn 0.75580 0.64410 -0.11790
vn 0.41390 0.72610 -0.54910
vn 0.74880 0.41850 -0.51390
vn 0.76130 0.35080 -0.54520
vn 0.74150 0.12910 0.65840
vn 0.69210 -0.24980 -0.67720
vn 0.78080 0.06480 0.62140
vn 0.47860 0.82330 0.30500
vn 0.18640 0.96190 -0.20020
vn 0.46560 -0.21750 -0.85790
vn 0.51460 0.25630 -0.81820
vn 0.51160 -0.34470 -0.78710
vn 0.23300 -0.81050 -0.53730
vn 0.17580 0.49170 -0.85280
vn 0.09960 -0.28650 -0.95290
vn 0.09570 0.90590 -0.41250
vn 0.10480 -0.66090 -0.74310
vn 0.06230 -0.20580 -0.97660
vn 0.09600 -0.95930 -0.26550
vn 0.10640 -0.93250 -0.34520
vn 0.06140 -0.97960 -0.19120
vn 0.06470 0.12930 -0.98950
vn -0.07890 -0.28960 -0.95390
vn 0.09870 0.93820 -0.33180
vn 0.00610 0.84700 -0.53160
vn -0.09460 0.71660 -0.69110
vn -0.09460 0.71660 -0.69100
vn -0.14270 0.63800 -0.75670
vn 0.85400 0.30180 -0.42380
vn 0.45420 0.23980 -0.85800
vn 0.22550 0.93210 -0.28360
vn 0.21130 0.96940 -0.12530
vn 0.22510 0.95060 -0.21390
vn 0.32770 0.73580 -0.59270
vn 0.26880 0.73130 -0.62690
vn 0.67050 -0.72940 0.13550
vn 0.64650 -0.75110 -0.13390
vn 0.75640 -0.63960 0.13700
vn 0.65740 -0.68380 0.31650
vn 0.02550 0.43330 -0.90090
vn 0.60120 -0.71010 0.36650
vn -0.33630 -0.94170 -0.00550
vn -0.30100 -0.95360 0.00580
vn 0.30490 0.80240 -0.51310
vn 0.60470 -0.76560 -0.21940
vn 0.60530 -0.74300 -0.28570
vn -0.38770 -0.92150 -0.02220
vn 0.56970 0.71460 -0.40590
vn 0.59390 -0.74100 -0.31340
vn 0.47780 0.09530 -0.87330
vn 0.21390 0.35060 -0.91180
vn 0.60630 -0.40930 -0.68180
vn -0.60880 0.71160 -0.35060
vn -0.61520 0.67970 -0.39940
vn -0.62540 0.62240 -0.47070
vn -0.25310 0.27410 -0.92780
vn -0.18230 0.43450 -0.88200
vn -0.92830 0.37170 -0.00410
vn -0.90080 0.43040 0.05770
vn -0.90010 0.38530 -0.20320
vn 0.90020 -0.16380 0.40340
vn -0.88430 0.45090 0.12120
vn -0.62980 0.57090 -0.52670
vn -0.59410 0.57230 -0.56530
vn -0.29430 0.16600 -0.94120
vn 0.06720 -0.99770 0.01250
vn -0.65010 0.56010 -0.51350
vn 0.22810 0.67120 -0.70540
vn 0.25040 0.48230 -0.83940
vn 0.23210 0.67850 -0.69690
vn 0.23160 0.52140 -0.82130
vn -0.87120 0.47780 0.11310
vn 0.11820 0.16680 -0.97890
vn 0.14710 0.23100 -0.96180
vn 0.48800 -0.86910 -0.08050
vn -0.87040 0.47800 0.11760
vn -0.00180 0.09830 -0.99520
vn 0.25540 0.81650 -0.51770
vn 0.96210 0.27150 0.02490
vn 0.94480 0.32470 0.04360
vn 0.94480 0.32460 0.04360
vn 0.83730 0.53340 0.11980
vn -0.04140 0.94140 -0.33480
vn -0.03540 0.94270 -0.33170
vn -0.05600 0.99320 -0.10220
vn 0.01700 0.93470 0.35500
vn -0.03580 0.99320 0.11090
vn 0.02780 0.89920 0.43660
vn 0.03980 0.88870 0.45670
vn -0.07310 0.98630 -0.14820
vn -0.10800 0.60580 -0.78830
vn 0.31500 0.11300 -0.94230
vn -0.03410 0.96170 -0.27190
vn -0.62120 0.34010 -0.70600
vn -0.16560 0.97920 -0.11710
vn -0.90800 0.17180 -0.38200
vn -0.89060 0.20220 -0.40740
vn -0.94440 0.09400 -0.31520
vn 0.98000 0.16430 0.11260
vn 0.98140 0.12560 0.14510
vn 0.98300 0.16890 0.07220
vn 0.98120 0.09290 0.16930
vn 0.65690 0.72750 -0.19790
vn 0.26660 0.96370 -0.01080
vn 0.56820 0.82120 -0.05220
vn 0.57280 0.73190 -0.36910
vn 0.99730 0.02320 0.06960
vn 0.98240 0.03370 0.18370
vn 0.97350 0.06030 -0.22060
vn 0.19140 0.97700 0.09450
vn 0.22080 0.31910 0.92160
vn 0.20540 0.47180 0.85750
vn 0.18350 0.58380 0.79090
vn 0.16170 0.77580 0.60990
vn -0.12810 0.90940 -0.39580
vn 0.24060 0.96760 0.07640
vn 0.15710 0.88590 0.43640
vn 0.24380 0.92780 0.28250
vn 0.10890 0.77150 0.62680
vn 0.69510 -0.40960 0.59080
vn 0.79360 -0.24070 0.55870
vn 0.69510 -0.40970 0.59080
vn 0.63190 -0.49250 0.59840
vn 0.29860 0.95270 0.05630
vn 0.99510 0.09890 -0.00030
vn 0.94830 0.30760 0.07870
vn 0.99080 0.13450 -0.01340
vn 0.63850 -0.65890 -0.39760
vn 0.23480 -0.83370 -0.49980
vn 0.76100 -0.55170 -0.34140
vn 0.15010 -0.86380 -0.48100
vn 0.77490 -0.47900 0.41240
vn 0.99270 0.11300 -0.04240
vn 0.94650 0.19710 -0.25540
vn 0.93080 0.31860 0.17910
vn 0.87850 0.10060 -0.46710
vn 0.98580 0.15900 -0.05460
vn 0.14160 -0.86090 -0.48870
vn 0.46110 0.40740 0.78830
vn -0.09840 0.26610 0.95890
vn -0.11290 0.27740 0.95410
vn -0.12310 0.28340 0.95110
vn 0.43290 0.68040 -0.59130
vn 0.16940 -0.16760 -0.97120
vn 0.14540 -0.19990 -0.96900
vn 0.14530 -0.20000 -0.96900
vn 0.12440 -0.22770 -0.96580
vn -0.15560 0.30580 0.93930
vn -0.15980 0.69570 -0.70030
vn -0.18500 0.67190 -0.71710
vn -0.14270 0.72790 -0.67060
vn 0.27350 0.44210 0.85430
vn 0.93020 -0.21270 0.29920
vn 0.10860 -0.88470 -0.45340
vn 0.08640 -0.95540 -0.28250
vn 0.61000 -0.60810 0.50800
vn -0.08660 0.79250 -0.60370
vn 0.10530 -0.99250 -0.06160
vn 0.30020 -0.40570 -0.86330
vn 0.23340 -0.44160 -0.86630
vn 0.22710 -0.44590 -0.86580
vn 0.20330 -0.45510 -0.86690
vn -0.22340 0.43780 0.87090
vn 0.21000 -0.41460 -0.88540
vn -0.16780 0.30900 0.93610
vn -0.05330 0.86340 -0.50170
vn -0.56330 -0.73370 -0.37980
vn -0.46600 -0.29170 -0.83530
vn -0.51500 -0.28320 -0.80910
vn 0.19940 -0.45240 -0.86920
vn -0.53750 0.74750 -0.39030
vn -0.98250 -0.05060 0.17950
vn -0.95360 -0.03810 0.29850
vn -0.29790 -0.52200 0.79920
vn -0.34640 -0.30820 -0.88600
vn -0.99640 -0.06240 0.05820
vn 0.30400 -0.46840 -0.82960
vn -0.73150 -0.66930 0.13040
vn -0.98190 -0.02790 -0.18730
vn 0.17460 0.11280 -0.97820
vn 0.12970 0.16080 -0.97840
vn 0.12440 0.15750 -0.97970
vn 0.17350 0.26100 -0.94960
vn 0.26590 0.14830 -0.95250
vn 0.30030 0.37020 -0.87910
vn 0.06100 -0.20780 -0.97630
vn 0.05550 -0.18540 -0.98110
vn 0.10100 0.16120 -0.98170
vn -0.04210 -0.13030 -0.99060
vn 0.06640 -0.25030 -0.96590
vn -0.44140 0.05150 -0.89580
vn -0.04080 -0.01440 -0.99910
vn 0.07990 -0.04910 -0.99560
vn 0.16180 -0.20930 -0.96440
vn 0.10380 -0.04000 -0.99380
vn 0.33340 0.05900 -0.94090
vn 0.34780 0.09170 -0.93310
vn -0.76690 0.26090 -0.58640
vn -0.69020 0.13260 -0.71140
vn -0.93910 -0.24350 0.24260
vn -0.67980 0.11770 -0.72390
vn -0.06540 -0.30350 -0.95060
vn -0.12920 -0.00540 -0.99160
vn 0.26190 0.06550 -0.96290
vn -0.86560 0.36650 -0.34120
vn -0.87100 0.36930 -0.32400
vn -0.91820 0.24760 -0.30930
vn -0.96880 -0.24760 0.00740
vn -0.98380 -0.17870 0.01190
vn -0.81080 0.47460 -0.34260
vn -0.60110 0.70440 -0.37760
vn -0.81080 0.48040 -0.33440
vn 0.64770 0.14780 -0.74750
vn 0.86110 0.06850 -0.50390
vn 0.48320 0.12070 -0.86720
vn -0.99250 -0.12090 0.01550
vn 0.73160 -0.18060 -0.65740
vn 0.33320 -0.09330 0.93820
vn 0.44300 0.13190 -0.88680
vn 0.31630 -0.12250 -0.94070
vn 0.33850 -0.12630 -0.93240
vn 0.30060 -0.22650 -0.92650
vn 0.34410 -0.05010 -0.93760
vn 0.30910 -0.11440 -0.94410
vn 0.43700 -0.10190 -0.89370
vn 0.30860 0.08330 -0.94750
vn 0.24920 -0.95560 0.15740
vn 0.29960 0.08650 -0.95010
vn 0.26950 0.05250 -0.96160
vn -0.07840 0.51220 0.85530
vn 0.27390 0.05710 -0.96010
vn 0.17230 0.00510 -0.98500
vn 0.03290 -0.13280 -0.99060
vn 0.29440 -0.14030 -0.94530
vn -0.07290 0.33400 -0.93970
vn 0.99200 0.07760 0.09980
vn 0.99640 0.07670 0.03630
vn 0.96640 0.10170 0.23590
vn 0.99600 0.06570 -0.06010
vn -0.75250 -0.56460 0.33900
vn -0.79800 -0.52140 0.30220
vn -0.69200 -0.61300 0.38130
vn 0.97450 0.07200 -0.21240
vn 0.95440 0.06720 -0.29100
vn 0.88220 0.08290 -0.46350
vn 0.42290 -0.00820 -0.90610
vn 0.37930 -0.00890 -0.92520
vn 0.29960 -0.04890 -0.95280
vn 0.35570 -0.00430 -0.93460
vn 0.88210 0.10290 -0.45970
vn 0.42550 0.03490 0.90430
vn 0.27180 -0.01380 -0.96230
vn 0.25220 0.00120 -0.96770
vn 0.17990 -0.01570 -0.98360
vn 0.13190 -0.07290 -0.98860
vn 0.22380 0.00700 -0.97460
vn 0.23660 0.09420 -0.96700
vn 0.18490 -0.00590 -0.98270
vn 0.21920 -0.01440 -0.97560
vn 0.14160 -0.00990 -0.98990
vn 0.03110 -0.00630 -0.99950
vn -0.16340 -0.01620 -0.98640
vn 0.09110 0.04880 -0.99460
vn -0.24740 -0.05420 -0.96740
vn 0.01690 -0.00640 0.99980
vn -0.02810 -0.00750 -0.99960
vn 0.00390 0.01650 -0.99990
vn 0.06980 -0.00980 -0.99750
vn -0.99520 -0.08840 -0.04280
vn -0.99520 -0.08840 -0.04270
vn -0.99160 -0.10940 0.06960
vn -0.70110 -0.03190 -0.71230
vn -0.60510 -0.02860 -0.79560
vn -0.01740 0.01800 -0.99970
vn -0.99080 -0.07480 -0.11240
vn -0.75410 -0.03360 -0.65590
vn -0.00170 0.09780 -0.99520
vn -0.05290 0.03340 -0.99800
vn -0.01300 0.03490 -0.99930
vn -0.20770 -0.05210 -0.97680
vn 0.95290 -0.19590 0.23150
vn 0.95440 -0.21070 0.21170
vn 0.95430 -0.03680 0.29640
vn 0.73400 0.48320 0.47720
vn 0.70920 0.54210 0.45080
vn 0.09450 -0.31510 0.94430
vn 0.09340 -0.30110 0.94900
vn 0.04870 -0.76860 0.63790
vn 0.06530 -0.76160 0.64470
vn 0.06120 -0.76320 0.64330
vn 0.03180 -0.77540 0.63070
vn 0.06470 0.72740 0.68320
vn 0.07000 0.71450 0.69610
vn 0.05500 0.71460 0.69730
vn 0.09620 -0.33540 0.93710
vn 0.02680 -0.77760 0.62820
vn 0.07480 0.70240 0.70790
vn -0.57790 -0.66990 0.46610
vn 0.35000 0.68140 0.64280
vn -0.70970 -0.53140 0.46250
vn -0.64190 0.10260 0.75990
vn -0.53340 0.15570 0.83140
vn 0.99790 0.03970 0.05160
vn -0.74090 0.04560 0.67010
vn 0.25190 -0.79320 0.55440
vn 0.98560 0.00180 0.16930
vn -0.30520 -0.05860 0.95050
vn 0.10340 0.11460 0.98800
vn 0.07550 0.13580 0.98790
vn 0.12640 0.08750 0.98810
vn 0.26330 -0.08060 0.96130
vn 0.22770 -0.01190 0.97370
vn 0.88390 -0.07810 0.46110
vn 0.14540 -0.84660 0.51200
vn 0.06960 0.01150 0.99750
vn 0.06470 0.96710 -0.24610
vn 0.08220 0.96710 -0.24080
vn -0.08230 0.61110 -0.78720
vn -0.09680 0.51140 -0.85390
vn -0.21390 0.62840 -0.74790
vn 0.26150 0.94790 -0.18190
vn -0.50910 -0.13840 -0.84950
vn -0.40850 -0.17400 -0.89600
vn -0.55140 -0.15450 -0.81980
vn -0.52170 -0.03830 -0.85230
vn -0.61730 -0.03260 -0.78600
vn -0.50480 0.81740 -0.27750
vn -0.50680 0.68250 -0.52660
vn -0.84550 -0.09790 -0.52500
vn -0.62870 0.75030 -0.20450
vn -0.56830 0.82280 -0.00520
vn -0.84130 0.44240 -0.31050
vn -0.90050 0.27070 0.34040
vn -0.93540 0.26310 0.23610
vn -0.79400 0.47270 0.38230
vn -0.93040 -0.00610 -0.36650
vn -0.99380 0.02970 -0.10750
vn -0.96270 0.12210 0.24160
vn -0.99490 0.00650 -0.10080
vn -0.32240 0.68730 -0.65100
vn -0.52650 0.83700 -0.14890
vn -0.78130 0.58040 0.22970
vn 0.17210 0.97230 0.15810
vn 0.50290 0.76080 0.41030
vn 0.44460 0.74590 0.49600
vn 0.07260 0.96530 -0.25070
vn 0.34790 0.73640 0.58030
vn 0.53630 0.17760 0.82510
vn 0.41880 0.18790 0.88840
vn 0.52360 0.13720 0.84090
vn 0.28840 0.17770 0.94090
vn -0.08900 0.27760 0.95660
vn 0.00820 0.91120 0.41190
vn -0.01950 0.22240 0.97480
vn -0.15290 0.97440 0.16460
vn -0.01880 0.99520 -0.09610
vn -0.40130 0.61700 0.67700
vn -0.29620 0.24950 0.92200
vn -0.48260 0.26600 0.83450
vn -0.76060 0.31390 0.56840
vn -0.45380 0.84530 0.28190
vn -0.80550 0.18550 0.56290
vn -0.83360 0.17420 0.52420
vn -0.00280 0.85810 -0.51340
vn 0.02520 0.87570 -0.48210
vn -0.15180 0.56390 -0.81180
vn -0.10870 -0.99410 -0.00620
vn -0.15310 -0.98750 -0.03840
vn -0.10870 -0.99410 -0.00610
vn -0.38950 -0.76020 -0.52000
vn -0.37660 -0.66450 -0.64550
vn -0.35630 -0.66130 -0.66010
vn -0.12210 0.25820 -0.95830
vn -0.17460 0.37020 -0.91240
vn -0.60850 -0.60580 -0.51260
vn -0.11780 0.30650 -0.94460
vn 0.02350 -0.99580 0.08850
vn -0.22270 0.58850 -0.77720
vn -0.46840 -0.81600 -0.33870
vn -0.02000 0.99850 -0.05160
vn 0.97600 -0.02410 0.21630
vn 0.67600 0.03090 -0.73630
vn -0.79810 -0.23880 -0.55320
vn -0.61570 -0.19800 -0.76270
vn 0.59410 0.73790 -0.32030
vn 0.70440 0.64860 -0.28820
vn -0.74650 -0.66090 -0.07680
vn 0.46610 0.81410 -0.34650
vn 0.06210 0.51990 -0.85200
vn -0.26630 0.85380 -0.44740
vn -0.24980 0.83700 -0.48690
vn -0.04100 0.88200 -0.46940
vn -0.85190 -0.48380 -0.20060
vn -0.76140 -0.63540 0.12850
vn -0.21370 0.85670 -0.46950
vn -0.96390 -0.06770 -0.25750
vn -0.16840 0.86180 -0.47850
vn -0.05030 0.90780 -0.41650
vn -0.87000 -0.38970 0.30190
vn -0.76130 -0.59080 0.26720
vn -0.68330 -0.53340 0.49860
vn -0.80330 -0.58010 0.13510
vn -0.85190 -0.10540 0.51300
vn -0.92200 -0.10090 0.37390
vn -0.20810 0.97560 -0.07040
vn -0.18260 0.97640 0.11560
vn -0.27350 0.96120 0.03590
vn -0.18340 0.98300 -0.00520
vn -0.15150 0.95540 -0.25350
vn -0.18440 0.95970 -0.21210
vn -0.94440 -0.28110 0.17040
vn -0.22040 0.88390 -0.41250
vn -0.16390 0.89070 -0.42410
vn 0.17830 0.56280 0.80710
vn -0.16820 0.98330 0.06910
vn -0.17580 0.96880 -0.17470
vn -0.23130 0.92660 0.29640
vn -0.52340 0.72590 0.44630
vn 0.65280 0.74420 0.14140
vn 0.68560 0.71640 0.12910
vn 0.70250 0.70110 0.12250
vn 0.01860 0.12980 0.99140
vn 0.01900 0.16870 0.98550
vn 0.01900 0.16880 0.98550
vn 0.02070 0.37680 0.92610
vn 0.28860 0.80170 0.52340
vn 0.31760 -0.44000 0.84000
vn 0.43320 -0.51530 0.73950
vn 0.43600 -0.46450 0.77080
vn 0.25430 -0.26470 0.93020
vn 0.07630 -0.61460 0.78510
vn 0.23740 -0.90640 0.34930
vn -0.47160 -0.15180 -0.86870
vn -0.01190 0.46920 0.88300
vn 0.04870 0.42330 0.90470
vn 0.08020 0.44860 0.89010
vn -0.01400 -0.10750 0.99410
vn 0.07930 0.99620 -0.03700
vn 0.06470 0.99780 -0.01720
vn 0.06130 0.99780 0.02610
vn -0.12070 -0.48670 0.86520
vn 0.04150 -0.81120 -0.58330
vn -0.06710 0.48060 0.87440
vn 0.05120 0.99780 -0.04250
vn -0.25010 -0.16810 0.95350
vn -0.21940 -0.62930 0.74550
vn -0.51950 -0.44090 0.73200
vn 0.33410 -0.79580 -0.50500
vn -0.08590 0.55240 0.82910
vn 0.35430 0.86920 -0.34500
vn -0.60890 -0.46810 0.64040
vn -0.38800 -0.87250 0.29680
vn 0.06040 0.98820 0.14100
vn -0.03310 0.19120 0.98100
vn -0.55460 0.13240 0.82150
vn -0.77750 0.07120 0.62490
vn -0.43030 0.15730 0.88890
vn -0.02100 0.57650 0.81680
vn -0.67110 -0.38480 0.63370
vn -0.19000 0.79400 0.57750
vn -0.16510 0.76410 0.62360
vn -0.49930 0.76370 0.40930
vn -0.01900 0.23190 0.97260
vn -0.08590 0.74760 0.65850
vn -0.12530 0.71250 0.69040
vn -0.04090 0.17650 0.98350
vn -0.65820 -0.42140 0.62380
vn -0.00180 0.08520 0.99640
vn 0.63900 0.46310 -0.61420
vn 0.85060 0.39370 0.34860
vn 0.64960 0.19620 -0.73460
vn -0.29220 -0.19540 0.93620
vn -0.26680 0.71260 -0.64880
vn -0.72020 -0.64850 -0.24660
vn -0.36440 0.26670 -0.89220
vn 0.17770 -0.96810 -0.17640
vn 0.17640 -0.97770 -0.11370
vn -0.44800 0.78250 -0.43240
vn -0.46140 0.73850 -0.49160
vn -0.20770 0.25090 -0.94550
vn -0.17190 0.27170 -0.94690
vn -0.21220 0.32350 -0.92210
vn -0.10460 0.26170 -0.95950
vn -0.22340 0.41500 -0.88200
vn -0.42670 0.83330 -0.35160
vn 0.16370 -0.97540 0.14760
vn 0.21460 0.65240 -0.72680
vn 0.17340 -0.18700 -0.96690
vn -0.74770 0.39010 -0.53730
vn -0.77250 0.38080 -0.50810
vn -0.78660 0.37500 -0.49050
vn -0.32090 -0.60920 0.72510
vn -0.26080 0.30650 -0.91550
vn 0.07050 0.54680 -0.83430
vn -0.34740 -0.66850 -0.65760
vn 0.14650 0.49440 -0.85680
vn 0.00800 0.95010 -0.31190
vn 0.00450 0.94780 -0.31890
vn 0.01690 0.94800 -0.31780
vn -0.62700 0.13920 -0.76650
vn -0.72800 0.13420 -0.67230
vn 0.45820 0.18670 -0.86900
vn -0.96280 -0.09130 -0.25420
vn -0.98370 -0.06980 -0.16560
vn -0.98370 -0.06980 -0.16570
vn 0.00870 0.95050 -0.31050
vn -0.99470 -0.00320 0.10240
vn 0.00500 0.95080 -0.30990
vn 0.01270 0.58700 -0.80950
vn -0.02060 0.11390 0.99330
vn -0.02300 0.07080 0.99720
vn -0.02930 0.07740 0.99660
vn -0.05700 0.10680 0.99260
vn -0.03950 -0.59920 0.79960
vn -0.01120 0.04360 0.99900
vn 0.00440 -0.99590 0.08980
vn -0.10750 -0.02100 0.99400
vn -0.76050 -0.11580 0.63890
vn -0.19180 0.54320 0.81740
vn 0.96960 0.11700 0.21470
vn -0.74470 0.14110 0.65230
vn -0.99210 -0.04790 0.11560
vn -0.99380 -0.04630 0.10130
vn -0.99780 -0.00570 0.06670
vn -0.98720 -0.08560 0.13450
vn -0.99700 -0.04240 0.06410
vn 0.99350 -0.04550 0.10460
vn 0.99820 -0.05450 0.02520
vn 0.47230 0.61590 0.63060
vn 0.54870 0.01420 0.83590
vn -0.05140 0.99860 -0.01020
vn -0.05970 0.99800 0.02220
vn -0.03100 0.99410 0.10360
vn -0.04920 0.71900 0.69320
vn -0.05400 0.75260 0.65630
vn -0.07180 0.75040 0.65700
vn -0.03620 0.98900 -0.14320
vn -0.05260 0.99490 -0.08630
vn 0.08780 -0.05010 -0.99490
vn -0.04800 0.06670 0.99660
vn -0.09040 0.77500 0.62550
vn -0.03940 0.97500 -0.21860
vn -0.51610 0.42570 -0.74330
vn -0.62250 0.02220 -0.78230
vn -0.61390 0.77030 -0.17230
vn -0.75820 0.64460 -0.09780
vn -0.75230 0.65240 -0.09200
vn -0.62370 0.01270 -0.78160
vn -0.77550 0.62680 -0.07620
vn -0.72540 0.68510 -0.06650
vn -0.53360 0.59950 0.59650
vn -0.99640 0.07780 -0.03390
vn -0.75530 0.08240 0.65010
vn 0.01440 -0.01580 0.99980
vn 0.00440 -0.12990 0.99150
vn 0.01520 -0.00640 0.99990
vn 0.97140 -0.04220 -0.23380
vn 0.97850 -0.08110 -0.18980
vn 0.99190 0.11800 0.04670
vn 0.95160 0.29020 0.10160
vn 0.02350 0.07540 -0.99690
vn 0.93530 -0.03110 -0.35250
vn 0.92500 -0.02730 -0.37910
vn 0.42680 -0.12650 -0.89540
vn 0.20280 0.03470 -0.97860
vn -0.31810 0.17850 -0.93110
vn -0.10450 -0.06360 -0.99250
vn -0.17940 0.13600 -0.97430
vn 0.92020 0.38620 0.06340
vn -0.05020 -0.05380 -0.99730
vn -0.11250 -0.04100 -0.99280
vn -0.12270 0.02350 -0.99220
vn -0.12310 -0.00710 -0.99240
vn 0.03650 -0.06270 -0.99740
vn 0.06210 -0.08310 -0.99460
vn 0.75220 0.00470 0.65900
vn -0.09220 0.13830 -0.98610
vn -0.22340 0.25180 -0.94160
vn -0.11460 0.10910 -0.98740
vn -0.12260 0.11890 -0.98530
vn 0.33540 -0.93860 0.08070
vn -0.00250 0.24110 -0.97050
vn -0.19420 0.02600 -0.98060
vn -0.20560 -0.42990 -0.87910
vn -0.29230 -0.04570 -0.95520
vn -0.02840 -0.34290 -0.93890
vn -0.40020 -0.25500 -0.88020
vn -0.00910 -0.23740 0.97140
vn -0.23900 -0.04720 -0.96990
vn -0.25740 0.22450 -0.93990
vn -0.25690 0.22260 -0.94050
vn -0.29540 0.15010 -0.94350
vn 0.27040 -0.08240 0.95920
vn -0.39640 -0.04260 -0.91710
vn -0.96830 -0.06840 -0.24030
vn 0.78020 -0.09520 -0.61830
vn -0.19930 -0.02140 -0.97970
vn -0.13440 -0.00760 -0.99090
vn -0.18540 -0.02800 -0.98230
vn -0.20060 0.00900 -0.97960
vn -0.20230 0.02150 -0.97910
vn -0.28150 -0.00690 -0.95950
vn -0.27460 -0.01970 -0.96140
vn -0.28420 -0.01890 -0.95860
vn -0.28440 -0.01820 -0.95850
vn -0.16650 -0.15420 -0.97390
vn -0.29330 -0.01090 -0.95600
vn -0.30010 -0.11650 -0.94680
vn -0.38950 -0.05510 -0.91940
vn -0.24010 -0.11860 -0.96350
vn -0.46340 -0.05820 -0.88420
vn -0.46710 -0.05880 -0.88220
vn 0.03690 -0.20100 -0.97890
vn -0.11480 -0.17480 -0.97790
vn -0.43970 -0.05380 -0.89650
vn -0.05580 0.00010 0.99840
vn -0.00220 -0.01640 0.99990
vn -0.01070 -0.01680 0.99980
vn -0.01640 -0.01170 0.99980
vn -0.15210 0.00770 0.98830
vn -0.20020 0.01490 0.97960
vn -0.37380 -0.03060 -0.92700
vn -0.36430 -0.03910 -0.93050
vn -0.25470 -0.02920 -0.96660
vn -0.47760 -0.01740 0.87840
vn -0.46110 -0.04770 -0.88610
vn -0.27380 -0.11730 -0.95460
vn -0.99880 0.03140 -0.03710
vn -0.99530 0.03640 -0.08920
vn -0.99860 0.03090 -0.04180
vn -0.61420 -0.05330 -0.78730
vn -0.99800 0.03040 0.05480
vn -0.99480 0.03150 0.09710
vn -0.99870 0.04090 0.02910
vn 0.99730 -0.06390 0.03570
vn -0.95760 0.00190 0.28820
vn 0.92330 -0.04540 -0.38140
vn 0.92330 -0.04540 -0.38130
vn 0.73200 -0.05820 -0.67890
vn 0.80880 -0.00200 0.58810
vn -0.04660 0.06630 0.99670
vn 0.06160 -0.04180 -0.99720
vn -0.99770 0.06760 0.00560
vn -0.95660 0.03780 -0.28890
vn -0.84640 0.08730 0.52540
vn 0.96190 -0.03980 -0.27060
vn -0.08600 -0.16510 -0.98250
vn -0.16110 -0.07140 -0.98440
vn -0.14820 -0.08230 -0.98550
vn -0.13670 -0.02400 -0.99030
vn -0.30660 0.36770 -0.87790
vn -0.14840 -0.08820 -0.98500
vn 0.11070 0.00160 0.99390
vn -0.17430 0.01720 -0.98450
vn -0.26520 0.08570 -0.96040
vn -0.03190 0.06540 -0.99730
vn 0.00160 -0.98910 0.14690
vn 0.00980 -0.99770 0.06680
vn -0.01200 -0.99310 0.11690
vn 0.01400 -0.97750 0.21050
vn -0.01120 -0.07590 -0.99710
vn -0.37810 0.01660 -0.92560
vn -0.16310 0.00000 -0.98660
vn -0.23780 -0.09790 -0.96640
vn -0.52960 0.06660 -0.84560
vn -0.39060 0.11490 -0.91340
vn 0.10060 -0.97650 0.19040
vn -0.77300 0.00980 -0.63430
vn -0.04090 -0.99870 -0.02990
vn -0.68290 0.04980 -0.72880
vn -0.98970 0.13050 0.05920
vn -0.99200 0.10210 0.07400
vn -0.99580 0.06680 0.06200
vn 0.18270 -0.98160 0.05530
vn 0.18690 -0.98240 -0.00530
vn 0.16740 -0.98460 0.05080
vn -0.99330 0.07360 0.08870
vn -0.89240 0.02780 -0.45050
vn 0.24710 -0.94910 0.19520
vn -0.77260 0.08590 -0.62910
vn -0.98070 0.16960 0.09690
vn -0.99050 0.02760 -0.13460
vn 0.99730 -0.06430 0.03500
vn -0.99710 0.07440 -0.01280
vn -0.52050 0.40690 0.75070
vn 0.54780 -0.51210 -0.66160
vn 0.49110 -0.52060 -0.69850
vn 0.55830 -0.52900 -0.63920
vn 0.62010 -0.53300 -0.57570
vn -0.33140 -0.15590 0.93050
vn -0.24210 -0.23140 0.94230
vn 0.57880 -0.56320 -0.58970
vn 0.11250 -0.98820 -0.10380
vn 0.22900 -0.97200 -0.05350
vn -0.47760 -0.01770 0.87840
vn -0.93480 -0.31460 0.16510
vn -0.94190 -0.18540 0.28010
vn 0.27160 -0.96180 -0.03450
vn -0.92860 -0.34560 0.13540
vn 0.55380 -0.83220 0.02890
vn 0.55370 -0.83220 0.02890
vn 0.56520 -0.82440 0.02990
vn 0.54420 -0.83850 0.02810
vn 0.64020 -0.40110 0.65510
vn -0.01880 -0.99960 0.01960
vn -0.04060 -0.99900 0.01940
vn -0.01150 -0.99980 0.01500
vn -0.00030 -0.61400 -0.78930
vn -0.04650 -0.59850 0.79980
vn -0.05970 -0.70390 0.70780
vn -0.07020 -0.78410 0.61670
vn -0.13260 -0.99070 0.02960
vn -0.58980 -0.80700 0.02860
vn -0.95590 -0.22160 -0.19270
vn -0.99430 -0.06010 -0.08760
vn -0.97410 -0.11680 -0.19370
vn -0.75570 -0.54270 0.36650
vn -0.75380 -0.65170 0.08440
vn -0.99580 -0.04670 -0.07880
vn -0.99970 -0.02090 -0.01450
vn -0.01640 -0.00970 0.99980
vn 0.01520 -0.04790 0.99870
vn 0.00940 -0.98650 -0.16340
vn -0.01170 -0.98950 -0.14390
vn 0.06430 -0.00640 0.99790
vn 0.11370 -0.06830 0.99120
vn -0.00750 0.00890 0.99990
vn -0.07020 0.02230 0.99730
vn -0.03720 0.01550 0.99920
vn 0.02760 0.02680 0.99930
vn -0.14110 -0.46230 0.87540
vn -0.14110 -0.46220 0.87550
vn -0.14160 -0.35820 0.92280
vn -0.21680 0.08410 0.97260
vn -0.13770 -0.58850 0.79670
vn 0.06510 -0.97460 -0.21440
vn -0.98650 0.16050 -0.03110
vn -0.99020 0.13300 0.04180
vn -0.97860 0.13620 0.15410
vn -0.98260 0.12330 0.13880
vn -0.93340 0.11630 0.33940
vn -0.97470 0.05930 -0.21540
vn -0.99010 0.10820 -0.08990
vn -0.99240 0.11940 0.02960
vn -0.90490 0.12890 0.40570
vn -0.99060 0.11320 -0.07670
vn -0.98450 0.10280 -0.14190
vn -0.97100 0.08100 -0.22510
vn 0.12820 0.00770 -0.99170
vn 0.06020 0.03220 -0.99770
vn 0.14440 -0.06310 -0.98750
vn 0.13200 -0.06910 -0.98880
vn 0.04620 -0.09510 -0.99440
vn 0.09650 -0.30270 -0.94820
vn 0.04180 -0.20960 -0.97690
vn 0.12100 -0.06530 -0.99050
vn 0.07350 -0.05880 -0.99560
vn 0.00850 -0.99990 -0.00670
vn -0.01060 -0.99770 -0.06700
vn -0.01340 -0.99790 -0.06330
vn 0.28930 -0.54590 -0.78630
vn 0.04770 -0.60060 -0.79810
vn 0.06490 -0.23840 -0.96900
vn -0.99570 -0.08580 -0.03570
vn -0.99500 -0.09520 -0.03010
vn -0.99460 -0.10210 0.01750
vn -0.99390 -0.10620 0.03090
vn 0.01640 -0.08500 -0.99620
vn 0.00990 -0.09420 -0.99550
vn -0.99160 -0.10950 0.06910
vn 0.01350 -0.99940 0.03260
vn -0.00310 -0.04840 -0.99880
vn 0.01400 -0.11680 -0.99310
vn 0.07230 -0.03570 -0.99670
vn -0.03000 0.00640 -0.99950
vn 0.03010 -0.99570 0.08760
vn 0.02590 -0.99140 0.12840
vn -0.03490 0.13430 -0.99030
vn -0.02680 0.16120 -0.98660
vn -0.04590 -0.22980 -0.97220
vn -0.00380 -0.12270 -0.99240
vn -0.29690 -0.71180 -0.63650
vn -0.02150 -0.12220 -0.99230
vn 0.97020 -0.03880 -0.23930
vn 0.96790 -0.06270 -0.24330
vn 0.03460 -0.99370 0.10650
vn 0.34530 -0.15470 -0.92570
vn 0.03720 -0.30980 -0.95010
vn 0.97290 0.07500 -0.21850
vn -0.36480 -0.04410 -0.93000
vn -0.04240 -0.34360 -0.93820
vn 0.01010 -0.90100 0.43380
vn -0.14300 -0.03090 -0.98920
vn -0.99390 -0.07250 0.08330
vn -0.99210 -0.12200 0.02930
vn -0.99630 -0.07670 0.03820
vn -0.99610 -0.07660 0.04450
vn 0.97590 0.00940 0.21780
vn -0.99770 -0.05150 0.04300
vn 0.00460 0.07730 0.99700
vn -0.00140 0.12580 0.99210
vn 0.31660 -0.90390 0.28770
vn -0.63140 -0.75520 -0.17600
vn 0.05940 -0.10080 0.99310
vn 0.05340 -0.12120 0.99120
vn 0.07670 -0.08350 0.99360
vn 0.00490 -0.97310 -0.23040
vn -0.01050 -0.97690 -0.21340
vn -0.03360 -0.99560 -0.08750
vn -0.00210 -0.97580 -0.21870
vn -0.12790 -0.69030 0.71210
vn -0.07370 -0.99360 0.08610
vn -0.04480 -0.99870 -0.02440
vn -0.00640 -0.07280 0.99730
vn -0.04380 -0.11970 0.99180
vn 0.00070 -0.15900 0.98730
vn 0.99670 -0.08010 -0.01010
vn 0.99570 -0.08910 -0.02560
vn 0.99300 -0.10700 0.05070
vn 0.99290 -0.09910 -0.06590
vn 0.98610 -0.11090 -0.12370
vn 0.95060 -0.06540 0.30330
vn 0.97120 -0.09810 -0.21730
vn 0.97540 -0.14510 0.16620
vn 0.97780 -0.12800 -0.16590
vn 0.01120 0.02360 0.99970
vn 0.02410 -0.05240 -0.99830
vn 0.01470 -0.04630 0.99880
vn 0.06880 -0.06840 0.99530
vn 0.02460 -0.39430 -0.91860
vn -0.99680 -0.07680 0.02170
vn 0.93790 -0.18400 0.29420
vn 0.97330 0.15430 -0.16970
vn 0.97410 0.12440 -0.18900
vn 0.97410 0.12430 -0.18900
vn 0.97270 0.07700 -0.21900
vn 0.99260 0.12130 -0.00490
vn 0.99370 0.10930 -0.02620
vn 0.99460 0.10160 0.01940
vn 0.99380 0.10990 -0.01770
vn 0.99360 0.10680 -0.03740
vn 0.98950 0.10830 0.09550
vn 0.99110 0.10930 0.07570
vn 0.97650 0.11990 0.17890
vn 0.66190 -0.05180 -0.74780
vn 0.39400 -0.00100 -0.91910
vn 0.51010 0.07600 -0.85680
vn 0.99320 0.11600 0.00330
vn 0.41340 0.03150 0.91000
vn -0.13610 -0.98820 0.07010
vn 0.99260 0.11510 -0.03800
vn 0.99240 0.12140 -0.02010
vn 0.99280 0.11950 0.00950
vn 0.19580 -0.00180 -0.98060
vn 0.27270 -0.69280 -0.66760
vn 0.31250 -0.00040 -0.94990
vn 0.19430 0.07690 0.97790
vn 0.05620 -0.99450 0.08820
vn 0.05580 -0.99390 0.09540
vn -0.15960 0.89930 0.40720
vn 0.24490 -0.06380 -0.96740
vn 0.23210 -0.03870 -0.97190
vn 0.05530 -0.99300 0.10480
vn 0.27180 -0.03900 -0.96160
vn 0.99440 0.10390 0.01950
vn 0.98820 0.10060 0.11550
vn 0.99510 0.09770 0.01740
vn 0.63870 -0.76370 0.09400
vn 0.98490 0.14170 0.09920
vn 0.93250 0.08830 0.35010
vn 0.88890 -0.03040 0.45710
vn -0.13060 -0.99140 0.00290
vn -0.07170 -0.99740 -0.00510
vn -0.16020 -0.98710 0.00490
vn -0.27410 -0.96160 0.01170
vn -0.06210 -0.99180 0.11190
vn -0.12720 -0.97340 0.19040
vn 0.07930 -0.99650 0.02590
vn 0.04740 -0.96900 -0.24230
vn 0.03670 -0.99020 -0.13500
vn 0.06020 -0.91840 -0.39100
vn 0.41830 0.02380 0.90800
vn 0.15370 0.01150 0.98800
vn 0.40890 0.03620 0.91190
vn 0.15700 0.00920 0.98760
vn 0.02970 -0.99700 -0.07170
vn 0.09770 0.47480 0.87470
vn 0.09770 0.47480 0.87460
vn 0.17810 0.36660 0.91320
vn -0.39480 -0.47890 -0.78410
vn -0.10790 -0.63270 -0.76680
vn 0.04670 -0.98420 0.17100
vn 0.00570 0.00270 1.00000
vn 0.02960 -0.99730 -0.06650
vn 0.07050 0.50880 0.85800
vn 0.00050 0.00040 1.00000
vn 0.03490 -0.98930 0.14200
vn -0.05600 -0.65300 -0.75530
vn 0.00110 0.08470 0.99640
vn -0.06110 0.04830 0.99700
vn 0.06820 0.17770 0.98170
vn -0.11660 -0.00840 0.99310
vn -0.11440 0.01680 0.99330
vn -0.01120 -0.00120 0.99990
vn 0.03120 -0.99760 -0.06200
vn 0.81400 0.11010 -0.57040
vn 0.18840 0.77810 -0.59920
vn 0.54940 0.65830 -0.51460
vn 0.47060 0.61750 -0.63020
vn 0.42410 -0.12470 -0.89700
vn 0.04260 -0.09370 -0.99470
vn 0.26710 -0.03790 -0.96290
vn -0.03560 0.09480 -0.99490
vn -0.00570 -0.99940 -0.03340
vn 0.19980 -0.95770 -0.20720
vn -0.01600 -0.99900 -0.04290
vn -0.07070 0.83930 -0.53900
vn -0.05100 0.88790 -0.45710
vn 0.06600 0.97710 -0.20210
vn -0.03090 -0.99900 -0.03140
vn -0.16330 -0.06690 -0.98430
vn -0.07220 0.89920 -0.43160
vn -0.28960 0.16430 -0.94290
vn -0.07580 0.91250 -0.40210
vn 0.00080 0.13460 0.99090
vn -0.11590 0.44410 -0.88840
vn -0.44800 0.49180 -0.74660
vn -0.53200 0.14570 -0.83410
vn -0.02450 -0.99840 -0.05070
vn 0.96500 0.11190 -0.23700
vn 0.96720 0.10400 -0.23160
vn 0.96870 0.08020 -0.23500
vn 0.94600 -0.01850 -0.32380
vn 0.96960 0.02240 -0.24350
vn 0.95740 0.03730 -0.28620
vn 0.96450 0.03570 -0.26150
vn 0.54480 0.66410 -0.51210
vn 0.43640 0.80310 -0.40580
vn 0.61980 0.58340 -0.52490
vn 0.90160 -0.03140 -0.43140
vn 0.22160 0.91170 -0.34590
vn 0.26800 0.88840 -0.37260
vn 0.18440 -0.01700 -0.98270
vn 0.13750 -0.39240 -0.90950
vn 0.02940 0.08300 -0.99610
vn 0.36490 0.86000 -0.35670
vn 0.50690 0.67470 -0.53650
vn 0.01430 0.14570 -0.98920
vn 0.11510 0.93480 -0.33590
vn 0.43380 0.74140 -0.51200
vn 0.61310 0.78960 -0.02470
vn -0.08440 0.74090 -0.66630
vn 0.15110 0.87630 -0.45740
vn -0.05720 0.77310 -0.63170
vn 0.19790 0.95400 -0.22530
vn 0.08180 0.92480 -0.37160
vn -0.13190 0.18330 -0.97420
vn 0.05010 0.80810 0.58700
vn -0.11550 0.73190 -0.67160
vn -0.14060 -0.84390 -0.51770
vn -0.02910 0.59350 -0.80430
vn -0.04440 0.59480 -0.80270
vn 0.01260 0.94520 -0.32610
vn 0.03910 -0.40800 0.91210
vn -0.02540 -0.99970 0.00230
vn 0.03060 0.58730 -0.80880
vn 0.97550 0.17350 -0.13500
vn 0.26420 0.95450 0.13860
vn -0.40050 0.79340 -0.45830
vn -0.42870 0.82780 -0.36200
vn -0.40250 0.84060 -0.36260
vn -0.48930 0.71720 -0.49610
vn -0.90260 0.31550 -0.29290
vn -0.22980 0.83360 -0.50240
vn -0.52390 0.74820 -0.40710
vn 0.28430 -0.87920 0.38220
vn -0.42870 0.82300 -0.37270
vn -0.86150 0.03710 -0.50640
vn -0.74470 -0.29540 -0.59850
vn -0.96790 -0.01580 -0.25070
vn -0.69600 0.60830 -0.38160
vn -0.99870 0.03360 0.03780
vn -0.99830 0.05730 -0.00550
vn -0.15040 -0.09510 -0.98400
vn -0.12610 -0.04360 -0.99110
vn -0.06590 -0.01250 -0.99770
vn 0.01910 0.98780 -0.15450
vn 0.03160 0.99950 -0.00690
vn -0.08650 0.96450 -0.24950
vn 0.03630 0.99500 0.09260
vn -0.23530 -0.09090 -0.96770
vn -0.12450 -0.00740 -0.99220
vn -0.25560 0.88630 -0.38610
vn -0.17210 0.89010 -0.42200
vn -0.21920 0.84290 -0.49140
vn -0.20670 -0.05240 -0.97700
vn -0.97950 0.19390 -0.05450
vn -0.97350 0.21570 -0.07580
vn -0.98280 0.18130 -0.03640
vn -0.98940 0.14310 -0.02540
vn -0.99590 0.08990 0.00690
vn -0.99830 0.05680 0.00980
vn -0.99910 0.04110 0.00990
vn -0.99930 0.03710 0.00780
vn -0.97520 -0.21750 0.04190
vn -0.97730 -0.20790 0.04120
vn -0.99190 -0.12040 0.04000
vn -0.99860 0.04380 0.02850
vn -0.99660 0.07830 0.02660
vn -0.99480 0.09980 0.02250
vn 0.99640 0.08400 -0.00930
vn 0.44550 -0.03650 0.89450
vn 0.93920 -0.11430 -0.32380
vn 0.99630 -0.07410 -0.04270
vn 0.99370 -0.09040 -0.06680
vn 0.98330 -0.08700 -0.16010
vn 0.99260 -0.08170 -0.09010
vn 0.99750 -0.06520 0.02830
vn 0.94950 -0.09490 -0.29900
vn 0.99950 -0.03030 0.00390
vn 0.88030 0.00350 0.47430
vn 0.04680 0.06450 0.99680
vn 0.47470 0.02710 0.87970
vn -0.02050 -0.03560 -0.99920
vn 0.12590 -0.04600 -0.99100
vn 0.03770 0.07070 0.99680
vn 0.03200 0.06960 0.99710
vn -0.09060 -0.03030 -0.99540
vn 0.05350 0.07960 0.99540
vn -0.99210 0.11570 0.04770
vn -0.97650 0.17710 0.12320
vn -0.99340 0.11440 0.01090
vn -0.99430 0.07680 -0.07460
vn -0.99490 0.05050 -0.08780
vn -0.99640 0.05540 -0.06480
vn 0.99760 -0.06840 -0.00820
vn 0.05710 0.06630 0.99620
vn 0.03140 0.11000 0.99340
vn 0.02800 0.02620 0.99930
vn -0.01370 0.04370 0.99900
vn -0.20470 -0.30980 0.92850
vn -0.03450 0.23690 0.97090
vn 0.02860 -0.13420 0.99050
vn -0.07140 -0.06890 0.99510
vn -0.37990 -0.27810 0.88220
vn -0.24360 -0.64770 0.72190
vn -0.17690 -0.73160 0.65840
vn -0.18190 0.07320 0.98060
vn -0.98320 0.13230 0.12590
vn -0.98610 0.11530 0.11970
vn -0.97200 0.16320 0.16890
vn -0.95090 0.29400 0.09700
vn -0.98720 0.12550 -0.09840
vn -0.98940 0.14250 -0.02820
vn -0.87930 0.24370 0.40910
vn -0.82450 0.47640 0.30530
vn -0.87940 0.24360 0.40910
vn -0.99580 0.08160 0.04120
vn -0.98630 0.15900 0.04370
vn -0.99210 0.10240 0.07270
vn -0.87830 0.02580 0.47740
vn -0.73210 -0.06590 0.67800
vn -0.73210 -0.06600 0.67800
vn -0.73180 -0.06990 0.67790
vn -0.73210 -0.06480 0.67810
vn -0.11510 0.16030 0.98030
vn 0.99820 -0.04760 0.03580
vn 0.99800 0.04350 -0.04540
vn 0.99760 -0.01760 0.06710
vn 0.99720 0.06090 0.04250
vn 0.98830 0.06020 0.14000
vn 0.96820 -0.22920 0.10010
vn 0.99750 -0.04420 -0.05580
vn 0.98760 -0.13960 -0.07180
vn 0.99330 0.01110 0.11470
vn 0.91690 0.34200 -0.20560
vn 0.97660 0.02410 -0.21390
vn 0.97610 -0.16580 -0.14040
vn 0.91950 -0.38830 -0.06060
vn 0.71230 -0.06880 0.69850
vn 0.71790 -0.07310 0.69220
vn 0.71170 -0.08020 0.69790
vn 0.80450 -0.15760 0.57260
vn 0.84160 -0.37280 0.39080
vn 0.76460 -0.11590 0.63400
vn 0.74460 -0.02740 0.66690
vn 0.61290 -0.77930 -0.13050
vn 0.86870 -0.47730 -0.13270
vn 0.18600 -0.98250 -0.00420
vn 0.00070 -0.99990 0.01090
vn 0.00260 -1.00000 0.00920
vn 0.27380 -0.47520 0.83620
vn 0.29330 -0.43540 0.85110
vn 0.25730 -0.50690 0.82270
vn 0.01030 -0.19170 0.98140
vn 0.02970 0.22560 0.97380
vn 0.02010 0.23120 0.97270
vn 0.05360 0.41430 0.90860
vn 0.24390 0.09360 0.96530
vn -0.01570 -0.99950 0.02630
vn -0.01540 -0.99980 0.01210
vn -0.03870 -0.08000 0.99600
vn 0.01900 0.14160 0.98970
vn 0.02710 -0.99910 -0.03370
vn 0.02570 -0.99940 -0.02440
vn 0.03060 -0.99870 -0.04010
vn 0.52200 -0.25630 -0.81350
vn 0.22230 0.38730 -0.89480
vn 0.04330 0.88670 -0.46040
vn 0.11140 0.88630 -0.44950
vn 0.15340 0.88480 -0.44010
vn 0.03320 -0.99840 -0.04480
vn 0.04280 -0.99590 -0.07980
vn -0.02660 0.86840 -0.49510
vn -0.03920 0.99910 0.01590
vn 0.11330 0.10390 -0.98810
vn 0.07220 -0.00180 -0.99740
vn 0.07210 -0.00190 -0.99740
vn -0.02290 -0.09160 -0.99550
vn 0.08780 0.61110 -0.78660
vn -0.20890 0.81380 -0.54230
vn 0.02280 -0.12550 -0.99180
vn -0.64860 0.06920 -0.75800
vn -0.69880 0.15290 -0.69880
vn -0.72090 0.14560 -0.67760
vn -0.38870 0.79300 -0.46910
vn -0.50140 -0.06520 -0.86270
vn -0.63250 0.09280 -0.76900
vn -0.73280 0.31550 -0.60290
vn 0.10490 0.78040 -0.61640
vn -0.00550 -0.99940 -0.03290
vn -0.07990 0.21620 0.97310
vn -0.08320 0.18290 0.97960
vn 0.01990 0.91900 -0.39370
vn 0.07440 0.91920 -0.38660
vn -0.02920 0.96420 -0.26340
vn 0.01300 -0.00480 -0.99990
vn 0.06510 -0.03070 -0.99740
vn -0.00610 -0.04860 -0.99880
vn 0.01880 -0.99980 -0.00570
vn -0.08530 0.98240 -0.16600
vn -0.12640 0.97480 -0.18380
vn -0.02910 0.98880 -0.14630
vn -0.17010 0.80170 -0.57300
vn 0.00040 0.78340 -0.62150
vn -0.08690 0.14420 0.98570
vn 0.00570 0.80220 -0.59700
vn 0.03770 0.60630 -0.79430
vn -0.05730 0.98100 -0.18560
vn -0.05990 -0.01410 -0.99810
vn 0.80210 0.59430 -0.05810
vn -0.26020 0.92530 -0.27590
vn -0.26780 0.93200 -0.24410
vn -0.03770 -0.09980 -0.99430
vn -0.10060 -0.16120 -0.98180
vn -0.42640 0.76020 -0.49030
vn -0.42640 0.81800 -0.38600
vn -0.47100 0.71080 -0.52240
vn -0.86810 0.41160 -0.27760
vn -0.50330 0.65460 -0.56420
vn -0.96820 -0.10030 -0.22900
vn -0.95910 -0.18350 -0.21560
vn -0.95960 -0.13830 -0.24520
vn -0.94750 -0.18170 -0.26320
vn -0.94990 -0.13010 -0.28420
vn -0.96680 -0.09680 -0.23660
vn -0.05570 -0.99840 -0.00360
vn -0.02170 0.74550 -0.66620
vn -0.02250 0.98270 -0.18380
vn -0.41900 0.76770 -0.48490
vn -0.44700 0.81380 -0.37140
vn 0.98750 0.15200 -0.04130
vn 0.99300 0.11820 0.00840
vn 0.99610 0.07430 -0.04660
vn 0.99830 -0.02070 0.05440
vn 0.83990 0.07510 -0.53750
vn 0.86920 0.12720 -0.47780
vn 0.99800 0.01040 0.06200
vn 0.99230 0.11540 -0.04420
vn 0.98290 -0.16560 0.08030
vn 0.99790 0.06220 0.01710
vn 0.99400 -0.04010 0.10220
vn 0.99440 0.10580 -0.00360
vn 0.06140 0.87210 -0.48550
vn 0.33720 0.84430 -0.41650
vn 0.29580 0.86360 -0.40840
vn 0.99490 0.08820 -0.04900
vn 0.41870 0.80080 -0.42830
vn 0.38710 0.83400 -0.39320
vn 0.59490 0.27400 -0.75560
vn 0.68400 0.10190 -0.72230
vn 0.48200 0.74710 -0.45770
vn 0.98910 0.11390 -0.09370
vn 0.45820 0.81650 -0.35130
vn 0.39000 0.82200 -0.41500
vn 0.03070 -0.98550 -0.16700
vn 0.01320 -0.99160 -0.12900
vn 0.44930 0.78710 -0.42270
vn 0.25850 0.17040 -0.95090
vn 0.17610 0.12960 -0.97580
vn 0.24590 0.13090 -0.96040
vn 0.36250 0.81520 -0.45170
vn 0.11800 0.12800 -0.98470
vn -0.95870 0.21110 0.19040
vn -0.72200 0.60050 -0.34370
vn 0.03380 -0.98420 -0.17370
vn -0.01400 0.99990 0.00810
vn 0.02840 -0.99960 0.00270
vn 0.10890 -0.52210 -0.84590
vn 0.09500 0.91510 -0.39180
vn 0.02800 0.05530 -0.99810
vn 0.99150 0.12120 0.04710
vn 0.99620 0.08630 -0.00770
vn 0.99220 0.11730 0.04240
vn 0.98420 0.13510 0.11450
vn 0.93170 0.12630 0.34060
vn 0.99360 0.11020 -0.02310
vn 0.98890 0.12350 0.08200
vn 0.99040 0.11610 -0.07520
vn 0.98840 0.11500 -0.09880
vn 0.98700 0.12460 0.10160
vn 0.01020 0.02150 0.99970
vn 0.14000 -0.02160 -0.98990
vn 0.07940 -0.02900 -0.99640
vn -0.00240 -0.03890 -0.99920
vn -0.12840 0.03550 0.99110
vn -0.12840 0.03560 0.99110
vn -0.45880 -0.00480 0.88850
vn -0.39940 -0.07110 -0.91400
vn -0.99640 -0.05610 0.06370
vn -0.98820 -0.06270 0.13980
vn -0.99870 -0.04890 -0.01520
vn -0.96640 -0.05940 0.25020
vn -0.94900 -0.07080 -0.30730
vn -0.99480 -0.08880 -0.04990
vn -0.95200 -0.06990 -0.29810
vn -0.96170 -0.10830 -0.25170
vn -0.99510 -0.09240 -0.03640
vn -0.06430 0.04270 0.99700
vn -0.94240 -0.07260 -0.32660
vn -0.95210 -0.01540 -0.30530
vn -0.99600 -0.07870 0.04270
vn -0.16660 -0.45690 0.87380
vn -0.30920 -0.43390 0.84620
vn -0.07410 -0.55700 0.82720
vn -0.29440 0.30420 0.90600
vn -0.31320 0.44770 0.83750
vn -0.29450 0.07310 0.95290
vn -0.31510 0.02280 0.94880
vn -0.74400 -0.15840 0.64920
vn -0.32100 -0.01970 0.94690
vn -0.45880 -0.00410 0.88850
vn -0.14260 -0.98950 -0.02260
vn -0.80790 -0.15540 0.56850
vn -0.99760 0.04790 -0.04970
vn -0.99860 -0.02930 -0.04410
vn -0.98350 -0.06010 -0.17090
vn -0.96770 0.00280 -0.25220
vn -0.97020 -0.17220 -0.17050
vn -0.98360 -0.09010 -0.15650
vn -0.99300 -0.01020 0.11740
vn -0.97410 0.00220 0.22620
vn -0.88010 -0.10360 0.46340
vn -0.99460 -0.08750 -0.05660
vn -0.86340 -0.02810 0.50370
vn -0.99660 -0.05610 -0.06020
vn -0.98990 -0.10100 -0.09990
vn -0.99320 -0.10690 -0.04590
vn -0.93920 -0.34290 -0.02010
vn -0.99590 -0.08950 -0.01560
vn -0.99980 -0.02120 -0.00050
vn 0.99290 0.11620 0.02530
vn 0.99460 0.09510 0.04150
vn 0.97710 0.20690 -0.04900
vn 0.64220 -0.02800 0.76610
vn 0.41560 0.04930 0.90820
vn 0.21590 -0.67610 0.70440
vn 0.64210 -0.02170 0.76630
vn 0.28680 -0.26720 0.92000
vn 0.08640 -0.78890 0.60840
vn 0.06660 0.12010 0.99050
vn -0.06860 0.18890 0.97960
vn 0.05210 0.12190 0.99120
vn -0.03460 -0.02320 0.99910
vn -0.00180 0.04740 0.99890
vn -0.00030 0.01450 0.99990
vn 0.00380 0.10820 -0.99410
vn 0.01960 0.20680 -0.97820
vn 0.04350 -0.85330 0.51960
vn -0.00330 0.06360 -0.99800
vn 0.99490 0.02320 0.09840
vn 0.01180 0.09220 0.99570
vn 0.02880 0.20040 0.97930
vn 0.08920 0.34400 0.93470
usemtl Material
f 110/262/201 111/263/202 112/264/203
f 110/265/204 113/266/205 111/267/206
f 114/268/207 113/266/205 110/265/204
f 114/269/208 110/344/208 115/270/208
f 110/262/201 112/264/203 91/271/209
f 115/464/357 110/465/358 91/466/359
f 24/272/210 25/273/211 111/263/202
f 115/464/357 91/466/359 171/467/360
f 111/263/202 113/274/212 24/272/210
f 91/271/209 112/264/203 92/275/213
f 93/468/361 171/467/360 91/466/359
f 112/264/203 111/263/202 25/273/211
f 91/205/155 92/206/156 93/207/157
f 113/266/205 114/268/207 116/276/214
f 112/277/215 25/278/215 26/279/215
f 112/280/216 26/281/217 117/282/218
f 92/206/156 94/208/158 93/207/157
f 28/283/219 92/284/219 112/285/219
f 24/286/220 113/287/221 2/288/222
f 113/287/221 116/289/223 2/288/222
f 24/59/41 1/60/42 25/61/43
f 26/62/44 25/61/43 1/60/42
f 172/469/362 115/470/363 171/471/362
f 26/281/217 36/290/224 117/282/218
f 24/63/45 2/64/45 1/65/45
f 28/209/159 27/210/160 92/211/161
f 114/472/364 115/473/365 172/474/366
f 1/1/1 2/2/2 3/3/2
f 26/62/44 1/60/42 3/66/46
f 29/291/225 28/292/226 112/293/227
f 27/67/47 28/68/47 29/69/47
f 30/70/48 31/71/49 10/72/50
f 4/4/3 5/5/3 6/6/3
f 173/475/367 114/472/364 172/474/366
f 93/476/368 96/477/369 171/478/370
f 5/7/4 7/8/5 6/9/6
f 7/10/7 8/11/7 6/12/7
f 30/73/51 32/74/51 31/75/51
f 7/13/8 9/14/8 8/15/9
f 4/16/10 10/17/10 5/18/10
f 4/19/11 6/20/11 11/21/11
f 30/76/52 10/77/52 32/78/52
f 5/7/4 10/22/12 7/8/5
f 10/79/53 4/80/54 32/81/54
f 33/82/55 10/72/50 31/71/49
f 12/23/13 4/24/13 13/25/13
f 32/294/228 34/295/228 31/296/228
f 34/83/56 32/81/54 4/80/54
f 34/297/229 118/298/229 31/299/229
f 9/14/8 7/13/8 10/26/14
f 6/27/15 8/28/16 14/29/17
f 172/469/362 171/471/362 174/479/371
f 119/300/230 114/268/207 120/301/231
f 33/84/57 26/85/57 3/86/58
f 8/28/16 9/30/18 15/31/19
f 94/212/162 92/211/161 95/213/163
f 34/87/59 4/88/60 35/89/61
f 35/302/232 118/303/232 34/304/232
f 14/29/17 8/28/16 15/31/19
f 12/90/62 35/89/61 4/88/60
f 3/32/20 16/33/21 10/34/22
f 29/291/225 112/293/227 121/305/233
f 16/33/21 9/30/18 10/34/22
f 6/27/15 14/29/17 17/35/23
f 17/35/23 11/36/24 6/27/15
f 26/85/57 33/84/57 36/91/63
f 3/92/64 10/72/50 33/82/55
f 118/306/234 35/307/234 122/308/234
f 16/33/21 15/31/19 9/30/18
f 96/214/164 93/215/165 94/212/162
f 14/29/17 15/31/19 16/33/21
f 92/211/161 27/210/160 97/216/166
f 522/1648/1248 523/1649/1249 485/1650/1250
f 485/1650/1250 523/1649/1249 524/1651/1251
f 31/309/235 118/310/236 36/311/237
f 31/71/49 36/93/65 33/82/55
f 92/211/161 97/216/166 95/213/163
f 14/29/17 16/33/21 17/37/25
f 4/24/13 11/38/13 13/25/13
f 487/1652/1252 525/1653/1253 485/1650/1250
f 525/1653/1253 522/1648/1248 485/1650/1250
f 523/1649/1249 526/1654/1254 524/1651/1251
f 396/1655/1255 523/1649/1249 522/1648/1248
f 524/1651/1251 527/1656/1256 485/1650/1250
f 527/1656/1256 524/1651/1251 526/1654/1254
f 485/1557/1180 486/1558/1181 487/1559/1182
f 29/217/167 98/218/167 27/219/167
f 526/1772/1348 523/1773/1348 397/1774/1348
f 36/311/237 118/310/236 23/312/238
f 528/1657/1257 397/1658/1258 523/1649/1249
f 529/1659/1259 528/1657/1257 396/1655/1255
f 528/1657/1257 523/1649/1249 396/1655/1255
f 528/1775/1349 536/1776/1349 397/1797/1367
f 173/475/367 120/480/372 114/472/364
f 396/1660/1260 522/1661/1261 530/1662/1262
f 528/1775/1349 529/1777/1350 536/1776/1349
f 123/313/239 35/314/239 12/315/239
f 531/1663/1263 529/1659/1259 396/1655/1255
f 526/1778/1351 553/1779/1352 527/1780/1353
f 536/1701/1288 529/1702/1289 537/1703/1290
f 553/1779/1352 526/1778/1351 397/1781/1354
f 522/1661/1261 491/1664/1264 492/1665/1265
f 119/300/230 116/276/214 114/268/207
f 16/33/21 3/32/20 17/37/25
f 397/1704/1291 536/1701/1288 537/1703/1290
f 98/220/168 99/221/168 27/222/168
f 491/1666/1266 525/1653/1253 489/1667/1267
f 522/1661/1261 525/1668/1268 491/1664/1264
f 532/1669/1269 531/1663/1263 396/1655/1255
f 529/1702/1289 531/1705/1292 532/1706/1293
f 525/1653/1253 487/1652/1252 489/1667/1267
f 118/310/236 122/316/240 23/312/238
f 553/1779/1352 554/1782/1355 527/1780/1353
f 22/317/241 117/282/218 36/290/224
f 522/1661/1261 512/1670/1270 530/1662/1262
f 537/1703/1290 529/1702/1289 532/1706/1293
f 522/1661/1261 492/1665/1265 533/1671/1271
f 96/477/369 174/481/373 171/478/370
f 3/32/20 18/39/26 17/37/25
f 149/1267/941 407/1268/942 390/1269/943
f 530/1672/1272 534/1673/1272 396/1674/1273
f 390/1270/944 407/1271/944 408/1272/944
f 407/1268/942 149/1267/941 146/1273/945
f 121/305/233 112/293/227 117/318/242
f 27/210/160 99/223/169 97/216/166
f 392/1707/1294 397/1704/1291 537/1703/1290
f 533/1671/1271 512/1670/1270 522/1661/1261
f 392/1707/1294 537/1703/1290 532/1706/1293
f 393/1708/1295 532/1706/1293 396/1709/1296
f 149/1222/909 390/1223/910 150/1224/911
f 146/1273/945 148/1274/946 407/1268/942
f 119/319/243 124/320/243 116/321/243
f 397/1704/1291 392/1707/1294 394/1710/1297
f 390/1223/910 391/1225/912 150/1224/911
f 407/1268/942 148/1274/946 408/1275/947
f 395/1276/948 390/1277/949 408/1278/950
f 99/224/170 98/225/170 97/226/170
f 146/413/312 147/414/313 148/415/314
f 392/1707/1294 532/1706/1293 393/1708/1295
f 392/1226/913 393/1227/914 394/1228/915
f 146/413/312 149/416/315 147/414/313
f 19/40/27 11/36/24 17/35/23
f 395/1229/916 393/1227/914 396/1230/917
f 147/417/316 119/418/316 120/419/317
f 503/1675/1274 512/1670/1270 533/1671/1271
f 487/1560/1183 488/1561/1183 489/1562/1183
f 96/214/164 94/212/162 95/213/163
f 396/1676/1275 507/1677/1276 506/1678/1277
f 18/57/28 19/41/28 17/58/40
f 397/1231/918 394/1228/915 398/1232/919
f 397/1231/918 398/1232/919 399/1233/920
f 147/482/374 120/483/374 173/484/374
f 391/1234/921 400/1235/922 150/1236/923
f 29/373/281 101/374/282 98/375/283
f 100/227/171 95/213/163 97/216/166
f 533/1671/1271 492/1665/1265 495/1679/1278
f 147/417/316 139/420/318 119/418/316
f 393/1227/914 395/1229/916 401/1237/924
f 98/228/172 101/229/173 100/230/172
f 96/477/369 105/485/375 174/481/373
f 119/376/284 139/377/285 124/378/285
f 395/1238/925 396/1239/925 391/1240/925
f 98/228/172 100/230/172 97/231/174
f 391/1241/926 390/1242/926 395/1243/926
f 172/486/376 175/487/376 173/488/376
f 124/322/244 2/323/244 116/324/245
f 105/489/377 172/490/377 174/491/378
f 507/1677/1276 396/1676/1275 534/1680/1279
f 149/416/315 139/421/319 147/414/313
f 29/373/281 121/379/286 101/374/282
f 102/232/175 96/233/176 95/234/177
f 103/235/178 96/233/176 102/232/175
f 139/421/319 149/416/315 150/422/320
f 147/492/379 176/493/379 148/494/379
f 100/236/179 67/237/180 95/238/181
f 401/1237/924 402/1244/927 393/1227/914
f 172/490/377 105/489/377 175/495/380
f 395/1229/916 403/1245/928 404/1246/929
f 395/1229/916 404/1246/929 401/1237/924
f 100/236/179 68/239/182 67/237/180
f 104/240/183 103/235/178 102/232/175
f 105/241/184 96/233/176 103/235/178
f 176/496/381 147/497/381 173/498/381
f 176/499/382 173/500/382 175/501/382
f 402/1244/927 394/1228/915 393/1227/914
f 36/311/237 23/312/238 22/325/246
f 68/242/185 100/243/185 101/244/185
f 402/1244/927 401/1237/924 404/1246/929
f 121/379/286 117/380/287 125/381/288
f 394/1228/915 402/1244/927 398/1232/919
f 121/379/286 125/381/288 101/374/282
f 124/326/247 125/327/247 117/328/247
f 68/382/289 101/383/290 125/384/291
f 176/502/383 153/503/383 148/504/383
f 139/377/285 125/385/292 124/378/285
f 124/329/248 117/330/249 22/331/248
f 398/1279/951 408/1278/950 399/1280/952
f 150/422/320 143/423/321 139/421/319
f 489/1592/1184 490/1563/1184 491/1564/1184
f 533/1671/1271 495/1679/1278 503/1675/1274
f 35/332/250 123/333/250 122/334/250
f 124/322/244 20/335/251 2/323/244
f 503/1681/1280 505/1682/1280 512/1683/1280
f 512/1684/1281 505/1685/1281 535/1686/1281
f 398/1279/951 395/1276/948 408/1278/950
f 408/1278/950 409/1281/953 399/1280/952
f 403/1245/928 402/1244/927 404/1246/929
f 150/424/322 151/425/323 143/426/324
f 150/424/322 152/427/325 151/425/323
f 490/1565/1185 492/1566/1186 491/1567/1187
f 11/42/29 19/43/29 13/44/29
f 95/238/181 67/237/180 102/245/186
f 125/386/293 139/387/293 140/388/293
f 143/423/321 140/428/326 139/421/319
f 395/1276/948 398/1279/951 403/1282/954
f 2/2/2 20/45/30 3/3/2
f 141/389/294 125/390/294 140/391/294
f 493/1568/1188 488/1569/1189 487/1559/1182
f 403/1245/928 398/1232/919 402/1244/927
f 408/1283/955 381/1284/956 409/1285/957
f 148/1286/958 410/1287/959 408/1288/960
f 19/41/28 18/57/28 21/46/31
f 105/505/384 106/506/385 177/507/386
f 22/47/32 3/48/32 20/49/32
f 396/1247/930 362/1248/930 391/1249/930
f 405/1250/931 152/1251/931 150/1252/931
f 554/1782/1355 545/1783/1356 527/1780/1353
f 490/1565/1185 494/1570/1190 492/1566/1186
f 148/1286/958 154/1289/961 410/1287/959
f 105/246/187 103/247/188 106/248/189
f 534/1673/1272 530/1672/1272 511/1687/1282
f 495/1571/1191 496/1572/1191 497/1573/1191
f 22/331/248 20/336/252 124/329/248
f 68/382/289 125/384/291 70/392/295
f 23/312/238 3/337/253 22/325/246
f 3/32/20 23/50/33 18/39/26
f 19/51/34 21/52/35 13/53/36
f 12/54/37 13/53/36 21/52/35
f 512/1688/1283 511/1689/1283 530/1690/1283
f 104/249/190 106/248/189 103/247/188
f 150/1236/923 400/1235/922 405/1253/932
f 18/55/38 12/54/37 21/52/35
f 381/1284/956 408/1283/955 410/1290/962
f 177/507/386 176/508/387 175/509/388
f 105/505/384 177/507/386 175/509/388
f 142/393/296 141/394/297 130/395/298
f 406/1254/933 397/1255/933 399/1256/933
f 502/1594/1207 495/1595/1207 497/1596/1207
f 18/55/38 23/56/39 12/54/37
f 23/338/254 122/339/254 123/340/254
f 391/1257/934 362/1258/935 400/1259/935
f 553/1779/1352 545/1784/1357 554/1782/1355
f 67/131/101 68/132/102 69/133/103
f 153/510/389 176/511/389 154/512/389
f 123/341/255 12/342/255 23/343/255
f 70/134/104 69/133/103 68/132/102
f 69/250/191 75/251/191 67/252/191
f 397/1711/1298 406/1712/1298 412/1713/1298
f 503/1597/1208 504/1598/1209 505/1599/1209
f 502/1600/1210 497/1601/1211 496/1602/1212
f 148/429/327 153/430/327 154/431/327
f 143/396/299 144/397/300 140/398/301
f 107/253/192 102/245/186 67/237/180
f 71/135/105 69/136/105 70/137/105
f 555/1785/1358 538/1786/1358 556/1787/1358
f 75/261/200 107/253/192 67/237/180
f 485/1691/1284 527/1692/1284 509/1693/1284
f 144/397/300 130/411/310 140/398/301
f 125/384/291 126/399/302 70/392/295
f 510/1694/1285 512/1695/1285 535/1696/1285
f 130/400/303 141/401/303 140/402/303
f 553/1779/1352 547/1788/1359 545/1784/1357
f 535/1697/1286 505/1698/1286 510/1699/1286
f 405/1260/936 155/1261/936 152/1262/936
f 141/403/304 126/399/302 125/384/291
f 411/1291/963 370/1292/964 409/1293/965
f 489/1574/1192 488/1575/1193 498/1576/1194
f 102/245/186 108/254/193 104/249/190
f 144/432/328 143/426/324 151/425/323
f 409/1294/966 381/1295/967 411/1296/967
f 37/94/66 38/95/67 39/96/68
f 493/1568/1188 487/1559/1182 486/1558/1181
f 507/1677/1276 534/1680/1279 511/1700/1287
f 141/394/297 142/393/296 145/404/305
f 145/405/306 128/406/306 141/407/306
f 128/408/307 126/399/302 141/403/304
f 490/1577/1195 489/1578/1195 499/1579/1195
f 107/253/192 108/254/193 102/245/186
f 396/1714/1299 506/1715/1300 362/1716/1300
f 547/1788/1359 544/1789/1360 545/1784/1357
f 499/1580/1196 489/1581/1196 498/1582/1196
f 405/1253/932 400/1235/922 360/1263/937
f 155/1264/938 405/1253/932 360/1263/937
f 494/1570/1190 495/1593/1206 492/1566/1186
f 370/1297/968 399/1280/952 409/1281/953
f 72/138/106 71/139/106 70/140/106
f 40/97/69 41/98/70 37/94/66
f 506/1603/1213 507/1604/1214 508/1605/1215
f 40/97/69 37/94/66 42/99/71
f 538/1798/1368 397/1790/1361 412/1791/1362
f 144/432/328 151/425/323 152/427/325
f 509/1606/1216 486/1607/1216 485/1608/1216
f 397/1792/1363 555/1793/1363 556/1794/1364
f 38/95/67 43/100/72 39/96/68
f 44/101/73 42/99/71 37/94/66
f 39/102/74 45/103/75 37/94/66
f 39/96/68 43/100/72 46/104/76
f 38/95/67 37/94/66 41/98/70
f 494/1570/1190 490/1565/1185 499/1583/1197
f 73/141/107 74/142/108 75/143/109
f 510/1609/1217 511/1610/1218 512/1611/1219
f 77/345/256 70/346/257 126/347/258
f 75/261/200 74/255/194 107/253/192
f 397/1790/1361 538/1798/1368 553/1799/1369
f 504/1612/1220 495/1613/1221 502/1643/1244
f 75/143/109 69/202/154 73/141/107
f 129/409/308 128/412/311 145/404/305
f 37/94/66 45/103/75 44/101/73
f 142/393/296 129/409/308 145/404/305
f 72/144/110 69/202/154 71/145/111
f 104/249/190 109/256/195 106/248/189
f 513/1614/1222 505/1599/1209 504/1598/1209
f 45/103/75 39/102/74 47/105/77
f 504/1612/1220 503/1615/1223 495/1613/1221
f 177/640/498 106/641/499 232/642/500
f 505/1616/1224 513/1617/1224 510/1618/1224
f 46/104/76 48/106/78 39/107/79
f 495/1644/1245 494/1619/1225 496/1602/1212
f 527/1780/1353 545/1783/1356 509/1795/1365
f 48/106/78 47/108/80 39/107/79
f 130/395/298 129/409/308 142/393/296
f 498/1576/1194 488/1575/1193 493/1584/1198
f 44/101/73 49/109/81 42/99/71
f 73/146/112 43/147/113 38/148/114
f 38/148/114 41/149/115 73/146/112
f 553/1799/1369 538/1798/1368 547/1800/1370
f 127/348/259 128/349/260 129/350/261
f 177/513/390 164/514/390 176/515/390
f 511/1620/1226 508/1605/1215 507/1604/1214
f 76/150/116 70/151/116 77/152/116
f 129/370/278 130/351/262 127/352/263
f 74/153/117 73/146/112 41/149/115
f 155/433/329 144/432/328 152/427/325
f 165/1298/969 410/1287/959 154/1289/961
f 41/257/196 40/258/197 51/259/198
f 381/1284/956 410/1290/962 383/1299/970
f 72/154/118 70/155/119 76/156/118
f 411/1291/963 326/1300/971 370/1292/964
f 127/348/259 126/347/258 128/349/260
f 104/249/190 108/254/193 109/256/195
f 127/348/259 131/353/264 126/347/258
f 50/110/82 46/104/76 43/100/72
f 155/433/329 156/434/330 144/432/328
f 51/259/198 74/260/199 41/257/196
f 69/202/154 62/157/120 73/141/107
f 130/411/310 144/397/300 133/410/309
f 43/147/113 62/158/121 50/159/122
f 106/641/499 109/643/501 232/642/500
f 43/147/113 73/146/112 62/158/121
f 510/1621/1227 513/1622/1227 504/1623/1227
f 49/109/81 51/111/83 42/99/71
f 514/1624/1228 502/1600/1210 496/1602/1212
f 133/435/331 144/432/328 156/434/330
f 72/144/110 62/157/120 69/202/154
f 51/111/83 40/97/69 42/99/71
f 52/112/84 44/101/73 45/103/75
f 45/113/85 47/114/85 52/129/85
f 74/255/194 108/254/193 107/253/192
f 132/354/265 130/351/262 133/355/266
f 53/115/86 54/116/87 46/104/76
f 78/160/123 72/154/118 76/156/118
f 410/1287/959 165/1298/969 383/1301/972
f 155/1108/825 357/1109/826 358/1110/827
f 511/1610/1218 510/1609/1217 515/1625/1229
f 544/1741/1319 509/1742/1320 545/1743/1321
f 370/1297/968 371/1302/973 399/1280/952
f 326/1303/974 411/1296/967 381/1295/967
f 498/1585/1199 500/1586/1200 499/1587/1201
f 496/1602/1212 494/1619/1225 514/1624/1228
f 52/547/419 49/548/420 44/549/421
f 400/1259/935 362/1258/935 360/1265/939
f 360/1263/937 359/1266/940 155/1264/938
f 46/104/76 54/116/87 48/106/78
f 53/115/86 46/104/76 50/110/82
f 508/1605/1215 372/1626/1230 506/1603/1213
f 47/550/422 59/551/422 52/569/422
f 504/1612/1220 502/1643/1244 514/1645/1246
f 176/516/391 164/517/391 154/518/391
f 371/1304/975 406/1305/976 399/1306/977
f 155/1108/825 358/1110/827 158/1111/828
f 357/1109/826 155/1108/825 359/1112/829
f 55/117/88 53/115/86 50/110/82
f 501/1588/1202 494/1570/1190 499/1583/1197
f 493/1589/1203 486/1590/1204 498/1585/1199
f 516/1627/1231 508/1605/1215 511/1620/1226
f 62/157/120 72/144/110 79/161/124
f 510/1609/1217 504/1612/1220 515/1625/1229
f 511/1610/1218 515/1625/1229 516/1628/1232
f 359/1112/829 360/1113/830 361/1114/831
f 514/1645/1246 494/1646/1247 501/1629/1233
f 504/1612/1220 514/1645/1246 516/1628/1232
f 157/436/332 156/434/330 155/433/329
f 130/351/262 132/354/265 127/352/263
f 555/1793/1363 397/1792/1363 538/1796/1366
f 158/437/333 157/436/332 155/433/329
f 514/1645/1246 501/1629/1233 517/1630/1234
f 504/1612/1220 516/1628/1232 515/1625/1229
f 108/254/193 74/255/194 109/256/195
f 50/159/122 62/158/121 56/162/125
f 56/118/89 55/117/88 50/110/82
f 49/548/420 52/547/419 193/552/423
f 486/1590/1204 500/1586/1200 498/1585/1199
f 546/1744/1322 544/1745/1323 547/1746/1324
f 126/347/258 131/353/264 77/345/256
f 358/1110/827 357/1109/826 163/1115/832
f 508/1605/1215 516/1627/1231 372/1626/1230
f 132/354/265 131/371/279 127/356/267
f 506/1715/1300 372/1717/1301 362/1716/1300
f 134/438/334 133/435/331 156/434/330
f 233/644/502 109/698/502 74/645/502
f 158/1111/828 358/1110/827 163/1115/832
f 77/203/126 80/163/126 76/164/126
f 133/355/266 134/357/268 132/354/265
f 132/354/265 134/357/268 131/371/279
f 72/165/127 78/166/127 79/167/127
f 375/1307/978 412/1308/979 406/1305/976
f 134/438/334 156/434/330 157/436/332
f 499/1587/1201 500/1586/1200 501/1591/1205
f 548/1747/1325 546/1744/1322 547/1746/1324
f 163/1115/832 162/1116/833 158/1111/828
f 80/168/128 78/169/128 76/170/128
f 544/1741/1319 546/1748/1326 509/1742/1320
f 517/1630/1234 516/1628/1232 514/1645/1246
f 131/371/279 134/357/268 135/358/269
f 361/1117/834 360/1118/835 362/1119/836
f 157/436/332 159/439/335 134/438/334
f 62/171/129 79/172/130 81/173/131
f 49/553/424 193/552/423 194/554/425
f 82/174/132 83/175/132 78/176/133
f 62/177/134 84/178/135 85/179/136
f 501/1631/1235 500/1632/1235 517/1633/1235
f 517/1630/1234 500/1634/1236 516/1628/1232
f 82/180/137 78/181/137 80/182/137
f 159/439/335 157/436/332 160/440/336
f 361/1114/831 357/1109/826 359/1112/829
f 158/437/333 161/441/337 157/436/332
f 194/554/425 51/555/426 49/553/424
f 362/1120/837 363/1121/838 364/1122/839
f 516/1635/1237 500/1636/1238 518/1637/1239
f 84/178/135 62/177/134 81/183/138
f 234/646/503 74/647/504 51/648/505
f 159/439/335 160/440/336 134/438/334
f 54/116/87 57/119/90 48/106/78
f 518/1637/1239 500/1636/1238 486/1638/1240
f 361/1114/831 163/1115/832 357/1109/826
f 161/441/337 158/437/333 162/442/338
f 58/120/91 53/115/86 55/117/88
f 547/1746/1324 538/1749/1327 548/1747/1325
f 83/184/139 81/173/131 78/185/140
f 160/440/336 157/436/332 161/441/337
f 79/172/130 78/185/140 81/173/131
f 52/519/392 59/520/393 178/521/393
f 135/358/269 136/359/270 131/371/279
f 538/1749/1327 539/1750/1328 548/1747/1325
f 51/555/426 194/554/425 195/556/427
f 137/360/271 135/358/269 134/357/268
f 48/106/78 59/121/92 47/130/100
f 136/372/280 77/345/256 131/353/264
f 361/1123/840 365/1124/841 163/1125/842
f 521/1751/1329 486/1752/1329 509/1753/1329
f 168/1126/843 163/1125/842 365/1124/841
f 486/1638/1240 519/1639/1241 518/1637/1239
f 83/175/132 82/174/132 86/186/141
f 518/1637/1239 520/1640/1242 516/1635/1237
f 54/116/87 53/115/86 57/119/90
f 538/1718/1302 412/1735/1315 375/1719/1303
f 160/440/336 137/443/339 134/438/334
f 362/1127/844 364/1122/839 366/1128/845
f 521/1641/1243 519/1642/1243 486/1647/1243
f 234/646/503 51/648/505 195/649/506
f 161/441/337 162/442/338 163/444/340
f 509/1742/1320 546/1748/1326 521/1754/1330
f 164/445/341 165/446/341 154/463/341
f 77/345/256 86/361/272 80/362/273
f 166/447/342 167/448/343 168/449/344
f 520/1755/1331 549/1756/1332 516/1757/1333
f 62/204/142 85/187/142 64/188/142
f 55/117/88 56/118/89 60/122/93
f 370/1155/868 351/1156/868 371/1157/868
f 86/189/143 81/173/131 83/184/139
f 163/1125/842 168/1126/843 161/1129/846
f 86/361/272 77/345/256 136/372/280
f 196/557/428 195/556/427 194/554/425
f 194/554/425 193/552/423 196/557/428
f 85/190/144 84/191/145 64/192/146
f 84/191/145 87/193/147 64/192/146
f 366/1130/847 361/1117/834 362/1119/836
f 167/450/345 161/451/346 168/452/347
f 55/117/88 60/122/93 58/120/91
f 135/358/269 137/360/271 136/359/270
f 518/1758/1334 519/1759/1335 550/1760/1336
f 84/178/135 81/183/138 88/194/148
f 84/191/145 88/195/149 89/196/150
f 86/197/151 82/198/151 80/199/151
f 538/1718/1302 375/1719/1303 539/1720/1304
f 372/1158/869 363/1159/869 362/1160/869
f 539/1761/1337 551/1762/1338 548/1763/1339
f 193/552/423 52/547/419 197/558/429
f 137/453/348 160/454/349 161/455/348
f 235/650/507 74/647/504 234/646/503
f 74/651/508 235/652/508 236/653/508
f 520/1755/1331 518/1758/1334 550/1760/1336
f 86/200/152 88/194/148 81/183/138
f 235/654/509 233/655/509 74/656/509
f 516/1757/1333 549/1756/1332 543/1764/1340
f 551/1762/1338 546/1748/1326 548/1763/1339
f 546/1748/1326 552/1765/1341 521/1754/1330
f 53/115/86 58/120/91 61/123/94
f 372/1736/1305 516/1721/1305 363/1722/1305
f 53/115/86 61/123/94 57/119/90
f 371/1304/975 375/1307/978 406/1305/976
f 549/1756/1332 520/1755/1331 539/1761/1337
f 233/657/510 237/658/511 109/659/512
f 365/1131/848 166/1132/849 168/1133/850
f 551/1762/1338 552/1765/1341 546/1748/1326
f 543/1764/1340 549/1756/1332 542/1766/1342
f 56/118/89 62/124/95 63/125/96
f 539/1761/1337 520/1755/1331 551/1762/1338
f 166/447/342 169/456/350 167/448/343
f 89/196/150 87/193/147 84/191/145
f 167/450/345 138/457/351 161/451/346
f 374/1767/1343 542/1766/1342 540/1768/1344
f 521/1769/1345 550/1760/1336 519/1759/1335
f 549/1756/1332 540/1768/1344 542/1766/1342
f 549/1756/1332 539/1761/1337 540/1768/1344
f 198/559/430 195/556/427 196/557/428
f 542/1766/1342 541/1770/1346 543/1764/1340
f 521/1769/1345 552/1771/1347 550/1760/1336
f 552/1771/1347 551/1762/1338 520/1755/1331
f 56/118/89 63/125/96 60/122/93
f 138/458/352 137/453/348 161/455/348
f 552/1771/1347 520/1755/1331 550/1760/1336
f 137/363/274 138/364/275 136/365/275
f 234/646/503 195/649/506 198/660/513
f 540/1723/1306 539/1724/1307 375/1725/1306
f 88/366/276 86/367/276 136/368/276
f 136/365/275 138/364/275 88/369/277
f 374/1726/1308 540/1723/1306 375/1725/1306
f 541/1727/1309 542/1728/1309 376/1729/1309
f 376/1730/1310 542/1737/1316 374/1738/1310
f 88/459/353 138/460/354 90/461/355
f 235/661/514 238/662/515 233/663/516
f 63/125/96 62/124/95 64/126/97
f 90/461/355 138/460/354 167/448/343
f 543/1731/1311 541/1739/1317 376/1740/1318
f 164/849/630 177/850/631 246/851/630
f 373/1161/870 374/1162/870 375/1163/870
f 198/660/513 239/664/517 234/646/503
f 373/1732/1312 376/1730/1310 374/1738/1310
f 61/123/94 65/127/98 57/119/90
f 516/1733/1313 543/1731/1311 363/1734/1314
f 232/665/518 109/666/518 237/667/518
f 376/1164/871 373/1218/907 377/1165/872
f 383/1301/972 165/1298/969 307/1309/980
f 376/1164/871 377/1165/872 363/1166/873
f 363/1734/1314 543/1731/1311 376/1740/1318
f 235/650/507 234/646/503 239/664/517
f 57/119/90 59/121/92 48/106/78
f 373/1167/874 378/1168/874 379/1169/874
f 196/557/428 193/552/423 197/558/429
f 373/1218/907 379/1170/875 377/1165/872
f 363/1166/873 377/1165/872 379/1170/875
f 52/547/419 199/560/431 197/558/429
f 166/1132/849 365/1131/848 170/1134/851
f 381/1284/956 383/1299/970 347/1310/981
f 326/1171/876 351/1172/876 370/1173/877
f 373/1174/878 375/1175/878 380/1176/878
f 58/120/91 60/122/93 66/128/99
f 52/547/419 178/561/432 199/560/431
f 322/1135/852 366/1130/847 367/1136/853
f 61/123/94 58/120/91 66/128/99
f 361/1137/854 322/1138/855 170/1134/851
f 89/196/150 88/195/149 90/201/153
f 204/570/440 64/571/441 87/572/442
f 366/1128/845 364/1122/839 368/1139/856
f 380/1177/879 379/1178/879 373/1179/879
f 368/1139/856 367/1140/857 366/1128/845
f 349/1180/880 375/1181/881 371/1182/882
f 365/1131/848 361/1137/854 170/1134/851
f 381/1183/883 347/1184/883 327/1185/883
f 233/657/510 240/668/519 237/658/511
f 57/522/394 65/523/395 179/524/396
f 363/1186/884 379/1187/885 369/1188/886
f 364/1122/839 363/1121/838 368/1139/856
f 63/573/443 64/574/444 204/575/445
f 375/1189/887 348/1190/887 380/1191/887
f 379/1187/885 380/1192/888 382/1193/889
f 241/669/520 238/662/515 235/661/514
f 198/660/513 201/670/521 239/664/517
f 232/701/544 246/702/544 177/703/544
f 347/1194/890 383/1195/891 307/1196/890
f 348/1197/892 375/1181/881 349/1180/880
f 241/671/522 235/650/507 239/664/517
f 363/1121/838 369/1141/858 368/1139/856
f 379/1187/885 382/1193/889 369/1188/886
f 197/558/429 200/562/433 196/557/428
f 63/576/446 66/577/447 60/578/448
f 322/1135/852 361/1117/834 366/1130/847
f 57/522/394 179/524/396 59/544/416
f 246/933/692 307/934/693 165/935/694
f 167/448/343 169/456/350 90/461/355
f 87/572/442 89/579/449 205/580/450
f 384/1198/893 382/1199/894 380/1200/895
f 382/1199/894 385/1201/896 369/1202/897
f 199/560/431 200/562/433 197/558/429
f 164/849/630 246/851/630 165/852/632
f 180/525/397 178/521/393 59/520/393
f 65/526/398 61/527/399 66/528/400
f 196/557/428 201/563/434 198/559/430
f 233/663/516 238/662/515 241/669/520
f 384/1198/893 385/1201/896 382/1199/894
f 166/447/342 170/462/356 169/456/350
f 384/1198/893 380/1200/895 385/1201/896
f 386/1203/898 380/1219/898 348/1204/898
f 369/1220/899 387/1205/899 368/1206/899
f 385/1201/896 380/1200/895 388/1207/900
f 242/672/523 241/671/522 239/664/517
f 196/557/428 202/564/435 201/563/434
f 242/672/523 239/664/517 201/670/521
f 386/1450/1088 348/1451/1088 352/1452/1088
f 385/1201/896 389/1208/901 369/1202/897
f 388/1207/900 380/1200/895 389/1221/908
f 90/853/633 282/854/634 247/855/635
f 385/1453/1089 388/1454/1089 389/1455/1089
f 386/1456/1090 389/1480/1112 380/1457/1091
f 326/1171/876 325/1209/902 351/1172/876
f 200/562/433 202/564/435 196/557/428
f 207/856/636 90/853/633 247/855/635
f 368/1210/903 387/1211/903 323/1212/903
f 463/1458/1092 369/1459/1093 464/1460/1094
f 387/1461/1095 369/1459/1093 463/1458/1092
f 90/857/637 207/858/637 89/859/637
f 389/1480/1112 464/1460/1094 369/1459/1093
f 432/1511/1143 478/1512/1144 479/1513/1145
f 342/1213/904 347/1194/890 307/1196/890
f 389/1480/1112 386/1456/1090 465/1462/1096
f 480/1514/1146 432/1511/1143 479/1513/1145
f 368/1139/856 323/1142/859 367/1140/857
f 90/853/633 283/860/638 282/854/634
f 389/1480/1112 465/1462/1096 464/1460/1094
f 478/1512/1144 481/1515/1147 479/1513/1145
f 386/1516/1148 436/1517/1149 465/1518/1150
f 90/853/633 169/861/639 283/860/638
f 282/862/640 284/863/640 247/864/640
f 187/565/436 200/562/433 199/560/431
f 436/1517/1149 386/1516/1148 466/1519/1151
f 478/1512/1144 466/1519/1151 481/1515/1147
f 466/1519/1151 478/1512/1144 436/1517/1149
f 247/865/641 249/866/641 248/867/641
f 478/1512/1144 432/1520/1152 434/1521/1153
f 465/1518/1150 436/1517/1149 387/1522/1154
f 464/1460/1094 465/1462/1096 463/1458/1092
f 241/673/524 243/674/524 233/675/524
f 465/1518/1150 387/1522/1154 463/1523/1155
f 466/1524/1156 482/1525/1157 481/1526/1158
f 240/668/519 233/657/510 244/676/525
f 352/1463/1097 466/1464/1097 386/1481/1097
f 170/910/672 283/911/672 169/912/672
f 247/704/545 248/705/545 210/706/545
f 243/677/526 221/678/526 233/679/526
f 241/671/522 221/680/527 243/681/528
f 206/581/451 66/577/447 63/576/446
f 483/1527/1159 480/1528/1160 479/1529/1161
f 436/1517/1149 478/1512/1144 434/1521/1153
f 484/1530/1162 483/1527/1159 479/1529/1161
f 221/680/527 241/671/522 242/672/523
f 432/1345/1006 433/1346/1007 434/1347/1008
f 247/868/642 284/869/643 285/870/644
f 299/1143/860 283/1144/861 170/1145/860
f 89/579/449 207/582/452 205/580/450
f 240/668/519 232/699/542 237/658/511
f 179/529/401 65/526/398 181/530/402
f 387/1531/1163 436/1532/1163 435/1533/1163
f 367/1136/853 323/1146/862 322/1135/852
f 63/573/443 204/575/445 208/583/453
f 205/707/546 207/708/546 210/709/546
f 208/584/454 204/570/440 87/572/442
f 247/855/635 210/871/645 207/856/636
f 299/1147/863 322/1148/864 319/1149/864
f 299/1143/860 170/1145/860 322/1150/865
f 419/1534/1164 432/1554/1164 480/1535/1164
f 286/872/646 282/873/647 283/874/648
f 482/1525/1157 479/1529/1161 481/1526/1158
f 284/869/643 282/873/647 285/870/644
f 244/682/529 233/683/529 221/684/529
f 433/1346/1007 432/1345/1006 419/1348/1009
f 180/531/403 59/544/416 182/532/404
f 479/1529/1161 482/1525/1157 484/1530/1162
f 434/1347/1008 435/1349/1010 436/1350/1011
f 246/776/586 232/777/587 266/778/588
f 298/913/673 283/914/674 299/915/675
f 65/526/398 66/528/400 181/530/402
f 467/1465/1098 466/1466/1099 352/1482/1113
f 308/1076/797 342/1077/797 307/1078/798
f 480/1536/1165 483/1537/1166 419/1538/1167
f 179/524/396 181/530/402 59/544/416
f 208/585/455 206/581/451 63/576/446
f 204/586/456 208/587/456 209/588/456
f 200/562/433 187/565/436 202/564/435
f 342/1079/799 327/1080/799 347/1081/800
f 282/873/647 286/872/646 285/870/644
f 181/530/402 182/532/404 59/544/416
f 319/1151/866 316/1152/866 299/1153/866
f 434/1347/1008 433/1346/1007 414/1351/1012
f 283/914/674 300/916/676 286/917/677
f 208/589/457 205/590/457 210/591/457
f 232/699/542 240/668/519 245/685/530
f 199/560/431 178/561/432 185/566/437
f 210/592/458 211/593/458 212/594/458
f 199/560/431 185/566/437 187/565/436
f 205/580/450 208/584/454 87/572/442
f 210/710/547 249/711/547 211/712/547
f 183/595/459 66/596/460 206/581/451
f 211/713/548 249/714/548 247/715/548
f 66/528/400 183/533/405 181/530/402
f 435/1349/1010 434/1347/1008 414/1351/1012
f 419/1348/1009 414/1351/1012 433/1346/1007
f 322/1148/864 320/1154/867 319/1149/864
f 212/597/461 208/598/461 210/599/462
f 202/686/531 242/687/531 201/688/532
f 308/936/695 307/934/693 246/933/692
f 248/716/549 249/717/549 210/718/549
f 300/916/676 283/914/674 298/913/673
f 437/1352/1013 435/1353/1014 414/1354/1015
f 351/1214/905 349/1180/880 371/1182/882
f 316/980/723 317/981/724 299/982/725
f 247/719/550 250/720/550 211/721/550
f 202/686/531 203/689/533 242/687/531
f 184/534/406 185/535/407 178/545/417
f 240/668/519 244/676/525 245/690/534
f 206/581/451 208/585/455 213/600/463
f 187/565/436 203/567/438 202/564/435
f 318/983/726 299/982/725 317/981/724
f 220/691/535 242/672/523 203/700/543
f 208/598/461 212/597/461 213/601/464
f 285/870/644 286/872/646 287/875/649
f 182/532/404 181/530/402 186/536/408
f 319/984/727 320/985/727 316/1029/727
f 242/672/523 220/691/535 221/680/527
f 212/602/465 211/603/465 214/604/465
f 221/692/536 245/693/537 244/694/538
f 288/918/678 286/917/677 300/916/676
f 348/1082/801 349/1083/802 350/1084/803
f 483/1539/1168 484/1540/1169 474/1541/1168
f 286/872/646 288/876/650 289/877/651
f 214/605/466 213/606/467 212/607/468
f 414/1351/1012 419/1348/1009 415/1355/1016
f 180/531/403 184/534/406 178/545/417
f 180/531/403 182/532/404 186/536/408
f 299/915/675 301/919/679 298/913/673
f 287/875/649 286/872/646 289/877/651
f 290/878/652 287/879/652 289/880/652
f 435/1353/1014 438/1356/1017 439/1357/1018
f 254/881/653 285/870/644 287/875/649
f 187/537/409 185/546/418 188/538/410
f 442/1467/1100 323/1468/1100 387/1469/1101
f 285/870/644 250/882/654 247/868/642
f 387/1358/1019 435/1359/1020 440/1360/1021
f 188/538/410 185/546/418 184/539/411
f 288/918/678 300/916/676 298/913/673
f 180/531/403 186/536/408 184/534/406
f 220/614/475 216/615/476 221/616/477
f 350/1084/803 349/1083/802 351/1085/804
f 317/981/724 316/980/723 320/986/728
f 246/776/586 266/778/588 267/779/589
f 413/1311/982 414/1312/982 415/1313/982
f 288/918/678 298/913/673 301/919/679
f 474/1541/1168 476/1542/1170 483/1539/1168
f 250/882/654 285/870/644 254/881/653
f 435/1353/1014 437/1352/1013 441/1361/1022
f 215/608/469 206/581/451 213/600/463
f 321/987/729 299/988/729 318/989/729
f 232/699/542 245/685/530 225/695/539
f 215/608/469 183/595/459 206/581/451
f 321/990/730 301/991/731 299/992/732
f 186/536/408 181/530/402 189/540/412
f 467/1543/1171 468/1544/1171 466/1545/1171
f 438/1356/1017 435/1353/1014 441/1361/1022
f 183/533/405 189/540/412 181/530/402
f 216/609/470 215/608/469 213/600/463
f 416/1362/1023 437/1352/1013 414/1354/1015
f 320/993/733 322/994/734 323/995/735
f 191/568/439 203/567/438 187/565/436
f 468/1470/1102 467/1465/1098 350/1471/1103
f 186/536/408 189/540/412 190/541/413
f 440/1360/1021 442/1363/1024 387/1358/1019
f 317/981/724 321/990/730 318/983/726
f 416/1314/983 414/1315/984 413/1316/985
f 287/875/649 290/883/655 291/884/656
f 217/610/471 213/606/467 214/605/466
f 440/1364/1025 435/1353/1014 439/1357/1018
f 220/614/475 215/617/478 216/615/476
f 437/1352/1013 416/1362/1023 421/1365/1026
f 220/614/475 203/618/479 191/619/480
f 437/1352/1013 421/1365/1026 441/1361/1022
f 415/1317/986 417/1318/987 413/1319/988
f 467/1465/1098 352/1482/1113 350/1471/1103
f 216/620/481 222/621/482 221/622/483
f 216/620/481 223/623/484 222/621/482
f 443/1366/1027 438/1356/1017 441/1361/1022
f 221/692/536 222/696/540 245/693/537
f 327/1215/906 326/1216/906 381/1217/906
f 188/538/410 184/534/406 186/536/408
f 188/538/410 186/536/408 190/541/413
f 443/1367/1028 441/1368/1029 422/1369/1030
f 439/1357/1018 438/1356/1017 440/1364/1025
f 320/993/733 323/995/735 324/996/736
f 187/537/409 188/538/410 191/542/414
f 308/936/695 246/933/692 309/937/696
f 289/885/657 292/886/657 290/887/657
f 246/780/590 267/781/590 268/782/590
f 293/888/658 291/884/656 290/883/655
f 308/1076/797 309/1086/805 342/1077/797
f 258/889/659 287/875/649 291/884/656
f 215/608/469 192/611/472 183/595/459
f 482/1546/1172 471/1547/1173 474/1548/1174
f 216/620/481 213/624/485 218/625/486
f 292/890/660 293/891/661 290/892/662
f 190/541/413 189/540/412 183/533/405
f 474/1548/1174 484/1549/1175 482/1546/1172
f 211/722/551 251/723/551 214/724/551
f 289/920/680 288/918/678 302/921/681
f 211/725/552 250/726/553 251/727/553
f 413/1316/985 418/1320/989 416/1314/983
f 421/1370/1031 422/1369/1030 441/1368/1029
f 217/610/471 218/612/473 213/606/467
f 192/626/487 215/617/478 220/614/475
f 191/542/414 188/538/410 190/541/413
f 220/614/475 191/619/480 192/626/487
f 258/889/659 254/881/653 287/875/649
f 225/783/591 266/778/588 232/777/587
f 192/543/415 191/542/414 190/541/413
f 190/541/413 183/533/405 192/543/415
f 417/1321/990 415/1322/991 419/1323/992
f 352/1087/806 348/1082/801 350/1084/803
f 214/728/554 252/729/554 217/730/555
f 329/1472/1104 323/1468/1100 442/1467/1100
f 340/1088/807 351/1089/808 325/1090/809
f 309/937/696 246/933/692 269/938/697
f 325/997/737 326/998/737 327/999/737
f 253/731/556 250/732/557 254/733/558
f 223/623/484 216/620/481 218/625/486
f 292/922/682 289/929/689 302/930/690
f 303/923/683 302/921/681 288/918/678
f 253/731/556 255/734/559 250/732/557
f 268/784/592 269/785/592 246/786/592
f 438/1356/1017 444/1371/1032 440/1364/1025
f 325/1030/761 339/1031/761 340/1032/761
f 328/1000/738 321/990/730 317/981/724
f 303/923/683 288/918/678 301/919/679
f 418/1320/989 413/1319/988 417/1318/987
f 482/1546/1172 466/1555/1179 471/1547/1173
f 476/1550/1176 449/1551/1177 483/1537/1166
f 336/1091/810 350/1084/803 351/1085/804
f 292/922/682 302/930/690 304/924/684
f 321/990/730 328/1000/738 301/991/731
f 217/735/560 252/736/560 219/737/560
f 252/729/554 214/728/554 251/738/561
f 251/727/553 250/726/553 255/739/562
f 440/1360/1021 445/1372/1033 442/1363/1024
f 416/1314/983 420/1324/993 421/1325/994
f 422/1326/995 421/1327/995 423/1328/995
f 329/1001/739 324/1002/739 323/1003/739
f 447/1377/1036 422/1378/1036 428/1379/1036
f 471/1483/1114 466/1484/1115 472/1485/1116
f 293/891/661 292/890/660 294/893/663
f 320/986/728 330/1004/740 317/981/724
f 331/1005/741 301/991/731 328/1000/738
f 339/1033/762 325/1034/763 327/1035/764
f 331/1005/741 303/1006/742 301/991/731
f 256/740/563 219/741/563 252/742/563
f 291/894/664 295/895/664 293/896/664
f 416/1314/983 418/1320/989 420/1324/993
f 253/897/665 254/881/653 258/889/659
f 251/743/564 256/744/564 252/745/564
f 443/1373/1034 446/1374/1034 438/1375/1034
f 471/1510/1142 473/1486/1117 474/1487/1118
f 225/697/541 245/693/537 222/696/540
f 217/610/471 219/613/474 218/612/473
f 473/1552/1178 476/1553/1178 474/1556/1178
f 267/779/589 266/778/588 268/787/593
f 258/889/659 291/884/656 293/888/658
f 327/1035/764 340/1036/765 339/1033/762
f 259/898/666 258/899/667 296/900/668
f 256/746/565 251/747/566 219/748/566
f 443/1367/1028 422/1369/1030 446/1376/1035
f 219/627/488 224/628/489 218/625/486
f 336/1092/811 351/1089/808 340/1088/807
f 445/1418/1060 456/1419/1061 442/1420/1062
f 341/1037/766 342/1038/767 309/1039/766
f 294/901/669 292/902/669 259/903/669
f 225/629/490 222/630/490 226/631/490
f 304/924/684 297/925/685 292/922/682
f 330/1004/740 328/1000/738 317/981/724
f 227/632/491 222/621/482 223/623/484
f 258/899/667 293/891/661 296/900/668
f 303/939/698 305/940/699 302/941/700
f 251/747/566 224/749/567 219/748/566
f 417/1321/990 419/1323/992 424/1329/996
f 466/1484/1115 468/1488/1119 469/1489/1120
f 302/930/690 305/926/686 304/924/684
f 327/1035/764 336/1040/768 340/1036/765
f 224/750/568 251/751/568 255/752/568
f 224/628/489 228/633/492 218/625/486
f 255/734/559 257/753/569 224/754/570
f 297/904/670 259/905/670 292/906/670
f 324/996/736 332/1007/743 320/993/733
f 424/1330/997 418/1320/989 417/1318/987
f 228/633/492 223/623/484 218/625/486
f 444/1380/1037 438/1381/1038 448/1382/1037
f 446/1383/1039 422/1384/1039 447/1385/1039
f 419/1538/1167 483/1537/1166 449/1551/1177
f 328/1000/738 330/1004/740 332/1008/744
f 293/891/661 294/893/663 296/900/668
f 421/1325/994 420/1324/993 425/1331/998
f 320/993/733 332/1007/743 330/1009/745
f 438/1386/1040 446/1387/1040 448/1388/1040
f 418/1320/989 424/1330/997 426/1332/999
f 258/755/571 259/756/571 253/757/571
f 327/1041/769 341/1042/770 336/1043/770
f 422/1333/1000 427/1334/1000 428/1335/1000
f 341/1093/812 327/1080/799 342/1079/799
f 422/1336/1001 423/1337/1001 427/1338/1001
f 259/927/687 297/931/691 304/932/687
f 419/1389/1041 449/1390/1041 431/1391/1041
f 466/1484/1115 469/1489/1120 472/1485/1116
f 445/1421/1063 440/1422/1064 452/1423/1065
f 473/1486/1117 471/1510/1142 475/1490/1121
f 269/938/697 310/942/701 309/937/696
f 306/928/688 259/927/687 304/932/687
f 260/758/572 224/754/570 257/753/569
f 426/1332/999 420/1324/993 418/1320/989
f 452/1423/1065 440/1422/1064 444/1424/1066
f 257/753/569 255/734/559 253/731/556
f 228/759/573 224/760/574 260/761/575
f 227/632/491 223/623/484 228/633/492
f 306/943/702 304/944/703 305/940/699
f 309/1039/766 310/1044/771 341/1037/766
f 331/1005/741 306/1010/746 303/1006/742
f 253/731/556 259/762/576 257/753/569
f 333/1011/747 334/1012/748 335/1013/749
f 303/939/698 306/943/702 305/940/699
f 222/621/482 227/632/491 226/634/493
f 335/1014/750 336/1015/751 337/1016/752
f 260/763/577 257/753/569 259/762/576
f 334/1094/813 353/1095/814 336/1096/815
f 259/907/671 296/908/671 294/909/671
f 449/1491/1122 476/1492/1123 473/1486/1117
f 334/1012/748 336/1017/753 335/1013/749
f 444/1380/1037 448/1382/1037 446/1392/1042
f 457/1425/1067 456/1419/1061 445/1418/1060
f 427/1393/1043 423/1394/1043 428/1395/1043
f 328/1000/738 311/1018/754 331/1005/741
f 333/1019/755 335/1014/750 332/1007/743
f 269/788/594 268/789/594 266/790/594
f 423/1396/1044 447/1397/1044 428/1398/1044
f 329/1020/756 333/1021/756 324/1022/756
f 354/1097/816 350/1098/817 336/1096/815
f 324/996/736 333/1019/755 332/1007/743
f 229/791/595 225/792/595 226/793/595
f 311/1018/754 306/1010/746 331/1005/741
f 334/1012/748 333/1011/747 338/1023/757
f 353/1095/814 354/1097/816 336/1096/815
f 469/1473/1105 468/1470/1102 350/1471/1103
f 260/764/578 259/765/578 261/766/578
f 266/794/596 229/795/596 230/796/596
f 266/797/597 225/798/597 229/799/597
f 266/800/598 270/801/599 269/802/600
f 311/1018/754 328/1000/738 332/1008/744
f 421/1339/1002 425/1340/1002 423/1341/1002
f 442/1420/1062 456/1419/1061 329/1426/1068
f 338/1099/818 333/1100/819 355/1101/820
f 355/1102/821 334/1105/821 338/1106/821
f 259/767/579 262/768/580 261/769/581
f 270/801/599 266/800/598 230/803/601
f 226/634/493 227/632/491 229/635/494
f 263/804/602 269/802/600 270/801/599
f 452/1427/1069 444/1428/1069 446/1429/1069
f 229/636/495 227/637/496 230/638/496
f 334/1094/813 355/1107/824 353/1095/814
f 262/945/704 259/946/705 311/947/706
f 260/761/575 261/770/582 228/759/573
f 263/771/583 261/769/581 262/768/580
f 270/805/603 230/806/603 271/807/603
f 429/1342/1003 420/1324/993 426/1332/999
f 259/948/707 306/976/707 311/977/707
f 341/1045/772 310/1046/773 312/1047/772
f 263/808/604 270/848/604 262/809/604
f 312/949/708 269/950/709 263/951/710
f 262/945/704 312/949/708 263/951/710
f 270/952/711 271/953/711 262/954/711
f 262/945/704 311/947/706 312/949/708
f 353/1095/814 355/1107/824 354/1097/816
f 231/810/605 272/811/605 230/812/605
f 227/637/496 231/639/497 230/638/496
f 269/950/709 312/949/708 310/955/712
f 425/1399/1045 447/1400/1046 423/1401/1047
f 341/1042/770 337/1048/774 336/1043/770
f 430/1343/1004 426/1332/999 424/1330/997
f 311/1018/754 332/1008/744 337/1024/758
f 262/978/722 313/956/713 261/957/714
f 332/1007/743 335/1014/750 337/1016/752
f 350/1493/1124 472/1485/1116 469/1489/1120
f 425/1399/1045 429/1402/1048 450/1403/1049
f 271/813/606 230/814/606 272/815/606
f 425/1399/1045 420/1404/1050 429/1402/1048
f 341/1045/772 312/1047/772 337/1049/775
f 262/1025/759 271/1026/759 313/1027/759
f 311/1018/754 337/1024/758 312/1028/760
f 355/1101/820 333/1100/819 356/1103/822
f 452/1423/1065 453/1430/1070 445/1421/1063
f 451/1405/1051 447/1400/1046 425/1399/1045
f 447/1406/1052 452/1407/1052 446/1408/1052
f 430/1343/1004 429/1342/1003 426/1332/999
f 473/1486/1117 475/1490/1121 449/1491/1122
f 354/1474/1106 355/1475/1107 470/1476/1108
f 354/1494/1125 472/1495/1126 350/1496/1127
f 333/1100/819 329/1104/823 356/1103/822
f 447/1400/1046 451/1405/1051 452/1409/1053
f 261/957/714 313/956/713 314/958/715
f 451/1405/1051 425/1399/1045 450/1403/1049
f 355/1475/1107 356/1477/1109 470/1476/1108
f 429/1402/1048 430/1410/1054 450/1403/1049
f 354/1474/1106 470/1476/1108 458/1478/1110
f 452/1423/1065 451/1431/1071 453/1430/1070
f 356/1477/1109 458/1478/1110 470/1476/1108
f 329/1426/1068 456/1419/1061 457/1425/1067
f 445/1418/1060 453/1432/1072 457/1425/1067
f 329/1479/1111 458/1478/1110 356/1477/1109
f 272/959/716 315/960/716 271/961/716
f 424/1329/996 419/1323/992 431/1344/1005
f 354/1494/1125 458/1497/1128 477/1498/1130
f 343/1050/776 313/1051/777 271/1052/778
f 314/1053/779 313/1051/777 343/1050/776
f 475/1499/1131 471/1500/1132 462/1501/1133
f 315/1054/780 343/1055/780 271/1056/780
f 458/1433/1073 329/1434/1074 457/1435/1075
f 458/1497/1129 460/1502/1134 477/1498/1130
f 459/1503/1135 460/1502/1134 458/1497/1129
f 477/1498/1130 460/1502/1134 354/1494/1125
f 457/1435/1075 459/1436/1076 458/1433/1073
f 460/1502/1134 472/1495/1126 354/1494/1125
f 430/1410/1054 424/1411/1055 431/1412/1056
f 457/1435/1075 460/1437/1077 459/1436/1076
f 472/1495/1126 460/1502/1134 461/1504/1136
f 460/1437/1077 457/1435/1075 453/1438/1078
f 462/1501/1133 449/1505/1137 475/1499/1131
f 471/1506/1138 461/1507/1139 462/1508/1140
f 461/1439/1079 460/1437/1077 453/1438/1078
f 227/816/607 273/817/608 231/818/609
f 471/1506/1138 472/1509/1141 461/1507/1139
f 454/1440/1080 461/1439/1079 453/1438/1078
f 431/1441/1081 449/1442/1082 462/1443/1083
f 431/1412/1056 450/1403/1049 430/1410/1054
f 431/1441/1081 462/1443/1083 455/1444/1084
f 450/1403/1049 453/1413/1057 451/1405/1051
f 462/1443/1083 461/1445/1085 455/1444/1084
f 455/1444/1084 461/1445/1085 450/1446/1086
f 461/1447/1087 454/1448/1087 450/1449/1087
f 453/1414/1058 450/1415/1058 454/1416/1058
f 455/1417/1059 450/1403/1049 431/1412/1056
f 343/1057/781 344/1058/782 314/1059/783
f 272/819/610 231/820/611 274/821/612
f 315/962/717 272/963/717 277/964/717
f 228/759/573 261/770/582 264/772/584
f 228/822/613 275/823/614 227/816/607
f 314/965/718 276/966/718 261/967/718
f 276/824/615 265/825/615 261/826/615
f 274/827/616 277/828/616 272/829/616
f 276/1060/784 314/1061/784 344/1062/784
f 264/773/585 261/774/585 265/775/585
f 315/1063/785 277/1064/786 343/1065/786
f 277/1064/786 345/1066/787 343/1065/786
f 274/821/612 231/820/611 273/830/617
f 273/817/608 227/816/607 275/823/614
f 275/823/614 228/822/613 264/831/618
f 264/832/619 265/833/620 278/834/620
f 264/835/621 278/836/622 275/837/623
f 265/833/620 276/838/624 278/834/620
f 345/1067/788 344/1058/782 343/1057/781
f 278/836/622 279/839/625 275/837/623
f 275/837/623 279/839/625 273/840/626
f 273/830/617 279/841/627 274/821/612
f 279/842/628 278/843/628 280/844/628
f 281/845/629 274/846/629 279/847/629
f 344/1058/782 345/1067/788 346/1068/789
f 281/968/719 279/969/719 280/970/719
f 280/979/720 278/971/720 276/972/720
f 344/1069/790 346/1070/791 276/1071/792
f 281/973/721 277/974/721 274/975/721
f 345/1067/788 277/1072/793 281/1073/794
f 346/1068/789 345/1067/788 281/1073/794
f 346/1070/791 280/1074/795 276/1071/792
f 281/1075/796 280/1074/795 346/1070/791
